index,locationId,locationName,publicLocationName,latitude,longitude,currentTime,isDaytime,relativeHumidity,uvIndex,thunderstormProbability,cloudCover,timeZone_id,weatherCondition_iconBaseUri,weatherCondition_description_text,weatherCondition_description_languageCode,weatherCondition_type,temperature_degrees,temperature_unit,feelsLikeTemperature_degrees,feelsLikeTemperature_unit,dewPoint_degrees,dewPoint_unit,heatIndex_degrees,heatIndex_unit,windChill_degrees,windChill_unit,precipitation_probability_percent,precipitation_probability_type,precipitation_snowQpf_quantity,precipitation_snowQpf_unit,precipitation_qpf_quantity,precipitation_qpf_unit,airPressure_meanSeaLevelMillibars,wind_direction_degrees,wind_direction_cardinal,wind_speed_value,wind_speed_unit,wind_gust_value,wind_gust_unit,visibility_distance,visibility_unit,currentConditionsHistory_temperatureChange_degrees,currentConditionsHistory_temperatureChange_unit,currentConditionsHistory_maxTemperature_degrees,currentConditionsHistory_maxTemperature_unit,currentConditionsHistory_minTemperature_degrees,currentConditionsHistory_minTemperature_unit,currentConditionsHistory_snowQpf_quantity,currentConditionsHistory_snowQpf_unit,currentConditionsHistory_qpf_quantity,currentConditionsHistory_qpf_unit,error_code,error_message,error_status,dateTimeLocalFetch,time
1087,90402,"Sathit Secondary School - Xaythani, Vientiane Capital ມັດທະຍົມ ສາທິດ","Sathit Secondary School - Xaythani, Vientiane Capital ມັດທະຍົມ ສາທິດ",18.035248,102.63994,2025-06-16T22:08:26.085229817Z,0.0,82.0,0.0,30.0,84.0,Asia/Vientiane,https://maps.gstatic.com/weather/v1/mostly_cloudy_night,Mostly cloudy,en,MOSTLY_CLOUDY,25.8,CELSIUS,28.4,CELSIUS,22.5,CELSIUS,28.4,CELSIUS,25.8,CELSIUS,20.0,RAIN,0.0,MILLIMETERS,0.0,MILLIMETERS,1007.64,25.0,NORTH_NORTHEAST,3.0,KILOMETERS_PER_HOUR,5.0,KILOMETERS_PER_HOUR,16.0,KILOMETERS,0.0,CELSIUS,32.7,CELSIUS,24.9,CELSIUS,0.0,MILLIMETERS,7.9478,MILLIMETERS,,,,2025-06-17 05:08:21.906000+07:00,0508
1088,90410,"Naxaithong Secondary School - Naxaithong, Vientiane Capital ມັດທະຍົມ ນາຊາຍທອງ","Naxaithong Secondary School - Naxaithong, Vientiane Capital ມັດທະຍົມ ນາຊາຍທອງ",18.068595,102.535866,2025-06-16T22:08:27.344386739Z,0.0,80.0,0.0,30.0,86.0,Asia/Vientiane,https://maps.gstatic.com/weather/v1/mostly_cloudy_night,Mostly cloudy,en,MOSTLY_CLOUDY,25.9,CELSIUS,28.5,CELSIUS,22.3,CELSIUS,28.5,CELSIUS,25.9,CELSIUS,20.0,RAIN,0.0,MILLIMETERS,0.0,MILLIMETERS,1007.64,25.0,NORTH_NORTHEAST,2.0,KILOMETERS_PER_HOUR,6.0,KILOMETERS_PER_HOUR,16.0,KILOMETERS,0.0,CELSIUS,32.9,CELSIUS,25.0,CELSIUS,0.0,MILLIMETERS,7.44,MILLIMETERS,,,,2025-06-17 05:08:21.906000+07:00,0508
1089,90411,d83bda1bc98c Phongsaly - Phongsaly,d83bda1bc98c Phongsaly - Phongsaly,21.695,102.085,2025-06-16T22:08:28.605703841Z,0.0,98.0,0.0,10.0,100.0,Asia/Vientiane,https://maps.gstatic.com/weather/v1/drizzle,Light rain,en,LIGHT_RAIN,20.5,CELSIUS,24.0,CELSIUS,20.1,CELSIUS,24.0,CELSIUS,20.5,CELSIUS,49.0,RAIN,0.0,MILLIMETERS,1.3081,MILLIMETERS,1008.8,135.0,SOUTHEAST,2.0,KILOMETERS_PER_HOUR,6.0,KILOMETERS_PER_HOUR,6.0,KILOMETERS,-1.6,CELSIUS,28.5,CELSIUS,20.5,CELSIUS,0.0,MILLIMETERS,11.943,MILLIMETERS,,,,2025-06-17 05:08:21.906000+07:00,0508
1090,90412,May - Phongsaly,May - Phongsaly,21.172583,102.722705,2025-06-16T22:08:29.897948975Z,0.0,88.0,0.0,10.0,100.0,Asia/Vientiane,https://maps.gstatic.com/weather/v1/drizzle,Light rain,en,LIGHT_RAIN,19.9,CELSIUS,22.9,CELSIUS,17.8,CELSIUS,22.9,CELSIUS,19.9,CELSIUS,45.0,RAIN,0.0,MILLIMETERS,1.0185,MILLIMETERS,1009.46,245.0,WEST_SOUTHWEST,3.0,KILOMETERS_PER_HOUR,7.0,KILOMETERS_PER_HOUR,15.0,KILOMETERS,-1.2,CELSIUS,25.9,CELSIUS,19.5,CELSIUS,0.0,MILLIMETERS,14.1555,MILLIMETERS,,,,2025-06-17 05:08:21.906000+07:00,0508
1091,90413,"Natoon Secondary School - Khua, Phongsaly ມັດທະຍົມສົມບູນ ນາຕູ່ນ","Natoon Secondary School - Khua, Phongsaly ມັດທະຍົມສົມບູນ ນາຕູ່ນ",21.078865,102.505833,2025-06-16T22:08:31.154839285Z,0.0,90.0,0.0,20.0,100.0,Asia/Vientiane,https://maps.gstatic.com/weather/v1/cloudy,Cloudy,en,CLOUDY,19.8,CELSIUS,22.4,CELSIUS,18.0,CELSIUS,22.4,CELSIUS,19.8,CELSIUS,21.0,RAIN,0.0,MILLIMETERS,0.27940000000000004,MILLIMETERS,1008.74,225.0,SOUTHWEST,2.0,KILOMETERS_PER_HOUR,5.0,KILOMETERS_PER_HOUR,16.0,KILOMETERS,-0.5,CELSIUS,26.4,CELSIUS,20.0,CELSIUS,0.0,MILLIMETERS,8.0114,MILLIMETERS,,,,2025-06-17 05:08:21.906000+07:00,0508
1092,90414,"Naxay Secondary School - Samphanh, Phongsaly ມັດທະຍົມສົມບູນ ນາໄຊ","Naxay Secondary School - Samphanh, Phongsaly ມັດທະຍົມສົມບູນ ນາໄຊ",21.346014,102.349329,2025-06-16T22:08:32.419116634Z,0.0,100.0,0.0,10.0,100.0,Asia/Vientiane,https://maps.gstatic.com/weather/v1/drizzle,Light rain,en,LIGHT_RAIN,10.9,CELSIUS,10.9,CELSIUS,10.9,CELSIUS,10.9,CELSIUS,10.9,CELSIUS,38.0,RAIN,0.0,MILLIMETERS,1.8974,MILLIMETERS,1009.28,215.0,SOUTHWEST,5.0,KILOMETERS_PER_HOUR,10.0,KILOMETERS_PER_HOUR,5.0,KILOMETERS,-1.5,CELSIUS,17.1,CELSIUS,10.8,CELSIUS,0.0,MILLIMETERS,12.1949,MILLIMETERS,,,,2025-06-17 05:08:21.906000+07:00,0508
1093,90419,"Long Secondary School - Long, LuangNamtha ມັດທະຍົມສົມບູນ ເມືອງລອງ","Long Secondary School - Long, LuangNamtha ມັດທະຍົມສົມບູນ ເມືອງລອງ",20.962029,100.82109,2025-06-16T22:08:33.704272373Z,0.0,95.0,0.0,20.0,100.0,Asia/Vientiane,https://maps.gstatic.com/weather/v1/cloudy,Cloudy,en,CLOUDY,22.8,CELSIUS,25.2,CELSIUS,21.7,CELSIUS,25.2,CELSIUS,22.8,CELSIUS,20.0,RAIN,0.0,MILLIMETERS,0.1626,MILLIMETERS,1009.05,203.0,SOUTH_SOUTHWEST,6.0,KILOMETERS_PER_HOUR,11.0,KILOMETERS_PER_HOUR,13.0,KILOMETERS,-0.2,CELSIUS,27.3,CELSIUS,22.7,CELSIUS,0.0,MILLIMETERS,7.6227,MILLIMETERS,,,,2025-06-17 05:08:21.906000+07:00,0508
1094,90421,"Sing Secondary School - Sing, LuangNamtha ມັດທະຍົມສົມບູນ ເມືອງສິງ","Sing Secondary School - Sing, LuangNamtha ມັດທະຍົມສົມບູນ ເມືອງສິງ",21.190223,101.144937,2025-06-16T22:08:34.977386024Z,0.0,95.0,0.0,20.0,100.0,Asia/Vientiane,https://maps.gstatic.com/weather/v1/cloudy,Cloudy,en,CLOUDY,22.8,CELSIUS,25.2,CELSIUS,21.7,CELSIUS,25.2,CELSIUS,22.8,CELSIUS,20.0,RAIN,0.0,MILLIMETERS,0.1626,MILLIMETERS,1009.05,203.0,SOUTH_SOUTHWEST,6.0,KILOMETERS_PER_HOUR,11.0,KILOMETERS_PER_HOUR,13.0,KILOMETERS,-0.2,CELSIUS,27.3,CELSIUS,22.7,CELSIUS,0.0,MILLIMETERS,7.6227,MILLIMETERS,,,,2025-06-17 05:08:21.906000+07:00,0508
1095,90424,"La Secondary School - La, Oudomxai ມັດທະຍົມສົມບູນ ເມືອງຫລາ","La Secondary School - La, Oudomxai ມັດທະຍົມສົມບູນ ເມືອງຫລາ",20.870865,102.110246,2025-06-16T22:08:36.261158709Z,0.0,90.0,0.0,20.0,100.0,Asia/Vientiane,https://maps.gstatic.com/weather/v1/cloudy,Cloudy,en,CLOUDY,20.5,CELSIUS,23.1,CELSIUS,18.7,CELSIUS,23.1,CELSIUS,20.5,CELSIUS,21.0,RAIN,0.0,MILLIMETERS,0.27940000000000004,MILLIMETERS,1008.74,225.0,SOUTHWEST,2.0,KILOMETERS_PER_HOUR,5.0,KILOMETERS_PER_HOUR,16.0,KILOMETERS,-0.5,CELSIUS,27.1,CELSIUS,20.7,CELSIUS,0.0,MILLIMETERS,8.0114,MILLIMETERS,,,,2025-06-17 05:08:21.906000+07:00,0508
1096,90425,"Namor Secondary School - Namor, Oudomxay ມັດທະຍົມ ເມືອງນາໝໍ້","Namor Secondary School - Namor, Oudomxay ມັດທະຍົມ ເມືອງນາໝໍ້",20.914061,101.764456,2025-06-16T22:08:37.531525754Z,0.0,95.0,0.0,20.0,100.0,Asia/Vientiane,https://maps.gstatic.com/weather/v1/drizzle,Light rain,en,LIGHT_RAIN,21.5,CELSIUS,23.9,CELSIUS,20.5,CELSIUS,23.9,CELSIUS,21.5,CELSIUS,40.0,RAIN,0.0,MILLIMETERS,0.34290000000000004,MILLIMETERS,1008.97,203.0,SOUTH_SOUTHWEST,6.0,KILOMETERS_PER_HOUR,13.0,KILOMETERS_PER_HOUR,11.0,KILOMETERS,0.30000000000000004,CELSIUS,27.8,CELSIUS,21.2,CELSIUS,0.0,MILLIMETERS,5.649,MILLIMETERS,,,,2025-06-17 05:08:21.906000+07:00,0508
1097,90427,Beng - Oudomxai,Beng - Oudomxai,20.296295,101.639666,2025-06-16T22:08:38.805051888Z,0.0,93.0,0.0,0.0,100.0,Asia/Vientiane,https://maps.gstatic.com/weather/v1/cloudy,Cloudy,en,CLOUDY,23.0,CELSIUS,25.3,CELSIUS,21.6,CELSIUS,25.3,CELSIUS,23.0,CELSIUS,10.0,RAIN,0.0,MILLIMETERS,0.0,MILLIMETERS,1009.11,203.0,SOUTH_SOUTHWEST,5.0,KILOMETERS_PER_HOUR,10.0,KILOMETERS_PER_HOUR,14.0,KILOMETERS,0.1,CELSIUS,29.2,CELSIUS,22.9,CELSIUS,0.0,MILLIMETERS,9.1897,MILLIMETERS,,,,2025-06-17 05:08:21.906000+07:00,0508
1098,90428,"Hoon Secondary School - Hoon, Oudomxay ມັດທະຍົມ ເມືອງຮຸນ","Hoon Secondary School - Hoon, Oudomxay ມັດທະຍົມ ເມືອງຮຸນ",20.146431,101.467765,2025-06-16T22:08:40.066337456Z,0.0,93.0,0.0,0.0,100.0,Asia/Vientiane,https://maps.gstatic.com/weather/v1/cloudy,Cloudy,en,CLOUDY,23.0,CELSIUS,25.3,CELSIUS,21.6,CELSIUS,25.3,CELSIUS,23.0,CELSIUS,10.0,RAIN,0.0,MILLIMETERS,0.0,MILLIMETERS,1009.11,203.0,SOUTH_SOUTHWEST,5.0,KILOMETERS_PER_HOUR,10.0,KILOMETERS_PER_HOUR,14.0,KILOMETERS,0.1,CELSIUS,29.2,CELSIUS,22.9,CELSIUS,0.0,MILLIMETERS,9.1897,MILLIMETERS,,,,2025-06-17 05:08:21.906000+07:00,0508
1099,90430,"Nampook Secondary School - Huoixai, Bokeo ມັດທະຍົມສົມບູນ ນ້ຳປຸກ","Nampook Secondary School - Huoixai, Bokeo ມັດທະຍົມສົມບູນ ນ້ຳປຸກ",20.217811,100.565439,2025-06-16T22:08:41.338342403Z,0.0,95.0,0.0,20.0,100.0,Asia/Vientiane,https://maps.gstatic.com/weather/v1/drizzle,Light rain,en,LIGHT_RAIN,24.2,CELSIUS,27.0,CELSIUS,23.7,CELSIUS,27.0,CELSIUS,24.2,CELSIUS,44.0,RAIN,0.0,MILLIMETERS,1.209,MILLIMETERS,1008.0,270.0,WEST,2.0,KILOMETERS_PER_HOUR,3.0,KILOMETERS_PER_HOUR,8.0,KILOMETERS,-0.7000000000000001,CELSIUS,30.6,CELSIUS,24.2,CELSIUS,0.0,MILLIMETERS,24.3356,MILLIMETERS,,,,2025-06-17 05:08:21.906000+07:00,0508
1100,90432,Meung - Bokeo,Meung - Bokeo,20.565749,100.592003,2025-06-16T22:08:42.625981876Z,0.0,95.0,0.0,20.0,100.0,Asia/Vientiane,https://maps.gstatic.com/weather/v1/drizzle,Light rain,en,LIGHT_RAIN,20.6,CELSIUS,23.0,CELSIUS,20.2,CELSIUS,23.0,CELSIUS,20.6,CELSIUS,65.0,RAIN,0.0,MILLIMETERS,1.1786,MILLIMETERS,1009.0,180.0,SOUTH,3.0,KILOMETERS_PER_HOUR,8.0,KILOMETERS_PER_HOUR,8.0,KILOMETERS,-0.5,CELSIUS,26.5,CELSIUS,20.4,CELSIUS,0.0,MILLIMETERS,8.4506,MILLIMETERS,,,,2025-06-17 05:08:21.906000+07:00,0508
1101,90433,Pha Oudom - Bokeo,Pha Oudom - Bokeo,20.086216,100.831707,2025-06-16T22:08:43.882396925Z,0.0,95.0,0.0,20.0,100.0,Asia/Vientiane,https://maps.gstatic.com/weather/v1/cloudy,Cloudy,en,CLOUDY,19.3,CELSIUS,21.7,CELSIUS,18.3,CELSIUS,21.7,CELSIUS,19.3,CELSIUS,25.0,RAIN,0.0,MILLIMETERS,0.16,MILLIMETERS,1009.21,180.0,SOUTH,3.0,KILOMETERS_PER_HOUR,6.0,KILOMETERS_PER_HOUR,11.0,KILOMETERS,-0.1,CELSIUS,24.9,CELSIUS,19.4,CELSIUS,0.0,MILLIMETERS,9.2331,MILLIMETERS,,,,2025-06-17 05:08:21.906000+07:00,0508
1102,90435,"Santiphab Secondary School - Luangprabang, Luangprabang ມັດທະຍົມ ສັນຕິພາບ","Santiphab Secondary School - Luangprabang, Luangprabang ມັດທະຍົມ ສັນຕິພາບ",19.880332,102.139832,2025-06-16T22:08:45.150251742Z,0.0,84.0,0.0,20.0,100.0,Asia/Vientiane,https://maps.gstatic.com/weather/v1/cloudy,Cloudy,en,CLOUDY,24.2,CELSIUS,26.3,CELSIUS,21.4,CELSIUS,26.3,CELSIUS,24.2,CELSIUS,21.0,RAIN,0.0,MILLIMETERS,0.0,MILLIMETERS,1007.87,225.0,SOUTHWEST,2.0,KILOMETERS_PER_HOUR,5.0,KILOMETERS_PER_HOUR,16.0,KILOMETERS,-0.8,CELSIUS,30.8,CELSIUS,24.6,CELSIUS,0.0,MILLIMETERS,12.667,MILLIMETERS,,,,2025-06-17 05:08:21.906000+07:00,0508
1103,90437,"PakXeng Secondary School - PakXeng, Luangprabang ມັດທະຍົມສົມບູນ ປາກແຊງ","PakXeng Secondary School - PakXeng, Luangprabang ມັດທະຍົມສົມບູນ ປາກແຊງ",20.174492,102.675657,2025-06-16T22:08:46.394122399Z,0.0,93.0,0.0,10.0,100.0,Asia/Vientiane,https://maps.gstatic.com/weather/v1/drizzle,Light rain,en,LIGHT_RAIN,18.0,CELSIUS,20.9,CELSIUS,16.8,CELSIUS,20.9,CELSIUS,18.0,CELSIUS,40.0,RAIN,0.0,MILLIMETERS,0.20070000000000002,MILLIMETERS,1008.93,135.0,SOUTHEAST,2.0,KILOMETERS_PER_HOUR,4.0,KILOMETERS_PER_HOUR,12.0,KILOMETERS,-0.7000000000000001,CELSIUS,21.8,CELSIUS,18.3,CELSIUS,0.0,MILLIMETERS,14.7475,MILLIMETERS,,,,2025-06-17 05:08:21.906000+07:00,0508
1104,90438,"Phonxay Secpondary School - Phonxay, Luangprabang ມັດທະຍົມສົມບູນ ເມືອງໂພນໄຊ","Phonxay Secpondary School - Phonxay, Luangprabang ມັດທະຍົມສົມບູນ ເມືອງໂພນໄຊ",19.958916,102.572347,,,,,,,,,,,,,,,,,,,,,,,,,,,,,,,,,,,,,,,,,,,,,,,404.0,Information is not supported for this location. Please try a different location.,NOT_FOUND,2025-06-17 05:08:21.906000+07:00,0508
1105,90440,"Vangxieng Secondary School - Phonthong, Luangprabang ມັດທະຍົມ ວັງຊຽງ","Vangxieng Secondary School - Phonthong, Luangprabang ມັດທະຍົມ ວັງຊຽງ",20.737745,103.073231,2025-06-16T22:08:48.917516394Z,0.0,88.0,0.0,10.0,100.0,Asia/Vientiane,https://maps.gstatic.com/weather/v1/drizzle,Light rain,en,LIGHT_RAIN,20.5,CELSIUS,23.5,CELSIUS,18.4,CELSIUS,23.5,CELSIUS,20.5,CELSIUS,45.0,RAIN,0.0,MILLIMETERS,1.0185,MILLIMETERS,1009.46,245.0,WEST_SOUTHWEST,3.0,KILOMETERS_PER_HOUR,7.0,KILOMETERS_PER_HOUR,15.0,KILOMETERS,-1.2,CELSIUS,26.6,CELSIUS,20.2,CELSIUS,0.0,MILLIMETERS,14.1555,MILLIMETERS,,,,2025-06-17 05:08:21.906000+07:00,0508
1106,90441,"Kiwkachum Secondary School - XiengNgeun, Luangprabang ມັດທະຍົມ ກິ່ວກະຈຳ","Kiwkachum Secondary School - XiengNgeun, Luangprabang ມັດທະຍົມ ກິ່ວກະຈຳ",19.555,102.234,2025-06-16T22:08:50.176062695Z,0.0,93.0,0.0,19.0,100.0,Asia/Vientiane,https://maps.gstatic.com/weather/v1/cloudy,Cloudy,en,CLOUDY,20.6,CELSIUS,25.5,CELSIUS,19.5,CELSIUS,25.5,CELSIUS,20.6,CELSIUS,25.0,RAIN,0.0,MILLIMETERS,0.0,MILLIMETERS,1009.88,180.0,SOUTH,5.0,KILOMETERS_PER_HOUR,13.0,KILOMETERS_PER_HOUR,13.0,KILOMETERS,-0.8,CELSIUS,25.9,CELSIUS,20.9,CELSIUS,0.0,MILLIMETERS,8.9131,MILLIMETERS,,,,2025-06-17 05:08:21.906000+07:00,0508
1107,90442,"Nan Secondary School - Nan, Luangprabang ມັດທະຍົມ ເມືອງນານ","Nan Secondary School - Nan, Luangprabang ມັດທະຍົມ ເມືອງນານ",19.498539,101.883867,2025-06-16T22:08:51.450710184Z,0.0,95.0,0.0,0.0,100.0,Asia/Vientiane,https://maps.gstatic.com/weather/v1/cloudy,Cloudy,en,CLOUDY,19.1,CELSIUS,21.5,CELSIUS,18.5,CELSIUS,21.5,CELSIUS,19.1,CELSIUS,10.0,RAIN,0.0,MILLIMETERS,0.0,MILLIMETERS,1009.41,203.0,SOUTH_SOUTHWEST,3.0,KILOMETERS_PER_HOUR,3.0,KILOMETERS_PER_HOUR,10.0,KILOMETERS,0.0,CELSIUS,24.5,CELSIUS,19.1,CELSIUS,0.0,MILLIMETERS,17.6734,MILLIMETERS,,,,2025-06-17 05:08:21.906000+07:00,0508
1108,90447,Xamneua - Houaphan,Xamneua - Houaphan,20.413807,104.050733,2025-06-16T22:08:52.703696478Z,0.0,93.0,0.0,9.0,100.0,Asia/Vientiane,https://maps.gstatic.com/weather/v1/cloudy,Cloudy,en,CLOUDY,20.5,CELSIUS,24.1,CELSIUS,19.2,CELSIUS,24.1,CELSIUS,20.5,CELSIUS,19.0,RAIN,0.0,MILLIMETERS,0.09910000000000001,MILLIMETERS,1008.44,250.0,WEST_SOUTHWEST,5.0,KILOMETERS_PER_HOUR,12.0,KILOMETERS_PER_HOUR,13.0,KILOMETERS,0.1,CELSIUS,25.4,CELSIUS,20.3,CELSIUS,0.0,MILLIMETERS,9.3017,MILLIMETERS,,,,2025-06-17 05:08:21.906000+07:00,0508
1109,90449,"BouamNgam Secondary School - Huameuang, Houaphan  ມັດທະຍົມ ບວມງາມ","BouamNgam Secondary School - Huameuang, Houaphan  ມັດທະຍົມ ບວມງາມ",20.199501,103.875166,2025-06-16T22:08:53.977082701Z,0.0,94.0,0.0,10.0,100.0,Asia/Vientiane,https://maps.gstatic.com/weather/v1/cloudy,Cloudy,en,CLOUDY,19.4,CELSIUS,23.4,CELSIUS,18.3,CELSIUS,23.4,CELSIUS,19.4,CELSIUS,24.0,RAIN,0.0,MILLIMETERS,0.09910000000000001,MILLIMETERS,1009.58,225.0,SOUTHWEST,2.0,KILOMETERS_PER_HOUR,3.0,KILOMETERS_PER_HOUR,12.0,KILOMETERS,0.2,CELSIUS,23.2,CELSIUS,19.1,CELSIUS,0.0,MILLIMETERS,8.6718,MILLIMETERS,,,,2025-06-17 05:08:21.906000+07:00,0508
1110,90450,Xamtay - Houaphan,Xamtay - Houaphan,19.999194,104.64011,2025-06-16T22:08:55.235957747Z,0.0,88.0,0.0,9.0,100.0,Asia/Vientiane,https://maps.gstatic.com/weather/v1/cloudy,Cloudy,en,CLOUDY,19.3,CELSIUS,22.8,CELSIUS,17.0,CELSIUS,22.8,CELSIUS,19.3,CELSIUS,19.0,RAIN,0.0,MILLIMETERS,0.0,MILLIMETERS,1008.61,245.0,WEST_SOUTHWEST,5.0,KILOMETERS_PER_HOUR,8.0,KILOMETERS_PER_HOUR,16.0,KILOMETERS,-0.30000000000000004,CELSIUS,24.6,CELSIUS,19.3,CELSIUS,0.0,MILLIMETERS,5.3189,MILLIMETERS,,,,2025-06-17 05:08:21.906000+07:00,0508
1111,90451,"Add Secondary School - Add, Houaphan ມັດທະຍົມ ແອດ","Add Secondary School - Add, Houaphan ມັດທະຍົມ ແອດ",20.820542,104.004618,,,,,,,,,,,,,,,,,,,,,,,,,,,,,,,,,,,,,,,,,,,,,,,404.0,Information is not supported for this location. Please try a different location.,NOT_FOUND,2025-06-17 05:08:21.906000+07:00,0508
1112,90452,Xon - Houaphan,Xon - Houaphan,20.466813,103.34797,2025-06-16T22:08:57.727490933Z,0.0,94.0,0.0,10.0,100.0,Asia/Vientiane,https://maps.gstatic.com/weather/v1/cloudy,Cloudy,en,CLOUDY,16.8,CELSIUS,20.8,CELSIUS,15.7,CELSIUS,20.8,CELSIUS,16.8,CELSIUS,24.0,RAIN,0.0,MILLIMETERS,0.09910000000000001,MILLIMETERS,1009.58,225.0,SOUTHWEST,2.0,KILOMETERS_PER_HOUR,3.0,KILOMETERS_PER_HOUR,12.0,KILOMETERS,0.2,CELSIUS,20.6,CELSIUS,16.5,CELSIUS,0.0,MILLIMETERS,8.6718,MILLIMETERS,,,,2025-06-17 05:08:21.906000+07:00,0508
1113,90453,Xiengkhor - Houaphan,Xiengkhor - Houaphan,20.813892,104.146676,,,,,,,,,,,,,,,,,,,,,,,,,,,,,,,,,,,,,,,,,,,,,,,404.0,Information is not supported for this location. Please try a different location.,NOT_FOUND,2025-06-17 05:08:21.906000+07:00,0508
1114,90454," Viengthong Secondary School - Hiem, Houaphan ມັດທະຍົມ ວຽງທອງ"," Viengthong Secondary School - Hiem, Houaphan ມັດທະຍົມ ວຽງທອງ",20.099855,103.380396,2025-06-16T22:09:00.213936197Z,0.0,94.0,0.0,10.0,100.0,Asia/Vientiane,https://maps.gstatic.com/weather/v1/cloudy,Cloudy,en,CLOUDY,16.8,CELSIUS,20.8,CELSIUS,15.7,CELSIUS,20.8,CELSIUS,16.8,CELSIUS,24.0,RAIN,0.0,MILLIMETERS,0.09910000000000001,MILLIMETERS,1009.58,225.0,SOUTHWEST,2.0,KILOMETERS_PER_HOUR,3.0,KILOMETERS_PER_HOUR,12.0,KILOMETERS,0.2,CELSIUS,20.6,CELSIUS,16.5,CELSIUS,0.0,MILLIMETERS,8.6718,MILLIMETERS,,,,2025-06-17 05:08:21.906000+07:00,0508
1115,90455,"Sopbao Secondary School - Sopbao, Houaphan ມັດທະຍົມ ສົບເບົາ","Sopbao Secondary School - Sopbao, Houaphan ມັດທະຍົມ ສົບເບົາ",20.710206,104.384946,2025-06-16T22:09:01.482780172Z,0.0,93.0,0.0,8.0,100.0,Asia/Vientiane,https://maps.gstatic.com/weather/v1/cloudy,Cloudy,en,CLOUDY,16.6,CELSIUS,20.2,CELSIUS,15.3,CELSIUS,20.2,CELSIUS,16.6,CELSIUS,18.0,RAIN,0.0,MILLIMETERS,0.09910000000000001,MILLIMETERS,1008.44,250.0,WEST_SOUTHWEST,5.0,KILOMETERS_PER_HOUR,12.0,KILOMETERS_PER_HOUR,13.0,KILOMETERS,0.1,CELSIUS,21.5,CELSIUS,16.4,CELSIUS,0.0,MILLIMETERS,9.3017,MILLIMETERS,,,,2025-06-17 05:08:21.906000+07:00,0508
1116,90456,"Kuan Secondary School - Kuan, Houaphan ມັດທະຍົມສົມບູນ ກັວນ","Kuan Secondary School - Kuan, Houaphan ມັດທະຍົມສົມບູນ ກັວນ",19.835863,104.561303,2025-06-16T22:09:02.754528788Z,0.0,88.0,0.0,8.0,100.0,Asia/Vientiane,https://maps.gstatic.com/weather/v1/cloudy,Cloudy,en,CLOUDY,20.6,CELSIUS,24.1,CELSIUS,18.4,CELSIUS,24.1,CELSIUS,20.6,CELSIUS,18.0,RAIN,0.0,MILLIMETERS,0.0,MILLIMETERS,1008.62,245.0,WEST_SOUTHWEST,5.0,KILOMETERS_PER_HOUR,8.0,KILOMETERS_PER_HOUR,16.0,KILOMETERS,-0.30000000000000004,CELSIUS,25.9,CELSIUS,20.6,CELSIUS,0.0,MILLIMETERS,5.3189,MILLIMETERS,,,,2025-06-17 05:08:21.906000+07:00,0508
1117,90457,"Khob Secondary School - Khob, Xayabouli ມັດທະຍົມ ເມືອງຄອບ","Khob Secondary School - Khob, Xayabouli ມັດທະຍົມ ເມືອງຄອບ",19.699713,100.5572,2025-06-16T22:09:04.009311239Z,0.0,93.0,0.0,20.0,100.0,Asia/Vientiane,https://maps.gstatic.com/weather/v1/cloudy,Cloudy,en,CLOUDY,23.7,CELSIUS,26.2,CELSIUS,22.4,CELSIUS,26.2,CELSIUS,23.7,CELSIUS,20.0,RAIN,0.0,MILLIMETERS,0.09910000000000001,MILLIMETERS,1008.88,158.0,SOUTH_SOUTHEAST,10.0,KILOMETERS_PER_HOUR,18.0,KILOMETERS_PER_HOUR,14.0,KILOMETERS,-0.4,CELSIUS,28.9,CELSIUS,24.1,CELSIUS,0.0,MILLIMETERS,6.8326,MILLIMETERS,,,,2025-06-17 05:08:21.906000+07:00,0508
1118,90458,"Hongsa Secondary School - Hongsa, Xaignabouly ມັດທະຍົມສົມບູນ ຫົງສາ","Hongsa Secondary School - Hongsa, Xaignabouly ມັດທະຍົມສົມບູນ ຫົງສາ",19.70693,101.342893,2025-06-16T22:09:05.272987657Z,0.0,95.0,0.0,0.0,100.0,Asia/Vientiane,https://maps.gstatic.com/weather/v1/cloudy,Cloudy,en,CLOUDY,20.4,CELSIUS,22.8,CELSIUS,19.8,CELSIUS,22.8,CELSIUS,20.4,CELSIUS,10.0,RAIN,0.0,MILLIMETERS,0.0,MILLIMETERS,1009.41,203.0,SOUTH_SOUTHWEST,3.0,KILOMETERS_PER_HOUR,3.0,KILOMETERS_PER_HOUR,10.0,KILOMETERS,0.0,CELSIUS,25.8,CELSIUS,20.4,CELSIUS,0.0,MILLIMETERS,17.6734,MILLIMETERS,,,,2025-06-17 05:08:21.906000+07:00,0508
1119,90459,Phiang - Xaignabouly,Phiang - Xaignabouly,19.094645,101.529558,2025-06-16T22:09:06.544900206Z,0.0,94.0,0.0,0.0,100.0,Asia/Vientiane,https://maps.gstatic.com/weather/v1/cloudy,Cloudy,en,CLOUDY,23.6,CELSIUS,26.1,CELSIUS,22.5,CELSIUS,26.1,CELSIUS,23.6,CELSIUS,10.0,RAIN,0.0,MILLIMETERS,0.0,MILLIMETERS,1008.92,180.0,SOUTH,3.0,KILOMETERS_PER_HOUR,3.0,KILOMETERS_PER_HOUR,13.0,KILOMETERS,-0.30000000000000004,CELSIUS,30.9,CELSIUS,23.9,CELSIUS,0.0,MILLIMETERS,1.3537000000000001,MILLIMETERS,,,,2025-06-17 05:08:21.906000+07:00,0508
1120,90460,Parklai - Xaignabouly,Parklai - Xaignabouly,18.220795,101.405717,2025-06-16T22:09:07.812508007Z,0.0,83.0,0.0,0.0,100.0,Asia/Vientiane,https://maps.gstatic.com/weather/v1/cloudy,Cloudy,en,CLOUDY,24.5,CELSIUS,26.8,CELSIUS,21.2,CELSIUS,26.8,CELSIUS,24.5,CELSIUS,10.0,RAIN,0.0,MILLIMETERS,0.0,MILLIMETERS,1008.44,248.0,WEST_SOUTHWEST,5.0,KILOMETERS_PER_HOUR,8.0,KILOMETERS_PER_HOUR,16.0,KILOMETERS,-0.4,CELSIUS,31.7,CELSIUS,24.9,CELSIUS,0.0,MILLIMETERS,1.3588,MILLIMETERS,,,,2025-06-17 05:08:21.906000+07:00,0508
1121,90463,"Ekaphab Secondary School - Xayabury, Xayabury ມັດທະຍົມ ເອກະພາບ","Ekaphab Secondary School - Xayabury, Xayabury ມັດທະຍົມ ເອກະພາບ",19.237566,101.714751,2025-06-16T22:09:09.080389426Z,0.0,90.0,0.0,0.0,100.0,Asia/Vientiane,https://maps.gstatic.com/weather/v1/cloudy,Cloudy,en,CLOUDY,24.8,CELSIUS,27.5,CELSIUS,23.0,CELSIUS,27.5,CELSIUS,24.8,CELSIUS,10.0,RAIN,0.0,MILLIMETERS,0.0,MILLIMETERS,1008.26,180.0,SOUTH,3.0,KILOMETERS_PER_HOUR,8.0,KILOMETERS_PER_HOUR,16.0,KILOMETERS,0.4,CELSIUS,30.7,CELSIUS,24.4,CELSIUS,0.0,MILLIMETERS,7.0688,MILLIMETERS,,,,2025-06-17 05:08:21.906000+07:00,0508
1122,90466,"Kenethao Secondary School - Kenethao, Xayabury ມັດທະຍົມສົມບຸນ ແກ່ນທ້າວ","Kenethao Secondary School - Kenethao, Xayabury ມັດທະຍົມສົມບຸນ ແກ່ນທ້າວ",17.740569,101.403471,2025-06-16T22:09:10.344724515Z,0.0,86.0,0.0,0.0,100.0,Asia/Vientiane,https://maps.gstatic.com/weather/v1/cloudy,Cloudy,en,CLOUDY,25.4,CELSIUS,28.2,CELSIUS,22.8,CELSIUS,28.2,CELSIUS,25.4,CELSIUS,10.0,RAIN,0.0,MILLIMETERS,0.0,MILLIMETERS,1008.0,270.0,WEST,3.0,KILOMETERS_PER_HOUR,6.0,KILOMETERS_PER_HOUR,16.0,KILOMETERS,-0.6000000000000001,CELSIUS,33.0,CELSIUS,25.9,CELSIUS,0.0,MILLIMETERS,0.6553,MILLIMETERS,,,,2025-06-17 05:08:21.906000+07:00,0508
1123,90468,Pek - Xiengkhouang,Pek - Xiengkhouang,19.444636,103.205788,2025-06-16T22:09:11.596114801Z,0.0,86.0,0.0,10.0,100.0,Asia/Vientiane,https://maps.gstatic.com/weather/v1/cloudy,Cloudy,en,CLOUDY,20.1,CELSIUS,24.2,CELSIUS,17.8,CELSIUS,24.2,CELSIUS,20.1,CELSIUS,20.0,RAIN,0.0,MILLIMETERS,0.0,MILLIMETERS,1010.51,180.0,SOUTH,2.0,KILOMETERS_PER_HOUR,4.0,KILOMETERS_PER_HOUR,16.0,KILOMETERS,-0.6000000000000001,CELSIUS,27.2,CELSIUS,20.4,CELSIUS,0.0,MILLIMETERS,11.0289,MILLIMETERS,,,,2025-06-17 05:08:21.906000+07:00,0508
1124,90469,Nonghed - Xiengkhouang,Nonghed - Xiengkhouang,19.49661,103.986121,,,,,,,,,,,,,,,,,,,,,,,,,,,,,,,,,,,,,,,,,,,,,,,404.0,Information is not supported for this location. Please try a different location.,NOT_FOUND,2025-06-17 05:08:21.906000+07:00,0508
1125,90471,"Napa Secondary School - Kham, Xiengkhouang ມັດທະຍົມ ນາປາ","Napa Secondary School - Kham, Xiengkhouang ມັດທະຍົມ ນາປາ",19.590573,103.662369,2025-06-16T22:09:14.118897715Z,0.0,88.0,0.0,10.0,100.0,Asia/Vientiane,https://maps.gstatic.com/weather/v1/cloudy,Cloudy,en,CLOUDY,21.1,CELSIUS,24.2,CELSIUS,19.1,CELSIUS,24.2,CELSIUS,21.1,CELSIUS,20.0,RAIN,0.0,MILLIMETERS,0.0,MILLIMETERS,1009.38,270.0,WEST,0.0,KILOMETERS_PER_HOUR,0.0,KILOMETERS_PER_HOUR,16.0,KILOMETERS,-0.7000000000000001,CELSIUS,27.4,CELSIUS,21.3,CELSIUS,0.0,MILLIMETERS,6.2409,MILLIMETERS,,,,2025-06-17 05:08:21.906000+07:00,0508
1126,90472,"Chomphet Seconbdary School - Khoune, Xiengkhuang ມັດທະຍົມ ຈອມເພັດ","Chomphet Seconbdary School - Khoune, Xiengkhuang ມັດທະຍົມ ຈອມເພັດ",19.340999,103.371433,2025-06-16T22:09:15.407956939Z,0.0,86.0,0.0,10.0,100.0,Asia/Vientiane,https://maps.gstatic.com/weather/v1/cloudy,Cloudy,en,CLOUDY,20.1,CELSIUS,24.2,CELSIUS,17.8,CELSIUS,24.2,CELSIUS,20.1,CELSIUS,20.0,RAIN,0.0,MILLIMETERS,0.0,MILLIMETERS,1010.51,180.0,SOUTH,2.0,KILOMETERS_PER_HOUR,4.0,KILOMETERS_PER_HOUR,16.0,KILOMETERS,-0.6000000000000001,CELSIUS,27.2,CELSIUS,20.4,CELSIUS,0.0,MILLIMETERS,11.0289,MILLIMETERS,,,,2025-06-17 05:08:21.906000+07:00,0508
1127,90475,Phonhong - Vientiane,Phonhong - Vientiane,18.350024,102.42424,2025-06-16T22:09:16.688768208Z,0.0,84.0,0.0,0.0,100.0,Asia/Vientiane,https://maps.gstatic.com/weather/v1/cloudy,Cloudy,en,CLOUDY,24.9,CELSIUS,27.2,CELSIUS,22.0,CELSIUS,27.2,CELSIUS,24.9,CELSIUS,10.0,RAIN,0.0,MILLIMETERS,0.0,MILLIMETERS,1007.74,315.0,NORTHWEST,2.0,KILOMETERS_PER_HOUR,6.0,KILOMETERS_PER_HOUR,16.0,KILOMETERS,-0.30000000000000004,CELSIUS,30.1,CELSIUS,25.0,CELSIUS,0.0,MILLIMETERS,14.1452,MILLIMETERS,,,,2025-06-17 05:08:21.906000+07:00,0508
1128,90476,"Kasy Secondary School - Kasy, Vientiane Province ມັດທະຍົມສົມບູນ ກາສີ","Kasy Secondary School - Kasy, Vientiane Province ມັດທະຍົມສົມບູນ ກາສີ",19.225034,102.25219,2025-06-16T22:09:17.964427024Z,0.0,83.0,0.0,20.0,100.0,Asia/Vientiane,https://maps.gstatic.com/weather/v1/drizzle,Light rain,en,LIGHT_RAIN,22.1,CELSIUS,24.6,CELSIUS,19.0,CELSIUS,24.6,CELSIUS,22.1,CELSIUS,25.0,RAIN,0.0,MILLIMETERS,0.2286,MILLIMETERS,1009.09,0.0,NORTH,2.0,KILOMETERS_PER_HOUR,3.0,KILOMETERS_PER_HOUR,16.0,KILOMETERS,-1.2,CELSIUS,27.4,CELSIUS,22.4,CELSIUS,0.0,MILLIMETERS,15.0675,MILLIMETERS,,,,2025-06-17 05:08:21.906000+07:00,0508
1129,90477,"Xanakharm Secondary School - Xanakharm, Vieniane Province ມັດທະຍົມສົບຸນ ຊະນະຄາມ","Xanakharm Secondary School - Xanakharm, Vieniane Province ມັດທະຍົມສົບຸນ ຊະນະຄາມ",17.910218,101.670662,2025-06-16T22:09:19.233921799Z,0.0,88.0,0.0,0.0,92.0,Asia/Vientiane,https://maps.gstatic.com/weather/v1/cloudy,Cloudy,en,CLOUDY,25.2,CELSIUS,27.9,CELSIUS,23.1,CELSIUS,27.9,CELSIUS,25.2,CELSIUS,10.0,RAIN,0.0,MILLIMETERS,0.0,MILLIMETERS,1008.0,270.0,WEST,2.0,KILOMETERS_PER_HOUR,5.0,KILOMETERS_PER_HOUR,16.0,KILOMETERS,-0.4,CELSIUS,32.0,CELSIUS,25.6,CELSIUS,0.0,MILLIMETERS,2.0142,MILLIMETERS,,,,2025-06-17 05:08:21.906000+07:00,0508
1130,90478,Mad - Vientiane,Mad - Vientiane,18.448868,101.76322,2025-06-16T22:09:20.499907240Z,0.0,83.0,0.0,0.0,100.0,Asia/Vientiane,https://maps.gstatic.com/weather/v1/cloudy,Cloudy,en,CLOUDY,25.1,CELSIUS,27.4,CELSIUS,21.9,CELSIUS,27.4,CELSIUS,25.1,CELSIUS,10.0,RAIN,0.0,MILLIMETERS,0.0,MILLIMETERS,1008.44,248.0,WEST_SOUTHWEST,5.0,KILOMETERS_PER_HOUR,8.0,KILOMETERS_PER_HOUR,16.0,KILOMETERS,-0.4,CELSIUS,32.3,CELSIUS,25.5,CELSIUS,0.0,MILLIMETERS,1.3588,MILLIMETERS,,,,2025-06-17 05:08:21.906000+07:00,0508
1131,90479,"Phonmi Secondary School - Viengkham, Vientiane Province ມັດທະຍົມສົມບຸນ ໂພນໝີ","Phonmi Secondary School - Viengkham, Vientiane Province ມັດທະຍົມສົມບຸນ ໂພນໝີ",18.48451,102.485942,2025-06-16T22:09:21.763832326Z,0.0,84.0,0.0,0.0,100.0,Asia/Vientiane,https://maps.gstatic.com/weather/v1/cloudy,Cloudy,en,CLOUDY,24.9,CELSIUS,27.2,CELSIUS,22.0,CELSIUS,27.2,CELSIUS,24.9,CELSIUS,10.0,RAIN,0.0,MILLIMETERS,0.0,MILLIMETERS,1007.75,315.0,NORTHWEST,2.0,KILOMETERS_PER_HOUR,6.0,KILOMETERS_PER_HOUR,16.0,KILOMETERS,-0.30000000000000004,CELSIUS,30.1,CELSIUS,25.0,CELSIUS,0.0,MILLIMETERS,14.1452,MILLIMETERS,,,,2025-06-17 05:08:21.906000+07:00,0508
1132,90482,"KeoKou Secondary School - KeoOudom, Vientiane Province ມັດທະຍົມສົມບູນ ແກ້ວກູ່","KeoKou Secondary School - KeoOudom, Vientiane Province ມັດທະຍົມສົມບູນ ແກ້ວກູ່",18.554884,102.502844,2025-06-16T22:09:23.013517838Z,0.0,84.0,0.0,0.0,100.0,Asia/Vientiane,https://maps.gstatic.com/weather/v1/cloudy,Cloudy,en,CLOUDY,24.9,CELSIUS,27.2,CELSIUS,22.0,CELSIUS,27.2,CELSIUS,24.9,CELSIUS,10.0,RAIN,0.0,MILLIMETERS,0.0,MILLIMETERS,1007.75,315.0,NORTHWEST,2.0,KILOMETERS_PER_HOUR,6.0,KILOMETERS_PER_HOUR,16.0,KILOMETERS,-0.30000000000000004,CELSIUS,30.1,CELSIUS,25.0,CELSIUS,0.0,MILLIMETERS,14.1452,MILLIMETERS,,,,2025-06-17 05:08:21.906000+07:00,0508
1133,90485,Meun - Vientiane,Meun - Vientiane,18.28379,101.941138,2025-06-16T22:09:24.282492563Z,0.0,75.0,0.0,0.0,96.0,Asia/Vientiane,https://maps.gstatic.com/weather/v1/cloudy,Cloudy,en,CLOUDY,25.4,CELSIUS,27.3,CELSIUS,20.6,CELSIUS,27.3,CELSIUS,25.4,CELSIUS,10.0,RAIN,0.0,MILLIMETERS,0.0,MILLIMETERS,1007.96,270.0,WEST,3.0,KILOMETERS_PER_HOUR,10.0,KILOMETERS_PER_HOUR,16.0,KILOMETERS,-0.5,CELSIUS,31.2,CELSIUS,25.6,CELSIUS,0.0,MILLIMETERS,7.2748,MILLIMETERS,,,,2025-06-17 05:08:21.906000+07:00,0508
1134,90487,"Thaphabath Secondary School - Thaphabath, Bolikhamxai","Thaphabath Secondary School - Thaphabath, Bolikhamxai",18.356826,103.198076,2025-06-16T22:09:25.544133260Z,0.0,82.0,0.0,17.0,95.0,Asia/Vientiane,https://maps.gstatic.com/weather/v1/cloudy,Cloudy,en,CLOUDY,25.7,CELSIUS,28.3,CELSIUS,22.4,CELSIUS,28.3,CELSIUS,25.7,CELSIUS,18.0,RAIN,0.0,MILLIMETERS,0.0787,MILLIMETERS,1008.27,90.0,EAST,2.0,KILOMETERS_PER_HOUR,2.0,KILOMETERS_PER_HOUR,16.0,KILOMETERS,-0.4,CELSIUS,30.6,CELSIUS,25.7,CELSIUS,0.0,MILLIMETERS,8.7631,MILLIMETERS,,,,2025-06-17 05:08:21.906000+07:00,0508
1135,90488,Pakkading - Bolikhamxai ,Pakkading - Bolikhamxai ,18.109902,104.281265,2025-06-16T22:09:26.827807249Z,0.0,87.0,0.0,30.0,95.0,Asia/Vientiane,https://maps.gstatic.com/weather/v1/drizzle,Light rain,en,LIGHT_RAIN,24.7,CELSIUS,27.1,CELSIUS,22.4,CELSIUS,27.1,CELSIUS,24.7,CELSIUS,25.0,RAIN,0.0,MILLIMETERS,0.1194,MILLIMETERS,1009.12,270.0,WEST,0.0,KILOMETERS_PER_HOUR,0.0,KILOMETERS_PER_HOUR,16.0,KILOMETERS,0.1,CELSIUS,28.4,CELSIUS,23.9,CELSIUS,0.0,MILLIMETERS,19.0804,MILLIMETERS,,,,2025-06-17 05:08:21.906000+07:00,0508
1136,90490,"Nakhonxay Secondary School - Khamkeuth, - Borikhamxai ມັດທະຍົມ ນະຄອນໄຊ","Nakhonxay Secondary School - Khamkeuth, - Borikhamxai ມັດທະຍົມ ນະຄອນໄຊ",18.185553,104.983958,2025-06-16T22:09:28.099122780Z,0.0,95.0,0.0,30.0,99.0,Asia/Vientiane,https://maps.gstatic.com/weather/v1/cloudy,Cloudy,en,CLOUDY,22.0,CELSIUS,24.4,CELSIUS,21.2,CELSIUS,24.4,CELSIUS,22.0,CELSIUS,20.0,RAIN,0.0,MILLIMETERS,0.0,MILLIMETERS,1009.84,205.0,SOUTH_SOUTHWEST,3.0,KILOMETERS_PER_HOUR,7.0,KILOMETERS_PER_HOUR,10.0,KILOMETERS,-0.1,CELSIUS,27.2,CELSIUS,21.6,CELSIUS,0.0,MILLIMETERS,2.388,MILLIMETERS,,,,2025-06-17 05:08:21.906000+07:00,0508
1137,90491,Viengthong - Bolikhamxai,Viengthong - Bolikhamxai,18.512354,104.442835,2025-06-16T22:09:29.359238890Z,0.0,92.0,0.0,20.0,95.0,Asia/Vientiane,https://maps.gstatic.com/weather/v1/cloudy,Cloudy,en,CLOUDY,22.9,CELSIUS,25.3,CELSIUS,21.5,CELSIUS,25.3,CELSIUS,22.9,CELSIUS,20.0,RAIN,0.0,MILLIMETERS,0.09910000000000001,MILLIMETERS,1009.56,270.0,WEST,0.0,KILOMETERS_PER_HOUR,0.0,KILOMETERS_PER_HOUR,15.0,KILOMETERS,-0.1,CELSIUS,28.5,CELSIUS,22.8,CELSIUS,0.0,MILLIMETERS,5.3723,MILLIMETERS,,,,2025-06-17 05:08:21.906000+07:00,0508
1138,90492,"NamOn Secondary School - Xaychamphone, Borikhamxai ມັດທະຍົມ ນຳ້ອ້ອນ","NamOn Secondary School - Xaychamphone, Borikhamxai ມັດທະຍົມ ນຳ້ອ້ອນ",18.577559,104.981947,2025-06-16T22:09:30.621771576Z,0.0,95.0,0.0,30.0,99.0,Asia/Vientiane,https://maps.gstatic.com/weather/v1/cloudy,Cloudy,en,CLOUDY,22.0,CELSIUS,24.4,CELSIUS,21.2,CELSIUS,24.4,CELSIUS,22.0,CELSIUS,20.0,RAIN,0.0,MILLIMETERS,0.0,MILLIMETERS,1009.84,205.0,SOUTH_SOUTHWEST,3.0,KILOMETERS_PER_HOUR,7.0,KILOMETERS_PER_HOUR,10.0,KILOMETERS,-0.1,CELSIUS,27.2,CELSIUS,21.6,CELSIUS,0.0,MILLIMETERS,2.388,MILLIMETERS,,,,2025-06-17 05:08:21.906000+07:00,0508
1139,90493,Thakhek - Khammouan ,Thakhek - Khammouan ,17.392668,104.807495,2025-06-16T22:09:31.904728486Z,0.0,100.0,0.0,30.0,99.0,Asia/Vientiane,https://maps.gstatic.com/weather/v1/drizzle,Light rain,en,LIGHT_RAIN,25.3,CELSIUS,29.2,CELSIUS,25.3,CELSIUS,29.2,CELSIUS,25.3,CELSIUS,25.0,RAIN,0.0,MILLIMETERS,0.4978,MILLIMETERS,1008.46,335.0,NORTH_NORTHWEST,8.0,KILOMETERS_PER_HOUR,15.0,KILOMETERS_PER_HOUR,5.0,KILOMETERS,0.30000000000000004,CELSIUS,32.0,CELSIUS,24.7,CELSIUS,0.0,MILLIMETERS,10.1323,MILLIMETERS,,,,2025-06-17 05:08:21.906000+07:00,0508
1140,90494,Mahaxay - Khammouan,Mahaxay - Khammouan,17.457352,105.160169,2025-06-16T22:09:33.155240426Z,0.0,100.0,0.0,30.0,95.0,Asia/Vientiane,https://maps.gstatic.com/weather/v1/drizzle,Light rain,en,LIGHT_RAIN,23.5,CELSIUS,26.2,CELSIUS,23.5,CELSIUS,26.2,CELSIUS,23.5,CELSIUS,24.0,RAIN,0.0,MILLIMETERS,0.06860000000000001,MILLIMETERS,1009.52,315.0,NORTHWEST,3.0,KILOMETERS_PER_HOUR,9.0,KILOMETERS_PER_HOUR,5.0,KILOMETERS,0.7000000000000001,CELSIUS,28.9,CELSIUS,22.8,CELSIUS,0.0,MILLIMETERS,5.324,MILLIMETERS,,,,2025-06-17 05:08:21.906000+07:00,0508
1141,90497,Nhommalath - Khammouan ,Nhommalath - Khammouan ,17.614203,105.170282,2025-06-16T22:09:34.449420656Z,0.0,100.0,0.0,30.0,95.0,Asia/Vientiane,https://maps.gstatic.com/weather/v1/drizzle,Light rain,en,LIGHT_RAIN,23.5,CELSIUS,26.2,CELSIUS,23.5,CELSIUS,26.2,CELSIUS,23.5,CELSIUS,24.0,RAIN,0.0,MILLIMETERS,0.06860000000000001,MILLIMETERS,1009.52,315.0,NORTHWEST,3.0,KILOMETERS_PER_HOUR,9.0,KILOMETERS_PER_HOUR,5.0,KILOMETERS,0.7000000000000001,CELSIUS,28.9,CELSIUS,22.8,CELSIUS,0.0,MILLIMETERS,5.324,MILLIMETERS,,,,2025-06-17 05:08:21.906000+07:00,0508
1142,90500,"Xebangfay Secondary School - Xebangfay, Khammouane ມັດທະຍົມສົມບູນ ເຊບັ້ງໄຟ","Xebangfay Secondary School - Xebangfay, Khammouane ມັດທະຍົມສົມບູນ ເຊບັ້ງໄຟ",17.086149,104.981631,2025-06-16T22:09:35.716006967Z,0.0,100.0,0.0,40.0,95.0,Asia/Vientiane,https://maps.gstatic.com/weather/v1/drizzle,Light rain,en,LIGHT_RAIN,26.0,CELSIUS,30.7,CELSIUS,25.9,CELSIUS,30.7,CELSIUS,26.0,CELSIUS,25.0,RAIN,0.0,MILLIMETERS,0.3632,MILLIMETERS,1008.2,195.0,SOUTH_SOUTHWEST,8.0,KILOMETERS_PER_HOUR,12.0,KILOMETERS_PER_HOUR,5.0,KILOMETERS,0.2,CELSIUS,32.3,CELSIUS,24.6,CELSIUS,0.0,MILLIMETERS,5.103,MILLIMETERS,,,,2025-06-17 05:08:21.906000+07:00,0508
1143,90501,"Sivilay Secondary School - Xaybouathong, Khammouane ມັດທະຍົມສົມບູນ ສີວິໄລ","Sivilay Secondary School - Xaybouathong, Khammouane ມັດທະຍົມສົມບູນ ສີວິໄລ",17.171532,105.4273,2025-06-16T22:09:36.976176348Z,0.0,100.0,0.0,40.0,98.0,Asia/Vientiane,https://maps.gstatic.com/weather/v1/cloudy,Cloudy,en,CLOUDY,25.0,CELSIUS,28.7,CELSIUS,25.0,CELSIUS,28.7,CELSIUS,25.0,CELSIUS,20.0,RAIN,0.0,MILLIMETERS,0.09910000000000001,MILLIMETERS,1008.67,205.0,SOUTH_SOUTHWEST,6.0,KILOMETERS_PER_HOUR,13.0,KILOMETERS_PER_HOUR,5.0,KILOMETERS,0.0,CELSIUS,31.8,CELSIUS,24.3,CELSIUS,0.0,MILLIMETERS,3.6628,MILLIMETERS,,,,2025-06-17 05:08:21.906000+07:00,0508
1144,90504,"Lianxay Secondary School - Artsaphangthong, Savannakhet ມັດທະຍົມ ຫລຽນໄຊ","Lianxay Secondary School - Artsaphangthong, Savannakhet ມັດທະຍົມ ຫລຽນໄຊ",16.692124,105.409764,,,,,,,,,,,,,,,,,,,,,,,,,,,,,,,,,,,,,,,,,,,,,,,404.0,Information is not supported for this location. Please try a different location.,NOT_FOUND,2025-06-17 05:08:21.906000+07:00,0508
1145,90505,Sepone - Savannakhet,Sepone - Savannakhet,16.696651,106.209138,2025-06-16T22:09:39.472851150Z,0.0,90.0,0.0,50.0,100.0,Asia/Vientiane,https://maps.gstatic.com/weather/v1/cloudy,Cloudy,en,CLOUDY,22.3,CELSIUS,24.7,CELSIUS,20.7,CELSIUS,24.7,CELSIUS,22.3,CELSIUS,20.0,RAIN,0.0,MILLIMETERS,0.0,MILLIMETERS,1009.16,225.0,SOUTHWEST,10.0,KILOMETERS_PER_HOUR,18.0,KILOMETERS_PER_HOUR,16.0,KILOMETERS,0.0,CELSIUS,29.0,CELSIUS,22.3,CELSIUS,0.0,MILLIMETERS,1.9583000000000002,MILLIMETERS,,,,2025-06-17 05:08:21.906000+07:00,0508
1146,90506,Nong - Savannakhet,Nong - Savannakhet,16.373875,106.495685,2025-06-16T22:09:40.722826891Z,0.0,93.0,0.0,0.0,100.0,Asia/Vientiane,https://maps.gstatic.com/weather/v1/cloudy,Cloudy,en,CLOUDY,23.6,CELSIUS,26.5,CELSIUS,22.3,CELSIUS,26.5,CELSIUS,23.6,CELSIUS,10.0,RAIN,0.0,MILLIMETERS,0.0,MILLIMETERS,1009.24,158.0,SOUTH_SOUTHEAST,6.0,KILOMETERS_PER_HOUR,13.0,KILOMETERS_PER_HOUR,13.0,KILOMETERS,0.1,CELSIUS,30.1,CELSIUS,23.5,CELSIUS,0.0,MILLIMETERS,1.3033000000000001,MILLIMETERS,,,,2025-06-17 05:08:21.906000+07:00,0508
1147,90508,Champhone - SAVA,Champhone - SAVA,16.489147,105.031659,2025-06-16T22:09:41.970492817Z,0.0,95.0,0.0,0.0,100.0,Asia/Vientiane,https://maps.gstatic.com/weather/v1/cloudy,Cloudy,en,CLOUDY,26.3,CELSIUS,30.8,CELSIUS,25.3,CELSIUS,30.8,CELSIUS,26.3,CELSIUS,10.0,RAIN,0.0,MILLIMETERS,0.0,MILLIMETERS,1008.16,203.0,SOUTH_SOUTHWEST,10.0,KILOMETERS_PER_HOUR,16.0,KILOMETERS_PER_HOUR,12.0,KILOMETERS,0.4,CELSIUS,33.0,CELSIUS,25.9,CELSIUS,0.0,MILLIMETERS,0.5106,MILLIMETERS,,,,2025-06-17 05:08:21.906000+07:00,0508
1148,90509,Xaybuly - Savannakhet,Xaybuly - Savannakhet,17.075181,104.87732,2025-06-16T22:09:43.235949093Z,0.0,100.0,0.0,40.0,95.0,Asia/Vientiane,https://maps.gstatic.com/weather/v1/drizzle,Light rain,en,LIGHT_RAIN,26.0,CELSIUS,30.7,CELSIUS,25.9,CELSIUS,30.7,CELSIUS,26.0,CELSIUS,25.0,RAIN,0.0,MILLIMETERS,0.3632,MILLIMETERS,1008.2,195.0,SOUTH_SOUTHWEST,8.0,KILOMETERS_PER_HOUR,12.0,KILOMETERS_PER_HOUR,5.0,KILOMETERS,0.2,CELSIUS,32.3,CELSIUS,24.6,CELSIUS,0.0,MILLIMETERS,5.103,MILLIMETERS,,,,2025-06-17 05:08:21.906000+07:00,0508
1149,90510,"Artsaphone Secondary School - Artsaphone, Savannakhet ມັດທະຍົມສົມບູນ ອາດສະພອນ","Artsaphone Secondary School - Artsaphone, Savannakhet ມັດທະຍົມສົມບູນ ອາດສະພອນ",16.844674,105.33638,2025-06-16T22:09:44.507897532Z,0.0,100.0,0.0,40.0,95.0,Asia/Vientiane,https://maps.gstatic.com/weather/v1/drizzle,Light rain,en,LIGHT_RAIN,26.0,CELSIUS,30.7,CELSIUS,25.9,CELSIUS,30.7,CELSIUS,26.0,CELSIUS,25.0,RAIN,0.0,MILLIMETERS,0.3632,MILLIMETERS,1008.2,195.0,SOUTH_SOUTHWEST,8.0,KILOMETERS_PER_HOUR,12.0,KILOMETERS_PER_HOUR,5.0,KILOMETERS,0.2,CELSIUS,32.3,CELSIUS,24.6,CELSIUS,0.0,MILLIMETERS,5.103,MILLIMETERS,,,,2025-06-17 05:08:21.906000+07:00,0508
1150,90512,"Phin Secondary School - Phin, Savannakhet ມັດທະຍົມ ພີນ","Phin Secondary School - Phin, Savannakhet ມັດທະຍົມ ພີນ",16.527879,106.021922,2025-06-16T22:09:45.757983615Z,0.0,93.0,0.0,0.0,100.0,Asia/Vientiane,https://maps.gstatic.com/weather/v1/cloudy,Cloudy,en,CLOUDY,23.0,CELSIUS,25.9,CELSIUS,21.7,CELSIUS,25.9,CELSIUS,23.0,CELSIUS,10.0,RAIN,0.0,MILLIMETERS,0.0,MILLIMETERS,1009.24,158.0,SOUTH_SOUTHEAST,6.0,KILOMETERS_PER_HOUR,13.0,KILOMETERS_PER_HOUR,13.0,KILOMETERS,0.2,CELSIUS,29.4,CELSIUS,22.8,CELSIUS,0.0,MILLIMETERS,1.3033000000000001,MILLIMETERS,,,,2025-06-17 05:08:21.906000+07:00,0508
1151,90513,Songkhone - Savannakhet,Songkhone - Savannakhet,16.237196,105.1965,2025-06-16T22:09:47.039736638Z,0.0,98.0,0.0,0.0,100.0,Asia/Vientiane,https://maps.gstatic.com/weather/v1/cloudy,Cloudy,en,CLOUDY,26.4,CELSIUS,31.7,CELSIUS,26.1,CELSIUS,31.7,CELSIUS,26.4,CELSIUS,10.0,RAIN,0.0,MILLIMETERS,0.0,MILLIMETERS,1008.16,203.0,SOUTH_SOUTHWEST,10.0,KILOMETERS_PER_HOUR,14.0,KILOMETERS_PER_HOUR,8.0,KILOMETERS,0.1,CELSIUS,32.6,CELSIUS,26.3,CELSIUS,0.0,MILLIMETERS,0.0302,MILLIMETERS,,,,2025-06-17 05:08:21.906000+07:00,0508
1152,90514,"Beungxang Secondary School - Xonbuly, Savannakhet ມັດທະຍົມ ບຶງຊ້າງ","Beungxang Secondary School - Xonbuly, Savannakhet ມັດທະຍົມ ບຶງຊ້າງ",16.388527,105.375363,2025-06-16T22:09:48.307022303Z,0.0,90.0,0.0,0.0,100.0,Asia/Vientiane,https://maps.gstatic.com/weather/v1/cloudy,Cloudy,en,CLOUDY,26.2,CELSIUS,30.0,CELSIUS,24.6,CELSIUS,30.0,CELSIUS,26.2,CELSIUS,10.0,RAIN,0.0,MILLIMETERS,0.1067,MILLIMETERS,1008.16,203.0,SOUTH_SOUTHWEST,11.0,KILOMETERS_PER_HOUR,21.0,KILOMETERS_PER_HOUR,16.0,KILOMETERS,-0.1,CELSIUS,32.9,CELSIUS,26.3,CELSIUS,0.0,MILLIMETERS,0.41150000000000003,MILLIMETERS,,,,2025-06-17 05:08:21.906000+07:00,0508
1153,90515,Vilabuly - Savannakhet,Vilabuly - Savannakhet,16.971649,105.944661,2025-06-16T22:09:49.596733289Z,0.0,100.0,0.0,40.0,98.0,Asia/Vientiane,https://maps.gstatic.com/weather/v1/cloudy,Cloudy,en,CLOUDY,25.0,CELSIUS,28.7,CELSIUS,25.0,CELSIUS,28.7,CELSIUS,25.0,CELSIUS,20.0,RAIN,0.0,MILLIMETERS,0.09910000000000001,MILLIMETERS,1008.67,205.0,SOUTH_SOUTHWEST,6.0,KILOMETERS_PER_HOUR,13.0,KILOMETERS_PER_HOUR,5.0,KILOMETERS,0.0,CELSIUS,31.8,CELSIUS,24.3,CELSIUS,0.0,MILLIMETERS,3.6628,MILLIMETERS,,,,2025-06-17 05:08:21.906000+07:00,0508
1154,90516,"Phoummachedy Secondary School - Xayphouthong, Savannakhet ມັດທະຍົມ ພູມມະເຈດີ","Phoummachedy Secondary School - Xayphouthong, Savannakhet ມັດທະຍົມ ພູມມະເຈດີ",16.367044,105.005653,2025-06-16T22:09:50.887047380Z,0.0,98.0,0.0,0.0,100.0,Asia/Vientiane,https://maps.gstatic.com/weather/v1/cloudy,Cloudy,en,CLOUDY,26.4,CELSIUS,31.7,CELSIUS,26.1,CELSIUS,31.7,CELSIUS,26.4,CELSIUS,10.0,RAIN,0.0,MILLIMETERS,0.0,MILLIMETERS,1008.16,203.0,SOUTH_SOUTHWEST,10.0,KILOMETERS_PER_HOUR,14.0,KILOMETERS_PER_HOUR,8.0,KILOMETERS,0.1,CELSIUS,32.6,CELSIUS,26.3,CELSIUS,0.0,MILLIMETERS,0.0302,MILLIMETERS,,,,2025-06-17 05:08:21.906000+07:00,0508
1155,90517,Phalanxay - Savannakhet,Phalanxay - Savannakhet,16.661353,105.58791,2025-06-16T22:09:52.206853596Z,0.0,100.0,0.0,40.0,98.0,Asia/Vientiane,https://maps.gstatic.com/weather/v1/cloudy,Cloudy,en,CLOUDY,25.0,CELSIUS,28.7,CELSIUS,25.0,CELSIUS,28.7,CELSIUS,25.0,CELSIUS,20.0,RAIN,0.0,MILLIMETERS,0.09910000000000001,MILLIMETERS,1008.67,205.0,SOUTH_SOUTHWEST,6.0,KILOMETERS_PER_HOUR,13.0,KILOMETERS_PER_HOUR,5.0,KILOMETERS,0.0,CELSIUS,31.8,CELSIUS,24.3,CELSIUS,0.0,MILLIMETERS,3.6628,MILLIMETERS,,,,2025-06-17 05:08:21.906000+07:00,0508
1156,90518,"Saravane Secondary School -Saravane, Saravane ມັດທະຍົມສົມບູນ ສາລະວັນ","Saravane Secondary School -Saravane, Saravane ມັດທະຍົມສົມບູນ ສາລະວັນ",15.707906,106.422189,2025-06-16T22:09:53.484233321Z,0.0,99.0,0.0,0.0,100.0,Asia/Vientiane,https://maps.gstatic.com/weather/v1/cloudy,Cloudy,en,CLOUDY,24.7,CELSIUS,28.0,CELSIUS,24.6,CELSIUS,28.0,CELSIUS,24.7,CELSIUS,10.0,RAIN,0.0,MILLIMETERS,0.0,MILLIMETERS,1009.49,158.0,SOUTH_SOUTHEAST,5.0,KILOMETERS_PER_HOUR,8.0,KILOMETERS_PER_HOUR,5.0,KILOMETERS,0.5,CELSIUS,31.7,CELSIUS,24.2,CELSIUS,0.0,MILLIMETERS,1.3183,MILLIMETERS,,,,2025-06-17 05:08:21.906000+07:00,0508
1157,90520,"Toomlarn Secondary School - Toomlarn, Saravane ມັດທະຍົມສົມບູນ ຕຸ້ມລານ","Toomlarn Secondary School - Toomlarn, Saravane ມັດທະຍົມສົມບູນ ຕຸ້ມລານ",15.994499,106.192399,2025-06-16T22:09:54.737810262Z,0.0,93.0,0.0,0.0,100.0,Asia/Vientiane,https://maps.gstatic.com/weather/v1/cloudy,Cloudy,en,CLOUDY,23.0,CELSIUS,25.9,CELSIUS,21.7,CELSIUS,25.9,CELSIUS,23.0,CELSIUS,10.0,RAIN,0.0,MILLIMETERS,0.0,MILLIMETERS,1009.24,158.0,SOUTH_SOUTHEAST,6.0,KILOMETERS_PER_HOUR,13.0,KILOMETERS_PER_HOUR,13.0,KILOMETERS,0.2,CELSIUS,29.4,CELSIUS,22.8,CELSIUS,0.0,MILLIMETERS,1.3033000000000001,MILLIMETERS,,,,2025-06-17 05:08:21.906000+07:00,0508
1158,90521,"Lakhonesy Secondary School - Lakhonepheng, Saravane ມັດທະຍົມສົມບູນ ລະຄອນສີ","Lakhonesy Secondary School - Lakhonepheng, Saravane ມັດທະຍົມສົມບູນ ລະຄອນສີ",15.891245,105.567119,2025-06-16T22:09:55.996981900Z,0.0,96.0,0.0,50.0,100.0,Asia/Vientiane,https://maps.gstatic.com/weather/v1/strong_tstorms,Light thunderstorms and rain,en,LIGHT_THUNDERSTORM_RAIN,25.1,CELSIUS,28.5,CELSIUS,24.9,CELSIUS,28.5,CELSIUS,25.1,CELSIUS,40.0,RAIN,0.0,MILLIMETERS,0.3658,MILLIMETERS,1009.17,180.0,SOUTH,6.0,KILOMETERS_PER_HOUR,14.0,KILOMETERS_PER_HOUR,8.0,KILOMETERS,-0.8,CELSIUS,32.1,CELSIUS,25.7,CELSIUS,0.0,MILLIMETERS,1.2624,MILLIMETERS,,,,2025-06-17 05:08:21.906000+07:00,0508
1159,90522,Lao Ngarm - Salavan,Lao Ngarm - Salavan,15.461092,106.16172,2025-06-16T22:09:57.272085212Z,0.0,94.0,0.0,0.0,100.0,Asia/Vientiane,https://maps.gstatic.com/weather/v1/cloudy,Cloudy,en,CLOUDY,26.8,CELSIUS,30.4,CELSIUS,26.0,CELSIUS,30.4,CELSIUS,26.8,CELSIUS,10.0,RAIN,0.0,MILLIMETERS,0.0,MILLIMETERS,1009.32,180.0,SOUTH,3.0,KILOMETERS_PER_HOUR,7.0,KILOMETERS_PER_HOUR,12.0,KILOMETERS,0.1,CELSIUS,33.2,CELSIUS,26.0,CELSIUS,0.0,MILLIMETERS,2.2122,MILLIMETERS,,,,2025-06-17 05:08:21.906000+07:00,0508
1160,90524,Khongxedone - Salavan,Khongxedone - Salavan,15.59088,105.804115,2025-06-16T22:09:58.526508472Z,0.0,96.0,0.0,50.0,100.0,Asia/Vientiane,https://maps.gstatic.com/weather/v1/strong_tstorms,Light thunderstorms and rain,en,LIGHT_THUNDERSTORM_RAIN,25.1,CELSIUS,28.5,CELSIUS,24.9,CELSIUS,28.5,CELSIUS,25.1,CELSIUS,40.0,RAIN,0.0,MILLIMETERS,0.3658,MILLIMETERS,1009.17,180.0,SOUTH,6.0,KILOMETERS_PER_HOUR,14.0,KILOMETERS_PER_HOUR,8.0,KILOMETERS,-0.8,CELSIUS,32.1,CELSIUS,25.7,CELSIUS,0.0,MILLIMETERS,1.2624,MILLIMETERS,,,,2025-06-17 05:08:21.906000+07:00,0508
1161,90526,Lamarm - Sekong ,Lamarm - Sekong ,15.352494,106.722444,2025-06-16T22:09:59.790827408Z,0.0,99.0,0.0,32.0,100.0,Asia/Vientiane,https://maps.gstatic.com/weather/v1/drizzle,Light rain,en,LIGHT_RAIN,23.9,CELSIUS,26.7,CELSIUS,23.7,CELSIUS,26.7,CELSIUS,23.9,CELSIUS,27.0,RAIN,0.0,MILLIMETERS,0.09910000000000001,MILLIMETERS,1010.0,113.0,EAST_SOUTHEAST,3.0,KILOMETERS_PER_HOUR,6.0,KILOMETERS_PER_HOUR,6.0,KILOMETERS,0.1,CELSIUS,31.5,CELSIUS,23.8,CELSIUS,0.0,MILLIMETERS,2.6339,MILLIMETERS,,,,2025-06-17 05:08:21.906000+07:00,0508
1162,90527,"Kaleum Secondary School - Kaleum, Sekong ມັດທະຍົມ ກະລຶມ","Kaleum Secondary School - Kaleum, Sekong ມັດທະຍົມ ກະລຶມ",15.784384,106.906754,2025-06-16T22:10:01.075731026Z,0.0,95.0,0.0,50.0,100.0,Asia/Vientiane,https://maps.gstatic.com/weather/v1/cloudy,Cloudy,en,CLOUDY,21.5,CELSIUS,24.3,CELSIUS,21.1,CELSIUS,24.3,CELSIUS,21.5,CELSIUS,21.0,RAIN,0.0,MILLIMETERS,0.040600000000000004,MILLIMETERS,1011.62,90.0,EAST,3.0,KILOMETERS_PER_HOUR,6.0,KILOMETERS_PER_HOUR,9.0,KILOMETERS,0.0,CELSIUS,28.1,CELSIUS,21.2,CELSIUS,0.0,MILLIMETERS,2.0344,MILLIMETERS,,,,2025-06-17 05:08:21.906000+07:00,0508
1163,90528,"Dakcheung Secondary School - Dakcheung, Sekongມັດທະຍົມສົມບູນ ດາກຈຶງ","Dakcheung Secondary School - Dakcheung, Sekongມັດທະຍົມສົມບູນ ດາກຈຶງ",15.467532,107.271451,,,,,,,,,,,,,,,,,,,,,,,,,,,,,,,,,,,,,,,,,,,,,,,404.0,Information is not supported for this location. Please try a different location.,NOT_FOUND,2025-06-17 05:08:21.906000+07:00,0508
1164,90529,Thateng -Sekong,Thateng -Sekong,15.434018,106.382399,2025-06-16T22:10:03.640992028Z,0.0,99.0,0.0,0.0,100.0,Asia/Vientiane,https://maps.gstatic.com/weather/v1/cloudy,Cloudy,en,CLOUDY,28.6,CELSIUS,31.9,CELSIUS,28.5,CELSIUS,31.9,CELSIUS,28.6,CELSIUS,10.0,RAIN,0.0,MILLIMETERS,0.0,MILLIMETERS,1009.49,158.0,SOUTH_SOUTHEAST,5.0,KILOMETERS_PER_HOUR,8.0,KILOMETERS_PER_HOUR,5.0,KILOMETERS,0.5,CELSIUS,35.6,CELSIUS,28.1,CELSIUS,0.0,MILLIMETERS,1.3183,MILLIMETERS,,,,2025-06-17 05:08:21.906000+07:00,0508
1165,90530,Pakse - Champasack,Pakse - Champasack,15.12006,105.80211,2025-06-16T22:10:04.904445599Z,0.0,99.0,0.0,40.0,100.0,Asia/Vientiane,https://maps.gstatic.com/weather/v1/cloudy,Cloudy,en,CLOUDY,26.6,CELSIUS,32.3,CELSIUS,26.5,CELSIUS,32.3,CELSIUS,26.6,CELSIUS,21.0,RAIN,0.0,MILLIMETERS,0.0,MILLIMETERS,1009.18,158.0,SOUTH_SOUTHEAST,5.0,KILOMETERS_PER_HOUR,10.0,KILOMETERS_PER_HOUR,5.0,KILOMETERS,0.5,CELSIUS,32.9,CELSIUS,25.6,CELSIUS,0.0,MILLIMETERS,1.3464,MILLIMETERS,,,,2025-06-17 05:08:21.906000+07:00,0508
1171,91254,"Chomphet Secondary School - Sisattanak, Vientiane Capital ມັດທະຍົມສົມບູນ ຈອມເພັດ","Chomphet Secondary School - Sisattanak, Vientiane Capital ມັດທະຍົມສົມບູນ ຈອມເພັດ",17.910254,102.622708,2025-06-16T22:10:06.161865629Z,0.0,82.0,0.0,30.0,84.0,Asia/Vientiane,https://maps.gstatic.com/weather/v1/mostly_cloudy_night,Mostly cloudy,en,MOSTLY_CLOUDY,25.8,CELSIUS,28.4,CELSIUS,22.4,CELSIUS,28.4,CELSIUS,25.8,CELSIUS,20.0,RAIN,0.0,MILLIMETERS,0.0,MILLIMETERS,1007.65,25.0,NORTH_NORTHEAST,3.0,KILOMETERS_PER_HOUR,5.0,KILOMETERS_PER_HOUR,16.0,KILOMETERS,0.0,CELSIUS,32.7,CELSIUS,24.9,CELSIUS,0.0,MILLIMETERS,7.9478,MILLIMETERS,,,,2025-06-17 05:08:21.906000+07:00,0508
1225,152182,"ParkOu Secondary School - ParkOu, Luangprabang ມັດທະຍົມສົມບູນ ປາກອູ","ParkOu Secondary School - ParkOu, Luangprabang ມັດທະຍົມສົມບູນ ປາກອູ",20.087592,102.256569,2025-06-16T22:10:07.412828388Z,0.0,84.0,0.0,20.0,100.0,Asia/Vientiane,https://maps.gstatic.com/weather/v1/cloudy,Cloudy,en,CLOUDY,24.1,CELSIUS,26.2,CELSIUS,21.3,CELSIUS,26.2,CELSIUS,24.1,CELSIUS,21.0,RAIN,0.0,MILLIMETERS,0.0,MILLIMETERS,1007.94,225.0,SOUTHWEST,2.0,KILOMETERS_PER_HOUR,4.0,KILOMETERS_PER_HOUR,16.0,KILOMETERS,-0.8,CELSIUS,30.7,CELSIUS,24.5,CELSIUS,0.0,MILLIMETERS,12.3902,MILLIMETERS,,,,2025-06-17 05:08:21.906000+07:00,0508
1226,152240,"Phoukhoune Secondary School - Phoukhoune, Luangprabang ມັດທະຍົມ ພູຄູນ","Phoukhoune Secondary School - Phoukhoune, Luangprabang ມັດທະຍົມ ພູຄູນ",19.438824,102.428042,2025-06-16T22:10:08.703464569Z,0.0,93.0,0.0,18.0,100.0,Asia/Vientiane,https://maps.gstatic.com/weather/v1/cloudy,Cloudy,en,CLOUDY,20.6,CELSIUS,25.5,CELSIUS,19.5,CELSIUS,25.5,CELSIUS,20.6,CELSIUS,25.0,RAIN,0.0,MILLIMETERS,0.0,MILLIMETERS,1009.89,180.0,SOUTH,5.0,KILOMETERS_PER_HOUR,13.0,KILOMETERS_PER_HOUR,13.0,KILOMETERS,-0.8,CELSIUS,25.9,CELSIUS,20.9,CELSIUS,0.0,MILLIMETERS,8.9131,MILLIMETERS,,,,2025-06-17 05:08:21.906000+07:00,0508
1231,152548,"Longsane Secondary School - Longsane , Xaysomboun ມັດທະຍົມສົມບຸນ ລ້ອງຊານ","Longsane Secondary School - Longsane , Xaysomboun ມັດທະຍົມສົມບຸນ ລ້ອງຊານ",18.550145,103.003076,2025-06-16T22:10:09.977189124Z,0.0,83.0,0.0,0.0,91.0,Asia/Vientiane,https://maps.gstatic.com/weather/v1/cloudy,Cloudy,en,CLOUDY,19.2,CELSIUS,21.2,CELSIUS,16.0,CELSIUS,21.2,CELSIUS,19.2,CELSIUS,10.0,RAIN,0.0,MILLIMETERS,0.0,MILLIMETERS,1008.6,0.0,NORTH,2.0,KILOMETERS_PER_HOUR,2.0,KILOMETERS_PER_HOUR,16.0,KILOMETERS,-0.4,CELSIUS,24.0,CELSIUS,17.9,CELSIUS,0.0,MILLIMETERS,9.1063,MILLIMETERS,,,,2025-06-17 05:08:21.906000+07:00,0508
1237,153035,Sanxay - Attapeu,Sanxay - Attapeu,14.925784,107.052837,2025-06-16T22:10:11.228106320Z,0.0,100.0,0.0,50.0,100.0,Asia/Vientiane,https://maps.gstatic.com/weather/v1/strong_tstorms,Light thunderstorms and rain,en,LIGHT_THUNDERSTORM_RAIN,18.2,CELSIUS,20.8,CELSIUS,18.2,CELSIUS,20.8,CELSIUS,18.2,CELSIUS,44.0,RAIN,0.0,MILLIMETERS,1.4199,MILLIMETERS,1011.94,90.0,EAST,5.0,KILOMETERS_PER_HOUR,11.0,KILOMETERS_PER_HOUR,5.0,KILOMETERS,-0.1,CELSIUS,25.6,CELSIUS,18.3,CELSIUS,0.0,MILLIMETERS,6.7668,MILLIMETERS,,,,2025-06-17 05:08:21.906000+07:00,0508
1248,153777,"Dorntalath Secondary School - Champasack, Champasack ມັດທະຍົມ ດອນຕະລາດ","Dorntalath Secondary School - Champasack, Champasack ມັດທະຍົມ ດອນຕະລາດ",14.784126,105.819789,2025-06-16T22:10:12.527149382Z,0.0,100.0,0.0,40.0,100.0,Asia/Vientiane,https://maps.gstatic.com/weather/v1/cloudy,Cloudy,en,CLOUDY,26.1,CELSIUS,31.2,CELSIUS,26.1,CELSIUS,31.2,CELSIUS,26.1,CELSIUS,25.0,RAIN,0.0,MILLIMETERS,0.0051,MILLIMETERS,1010.0,90.0,EAST,3.0,KILOMETERS_PER_HOUR,5.0,KILOMETERS_PER_HOUR,5.0,KILOMETERS,0.7000000000000001,CELSIUS,32.8,CELSIUS,25.2,CELSIUS,0.0,MILLIMETERS,3.1142,MILLIMETERS,,,,2025-06-17 05:08:21.906000+07:00,0508
1249,153790,Khong - Champasack,Khong - Champasack,14.048226,105.896012,2025-06-16T22:10:13.829111021Z,0.0,100.0,0.0,50.0,100.0,Asia/Vientiane,https://maps.gstatic.com/weather/v1/strong_tstorms,Light thunderstorms and rain,en,LIGHT_THUNDERSTORM_RAIN,26.6,CELSIUS,32.2,CELSIUS,26.6,CELSIUS,32.2,CELSIUS,26.6,CELSIUS,48.0,RAIN,0.0,MILLIMETERS,0.5055000000000001,MILLIMETERS,1010.0,135.0,SOUTHEAST,8.0,KILOMETERS_PER_HOUR,14.0,KILOMETERS_PER_HOUR,5.0,KILOMETERS,0.7000000000000001,CELSIUS,33.8,CELSIUS,25.6,CELSIUS,0.0,MILLIMETERS,5.5297,MILLIMETERS,,,,2025-06-17 05:08:21.906000+07:00,0508
1250,153866,Samakkhixay - Attapeu,Samakkhixay - Attapeu,14.812678,106.829211,2025-06-16T22:10:15.122079314Z,0.0,99.0,0.0,33.0,100.0,Asia/Vientiane,https://maps.gstatic.com/weather/v1/drizzle,Light rain,en,LIGHT_RAIN,24.2,CELSIUS,27.2,CELSIUS,24.0,CELSIUS,27.2,CELSIUS,24.2,CELSIUS,31.0,RAIN,0.0,MILLIMETERS,1.2116,MILLIMETERS,1010.2,180.0,SOUTH,3.0,KILOMETERS_PER_HOUR,6.0,KILOMETERS_PER_HOUR,6.0,KILOMETERS,-0.6000000000000001,CELSIUS,32.6,CELSIUS,24.2,CELSIUS,0.0,MILLIMETERS,6.5279,MILLIMETERS,,,,2025-06-17 05:08:21.906000+07:00,0508
1254,153913,Xaysetha - Attapeu,Xaysetha - Attapeu,14.816824,106.930954,2025-06-16T22:10:16.395836723Z,0.0,99.0,0.0,33.0,100.0,Asia/Vientiane,https://maps.gstatic.com/weather/v1/drizzle,Light rain,en,LIGHT_RAIN,24.2,CELSIUS,27.2,CELSIUS,24.0,CELSIUS,27.2,CELSIUS,24.2,CELSIUS,31.0,RAIN,0.0,MILLIMETERS,1.2116,MILLIMETERS,1010.2,180.0,SOUTH,3.0,KILOMETERS_PER_HOUR,6.0,KILOMETERS_PER_HOUR,6.0,KILOMETERS,-0.6000000000000001,CELSIUS,32.6,CELSIUS,24.2,CELSIUS,0.0,MILLIMETERS,6.5279,MILLIMETERS,,,,2025-06-17 05:08:21.906000+07:00,0508
1299,156307,UNICEF Lao PDR CO,UNICEF Lao PDR CO,17.9376508179,102.617231896,2025-06-16T22:10:17.690449685Z,0.0,82.0,0.0,30.0,84.0,Asia/Vientiane,https://maps.gstatic.com/weather/v1/mostly_cloudy_night,Mostly cloudy,en,MOSTLY_CLOUDY,25.8,CELSIUS,28.4,CELSIUS,22.4,CELSIUS,28.4,CELSIUS,25.8,CELSIUS,20.0,RAIN,0.0,MILLIMETERS,0.0,MILLIMETERS,1007.65,25.0,NORTH_NORTHEAST,3.0,KILOMETERS_PER_HOUR,5.0,KILOMETERS_PER_HOUR,16.0,KILOMETERS,0.0,CELSIUS,32.7,CELSIUS,24.9,CELSIUS,0.0,MILLIMETERS,7.9478,MILLIMETERS,,,,2025-06-17 05:08:21.906000+07:00,0508
1086,90402,"Sathit Secondary School - Xaythani, Vientiane Capital ມັດທະຍົມ ສາທິດ","Sathit Secondary School - Xaythani, Vientiane Capital ມັດທະຍົມ ສາທິດ",18.035248,102.63994,2025-06-16T23:00:11.449973979Z,1.0,90.0,0.0,30.0,95.0,Asia/Vientiane,https://maps.gstatic.com/weather/v1/cloudy,Cloudy,en,CLOUDY,25.7,CELSIUS,29.1,CELSIUS,24.0,CELSIUS,29.1,CELSIUS,25.7,CELSIUS,20.0,RAIN,0.0,MILLIMETERS,0.0,MILLIMETERS,1007.9,45.0,NORTHEAST,3.0,KILOMETERS_PER_HOUR,5.0,KILOMETERS_PER_HOUR,16.0,KILOMETERS,-0.1,CELSIUS,32.7,CELSIUS,24.9,CELSIUS,0.0,MILLIMETERS,7.0969,MILLIMETERS,,,,2025-06-17 06:00:07.253000+07:00,0600
1087,90410,"Naxaithong Secondary School - Naxaithong, Vientiane Capital ມັດທະຍົມ ນາຊາຍທອງ","Naxaithong Secondary School - Naxaithong, Vientiane Capital ມັດທະຍົມ ນາຊາຍທອງ",18.068595,102.535866,2025-06-16T23:00:12.744501026Z,1.0,89.0,0.0,30.0,95.0,Asia/Vientiane,https://maps.gstatic.com/weather/v1/cloudy,Cloudy,en,CLOUDY,25.9,CELSIUS,29.2,CELSIUS,23.8,CELSIUS,29.2,CELSIUS,25.9,CELSIUS,20.0,RAIN,0.0,MILLIMETERS,0.0,MILLIMETERS,1007.9,45.0,NORTHEAST,2.0,KILOMETERS_PER_HOUR,3.0,KILOMETERS_PER_HOUR,16.0,KILOMETERS,0.0,CELSIUS,32.9,CELSIUS,25.0,CELSIUS,0.0,MILLIMETERS,6.3224,MILLIMETERS,,,,2025-06-17 06:00:07.253000+07:00,0600
1088,90411,d83bda1bc98c Phongsaly - Phongsaly,d83bda1bc98c Phongsaly - Phongsaly,21.695,102.085,2025-06-16T23:00:14.007573217Z,1.0,100.0,0.0,10.0,100.0,Asia/Vientiane,https://maps.gstatic.com/weather/v1/drizzle,Light rain,en,LIGHT_RAIN,20.4,CELSIUS,24.0,CELSIUS,20.4,CELSIUS,24.0,CELSIUS,20.4,CELSIUS,45.0,RAIN,0.0,MILLIMETERS,2.3393,MILLIMETERS,1008.83,90.0,EAST,2.0,KILOMETERS_PER_HOUR,3.0,KILOMETERS_PER_HOUR,5.0,KILOMETERS,-1.5,CELSIUS,28.5,CELSIUS,20.5,CELSIUS,0.0,MILLIMETERS,13.8835,MILLIMETERS,,,,2025-06-17 06:00:07.253000+07:00,0600
1089,90412,May - Phongsaly,May - Phongsaly,21.172583,102.722705,2025-06-16T23:00:15.404432984Z,1.0,94.0,0.0,10.0,100.0,Asia/Vientiane,https://maps.gstatic.com/weather/v1/drizzle,Light rain,en,LIGHT_RAIN,19.9,CELSIUS,22.9,CELSIUS,18.9,CELSIUS,22.9,CELSIUS,19.9,CELSIUS,45.0,RAIN,0.0,MILLIMETERS,1.0871,MILLIMETERS,1009.53,205.0,SOUTH_SOUTHWEST,3.0,KILOMETERS_PER_HOUR,8.0,KILOMETERS_PER_HOUR,11.0,KILOMETERS,-1.5,CELSIUS,25.9,CELSIUS,19.5,CELSIUS,0.0,MILLIMETERS,14.8438,MILLIMETERS,,,,2025-06-17 06:00:07.253000+07:00,0600
1090,90413,"Natoon Secondary School - Khua, Phongsaly ມັດທະຍົມສົມບູນ ນາຕູ່ນ","Natoon Secondary School - Khua, Phongsaly ມັດທະຍົມສົມບູນ ນາຕູ່ນ",21.078865,102.505833,2025-06-16T23:00:16.751712312Z,1.0,94.0,0.0,20.0,100.0,Asia/Vientiane,https://maps.gstatic.com/weather/v1/cloudy,Cloudy,en,CLOUDY,19.7,CELSIUS,22.4,CELSIUS,18.8,CELSIUS,22.4,CELSIUS,19.7,CELSIUS,25.0,RAIN,0.0,MILLIMETERS,0.09910000000000001,MILLIMETERS,1009.0,180.0,SOUTH,2.0,KILOMETERS_PER_HOUR,3.0,KILOMETERS_PER_HOUR,11.0,KILOMETERS,-0.8,CELSIUS,26.4,CELSIUS,19.8,CELSIUS,0.0,MILLIMETERS,8.1105,MILLIMETERS,,,,2025-06-17 06:00:07.253000+07:00,0600
1091,90414,"Naxay Secondary School - Samphanh, Phongsaly ມັດທະຍົມສົມບູນ ນາໄຊ","Naxay Secondary School - Samphanh, Phongsaly ມັດທະຍົມສົມບູນ ນາໄຊ",21.346014,102.349329,2025-06-16T23:00:18.186304116Z,1.0,100.0,0.0,10.0,100.0,Asia/Vientiane,https://maps.gstatic.com/weather/v1/drizzle,Light rain,en,LIGHT_RAIN,10.7,CELSIUS,10.7,CELSIUS,10.7,CELSIUS,10.7,CELSIUS,10.7,CELSIUS,25.0,RAIN,0.0,MILLIMETERS,0.7544000000000001,MILLIMETERS,1009.4,225.0,SOUTHWEST,5.0,KILOMETERS_PER_HOUR,11.0,KILOMETERS_PER_HOUR,5.0,KILOMETERS,-1.6,CELSIUS,17.1,CELSIUS,10.8,CELSIUS,0.0,MILLIMETERS,12.5505,MILLIMETERS,,,,2025-06-17 06:00:07.253000+07:00,0600
1092,90419,"Long Secondary School - Long, LuangNamtha ມັດທະຍົມສົມບູນ ເມືອງລອງ","Long Secondary School - Long, LuangNamtha ມັດທະຍົມສົມບູນ ເມືອງລອງ",20.962029,100.82109,2025-06-16T23:00:19.481312027Z,1.0,95.0,0.0,20.0,100.0,Asia/Vientiane,https://maps.gstatic.com/weather/v1/drizzle,Light rain,en,LIGHT_RAIN,22.7,CELSIUS,25.1,CELSIUS,21.8,CELSIUS,25.1,CELSIUS,22.7,CELSIUS,35.0,RAIN,0.0,MILLIMETERS,0.2667,MILLIMETERS,1010.0,203.0,SOUTH_SOUTHWEST,5.0,KILOMETERS_PER_HOUR,8.0,KILOMETERS_PER_HOUR,11.0,KILOMETERS,-0.2,CELSIUS,27.3,CELSIUS,22.3,CELSIUS,0.0,MILLIMETERS,7.9325,MILLIMETERS,,,,2025-06-17 06:00:07.253000+07:00,0600
1093,90421,"Sing Secondary School - Sing, LuangNamtha ມັດທະຍົມສົມບູນ ເມືອງສິງ","Sing Secondary School - Sing, LuangNamtha ມັດທະຍົມສົມບູນ ເມືອງສິງ",21.190223,101.144937,2025-06-16T23:00:20.856326592Z,1.0,95.0,0.0,20.0,100.0,Asia/Vientiane,https://maps.gstatic.com/weather/v1/drizzle,Light rain,en,LIGHT_RAIN,22.7,CELSIUS,25.1,CELSIUS,21.8,CELSIUS,25.1,CELSIUS,22.7,CELSIUS,35.0,RAIN,0.0,MILLIMETERS,0.2667,MILLIMETERS,1010.0,203.0,SOUTH_SOUTHWEST,5.0,KILOMETERS_PER_HOUR,8.0,KILOMETERS_PER_HOUR,11.0,KILOMETERS,-0.2,CELSIUS,27.3,CELSIUS,22.3,CELSIUS,0.0,MILLIMETERS,7.9325,MILLIMETERS,,,,2025-06-17 06:00:07.253000+07:00,0600
1094,90424,"La Secondary School - La, Oudomxai ມັດທະຍົມສົມບູນ ເມືອງຫລາ","La Secondary School - La, Oudomxai ມັດທະຍົມສົມບູນ ເມືອງຫລາ",20.870865,102.110246,2025-06-16T23:00:22.204618212Z,1.0,94.0,0.0,20.0,100.0,Asia/Vientiane,https://maps.gstatic.com/weather/v1/cloudy,Cloudy,en,CLOUDY,20.3,CELSIUS,23.0,CELSIUS,19.5,CELSIUS,23.0,CELSIUS,20.3,CELSIUS,25.0,RAIN,0.0,MILLIMETERS,0.09910000000000001,MILLIMETERS,1009.0,180.0,SOUTH,2.0,KILOMETERS_PER_HOUR,3.0,KILOMETERS_PER_HOUR,11.0,KILOMETERS,-0.9,CELSIUS,27.1,CELSIUS,20.5,CELSIUS,0.0,MILLIMETERS,8.1105,MILLIMETERS,,,,2025-06-17 06:00:07.253000+07:00,0600
1095,90425,"Namor Secondary School - Namor, Oudomxay ມັດທະຍົມ ເມືອງນາໝໍ້","Namor Secondary School - Namor, Oudomxay ມັດທະຍົມ ເມືອງນາໝໍ້",20.914061,101.764456,2025-06-16T23:00:23.559904355Z,1.0,95.0,0.0,20.0,100.0,Asia/Vientiane,https://maps.gstatic.com/weather/v1/drizzle,Light rain,en,LIGHT_RAIN,21.6,CELSIUS,24.0,CELSIUS,20.6,CELSIUS,24.0,CELSIUS,21.6,CELSIUS,35.0,RAIN,0.0,MILLIMETERS,0.3073,MILLIMETERS,1009.68,225.0,SOUTHWEST,6.0,KILOMETERS_PER_HOUR,10.0,KILOMETERS_PER_HOUR,11.0,KILOMETERS,0.30000000000000004,CELSIUS,27.8,CELSIUS,21.2,CELSIUS,0.0,MILLIMETERS,5.875,MILLIMETERS,,,,2025-06-17 06:00:07.253000+07:00,0600
1096,90427,Beng - Oudomxai,Beng - Oudomxai,20.296295,101.639666,2025-06-16T23:00:24.888143888Z,1.0,90.0,0.0,0.0,100.0,Asia/Vientiane,https://maps.gstatic.com/weather/v1/cloudy,Cloudy,en,CLOUDY,23.1,CELSIUS,25.4,CELSIUS,21.6,CELSIUS,25.4,CELSIUS,23.1,CELSIUS,10.0,RAIN,0.0,MILLIMETERS,0.0051,MILLIMETERS,1009.54,203.0,SOUTH_SOUTHWEST,6.0,KILOMETERS_PER_HOUR,11.0,KILOMETERS_PER_HOUR,14.0,KILOMETERS,0.0,CELSIUS,29.2,CELSIUS,22.9,CELSIUS,0.0,MILLIMETERS,9.1948,MILLIMETERS,,,,2025-06-17 06:00:07.253000+07:00,0600
1097,90428,"Hoon Secondary School - Hoon, Oudomxay ມັດທະຍົມ ເມືອງຮຸນ","Hoon Secondary School - Hoon, Oudomxay ມັດທະຍົມ ເມືອງຮຸນ",20.146431,101.467765,2025-06-16T23:00:26.373490826Z,1.0,90.0,0.0,0.0,100.0,Asia/Vientiane,https://maps.gstatic.com/weather/v1/cloudy,Cloudy,en,CLOUDY,23.1,CELSIUS,25.4,CELSIUS,21.6,CELSIUS,25.4,CELSIUS,23.1,CELSIUS,10.0,RAIN,0.0,MILLIMETERS,0.0051,MILLIMETERS,1009.54,203.0,SOUTH_SOUTHWEST,6.0,KILOMETERS_PER_HOUR,11.0,KILOMETERS_PER_HOUR,14.0,KILOMETERS,0.0,CELSIUS,29.2,CELSIUS,22.9,CELSIUS,0.0,MILLIMETERS,9.1948,MILLIMETERS,,,,2025-06-17 06:00:07.253000+07:00,0600
1098,90430,"Nampook Secondary School - Huoixai, Bokeo ມັດທະຍົມສົມບູນ ນ້ຳປຸກ","Nampook Secondary School - Huoixai, Bokeo ມັດທະຍົມສົມບູນ ນ້ຳປຸກ",20.217811,100.565439,2025-06-16T23:00:27.660931143Z,1.0,95.0,0.0,20.0,100.0,Asia/Vientiane,https://maps.gstatic.com/weather/v1/drizzle,Light rain,en,LIGHT_RAIN,24.3,CELSIUS,27.1,CELSIUS,23.7,CELSIUS,27.1,CELSIUS,24.3,CELSIUS,40.0,RAIN,0.0,MILLIMETERS,0.889,MILLIMETERS,1008.01,270.0,WEST,2.0,KILOMETERS_PER_HOUR,3.0,KILOMETERS_PER_HOUR,8.0,KILOMETERS,-0.6000000000000001,CELSIUS,30.6,CELSIUS,24.2,CELSIUS,0.0,MILLIMETERS,25.0697,MILLIMETERS,,,,2025-06-17 06:00:07.253000+07:00,0600
1099,90432,Meung - Bokeo,Meung - Bokeo,20.565749,100.592003,2025-06-16T23:00:28.916593297Z,1.0,95.0,0.0,20.0,100.0,Asia/Vientiane,https://maps.gstatic.com/weather/v1/drizzle,Light rain,en,LIGHT_RAIN,20.7,CELSIUS,23.1,CELSIUS,20.1,CELSIUS,23.1,CELSIUS,20.7,CELSIUS,65.0,RAIN,0.0,MILLIMETERS,1.2598,MILLIMETERS,1009.0,203.0,SOUTH_SOUTHWEST,3.0,KILOMETERS_PER_HOUR,8.0,KILOMETERS_PER_HOUR,10.0,KILOMETERS,-0.30000000000000004,CELSIUS,26.5,CELSIUS,20.4,CELSIUS,0.0,MILLIMETERS,9.5783,MILLIMETERS,,,,2025-06-17 06:00:07.253000+07:00,0600
1100,90433,Pha Oudom - Bokeo,Pha Oudom - Bokeo,20.086216,100.831707,2025-06-16T23:00:30.178188201Z,1.0,95.0,0.0,20.0,100.0,Asia/Vientiane,https://maps.gstatic.com/weather/v1/drizzle,Light rain,en,LIGHT_RAIN,18.9,CELSIUS,21.3,CELSIUS,18.4,CELSIUS,21.3,CELSIUS,18.9,CELSIUS,45.0,RAIN,0.0,MILLIMETERS,0.8738,MILLIMETERS,1009.21,203.0,SOUTH_SOUTHWEST,3.0,KILOMETERS_PER_HOUR,6.0,KILOMETERS_PER_HOUR,8.0,KILOMETERS,-0.5,CELSIUS,24.9,CELSIUS,18.8,CELSIUS,0.0,MILLIMETERS,10.5336,MILLIMETERS,,,,2025-06-17 06:00:07.253000+07:00,0600
1101,90435,"Santiphab Secondary School - Luangprabang, Luangprabang ມັດທະຍົມ ສັນຕິພາບ","Santiphab Secondary School - Luangprabang, Luangprabang ມັດທະຍົມ ສັນຕິພາບ",19.880332,102.139832,2025-06-16T23:00:31.432912722Z,1.0,79.0,0.0,20.0,100.0,Asia/Vientiane,https://maps.gstatic.com/weather/v1/cloudy,Cloudy,en,CLOUDY,24.4,CELSIUS,26.3,CELSIUS,20.5,CELSIUS,26.3,CELSIUS,24.4,CELSIUS,25.0,RAIN,0.0,MILLIMETERS,0.09910000000000001,MILLIMETERS,1008.13,205.0,SOUTH_SOUTHWEST,2.0,KILOMETERS_PER_HOUR,8.0,KILOMETERS_PER_HOUR,16.0,KILOMETERS,-1.0,CELSIUS,30.8,CELSIUS,24.2,CELSIUS,0.0,MILLIMETERS,12.7661,MILLIMETERS,,,,2025-06-17 06:00:07.253000+07:00,0600
1102,90437,"PakXeng Secondary School - PakXeng, Luangprabang ມັດທະຍົມສົມບູນ ປາກແຊງ","PakXeng Secondary School - PakXeng, Luangprabang ມັດທະຍົມສົມບູນ ປາກແຊງ",20.174492,102.675657,2025-06-16T23:00:32.674896519Z,1.0,98.0,0.0,10.0,100.0,Asia/Vientiane,https://maps.gstatic.com/weather/v1/drizzle,Light rain,en,LIGHT_RAIN,17.8,CELSIUS,20.9,CELSIUS,17.6,CELSIUS,20.9,CELSIUS,17.8,CELSIUS,40.0,RAIN,0.0,MILLIMETERS,0.6477,MILLIMETERS,1009.09,155.0,SOUTH_SOUTHEAST,3.0,KILOMETERS_PER_HOUR,8.0,KILOMETERS_PER_HOUR,6.0,KILOMETERS,-1.3,CELSIUS,21.8,CELSIUS,18.0,CELSIUS,0.0,MILLIMETERS,15.3952,MILLIMETERS,,,,2025-06-17 06:00:07.253000+07:00,0600
1103,90438,"Phonxay Secpondary School - Phonxay, Luangprabang ມັດທະຍົມສົມບູນ ເມືອງໂພນໄຊ","Phonxay Secpondary School - Phonxay, Luangprabang ມັດທະຍົມສົມບູນ ເມືອງໂພນໄຊ",19.958916,102.572347,,,,,,,,,,,,,,,,,,,,,,,,,,,,,,,,,,,,,,,,,,,,,,,404.0,Information is not supported for this location. Please try a different location.,NOT_FOUND,2025-06-17 06:00:07.253000+07:00,0600
1104,90440,"Vangxieng Secondary School - Phonthong, Luangprabang ມັດທະຍົມ ວັງຊຽງ","Vangxieng Secondary School - Phonthong, Luangprabang ມັດທະຍົມ ວັງຊຽງ",20.737745,103.073231,2025-06-16T23:00:35.223813994Z,1.0,94.0,0.0,10.0,100.0,Asia/Vientiane,https://maps.gstatic.com/weather/v1/drizzle,Light rain,en,LIGHT_RAIN,20.6,CELSIUS,23.5,CELSIUS,19.5,CELSIUS,23.5,CELSIUS,20.6,CELSIUS,45.0,RAIN,0.0,MILLIMETERS,1.0871,MILLIMETERS,1009.53,205.0,SOUTH_SOUTHWEST,3.0,KILOMETERS_PER_HOUR,8.0,KILOMETERS_PER_HOUR,11.0,KILOMETERS,-1.4,CELSIUS,26.6,CELSIUS,20.2,CELSIUS,0.0,MILLIMETERS,14.8438,MILLIMETERS,,,,2025-06-17 06:00:07.253000+07:00,0600
1105,90441,"Kiwkachum Secondary School - XiengNgeun, Luangprabang ມັດທະຍົມ ກິ່ວກະຈຳ","Kiwkachum Secondary School - XiengNgeun, Luangprabang ມັດທະຍົມ ກິ່ວກະຈຳ",19.555,102.234,2025-06-16T23:00:36.493536387Z,1.0,100.0,0.0,10.0,100.0,Asia/Vientiane,https://maps.gstatic.com/weather/v1/cloudy,Cloudy,en,CLOUDY,20.6,CELSIUS,25.4,CELSIUS,20.6,CELSIUS,25.4,CELSIUS,20.6,CELSIUS,25.0,RAIN,0.0,MILLIMETERS,0.09910000000000001,MILLIMETERS,1010.14,180.0,SOUTH,5.0,KILOMETERS_PER_HOUR,14.0,KILOMETERS_PER_HOUR,5.0,KILOMETERS,-1.3,CELSIUS,25.9,CELSIUS,20.6,CELSIUS,0.0,MILLIMETERS,9.0122,MILLIMETERS,,,,2025-06-17 06:00:07.253000+07:00,0600
1106,90442,"Nan Secondary School - Nan, Luangprabang ມັດທະຍົມ ເມືອງນານ","Nan Secondary School - Nan, Luangprabang ມັດທະຍົມ ເມືອງນານ",19.498539,101.883867,2025-06-16T23:00:37.764073165Z,1.0,95.0,0.0,0.0,100.0,Asia/Vientiane,https://maps.gstatic.com/weather/v1/cloudy,Cloudy,en,CLOUDY,19.2,CELSIUS,21.6,CELSIUS,18.5,CELSIUS,21.6,CELSIUS,19.2,CELSIUS,10.0,RAIN,0.0,MILLIMETERS,0.0229,MILLIMETERS,1009.42,225.0,SOUTHWEST,3.0,KILOMETERS_PER_HOUR,5.0,KILOMETERS_PER_HOUR,10.0,KILOMETERS,-0.1,CELSIUS,24.5,CELSIUS,19.1,CELSIUS,0.0,MILLIMETERS,17.6582,MILLIMETERS,,,,2025-06-17 06:00:07.253000+07:00,0600
1107,90447,Xamneua - Houaphan,Xamneua - Houaphan,20.413807,104.050733,2025-06-16T23:00:39.050992161Z,1.0,97.0,0.0,0.0,100.0,Asia/Vientiane,https://maps.gstatic.com/weather/v1/cloudy,Cloudy,en,CLOUDY,20.6,CELSIUS,24.0,CELSIUS,20.3,CELSIUS,24.0,CELSIUS,20.6,CELSIUS,10.0,RAIN,0.0,MILLIMETERS,0.0,MILLIMETERS,1008.44,235.0,SOUTHWEST,6.0,KILOMETERS_PER_HOUR,15.0,KILOMETERS_PER_HOUR,8.0,KILOMETERS,-0.5,CELSIUS,25.4,CELSIUS,20.3,CELSIUS,0.0,MILLIMETERS,9.2026,MILLIMETERS,,,,2025-06-17 06:00:07.253000+07:00,0600
1108,90449,"BouamNgam Secondary School - Huameuang, Houaphan  ມັດທະຍົມ ບວມງາມ","BouamNgam Secondary School - Huameuang, Houaphan  ມັດທະຍົມ ບວມງາມ",20.199501,103.875166,2025-06-16T23:00:40.347060388Z,1.0,99.0,0.0,10.0,100.0,Asia/Vientiane,https://maps.gstatic.com/weather/v1/cloudy,Cloudy,en,CLOUDY,19.2,CELSIUS,23.3,CELSIUS,19.2,CELSIUS,23.3,CELSIUS,19.2,CELSIUS,20.0,RAIN,0.0,MILLIMETERS,0.09910000000000001,MILLIMETERS,1009.75,180.0,SOUTH,2.0,KILOMETERS_PER_HOUR,3.0,KILOMETERS_PER_HOUR,5.0,KILOMETERS,-0.5,CELSIUS,23.2,CELSIUS,19.1,CELSIUS,0.0,MILLIMETERS,8.7709,MILLIMETERS,,,,2025-06-17 06:00:07.253000+07:00,0600
1109,90450,Xamtay - Houaphan,Xamtay - Houaphan,19.999194,104.64011,2025-06-16T23:00:41.638418756Z,1.0,93.0,0.0,0.0,100.0,Asia/Vientiane,https://maps.gstatic.com/weather/v1/cloudy,Cloudy,en,CLOUDY,19.5,CELSIUS,22.8,CELSIUS,18.3,CELSIUS,22.8,CELSIUS,19.5,CELSIUS,10.0,RAIN,0.0,MILLIMETERS,0.0,MILLIMETERS,1008.7,250.0,WEST_SOUTHWEST,5.0,KILOMETERS_PER_HOUR,8.0,KILOMETERS_PER_HOUR,13.0,KILOMETERS,-0.8,CELSIUS,24.6,CELSIUS,19.1,CELSIUS,0.0,MILLIMETERS,5.1081,MILLIMETERS,,,,2025-06-17 06:00:07.253000+07:00,0600
1110,90451,"Add Secondary School - Add, Houaphan ມັດທະຍົມ ແອດ","Add Secondary School - Add, Houaphan ມັດທະຍົມ ແອດ",20.820542,104.004618,,,,,,,,,,,,,,,,,,,,,,,,,,,,,,,,,,,,,,,,,,,,,,,404.0,Information is not supported for this location. Please try a different location.,NOT_FOUND,2025-06-17 06:00:07.253000+07:00,0600
1111,90452,Xon - Houaphan,Xon - Houaphan,20.466813,103.34797,2025-06-16T23:00:44.180546159Z,1.0,99.0,0.0,10.0,100.0,Asia/Vientiane,https://maps.gstatic.com/weather/v1/cloudy,Cloudy,en,CLOUDY,16.6,CELSIUS,20.8,CELSIUS,16.6,CELSIUS,20.8,CELSIUS,16.6,CELSIUS,20.0,RAIN,0.0,MILLIMETERS,0.09910000000000001,MILLIMETERS,1009.75,180.0,SOUTH,2.0,KILOMETERS_PER_HOUR,3.0,KILOMETERS_PER_HOUR,5.0,KILOMETERS,-0.5,CELSIUS,20.6,CELSIUS,16.5,CELSIUS,0.0,MILLIMETERS,8.7709,MILLIMETERS,,,,2025-06-17 06:00:07.253000+07:00,0600
1112,90453,Xiengkhor - Houaphan,Xiengkhor - Houaphan,20.813892,104.146676,,,,,,,,,,,,,,,,,,,,,,,,,,,,,,,,,,,,,,,,,,,,,,,404.0,Information is not supported for this location. Please try a different location.,NOT_FOUND,2025-06-17 06:00:07.253000+07:00,0600
1113,90454," Viengthong Secondary School - Hiem, Houaphan ມັດທະຍົມ ວຽງທອງ"," Viengthong Secondary School - Hiem, Houaphan ມັດທະຍົມ ວຽງທອງ",20.099855,103.380396,2025-06-16T23:00:46.714932659Z,1.0,99.0,0.0,10.0,100.0,Asia/Vientiane,https://maps.gstatic.com/weather/v1/cloudy,Cloudy,en,CLOUDY,16.6,CELSIUS,20.8,CELSIUS,16.6,CELSIUS,20.8,CELSIUS,16.6,CELSIUS,20.0,RAIN,0.0,MILLIMETERS,0.09910000000000001,MILLIMETERS,1009.76,180.0,SOUTH,2.0,KILOMETERS_PER_HOUR,3.0,KILOMETERS_PER_HOUR,5.0,KILOMETERS,-0.5,CELSIUS,20.6,CELSIUS,16.5,CELSIUS,0.0,MILLIMETERS,8.7709,MILLIMETERS,,,,2025-06-17 06:00:07.253000+07:00,0600
1114,90455,"Sopbao Secondary School - Sopbao, Houaphan ມັດທະຍົມ ສົບເບົາ","Sopbao Secondary School - Sopbao, Houaphan ມັດທະຍົມ ສົບເບົາ",20.710206,104.384946,2025-06-16T23:00:47.982849411Z,1.0,97.0,0.0,0.0,100.0,Asia/Vientiane,https://maps.gstatic.com/weather/v1/cloudy,Cloudy,en,CLOUDY,16.7,CELSIUS,20.1,CELSIUS,16.4,CELSIUS,20.1,CELSIUS,16.7,CELSIUS,10.0,RAIN,0.0,MILLIMETERS,0.0,MILLIMETERS,1008.44,235.0,SOUTHWEST,6.0,KILOMETERS_PER_HOUR,15.0,KILOMETERS_PER_HOUR,8.0,KILOMETERS,-0.5,CELSIUS,21.5,CELSIUS,16.4,CELSIUS,0.0,MILLIMETERS,9.2026,MILLIMETERS,,,,2025-06-17 06:00:07.253000+07:00,0600
1115,90456,"Kuan Secondary School - Kuan, Houaphan ມັດທະຍົມສົມບູນ ກັວນ","Kuan Secondary School - Kuan, Houaphan ມັດທະຍົມສົມບູນ ກັວນ",19.835863,104.561303,2025-06-16T23:00:49.247426449Z,1.0,93.0,0.0,0.0,100.0,Asia/Vientiane,https://maps.gstatic.com/weather/v1/cloudy,Cloudy,en,CLOUDY,20.9,CELSIUS,24.1,CELSIUS,19.6,CELSIUS,24.1,CELSIUS,20.9,CELSIUS,10.0,RAIN,0.0,MILLIMETERS,0.0,MILLIMETERS,1008.7,250.0,WEST_SOUTHWEST,5.0,KILOMETERS_PER_HOUR,8.0,KILOMETERS_PER_HOUR,13.0,KILOMETERS,-0.7000000000000001,CELSIUS,25.9,CELSIUS,20.4,CELSIUS,0.0,MILLIMETERS,5.1081,MILLIMETERS,,,,2025-06-17 06:00:07.253000+07:00,0600
1116,90457,"Khob Secondary School - Khob, Xayabouli ມັດທະຍົມ ເມືອງຄອບ","Khob Secondary School - Khob, Xayabouli ມັດທະຍົມ ເມືອງຄອບ",19.699713,100.5572,2025-06-16T23:00:50.506414105Z,1.0,90.0,0.0,20.0,100.0,Asia/Vientiane,https://maps.gstatic.com/weather/v1/cloudy,Cloudy,en,CLOUDY,23.9,CELSIUS,26.2,CELSIUS,22.4,CELSIUS,26.2,CELSIUS,23.9,CELSIUS,20.0,RAIN,0.0,MILLIMETERS,0.0965,MILLIMETERS,1008.88,158.0,SOUTH_SOUTHEAST,8.0,KILOMETERS_PER_HOUR,18.0,KILOMETERS_PER_HOUR,15.0,KILOMETERS,-0.2,CELSIUS,28.9,CELSIUS,23.7,CELSIUS,0.0,MILLIMETERS,6.9291,MILLIMETERS,,,,2025-06-17 06:00:07.253000+07:00,0600
1117,90458,"Hongsa Secondary School - Hongsa, Xaignabouly ມັດທະຍົມສົມບູນ ຫົງສາ","Hongsa Secondary School - Hongsa, Xaignabouly ມັດທະຍົມສົມບູນ ຫົງສາ",19.70693,101.342893,2025-06-16T23:00:51.790599543Z,1.0,95.0,0.0,0.0,100.0,Asia/Vientiane,https://maps.gstatic.com/weather/v1/cloudy,Cloudy,en,CLOUDY,20.5,CELSIUS,22.9,CELSIUS,19.8,CELSIUS,22.9,CELSIUS,20.5,CELSIUS,10.0,RAIN,0.0,MILLIMETERS,0.0229,MILLIMETERS,1009.42,225.0,SOUTHWEST,3.0,KILOMETERS_PER_HOUR,5.0,KILOMETERS_PER_HOUR,10.0,KILOMETERS,-0.1,CELSIUS,25.8,CELSIUS,20.4,CELSIUS,0.0,MILLIMETERS,17.6582,MILLIMETERS,,,,2025-06-17 06:00:07.253000+07:00,0600
1118,90459,Phiang - Xaignabouly,Phiang - Xaignabouly,19.094645,101.529558,2025-06-16T23:00:53.068242483Z,1.0,90.0,0.0,20.0,100.0,Asia/Vientiane,https://maps.gstatic.com/weather/v1/drizzle,Light rain,en,LIGHT_RAIN,23.7,CELSIUS,26.0,CELSIUS,22.3,CELSIUS,26.0,CELSIUS,23.7,CELSIUS,35.0,RAIN,0.0,MILLIMETERS,0.42160000000000003,MILLIMETERS,1009.08,180.0,SOUTH,3.0,KILOMETERS_PER_HOUR,6.0,KILOMETERS_PER_HOUR,13.0,KILOMETERS,-0.4,CELSIUS,30.9,CELSIUS,23.8,CELSIUS,0.0,MILLIMETERS,1.8947,MILLIMETERS,,,,2025-06-17 06:00:07.253000+07:00,0600
1119,90460,Parklai - Xaignabouly,Parklai - Xaignabouly,18.220795,101.405717,2025-06-16T23:00:54.332911840Z,1.0,80.0,0.0,0.0,100.0,Asia/Vientiane,https://maps.gstatic.com/weather/v1/cloudy,Cloudy,en,CLOUDY,24.4,CELSIUS,26.4,CELSIUS,20.7,CELSIUS,26.4,CELSIUS,24.4,CELSIUS,10.0,RAIN,0.0,MILLIMETERS,0.0,MILLIMETERS,1009.0,248.0,WEST_SOUTHWEST,3.0,KILOMETERS_PER_HOUR,8.0,KILOMETERS_PER_HOUR,16.0,KILOMETERS,-0.5,CELSIUS,31.7,CELSIUS,24.5,CELSIUS,0.0,MILLIMETERS,1.3588,MILLIMETERS,,,,2025-06-17 06:00:07.253000+07:00,0600
1120,90463,"Ekaphab Secondary School - Xayabury, Xayabury ມັດທະຍົມ ເອກະພາບ","Ekaphab Secondary School - Xayabury, Xayabury ມັດທະຍົມ ເອກະພາບ",19.237566,101.714751,2025-06-16T23:00:55.592855364Z,1.0,90.0,0.0,0.0,100.0,Asia/Vientiane,https://maps.gstatic.com/weather/v1/cloudy,Cloudy,en,CLOUDY,24.9,CELSIUS,27.6,CELSIUS,23.0,CELSIUS,27.6,CELSIUS,24.9,CELSIUS,10.0,RAIN,0.0,MILLIMETERS,0.0152,MILLIMETERS,1009.0,180.0,SOUTH,3.0,KILOMETERS_PER_HOUR,8.0,KILOMETERS_PER_HOUR,16.0,KILOMETERS,0.2,CELSIUS,30.7,CELSIUS,24.7,CELSIUS,0.0,MILLIMETERS,7.084,MILLIMETERS,,,,2025-06-17 06:00:07.253000+07:00,0600
1121,90466,"Kenethao Secondary School - Kenethao, Xayabury ມັດທະຍົມສົມບຸນ ແກ່ນທ້າວ","Kenethao Secondary School - Kenethao, Xayabury ມັດທະຍົມສົມບຸນ ແກ່ນທ້າວ",17.740569,101.403471,2025-06-16T23:00:56.839190065Z,1.0,86.0,0.0,0.0,100.0,Asia/Vientiane,https://maps.gstatic.com/weather/v1/cloudy,Cloudy,en,CLOUDY,25.2,CELSIUS,27.7,CELSIUS,22.2,CELSIUS,27.7,CELSIUS,25.2,CELSIUS,10.0,RAIN,0.0,MILLIMETERS,0.0,MILLIMETERS,1008.02,293.0,WEST_NORTHWEST,3.0,KILOMETERS_PER_HOUR,6.0,KILOMETERS_PER_HOUR,16.0,KILOMETERS,-0.7000000000000001,CELSIUS,33.0,CELSIUS,25.5,CELSIUS,0.0,MILLIMETERS,0.6553,MILLIMETERS,,,,2025-06-17 06:00:07.253000+07:00,0600
1122,90468,Pek - Xiengkhouang,Pek - Xiengkhouang,19.444636,103.205788,2025-06-16T23:00:58.090365802Z,1.0,93.0,0.0,10.0,100.0,Asia/Vientiane,https://maps.gstatic.com/weather/v1/cloudy,Cloudy,en,CLOUDY,20.2,CELSIUS,24.1,CELSIUS,19.0,CELSIUS,24.1,CELSIUS,20.2,CELSIUS,20.0,RAIN,0.0,MILLIMETERS,0.0,MILLIMETERS,1010.78,180.0,SOUTH,3.0,KILOMETERS_PER_HOUR,10.0,KILOMETERS_PER_HOUR,13.0,KILOMETERS,-1.1,CELSIUS,27.2,CELSIUS,20.1,CELSIUS,0.0,MILLIMETERS,11.0289,MILLIMETERS,,,,2025-06-17 06:00:07.253000+07:00,0600
1123,90469,Nonghed - Xiengkhouang,Nonghed - Xiengkhouang,19.49661,103.986121,,,,,,,,,,,,,,,,,,,,,,,,,,,,,,,,,,,,,,,,,,,,,,,404.0,Information is not supported for this location. Please try a different location.,NOT_FOUND,2025-06-17 06:00:07.253000+07:00,0600
1124,90471,"Napa Secondary School - Kham, Xiengkhouang ມັດທະຍົມ ນາປາ","Napa Secondary School - Kham, Xiengkhouang ມັດທະຍົມ ນາປາ",19.590573,103.662369,2025-06-16T23:01:00.616934764Z,1.0,94.0,0.0,10.0,100.0,Asia/Vientiane,https://maps.gstatic.com/weather/v1/cloudy,Cloudy,en,CLOUDY,21.3,CELSIUS,24.2,CELSIUS,20.5,CELSIUS,24.2,CELSIUS,21.3,CELSIUS,20.0,RAIN,0.0,MILLIMETERS,0.0,MILLIMETERS,1009.79,225.0,SOUTHWEST,2.0,KILOMETERS_PER_HOUR,2.0,KILOMETERS_PER_HOUR,13.0,KILOMETERS,-1.3,CELSIUS,27.4,CELSIUS,20.9,CELSIUS,0.0,MILLIMETERS,6.2409,MILLIMETERS,,,,2025-06-17 06:00:07.253000+07:00,0600
1125,90472,"Chomphet Seconbdary School - Khoune, Xiengkhuang ມັດທະຍົມ ຈອມເພັດ","Chomphet Seconbdary School - Khoune, Xiengkhuang ມັດທະຍົມ ຈອມເພັດ",19.340999,103.371433,2025-06-16T23:01:01.876671810Z,1.0,93.0,0.0,10.0,100.0,Asia/Vientiane,https://maps.gstatic.com/weather/v1/cloudy,Cloudy,en,CLOUDY,20.2,CELSIUS,24.1,CELSIUS,19.0,CELSIUS,24.1,CELSIUS,20.2,CELSIUS,20.0,RAIN,0.0,MILLIMETERS,0.0,MILLIMETERS,1010.78,180.0,SOUTH,3.0,KILOMETERS_PER_HOUR,10.0,KILOMETERS_PER_HOUR,13.0,KILOMETERS,-1.1,CELSIUS,27.2,CELSIUS,20.1,CELSIUS,0.0,MILLIMETERS,11.0289,MILLIMETERS,,,,2025-06-17 06:00:07.253000+07:00,0600
1126,90475,Phonhong - Vientiane,Phonhong - Vientiane,18.350024,102.42424,2025-06-16T23:01:03.138457758Z,1.0,92.0,0.0,0.0,100.0,Asia/Vientiane,https://maps.gstatic.com/weather/v1/cloudy,Cloudy,en,CLOUDY,24.9,CELSIUS,27.6,CELSIUS,23.3,CELSIUS,27.6,CELSIUS,24.9,CELSIUS,10.0,RAIN,0.0,MILLIMETERS,0.0,MILLIMETERS,1008.11,315.0,NORTHWEST,2.0,KILOMETERS_PER_HOUR,10.0,KILOMETERS_PER_HOUR,14.0,KILOMETERS,-0.7000000000000001,CELSIUS,30.1,CELSIUS,24.9,CELSIUS,0.0,MILLIMETERS,14.1452,MILLIMETERS,,,,2025-06-17 06:00:07.253000+07:00,0600
1127,90476,"Kasy Secondary School - Kasy, Vientiane Province ມັດທະຍົມສົມບູນ ກາສີ","Kasy Secondary School - Kasy, Vientiane Province ມັດທະຍົມສົມບູນ ກາສີ",19.225034,102.25219,2025-06-16T23:01:04.431823816Z,1.0,78.0,0.0,20.0,100.0,Asia/Vientiane,https://maps.gstatic.com/weather/v1/drizzle,Light rain,en,LIGHT_RAIN,22.2,CELSIUS,24.6,CELSIUS,18.1,CELSIUS,24.6,CELSIUS,22.2,CELSIUS,25.0,RAIN,0.0,MILLIMETERS,0.381,MILLIMETERS,1009.51,0.0,NORTH,2.0,KILOMETERS_PER_HOUR,3.0,KILOMETERS_PER_HOUR,16.0,KILOMETERS,-1.5,CELSIUS,27.4,CELSIUS,22.1,CELSIUS,0.0,MILLIMETERS,15.2961,MILLIMETERS,,,,2025-06-17 06:00:07.253000+07:00,0600
1128,90477,"Xanakharm Secondary School - Xanakharm, Vieniane Province ມັດທະຍົມສົບຸນ ຊະນະຄາມ","Xanakharm Secondary School - Xanakharm, Vieniane Province ມັດທະຍົມສົບຸນ ຊະນະຄາມ",17.910218,101.670662,2025-06-16T23:01:05.721090273Z,1.0,85.0,0.0,0.0,100.0,Asia/Vientiane,https://maps.gstatic.com/weather/v1/cloudy,Cloudy,en,CLOUDY,25.1,CELSIUS,27.5,CELSIUS,22.5,CELSIUS,27.5,CELSIUS,25.1,CELSIUS,10.0,RAIN,0.0,MILLIMETERS,0.0,MILLIMETERS,1008.02,270.0,WEST,2.0,KILOMETERS_PER_HOUR,3.0,KILOMETERS_PER_HOUR,16.0,KILOMETERS,-0.5,CELSIUS,32.0,CELSIUS,25.3,CELSIUS,0.0,MILLIMETERS,2.0142,MILLIMETERS,,,,2025-06-17 06:00:07.253000+07:00,0600
1129,90478,Mad - Vientiane,Mad - Vientiane,18.448868,101.76322,2025-06-16T23:01:06.977819355Z,1.0,80.0,0.0,0.0,100.0,Asia/Vientiane,https://maps.gstatic.com/weather/v1/cloudy,Cloudy,en,CLOUDY,25.0,CELSIUS,27.1,CELSIUS,21.3,CELSIUS,27.1,CELSIUS,25.0,CELSIUS,10.0,RAIN,0.0,MILLIMETERS,0.0,MILLIMETERS,1009.0,248.0,WEST_SOUTHWEST,3.0,KILOMETERS_PER_HOUR,8.0,KILOMETERS_PER_HOUR,16.0,KILOMETERS,-0.6000000000000001,CELSIUS,32.3,CELSIUS,25.2,CELSIUS,0.0,MILLIMETERS,1.3588,MILLIMETERS,,,,2025-06-17 06:00:07.253000+07:00,0600
1130,90479,"Phonmi Secondary School - Viengkham, Vientiane Province ມັດທະຍົມສົມບຸນ ໂພນໝີ","Phonmi Secondary School - Viengkham, Vientiane Province ມັດທະຍົມສົມບຸນ ໂພນໝີ",18.48451,102.485942,2025-06-16T23:01:08.232027686Z,1.0,92.0,0.0,0.0,100.0,Asia/Vientiane,https://maps.gstatic.com/weather/v1/cloudy,Cloudy,en,CLOUDY,24.9,CELSIUS,27.6,CELSIUS,23.3,CELSIUS,27.6,CELSIUS,24.9,CELSIUS,10.0,RAIN,0.0,MILLIMETERS,0.0,MILLIMETERS,1008.11,315.0,NORTHWEST,2.0,KILOMETERS_PER_HOUR,10.0,KILOMETERS_PER_HOUR,14.0,KILOMETERS,-0.7000000000000001,CELSIUS,30.1,CELSIUS,24.9,CELSIUS,0.0,MILLIMETERS,14.1452,MILLIMETERS,,,,2025-06-17 06:00:07.253000+07:00,0600
1131,90482,"KeoKou Secondary School - KeoOudom, Vientiane Province ມັດທະຍົມສົມບູນ ແກ້ວກູ່","KeoKou Secondary School - KeoOudom, Vientiane Province ມັດທະຍົມສົມບູນ ແກ້ວກູ່",18.554884,102.502844,2025-06-16T23:01:09.525283966Z,1.0,92.0,0.0,0.0,100.0,Asia/Vientiane,https://maps.gstatic.com/weather/v1/cloudy,Cloudy,en,CLOUDY,24.9,CELSIUS,27.6,CELSIUS,23.3,CELSIUS,27.6,CELSIUS,24.9,CELSIUS,10.0,RAIN,0.0,MILLIMETERS,0.0,MILLIMETERS,1008.11,315.0,NORTHWEST,2.0,KILOMETERS_PER_HOUR,10.0,KILOMETERS_PER_HOUR,14.0,KILOMETERS,-0.7000000000000001,CELSIUS,30.1,CELSIUS,24.9,CELSIUS,0.0,MILLIMETERS,14.1452,MILLIMETERS,,,,2025-06-17 06:00:07.253000+07:00,0600
1132,90485,Meun - Vientiane,Meun - Vientiane,18.28379,101.941138,2025-06-16T23:01:10.787030665Z,1.0,83.0,0.0,0.0,95.0,Asia/Vientiane,https://maps.gstatic.com/weather/v1/cloudy,Cloudy,en,CLOUDY,25.2,CELSIUS,27.5,CELSIUS,22.0,CELSIUS,27.5,CELSIUS,25.2,CELSIUS,10.0,RAIN,0.0,MILLIMETERS,0.0,MILLIMETERS,1008.31,270.0,WEST,3.0,KILOMETERS_PER_HOUR,10.0,KILOMETERS_PER_HOUR,16.0,KILOMETERS,-1.0,CELSIUS,31.2,CELSIUS,25.4,CELSIUS,0.0,MILLIMETERS,7.2748,MILLIMETERS,,,,2025-06-17 06:00:07.253000+07:00,0600
1133,90487,"Thaphabath Secondary School - Thaphabath, Bolikhamxai","Thaphabath Secondary School - Thaphabath, Bolikhamxai",18.356826,103.198076,2025-06-16T23:01:12.041078966Z,1.0,88.0,0.0,0.0,95.0,Asia/Vientiane,https://maps.gstatic.com/weather/v1/cloudy,Cloudy,en,CLOUDY,25.6,CELSIUS,28.6,CELSIUS,23.5,CELSIUS,28.6,CELSIUS,25.6,CELSIUS,10.0,RAIN,0.0,MILLIMETERS,0.0,MILLIMETERS,1008.53,45.0,NORTHEAST,2.0,KILOMETERS_PER_HOUR,2.0,KILOMETERS_PER_HOUR,15.0,KILOMETERS,-0.7000000000000001,CELSIUS,30.6,CELSIUS,25.5,CELSIUS,0.0,MILLIMETERS,8.7631,MILLIMETERS,,,,2025-06-17 06:00:07.253000+07:00,0600
1134,90488,Pakkading - Bolikhamxai ,Pakkading - Bolikhamxai ,18.109902,104.281265,2025-06-16T23:01:13.303350227Z,1.0,91.0,0.0,30.0,95.0,Asia/Vientiane,https://maps.gstatic.com/weather/v1/drizzle,Light rain,en,LIGHT_RAIN,24.7,CELSIUS,27.4,CELSIUS,23.0,CELSIUS,27.4,CELSIUS,24.7,CELSIUS,25.0,RAIN,0.0,MILLIMETERS,0.3708,MILLIMETERS,1008.88,45.0,NORTHEAST,0.0,KILOMETERS_PER_HOUR,2.0,KILOMETERS_PER_HOUR,16.0,KILOMETERS,0.2,CELSIUS,28.4,CELSIUS,23.9,CELSIUS,0.0,MILLIMETERS,19.4512,MILLIMETERS,,,,2025-06-17 06:00:07.253000+07:00,0600
1135,90490,"Nakhonxay Secondary School - Khamkeuth, - Borikhamxai ມັດທະຍົມ ນະຄອນໄຊ","Nakhonxay Secondary School - Khamkeuth, - Borikhamxai ມັດທະຍົມ ນະຄອນໄຊ",18.185553,104.983958,2025-06-16T23:01:14.566998171Z,1.0,97.0,0.0,30.0,95.0,Asia/Vientiane,https://maps.gstatic.com/weather/v1/cloudy,Cloudy,en,CLOUDY,22.0,CELSIUS,24.5,CELSIUS,21.8,CELSIUS,24.5,CELSIUS,22.0,CELSIUS,20.0,RAIN,0.0,MILLIMETERS,0.0,MILLIMETERS,1009.85,180.0,SOUTH,3.0,KILOMETERS_PER_HOUR,8.0,KILOMETERS_PER_HOUR,8.0,KILOMETERS,-0.5,CELSIUS,27.2,CELSIUS,21.6,CELSIUS,0.0,MILLIMETERS,2.388,MILLIMETERS,,,,2025-06-17 06:00:07.253000+07:00,0600
1136,90491,Viengthong - Bolikhamxai,Viengthong - Bolikhamxai,18.512354,104.442835,2025-06-16T23:01:15.825488396Z,1.0,96.0,0.0,20.0,95.0,Asia/Vientiane,https://maps.gstatic.com/weather/v1/cloudy,Cloudy,en,CLOUDY,23.0,CELSIUS,25.4,CELSIUS,22.5,CELSIUS,25.4,CELSIUS,23.0,CELSIUS,20.0,RAIN,0.0,MILLIMETERS,0.0,MILLIMETERS,1009.65,270.0,WEST,2.0,KILOMETERS_PER_HOUR,2.0,KILOMETERS_PER_HOUR,10.0,KILOMETERS,-0.6000000000000001,CELSIUS,28.5,CELSIUS,22.7,CELSIUS,0.0,MILLIMETERS,5.3723,MILLIMETERS,,,,2025-06-17 06:00:07.253000+07:00,0600
1137,90492,"NamOn Secondary School - Xaychamphone, Borikhamxai ມັດທະຍົມ ນຳ້ອ້ອນ","NamOn Secondary School - Xaychamphone, Borikhamxai ມັດທະຍົມ ນຳ້ອ້ອນ",18.577559,104.981947,2025-06-16T23:01:17.081159535Z,1.0,97.0,0.0,30.0,95.0,Asia/Vientiane,https://maps.gstatic.com/weather/v1/cloudy,Cloudy,en,CLOUDY,22.0,CELSIUS,24.5,CELSIUS,21.8,CELSIUS,24.5,CELSIUS,22.0,CELSIUS,20.0,RAIN,0.0,MILLIMETERS,0.0,MILLIMETERS,1009.85,180.0,SOUTH,3.0,KILOMETERS_PER_HOUR,8.0,KILOMETERS_PER_HOUR,8.0,KILOMETERS,-0.5,CELSIUS,27.2,CELSIUS,21.6,CELSIUS,0.0,MILLIMETERS,2.388,MILLIMETERS,,,,2025-06-17 06:00:07.253000+07:00,0600
1138,90493,Thakhek - Khammouan ,Thakhek - Khammouan ,17.392668,104.807495,2025-06-16T23:01:18.344550262Z,1.0,100.0,0.0,30.0,95.0,Asia/Vientiane,https://maps.gstatic.com/weather/v1/cloudy,Cloudy,en,CLOUDY,24.9,CELSIUS,28.4,CELSIUS,24.9,CELSIUS,28.4,CELSIUS,24.9,CELSIUS,25.0,RAIN,0.0,MILLIMETERS,0.3658,MILLIMETERS,1008.3,35.0,NORTHEAST,3.0,KILOMETERS_PER_HOUR,8.0,KILOMETERS_PER_HOUR,5.0,KILOMETERS,-0.6000000000000001,CELSIUS,32.0,CELSIUS,24.7,CELSIUS,0.0,MILLIMETERS,10.4981,MILLIMETERS,,,,2025-06-17 06:00:07.253000+07:00,0600
1139,90494,Mahaxay - Khammouan,Mahaxay - Khammouan,17.457352,105.160169,2025-06-16T23:01:19.598457753Z,1.0,100.0,0.0,30.0,97.0,Asia/Vientiane,https://maps.gstatic.com/weather/v1/cloudy,Cloudy,en,CLOUDY,23.1,CELSIUS,25.7,CELSIUS,23.1,CELSIUS,25.7,CELSIUS,23.1,CELSIUS,20.0,RAIN,0.0,MILLIMETERS,0.27940000000000004,MILLIMETERS,1009.35,0.0,NORTH,2.0,KILOMETERS_PER_HOUR,6.0,KILOMETERS_PER_HOUR,5.0,KILOMETERS,-0.30000000000000004,CELSIUS,28.9,CELSIUS,23.0,CELSIUS,0.0,MILLIMETERS,5.5043,MILLIMETERS,,,,2025-06-17 06:00:07.253000+07:00,0600
1140,90497,Nhommalath - Khammouan ,Nhommalath - Khammouan ,17.614203,105.170282,2025-06-16T23:01:20.882257713Z,1.0,100.0,0.0,30.0,97.0,Asia/Vientiane,https://maps.gstatic.com/weather/v1/cloudy,Cloudy,en,CLOUDY,23.1,CELSIUS,25.7,CELSIUS,23.1,CELSIUS,25.7,CELSIUS,23.1,CELSIUS,20.0,RAIN,0.0,MILLIMETERS,0.27940000000000004,MILLIMETERS,1009.35,0.0,NORTH,2.0,KILOMETERS_PER_HOUR,6.0,KILOMETERS_PER_HOUR,5.0,KILOMETERS,-0.30000000000000004,CELSIUS,28.9,CELSIUS,23.0,CELSIUS,0.0,MILLIMETERS,5.5043,MILLIMETERS,,,,2025-06-17 06:00:07.253000+07:00,0600
1141,90500,"Xebangfay Secondary School - Xebangfay, Khammouane ມັດທະຍົມສົມບູນ ເຊບັ້ງໄຟ","Xebangfay Secondary School - Xebangfay, Khammouane ມັດທະຍົມສົມບູນ ເຊບັ້ງໄຟ",17.086149,104.981631,2025-06-16T23:01:22.159301791Z,1.0,99.0,0.0,40.0,95.0,Asia/Vientiane,https://maps.gstatic.com/weather/v1/cloudy,Cloudy,en,CLOUDY,25.7,CELSIUS,30.1,CELSIUS,25.7,CELSIUS,30.1,CELSIUS,25.7,CELSIUS,25.0,RAIN,0.0,MILLIMETERS,0.315,MILLIMETERS,1008.42,215.0,SOUTHWEST,6.0,KILOMETERS_PER_HOUR,13.0,KILOMETERS_PER_HOUR,5.0,KILOMETERS,-0.30000000000000004,CELSIUS,32.3,CELSIUS,24.6,CELSIUS,0.0,MILLIMETERS,5.418,MILLIMETERS,,,,2025-06-17 06:00:07.253000+07:00,0600
1142,90501,"Sivilay Secondary School - Xaybouathong, Khammouane ມັດທະຍົມສົມບູນ ສີວິໄລ","Sivilay Secondary School - Xaybouathong, Khammouane ມັດທະຍົມສົມບູນ ສີວິໄລ",17.171532,105.4273,2025-06-16T23:01:23.411150069Z,1.0,100.0,0.0,40.0,100.0,Asia/Vientiane,https://maps.gstatic.com/weather/v1/cloudy,Cloudy,en,CLOUDY,25.0,CELSIUS,28.8,CELSIUS,25.0,CELSIUS,28.8,CELSIUS,25.0,CELSIUS,20.0,RAIN,0.0,MILLIMETERS,0.0,MILLIMETERS,1008.77,190.0,SOUTH,8.0,KILOMETERS_PER_HOUR,16.0,KILOMETERS_PER_HOUR,5.0,KILOMETERS,-0.2,CELSIUS,31.8,CELSIUS,24.3,CELSIUS,0.0,MILLIMETERS,3.6628,MILLIMETERS,,,,2025-06-17 06:00:07.253000+07:00,0600
1143,90504,"Lianxay Secondary School - Artsaphangthong, Savannakhet ມັດທະຍົມ ຫລຽນໄຊ","Lianxay Secondary School - Artsaphangthong, Savannakhet ມັດທະຍົມ ຫລຽນໄຊ",16.692124,105.409764,,,,,,,,,,,,,,,,,,,,,,,,,,,,,,,,,,,,,,,,,,,,,,,404.0,Information is not supported for this location. Please try a different location.,NOT_FOUND,2025-06-17 06:00:07.253000+07:00,0600
1144,90505,Sepone - Savannakhet,Sepone - Savannakhet,16.696651,106.209138,2025-06-16T23:01:25.961831597Z,1.0,91.0,0.0,1.0,100.0,Asia/Vientiane,https://maps.gstatic.com/weather/v1/cloudy,Cloudy,en,CLOUDY,22.7,CELSIUS,25.4,CELSIUS,20.9,CELSIUS,25.4,CELSIUS,22.7,CELSIUS,10.0,RAIN,0.0,MILLIMETERS,0.0,MILLIMETERS,1010.0,203.0,SOUTH_SOUTHWEST,6.0,KILOMETERS_PER_HOUR,13.0,KILOMETERS_PER_HOUR,15.0,KILOMETERS,0.4,CELSIUS,29.0,CELSIUS,22.2,CELSIUS,0.0,MILLIMETERS,1.9151,MILLIMETERS,,,,2025-06-17 06:00:07.253000+07:00,0600
1145,90506,Nong - Savannakhet,Nong - Savannakhet,16.373875,106.495685,2025-06-16T23:01:27.224586852Z,1.0,90.0,0.0,0.0,100.0,Asia/Vientiane,https://maps.gstatic.com/weather/v1/cloudy,Cloudy,en,CLOUDY,24.0,CELSIUS,26.9,CELSIUS,22.4,CELSIUS,26.9,CELSIUS,24.0,CELSIUS,10.0,RAIN,0.0,MILLIMETERS,0.0,MILLIMETERS,1009.87,158.0,SOUTH_SOUTHEAST,6.0,KILOMETERS_PER_HOUR,13.0,KILOMETERS_PER_HOUR,15.0,KILOMETERS,0.30000000000000004,CELSIUS,30.1,CELSIUS,23.5,CELSIUS,0.0,MILLIMETERS,1.3033000000000001,MILLIMETERS,,,,2025-06-17 06:00:07.253000+07:00,0600
1146,90508,Champhone - SAVA,Champhone - SAVA,16.489147,105.031659,2025-06-16T23:01:28.482959169Z,1.0,95.0,0.0,0.0,100.0,Asia/Vientiane,https://maps.gstatic.com/weather/v1/cloudy,Cloudy,en,CLOUDY,26.4,CELSIUS,31.0,CELSIUS,25.3,CELSIUS,31.0,CELSIUS,26.4,CELSIUS,10.0,RAIN,0.0,MILLIMETERS,0.0,MILLIMETERS,1009.0,203.0,SOUTH_SOUTHWEST,10.0,KILOMETERS_PER_HOUR,16.0,KILOMETERS_PER_HOUR,13.0,KILOMETERS,0.5,CELSIUS,33.0,CELSIUS,25.9,CELSIUS,0.0,MILLIMETERS,0.4395,MILLIMETERS,,,,2025-06-17 06:00:07.253000+07:00,0600
1147,90509,Xaybuly - Savannakhet,Xaybuly - Savannakhet,17.075181,104.87732,2025-06-16T23:01:29.767322131Z,1.0,99.0,0.0,40.0,95.0,Asia/Vientiane,https://maps.gstatic.com/weather/v1/cloudy,Cloudy,en,CLOUDY,25.7,CELSIUS,30.1,CELSIUS,25.7,CELSIUS,30.1,CELSIUS,25.7,CELSIUS,25.0,RAIN,0.0,MILLIMETERS,0.315,MILLIMETERS,1008.42,215.0,SOUTHWEST,6.0,KILOMETERS_PER_HOUR,13.0,KILOMETERS_PER_HOUR,5.0,KILOMETERS,-0.30000000000000004,CELSIUS,32.3,CELSIUS,24.6,CELSIUS,0.0,MILLIMETERS,5.418,MILLIMETERS,,,,2025-06-17 06:00:07.253000+07:00,0600
1148,90510,"Artsaphone Secondary School - Artsaphone, Savannakhet ມັດທະຍົມສົມບູນ ອາດສະພອນ","Artsaphone Secondary School - Artsaphone, Savannakhet ມັດທະຍົມສົມບູນ ອາດສະພອນ",16.844674,105.33638,2025-06-16T23:01:31.043138470Z,1.0,99.0,0.0,41.0,95.0,Asia/Vientiane,https://maps.gstatic.com/weather/v1/cloudy,Cloudy,en,CLOUDY,25.7,CELSIUS,30.1,CELSIUS,25.7,CELSIUS,30.1,CELSIUS,25.7,CELSIUS,25.0,RAIN,0.0,MILLIMETERS,0.315,MILLIMETERS,1008.42,215.0,SOUTHWEST,6.0,KILOMETERS_PER_HOUR,13.0,KILOMETERS_PER_HOUR,5.0,KILOMETERS,-0.30000000000000004,CELSIUS,32.3,CELSIUS,24.6,CELSIUS,0.0,MILLIMETERS,5.418,MILLIMETERS,,,,2025-06-17 06:00:07.253000+07:00,0600
1149,90512,"Phin Secondary School - Phin, Savannakhet ມັດທະຍົມ ພີນ","Phin Secondary School - Phin, Savannakhet ມັດທະຍົມ ພີນ",16.527879,106.021922,2025-06-16T23:01:32.311261253Z,1.0,90.0,0.0,0.0,100.0,Asia/Vientiane,https://maps.gstatic.com/weather/v1/cloudy,Cloudy,en,CLOUDY,23.4,CELSIUS,26.3,CELSIUS,21.8,CELSIUS,26.3,CELSIUS,23.4,CELSIUS,10.0,RAIN,0.0,MILLIMETERS,0.0,MILLIMETERS,1009.87,158.0,SOUTH_SOUTHEAST,6.0,KILOMETERS_PER_HOUR,13.0,KILOMETERS_PER_HOUR,15.0,KILOMETERS,0.4,CELSIUS,29.4,CELSIUS,22.8,CELSIUS,0.0,MILLIMETERS,1.3033000000000001,MILLIMETERS,,,,2025-06-17 06:00:07.253000+07:00,0600
1150,90513,Songkhone - Savannakhet,Songkhone - Savannakhet,16.237196,105.1965,2025-06-16T23:01:33.583643960Z,1.0,95.0,0.0,0.0,100.0,Asia/Vientiane,https://maps.gstatic.com/weather/v1/cloudy,Cloudy,en,CLOUDY,26.4,CELSIUS,31.0,CELSIUS,25.9,CELSIUS,31.0,CELSIUS,26.4,CELSIUS,10.0,RAIN,0.0,MILLIMETERS,0.0,MILLIMETERS,1009.0,203.0,SOUTH_SOUTHWEST,10.0,KILOMETERS_PER_HOUR,14.0,KILOMETERS_PER_HOUR,8.0,KILOMETERS,0.1,CELSIUS,32.6,CELSIUS,26.3,CELSIUS,0.0,MILLIMETERS,0.0302,MILLIMETERS,,,,2025-06-17 06:00:07.253000+07:00,0600
1151,90514,"Beungxang Secondary School - Xonbuly, Savannakhet ມັດທະຍົມ ບຶງຊ້າງ","Beungxang Secondary School - Xonbuly, Savannakhet ມັດທະຍົມ ບຶງຊ້າງ",16.388527,105.375363,2025-06-16T23:01:34.875728838Z,1.0,95.0,0.0,0.0,100.0,Asia/Vientiane,https://maps.gstatic.com/weather/v1/cloudy,Cloudy,en,CLOUDY,26.6,CELSIUS,31.4,CELSIUS,25.3,CELSIUS,31.4,CELSIUS,26.6,CELSIUS,10.0,RAIN,0.0,MILLIMETERS,0.0,MILLIMETERS,1009.0,203.0,SOUTH_SOUTHWEST,10.0,KILOMETERS_PER_HOUR,16.0,KILOMETERS_PER_HOUR,13.0,KILOMETERS,0.30000000000000004,CELSIUS,32.9,CELSIUS,26.3,CELSIUS,0.0,MILLIMETERS,0.3048,MILLIMETERS,,,,2025-06-17 06:00:07.253000+07:00,0600
1152,90515,Vilabuly - Savannakhet,Vilabuly - Savannakhet,16.971649,105.944661,2025-06-16T23:01:36.138876754Z,1.0,100.0,0.0,40.0,100.0,Asia/Vientiane,https://maps.gstatic.com/weather/v1/cloudy,Cloudy,en,CLOUDY,25.0,CELSIUS,28.8,CELSIUS,25.0,CELSIUS,28.8,CELSIUS,25.0,CELSIUS,20.0,RAIN,0.0,MILLIMETERS,0.0,MILLIMETERS,1008.78,190.0,SOUTH,8.0,KILOMETERS_PER_HOUR,16.0,KILOMETERS_PER_HOUR,5.0,KILOMETERS,-0.2,CELSIUS,31.8,CELSIUS,24.3,CELSIUS,0.0,MILLIMETERS,3.6628,MILLIMETERS,,,,2025-06-17 06:00:07.253000+07:00,0600
1153,90516,"Phoummachedy Secondary School - Xayphouthong, Savannakhet ມັດທະຍົມ ພູມມະເຈດີ","Phoummachedy Secondary School - Xayphouthong, Savannakhet ມັດທະຍົມ ພູມມະເຈດີ",16.367044,105.005653,2025-06-16T23:01:37.421376883Z,1.0,95.0,0.0,0.0,100.0,Asia/Vientiane,https://maps.gstatic.com/weather/v1/cloudy,Cloudy,en,CLOUDY,26.4,CELSIUS,31.0,CELSIUS,25.9,CELSIUS,31.0,CELSIUS,26.4,CELSIUS,10.0,RAIN,0.0,MILLIMETERS,0.0,MILLIMETERS,1009.0,203.0,SOUTH_SOUTHWEST,10.0,KILOMETERS_PER_HOUR,14.0,KILOMETERS_PER_HOUR,8.0,KILOMETERS,0.1,CELSIUS,32.6,CELSIUS,26.3,CELSIUS,0.0,MILLIMETERS,0.0302,MILLIMETERS,,,,2025-06-17 06:00:07.253000+07:00,0600
1154,90517,Phalanxay - Savannakhet,Phalanxay - Savannakhet,16.661353,105.58791,2025-06-16T23:01:38.716649948Z,1.0,100.0,0.0,40.0,100.0,Asia/Vientiane,https://maps.gstatic.com/weather/v1/cloudy,Cloudy,en,CLOUDY,25.0,CELSIUS,28.8,CELSIUS,25.0,CELSIUS,28.8,CELSIUS,25.0,CELSIUS,20.0,RAIN,0.0,MILLIMETERS,0.0,MILLIMETERS,1008.78,190.0,SOUTH,8.0,KILOMETERS_PER_HOUR,16.0,KILOMETERS_PER_HOUR,5.0,KILOMETERS,-0.2,CELSIUS,31.8,CELSIUS,24.3,CELSIUS,0.0,MILLIMETERS,3.6628,MILLIMETERS,,,,2025-06-17 06:00:07.253000+07:00,0600
1155,90518,"Saravane Secondary School -Saravane, Saravane ມັດທະຍົມສົມບູນ ສາລະວັນ","Saravane Secondary School -Saravane, Saravane ມັດທະຍົມສົມບູນ ສາລະວັນ",15.707906,106.422189,2025-06-16T23:01:40.011255961Z,1.0,96.0,0.0,0.0,100.0,Asia/Vientiane,https://maps.gstatic.com/weather/v1/cloudy,Cloudy,en,CLOUDY,25.0,CELSIUS,28.4,CELSIUS,24.6,CELSIUS,28.4,CELSIUS,25.0,CELSIUS,10.0,RAIN,0.0,MILLIMETERS,0.0,MILLIMETERS,1009.76,135.0,SOUTHEAST,5.0,KILOMETERS_PER_HOUR,8.0,KILOMETERS_PER_HOUR,8.0,KILOMETERS,0.30000000000000004,CELSIUS,31.7,CELSIUS,24.3,CELSIUS,0.0,MILLIMETERS,1.3183,MILLIMETERS,,,,2025-06-17 06:00:07.253000+07:00,0600
1156,90520,"Toomlarn Secondary School - Toomlarn, Saravane ມັດທະຍົມສົມບູນ ຕຸ້ມລານ","Toomlarn Secondary School - Toomlarn, Saravane ມັດທະຍົມສົມບູນ ຕຸ້ມລານ",15.994499,106.192399,2025-06-16T23:01:41.267551730Z,1.0,90.0,0.0,0.0,100.0,Asia/Vientiane,https://maps.gstatic.com/weather/v1/cloudy,Cloudy,en,CLOUDY,23.4,CELSIUS,26.3,CELSIUS,21.8,CELSIUS,26.3,CELSIUS,23.4,CELSIUS,10.0,RAIN,0.0,MILLIMETERS,0.0,MILLIMETERS,1009.87,158.0,SOUTH_SOUTHEAST,6.0,KILOMETERS_PER_HOUR,13.0,KILOMETERS_PER_HOUR,15.0,KILOMETERS,0.4,CELSIUS,29.4,CELSIUS,22.8,CELSIUS,0.0,MILLIMETERS,1.3033000000000001,MILLIMETERS,,,,2025-06-17 06:00:07.253000+07:00,0600
1157,90521,"Lakhonesy Secondary School - Lakhonepheng, Saravane ມັດທະຍົມສົມບູນ ລະຄອນສີ","Lakhonesy Secondary School - Lakhonepheng, Saravane ມັດທະຍົມສົມບູນ ລະຄອນສີ",15.891245,105.567119,2025-06-16T23:01:42.536677074Z,1.0,99.0,0.0,0.0,100.0,Asia/Vientiane,https://maps.gstatic.com/weather/v1/cloudy,Cloudy,en,CLOUDY,26.4,CELSIUS,31.6,CELSIUS,25.9,CELSIUS,31.6,CELSIUS,26.4,CELSIUS,10.0,RAIN,0.0,MILLIMETERS,0.0178,MILLIMETERS,1009.84,203.0,SOUTH_SOUTHWEST,8.0,KILOMETERS_PER_HOUR,14.0,KILOMETERS_PER_HOUR,8.0,KILOMETERS,0.30000000000000004,CELSIUS,32.1,CELSIUS,25.8,CELSIUS,0.0,MILLIMETERS,0.9144,MILLIMETERS,,,,2025-06-17 06:00:07.253000+07:00,0600
1158,90522,Lao Ngarm - Salavan,Lao Ngarm - Salavan,15.461092,106.16172,2025-06-16T23:01:43.795251302Z,1.0,94.0,0.0,0.0,100.0,Asia/Vientiane,https://maps.gstatic.com/weather/v1/cloudy,Cloudy,en,CLOUDY,27.0,CELSIUS,30.7,CELSIUS,25.9,CELSIUS,30.7,CELSIUS,27.0,CELSIUS,10.0,RAIN,0.0,MILLIMETERS,0.030500000000000003,MILLIMETERS,1010.01,270.0,WEST,5.0,KILOMETERS_PER_HOUR,8.0,KILOMETERS_PER_HOUR,13.0,KILOMETERS,-0.1,CELSIUS,33.2,CELSIUS,26.0,CELSIUS,0.0,MILLIMETERS,2.2427,MILLIMETERS,,,,2025-06-17 06:00:07.253000+07:00,0600
1159,90524,Khongxedone - Salavan,Khongxedone - Salavan,15.59088,105.804115,2025-06-16T23:01:45.064729892Z,1.0,99.0,0.0,0.0,100.0,Asia/Vientiane,https://maps.gstatic.com/weather/v1/cloudy,Cloudy,en,CLOUDY,26.4,CELSIUS,31.7,CELSIUS,25.9,CELSIUS,31.7,CELSIUS,26.4,CELSIUS,10.0,RAIN,0.0,MILLIMETERS,0.0178,MILLIMETERS,1009.84,203.0,SOUTH_SOUTHWEST,8.0,KILOMETERS_PER_HOUR,14.0,KILOMETERS_PER_HOUR,8.0,KILOMETERS,0.30000000000000004,CELSIUS,32.1,CELSIUS,25.8,CELSIUS,0.0,MILLIMETERS,0.9144,MILLIMETERS,,,,2025-06-17 06:00:07.253000+07:00,0600
1160,90526,Lamarm - Sekong ,Lamarm - Sekong ,15.352494,106.722444,2025-06-16T23:01:46.318145813Z,1.0,98.0,0.0,0.0,93.0,Asia/Vientiane,https://maps.gstatic.com/weather/v1/cloudy,Cloudy,en,CLOUDY,24.5,CELSIUS,27.5,CELSIUS,24.2,CELSIUS,27.5,CELSIUS,24.5,CELSIUS,10.0,RAIN,0.0,MILLIMETERS,0.0,MILLIMETERS,1010.42,113.0,EAST_SOUTHEAST,3.0,KILOMETERS_PER_HOUR,6.0,KILOMETERS_PER_HOUR,7.0,KILOMETERS,0.4,CELSIUS,31.5,CELSIUS,24.1,CELSIUS,0.0,MILLIMETERS,2.5348,MILLIMETERS,,,,2025-06-17 06:00:07.253000+07:00,0600
1161,90527,"Kaleum Secondary School - Kaleum, Sekong ມັດທະຍົມ ກະລຶມ","Kaleum Secondary School - Kaleum, Sekong ມັດທະຍົມ ກະລຶມ",15.784384,106.906754,2025-06-16T23:01:47.600939402Z,1.0,95.0,0.0,50.0,100.0,Asia/Vientiane,https://maps.gstatic.com/weather/v1/cloudy,Cloudy,en,CLOUDY,22.0,CELSIUS,24.5,CELSIUS,21.7,CELSIUS,24.5,CELSIUS,22.0,CELSIUS,15.0,RAIN,0.0,MILLIMETERS,0.1194,MILLIMETERS,1011.76,135.0,SOUTHEAST,2.0,KILOMETERS_PER_HOUR,3.0,KILOMETERS_PER_HOUR,8.0,KILOMETERS,0.1,CELSIUS,28.1,CELSIUS,21.2,CELSIUS,0.0,MILLIMETERS,2.1538,MILLIMETERS,,,,2025-06-17 06:00:07.253000+07:00,0600
1162,90528,"Dakcheung Secondary School - Dakcheung, Sekongມັດທະຍົມສົມບູນ ດາກຈຶງ","Dakcheung Secondary School - Dakcheung, Sekongມັດທະຍົມສົມບູນ ດາກຈຶງ",15.467532,107.271451,,,,,,,,,,,,,,,,,,,,,,,,,,,,,,,,,,,,,,,,,,,,,,,404.0,Information is not supported for this location. Please try a different location.,NOT_FOUND,2025-06-17 06:00:07.253000+07:00,0600
1163,90529,Thateng -Sekong,Thateng -Sekong,15.434018,106.382399,2025-06-16T23:01:50.110737480Z,1.0,96.0,0.0,0.0,100.0,Asia/Vientiane,https://maps.gstatic.com/weather/v1/cloudy,Cloudy,en,CLOUDY,28.9,CELSIUS,32.3,CELSIUS,28.5,CELSIUS,32.3,CELSIUS,28.9,CELSIUS,10.0,RAIN,0.0,MILLIMETERS,0.0,MILLIMETERS,1009.77,135.0,SOUTHEAST,5.0,KILOMETERS_PER_HOUR,8.0,KILOMETERS_PER_HOUR,8.0,KILOMETERS,0.30000000000000004,CELSIUS,35.6,CELSIUS,28.2,CELSIUS,0.0,MILLIMETERS,1.3183,MILLIMETERS,,,,2025-06-17 06:00:07.253000+07:00,0600
1164,90530,Pakse - Champasack,Pakse - Champasack,15.12006,105.80211,2025-06-16T23:01:51.365457885Z,1.0,95.0,0.0,40.0,100.0,Asia/Vientiane,https://maps.gstatic.com/weather/v1/cloudy,Cloudy,en,CLOUDY,26.5,CELSIUS,31.4,CELSIUS,26.2,CELSIUS,31.4,CELSIUS,26.5,CELSIUS,25.0,RAIN,0.0,MILLIMETERS,0.09910000000000001,MILLIMETERS,1010.01,158.0,SOUTH_SOUTHEAST,6.0,KILOMETERS_PER_HOUR,11.0,KILOMETERS_PER_HOUR,8.0,KILOMETERS,0.2,CELSIUS,32.9,CELSIUS,25.6,CELSIUS,0.0,MILLIMETERS,1.4455,MILLIMETERS,,,,2025-06-17 06:00:07.253000+07:00,0600
1170,91254,"Chomphet Secondary School - Sisattanak, Vientiane Capital ມັດທະຍົມສົມບູນ ຈອມເພັດ","Chomphet Secondary School - Sisattanak, Vientiane Capital ມັດທະຍົມສົມບູນ ຈອມເພັດ",17.910254,102.622708,2025-06-16T23:01:52.610474802Z,1.0,90.0,0.0,29.0,95.0,Asia/Vientiane,https://maps.gstatic.com/weather/v1/cloudy,Cloudy,en,CLOUDY,25.8,CELSIUS,29.1,CELSIUS,24.0,CELSIUS,29.1,CELSIUS,25.8,CELSIUS,20.0,RAIN,0.0,MILLIMETERS,0.0,MILLIMETERS,1007.92,45.0,NORTHEAST,3.0,KILOMETERS_PER_HOUR,5.0,KILOMETERS_PER_HOUR,16.0,KILOMETERS,0.0,CELSIUS,32.7,CELSIUS,24.9,CELSIUS,0.0,MILLIMETERS,7.0969,MILLIMETERS,,,,2025-06-17 06:00:07.253000+07:00,0600
1224,152182,"ParkOu Secondary School - ParkOu, Luangprabang ມັດທະຍົມສົມບູນ ປາກອູ","ParkOu Secondary School - ParkOu, Luangprabang ມັດທະຍົມສົມບູນ ປາກອູ",20.087592,102.256569,2025-06-16T23:01:53.871547419Z,1.0,89.0,0.0,20.0,100.0,Asia/Vientiane,https://maps.gstatic.com/weather/v1/cloudy,Cloudy,en,CLOUDY,24.3,CELSIUS,26.6,CELSIUS,22.3,CELSIUS,26.6,CELSIUS,24.3,CELSIUS,25.0,RAIN,0.0,MILLIMETERS,0.09910000000000001,MILLIMETERS,1008.2,205.0,SOUTH_SOUTHWEST,2.0,KILOMETERS_PER_HOUR,8.0,KILOMETERS_PER_HOUR,16.0,KILOMETERS,-0.9,CELSIUS,30.7,CELSIUS,24.1,CELSIUS,0.0,MILLIMETERS,12.4893,MILLIMETERS,,,,2025-06-17 06:00:07.253000+07:00,0600
1225,152240,"Phoukhoune Secondary School - Phoukhoune, Luangprabang ມັດທະຍົມ ພູຄູນ","Phoukhoune Secondary School - Phoukhoune, Luangprabang ມັດທະຍົມ ພູຄູນ",19.438824,102.428042,2025-06-16T23:01:55.132279368Z,1.0,100.0,0.0,11.0,100.0,Asia/Vientiane,https://maps.gstatic.com/weather/v1/cloudy,Cloudy,en,CLOUDY,20.6,CELSIUS,25.4,CELSIUS,20.6,CELSIUS,25.4,CELSIUS,20.6,CELSIUS,25.0,RAIN,0.0,MILLIMETERS,0.09910000000000001,MILLIMETERS,1010.15,180.0,SOUTH,5.0,KILOMETERS_PER_HOUR,14.0,KILOMETERS_PER_HOUR,5.0,KILOMETERS,-1.3,CELSIUS,25.9,CELSIUS,20.6,CELSIUS,0.0,MILLIMETERS,9.0122,MILLIMETERS,,,,2025-06-17 06:00:07.253000+07:00,0600
1230,152548,"Longsane Secondary School - Longsane , Xaysomboun ມັດທະຍົມສົມບຸນ ລ້ອງຊານ","Longsane Secondary School - Longsane , Xaysomboun ມັດທະຍົມສົມບຸນ ລ້ອງຊານ",18.550145,103.003076,2025-06-16T23:01:56.406797836Z,1.0,91.0,0.0,0.0,95.0,Asia/Vientiane,https://maps.gstatic.com/weather/v1/cloudy,Cloudy,en,CLOUDY,19.0,CELSIUS,21.3,CELSIUS,17.4,CELSIUS,21.3,CELSIUS,19.0,CELSIUS,10.0,RAIN,0.0,MILLIMETERS,0.0,MILLIMETERS,1008.92,0.0,NORTH,2.0,KILOMETERS_PER_HOUR,2.0,KILOMETERS_PER_HOUR,15.0,KILOMETERS,-0.30000000000000004,CELSIUS,24.0,CELSIUS,17.9,CELSIUS,0.0,MILLIMETERS,9.058,MILLIMETERS,,,,2025-06-17 06:00:07.253000+07:00,0600
1236,153035,Sanxay - Attapeu,Sanxay - Attapeu,14.925784,107.052837,2025-06-16T23:01:57.661540353Z,1.0,100.0,0.0,50.0,100.0,Asia/Vientiane,https://maps.gstatic.com/weather/v1/strong_tstorms,Light thunderstorms and rain,en,LIGHT_THUNDERSTORM_RAIN,18.4,CELSIUS,21.0,CELSIUS,18.4,CELSIUS,21.0,CELSIUS,18.4,CELSIUS,40.0,RAIN,0.0,MILLIMETERS,0.8814000000000001,MILLIMETERS,1011.94,113.0,EAST_SOUTHEAST,5.0,KILOMETERS_PER_HOUR,11.0,KILOMETERS_PER_HOUR,5.0,KILOMETERS,-0.4,CELSIUS,25.6,CELSIUS,18.2,CELSIUS,0.0,MILLIMETERS,7.6482,MILLIMETERS,,,,2025-06-17 06:00:07.253000+07:00,0600
1247,153777,"Dorntalath Secondary School - Champasack, Champasack ມັດທະຍົມ ດອນຕະລາດ","Dorntalath Secondary School - Champasack, Champasack ມັດທະຍົມ ດອນຕະລາດ",14.784126,105.819789,2025-06-16T23:01:58.930324574Z,1.0,100.0,0.0,40.0,100.0,Asia/Vientiane,https://maps.gstatic.com/weather/v1/cloudy,Cloudy,en,CLOUDY,25.9,CELSIUS,30.6,CELSIUS,25.9,CELSIUS,30.6,CELSIUS,25.9,CELSIUS,25.0,RAIN,0.0,MILLIMETERS,0.193,MILLIMETERS,1010.03,135.0,SOUTHEAST,3.0,KILOMETERS_PER_HOUR,8.0,KILOMETERS_PER_HOUR,5.0,KILOMETERS,0.4,CELSIUS,32.8,CELSIUS,25.2,CELSIUS,0.0,MILLIMETERS,3.3072,MILLIMETERS,,,,2025-06-17 06:00:07.253000+07:00,0600
1248,153790,Khong - Champasack,Khong - Champasack,14.048226,105.896012,2025-06-16T23:02:00.194671247Z,1.0,100.0,0.0,50.0,100.0,Asia/Vientiane,https://maps.gstatic.com/weather/v1/strong_tstorms,Light thunderstorms and rain,en,LIGHT_THUNDERSTORM_RAIN,26.2,CELSIUS,31.3,CELSIUS,26.2,CELSIUS,31.3,CELSIUS,26.2,CELSIUS,64.0,RAIN,0.0,MILLIMETERS,0.9906,MILLIMETERS,1010.03,158.0,SOUTH_SOUTHEAST,8.0,KILOMETERS_PER_HOUR,15.0,KILOMETERS_PER_HOUR,5.0,KILOMETERS,-0.1,CELSIUS,33.8,CELSIUS,25.6,CELSIUS,0.0,MILLIMETERS,6.5203,MILLIMETERS,,,,2025-06-17 06:00:07.253000+07:00,0600
1249,153866,Samakkhixay - Attapeu,Samakkhixay - Attapeu,14.812678,106.829211,2025-06-16T23:02:01.487396480Z,1.0,95.0,0.0,40.0,90.0,Asia/Vientiane,https://maps.gstatic.com/weather/v1/drizzle,Light rain,en,LIGHT_RAIN,25.0,CELSIUS,28.2,CELSIUS,24.6,CELSIUS,28.2,CELSIUS,25.0,CELSIUS,40.0,RAIN,0.0,MILLIMETERS,0.8585,MILLIMETERS,1011.14,270.0,WEST,2.0,KILOMETERS_PER_HOUR,3.0,KILOMETERS_PER_HOUR,8.0,KILOMETERS,-0.1,CELSIUS,32.6,CELSIUS,24.4,CELSIUS,0.0,MILLIMETERS,7.7216000000000005,MILLIMETERS,,,,2025-06-17 06:00:07.253000+07:00,0600
1253,153913,Xaysetha - Attapeu,Xaysetha - Attapeu,14.816824,106.930954,2025-06-16T23:02:02.755704224Z,1.0,95.0,0.0,40.0,90.0,Asia/Vientiane,https://maps.gstatic.com/weather/v1/drizzle,Light rain,en,LIGHT_RAIN,25.0,CELSIUS,28.2,CELSIUS,24.6,CELSIUS,28.2,CELSIUS,25.0,CELSIUS,40.0,RAIN,0.0,MILLIMETERS,0.8585,MILLIMETERS,1011.14,270.0,WEST,2.0,KILOMETERS_PER_HOUR,3.0,KILOMETERS_PER_HOUR,8.0,KILOMETERS,-0.1,CELSIUS,32.6,CELSIUS,24.4,CELSIUS,0.0,MILLIMETERS,7.7216000000000005,MILLIMETERS,,,,2025-06-17 06:00:07.253000+07:00,0600
1298,156307,UNICEF Lao PDR CO,UNICEF Lao PDR CO,17.9376508179,102.617231896,2025-06-16T23:02:04.042885652Z,1.0,90.0,0.0,29.0,95.0,Asia/Vientiane,https://maps.gstatic.com/weather/v1/cloudy,Cloudy,en,CLOUDY,25.8,CELSIUS,29.1,CELSIUS,24.0,CELSIUS,29.1,CELSIUS,25.8,CELSIUS,20.0,RAIN,0.0,MILLIMETERS,0.0,MILLIMETERS,1007.92,45.0,NORTHEAST,3.0,KILOMETERS_PER_HOUR,5.0,KILOMETERS_PER_HOUR,16.0,KILOMETERS,0.0,CELSIUS,32.7,CELSIUS,24.9,CELSIUS,0.0,MILLIMETERS,7.0969,MILLIMETERS,,,,2025-06-17 06:00:07.253000+07:00,0600
1087,90402,"Sathit Secondary School - Xaythani, Vientiane Capital ມັດທະຍົມ ສາທິດ","Sathit Secondary School - Xaythani, Vientiane Capital ມັດທະຍົມ ສາທິດ",18.035248,102.63994,2025-06-17T00:00:11.870623438Z,1.0,95.0,0.0,0.0,95.0,Asia/Vientiane,https://maps.gstatic.com/weather/v1/cloudy,Cloudy,en,CLOUDY,27.1,CELSIUS,32.7,CELSIUS,26.3,CELSIUS,32.7,CELSIUS,27.1,CELSIUS,10.0,RAIN,0.0,MILLIMETERS,0.0,MILLIMETERS,1008.4,25.0,NORTH_NORTHEAST,3.0,KILOMETERS_PER_HOUR,8.0,KILOMETERS_PER_HOUR,11.0,KILOMETERS,2.2,CELSIUS,32.7,CELSIUS,24.9,CELSIUS,0.0,MILLIMETERS,4.7347,MILLIMETERS,,,,2025-06-17 07:00:07.683000+07:00,0700
1088,90410,"Naxaithong Secondary School - Naxaithong, Vientiane Capital ມັດທະຍົມ ນາຊາຍທອງ","Naxaithong Secondary School - Naxaithong, Vientiane Capital ມັດທະຍົມ ນາຊາຍທອງ",18.068595,102.535866,2025-06-17T00:00:13.142301057Z,1.0,94.0,0.0,0.0,95.0,Asia/Vientiane,https://maps.gstatic.com/weather/v1/cloudy,Cloudy,en,CLOUDY,27.2,CELSIUS,33.0,CELSIUS,26.3,CELSIUS,33.0,CELSIUS,27.2,CELSIUS,10.0,RAIN,0.0,MILLIMETERS,0.0,MILLIMETERS,1008.4,25.0,NORTH_NORTHEAST,3.0,KILOMETERS_PER_HOUR,6.0,KILOMETERS_PER_HOUR,11.0,KILOMETERS,2.2,CELSIUS,32.9,CELSIUS,25.0,CELSIUS,0.0,MILLIMETERS,4.6054,MILLIMETERS,,,,2025-06-17 07:00:07.683000+07:00,0700
1089,90411,d83bda1bc98c Phongsaly - Phongsaly,d83bda1bc98c Phongsaly - Phongsaly,21.695,102.085,2025-06-17T00:00:14.523962395Z,1.0,100.0,0.0,20.0,100.0,Asia/Vientiane,https://maps.gstatic.com/weather/v1/drizzle,Light rain,en,LIGHT_RAIN,20.6,CELSIUS,24.0,CELSIUS,20.6,CELSIUS,24.0,CELSIUS,20.6,CELSIUS,45.0,RAIN,0.0,MILLIMETERS,1.2497,MILLIMETERS,1009.14,90.0,EAST,3.0,KILOMETERS_PER_HOUR,5.0,KILOMETERS_PER_HOUR,5.0,KILOMETERS,-1.2,CELSIUS,28.5,CELSIUS,20.5,CELSIUS,0.0,MILLIMETERS,14.8335,MILLIMETERS,,,,2025-06-17 07:00:07.683000+07:00,0700
1090,90412,May - Phongsaly,May - Phongsaly,21.172583,102.722705,2025-06-17T00:00:15.840501421Z,1.0,94.0,0.0,20.0,100.0,Asia/Vientiane,https://maps.gstatic.com/weather/v1/drizzle,Light rain,en,LIGHT_RAIN,20.0,CELSIUS,22.9,CELSIUS,19.1,CELSIUS,22.9,CELSIUS,20.0,CELSIUS,40.0,RAIN,0.0,MILLIMETERS,1.2116,MILLIMETERS,1009.93,225.0,SOUTHWEST,5.0,KILOMETERS_PER_HOUR,14.0,KILOMETERS_PER_HOUR,11.0,KILOMETERS,-1.0,CELSIUS,25.9,CELSIUS,19.5,CELSIUS,0.0,MILLIMETERS,15.7404,MILLIMETERS,,,,2025-06-17 07:00:07.683000+07:00,0700
1091,90413,"Natoon Secondary School - Khua, Phongsaly ມັດທະຍົມສົມບູນ ນາຕູ່ນ","Natoon Secondary School - Khua, Phongsaly ມັດທະຍົມສົມບູນ ນາຕູ່ນ",21.078865,102.505833,2025-06-17T00:00:17.131171783Z,1.0,96.0,0.0,20.0,100.0,Asia/Vientiane,https://maps.gstatic.com/weather/v1/cloudy,Cloudy,en,CLOUDY,20.3,CELSIUS,22.8,CELSIUS,19.7,CELSIUS,22.8,CELSIUS,20.3,CELSIUS,25.0,RAIN,0.0,MILLIMETERS,0.09910000000000001,MILLIMETERS,1009.28,200.0,SOUTH_SOUTHWEST,5.0,KILOMETERS_PER_HOUR,14.0,KILOMETERS_PER_HOUR,10.0,KILOMETERS,-0.1,CELSIUS,26.4,CELSIUS,19.8,CELSIUS,0.0,MILLIMETERS,8.1105,MILLIMETERS,,,,2025-06-17 07:00:07.683000+07:00,0700
1092,90414,"Naxay Secondary School - Samphanh, Phongsaly ມັດທະຍົມສົມບູນ ນາໄຊ","Naxay Secondary School - Samphanh, Phongsaly ມັດທະຍົມສົມບູນ ນາໄຊ",21.346014,102.349329,2025-06-17T00:00:18.396470593Z,1.0,100.0,0.0,20.0,100.0,Asia/Vientiane,https://maps.gstatic.com/weather/v1/drizzle,Light rain,en,LIGHT_RAIN,11.1,CELSIUS,16.5,CELSIUS,11.1,CELSIUS,16.5,CELSIUS,11.1,CELSIUS,25.0,RAIN,0.0,MILLIMETERS,0.4572,MILLIMETERS,1009.7,215.0,SOUTHWEST,6.0,KILOMETERS_PER_HOUR,18.0,KILOMETERS_PER_HOUR,5.0,KILOMETERS,-1.0,CELSIUS,17.1,CELSIUS,10.8,CELSIUS,0.0,MILLIMETERS,12.708,MILLIMETERS,,,,2025-06-17 07:00:07.683000+07:00,0700
1093,90419,"Long Secondary School - Long, LuangNamtha ມັດທະຍົມສົມບູນ ເມືອງລອງ","Long Secondary School - Long, LuangNamtha ມັດທະຍົມສົມບູນ ເມືອງລອງ",20.962029,100.82109,2025-06-17T00:00:19.695205529Z,1.0,98.0,0.0,20.0,100.0,Asia/Vientiane,https://maps.gstatic.com/weather/v1/drizzle,Light rain,en,LIGHT_RAIN,21.9,CELSIUS,24.6,CELSIUS,21.6,CELSIUS,24.6,CELSIUS,21.9,CELSIUS,35.0,RAIN,0.0,MILLIMETERS,0.2667,MILLIMETERS,1010.0,203.0,SOUTH_SOUTHWEST,5.0,KILOMETERS_PER_HOUR,8.0,KILOMETERS_PER_HOUR,6.0,KILOMETERS,-1.2,CELSIUS,27.3,CELSIUS,22.3,CELSIUS,0.0,MILLIMETERS,8.1001,MILLIMETERS,,,,2025-06-17 07:00:07.683000+07:00,0700
1094,90421,"Sing Secondary School - Sing, LuangNamtha ມັດທະຍົມສົມບູນ ເມືອງສິງ","Sing Secondary School - Sing, LuangNamtha ມັດທະຍົມສົມບູນ ເມືອງສິງ",21.190223,101.144937,2025-06-17T00:00:20.988682444Z,1.0,98.0,0.0,20.0,100.0,Asia/Vientiane,https://maps.gstatic.com/weather/v1/drizzle,Light rain,en,LIGHT_RAIN,21.9,CELSIUS,24.6,CELSIUS,21.6,CELSIUS,24.6,CELSIUS,21.9,CELSIUS,35.0,RAIN,0.0,MILLIMETERS,0.2667,MILLIMETERS,1010.0,203.0,SOUTH_SOUTHWEST,5.0,KILOMETERS_PER_HOUR,8.0,KILOMETERS_PER_HOUR,6.0,KILOMETERS,-1.2,CELSIUS,27.3,CELSIUS,22.3,CELSIUS,0.0,MILLIMETERS,8.1001,MILLIMETERS,,,,2025-06-17 07:00:07.683000+07:00,0700
1095,90424,"La Secondary School - La, Oudomxai ມັດທະຍົມສົມບູນ ເມືອງຫລາ","La Secondary School - La, Oudomxai ມັດທະຍົມສົມບູນ ເມືອງຫລາ",20.870865,102.110246,2025-06-17T00:00:22.259956482Z,1.0,96.0,0.0,20.0,100.0,Asia/Vientiane,https://maps.gstatic.com/weather/v1/cloudy,Cloudy,en,CLOUDY,21.0,CELSIUS,23.5,CELSIUS,20.3,CELSIUS,23.5,CELSIUS,21.0,CELSIUS,25.0,RAIN,0.0,MILLIMETERS,0.09910000000000001,MILLIMETERS,1009.28,200.0,SOUTH_SOUTHWEST,5.0,KILOMETERS_PER_HOUR,14.0,KILOMETERS_PER_HOUR,10.0,KILOMETERS,-0.1,CELSIUS,27.1,CELSIUS,20.5,CELSIUS,0.0,MILLIMETERS,8.1105,MILLIMETERS,,,,2025-06-17 07:00:07.683000+07:00,0700
1096,90425,"Namor Secondary School - Namor, Oudomxay ມັດທະຍົມ ເມືອງນາໝໍ້","Namor Secondary School - Namor, Oudomxay ມັດທະຍົມ ເມືອງນາໝໍ້",20.914061,101.764456,2025-06-17T00:00:23.549245406Z,1.0,100.0,0.0,20.0,100.0,Asia/Vientiane,https://maps.gstatic.com/weather/v1/drizzle,Light rain,en,LIGHT_RAIN,20.8,CELSIUS,23.4,CELSIUS,20.5,CELSIUS,23.4,CELSIUS,20.8,CELSIUS,35.0,RAIN,0.0,MILLIMETERS,0.3759,MILLIMETERS,1009.97,225.0,SOUTHWEST,6.0,KILOMETERS_PER_HOUR,13.0,KILOMETERS_PER_HOUR,6.0,KILOMETERS,-0.5,CELSIUS,27.8,CELSIUS,21.2,CELSIUS,0.0,MILLIMETERS,6.2179,MILLIMETERS,,,,2025-06-17 07:00:07.683000+07:00,0700
1097,90427,Beng - Oudomxai,Beng - Oudomxai,20.296295,101.639666,2025-06-17T00:00:24.820533794Z,1.0,90.0,0.0,0.0,100.0,Asia/Vientiane,https://maps.gstatic.com/weather/v1/cloudy,Cloudy,en,CLOUDY,23.1,CELSIUS,25.4,CELSIUS,21.6,CELSIUS,25.4,CELSIUS,23.1,CELSIUS,10.0,RAIN,0.0,MILLIMETERS,0.0051,MILLIMETERS,1010.04,203.0,SOUTH_SOUTHWEST,6.0,KILOMETERS_PER_HOUR,11.0,KILOMETERS_PER_HOUR,14.0,KILOMETERS,-0.5,CELSIUS,29.2,CELSIUS,22.9,CELSIUS,0.0,MILLIMETERS,9.1999,MILLIMETERS,,,,2025-06-17 07:00:07.683000+07:00,0700
1098,90428,"Hoon Secondary School - Hoon, Oudomxay ມັດທະຍົມ ເມືອງຮຸນ","Hoon Secondary School - Hoon, Oudomxay ມັດທະຍົມ ເມືອງຮຸນ",20.146431,101.467765,2025-06-17T00:00:26.075205659Z,1.0,90.0,0.0,0.0,100.0,Asia/Vientiane,https://maps.gstatic.com/weather/v1/cloudy,Cloudy,en,CLOUDY,23.1,CELSIUS,25.4,CELSIUS,21.6,CELSIUS,25.4,CELSIUS,23.1,CELSIUS,10.0,RAIN,0.0,MILLIMETERS,0.0051,MILLIMETERS,1010.04,203.0,SOUTH_SOUTHWEST,6.0,KILOMETERS_PER_HOUR,11.0,KILOMETERS_PER_HOUR,14.0,KILOMETERS,-0.5,CELSIUS,29.2,CELSIUS,22.9,CELSIUS,0.0,MILLIMETERS,9.1999,MILLIMETERS,,,,2025-06-17 07:00:07.683000+07:00,0700
1099,90430,"Nampook Secondary School - Huoixai, Bokeo ມັດທະຍົມສົມບູນ ນ້ຳປຸກ","Nampook Secondary School - Huoixai, Bokeo ມັດທະຍົມສົມບູນ ນ້ຳປຸກ",20.217811,100.565439,2025-06-17T00:00:27.329019542Z,1.0,95.0,0.0,20.0,100.0,Asia/Vientiane,https://maps.gstatic.com/weather/v1/drizzle,Light rain,en,LIGHT_RAIN,24.7,CELSIUS,27.6,CELSIUS,23.6,CELSIUS,27.6,CELSIUS,24.7,CELSIUS,40.0,RAIN,0.0,MILLIMETERS,0.7010000000000001,MILLIMETERS,1009.0,270.0,WEST,2.0,KILOMETERS_PER_HOUR,3.0,KILOMETERS_PER_HOUR,11.0,KILOMETERS,-0.8,CELSIUS,30.6,CELSIUS,24.2,CELSIUS,0.0,MILLIMETERS,25.6158,MILLIMETERS,,,,2025-06-17 07:00:07.683000+07:00,0700
1100,90432,Meung - Bokeo,Meung - Bokeo,20.565749,100.592003,2025-06-17T00:00:28.615304464Z,1.0,95.0,0.0,20.0,100.0,Asia/Vientiane,https://maps.gstatic.com/weather/v1/drizzle,Light rain,en,LIGHT_RAIN,20.6,CELSIUS,23.0,CELSIUS,20.1,CELSIUS,23.0,CELSIUS,20.6,CELSIUS,45.0,RAIN,0.0,MILLIMETERS,1.3157,MILLIMETERS,1009.1,203.0,SOUTH_SOUTHWEST,5.0,KILOMETERS_PER_HOUR,8.0,KILOMETERS_PER_HOUR,8.0,KILOMETERS,-0.7000000000000001,CELSIUS,26.5,CELSIUS,20.4,CELSIUS,0.0,MILLIMETERS,10.7924,MILLIMETERS,,,,2025-06-17 07:00:07.683000+07:00,0700
1101,90433,Pha Oudom - Bokeo,Pha Oudom - Bokeo,20.086216,100.831707,2025-06-17T00:00:29.874780016Z,1.0,95.0,0.0,20.0,100.0,Asia/Vientiane,https://maps.gstatic.com/weather/v1/drizzle,Light rain,en,LIGHT_RAIN,19.0,CELSIUS,21.4,CELSIUS,18.4,CELSIUS,21.4,CELSIUS,19.0,CELSIUS,45.0,RAIN,0.0,MILLIMETERS,0.9652000000000001,MILLIMETERS,1009.72,203.0,SOUTH_SOUTHWEST,3.0,KILOMETERS_PER_HOUR,6.0,KILOMETERS_PER_HOUR,10.0,KILOMETERS,-0.8,CELSIUS,24.9,CELSIUS,18.8,CELSIUS,0.0,MILLIMETERS,11.481,MILLIMETERS,,,,2025-06-17 07:00:07.683000+07:00,0700
1102,90435,"Santiphab Secondary School - Luangprabang, Luangprabang ມັດທະຍົມ ສັນຕິພາບ","Santiphab Secondary School - Luangprabang, Luangprabang ມັດທະຍົມ ສັນຕິພາບ",19.880332,102.139832,2025-06-17T00:00:31.130057311Z,1.0,92.0,0.0,30.0,100.0,Asia/Vientiane,https://maps.gstatic.com/weather/v1/drizzle,Light rain,en,LIGHT_RAIN,25.0,CELSIUS,27.9,CELSIUS,23.5,CELSIUS,27.9,CELSIUS,25.0,CELSIUS,25.0,RAIN,0.0,MILLIMETERS,0.39880000000000004,MILLIMETERS,1008.62,180.0,SOUTH,2.0,KILOMETERS_PER_HOUR,5.0,KILOMETERS_PER_HOUR,14.0,KILOMETERS,-0.30000000000000004,CELSIUS,30.8,CELSIUS,24.2,CELSIUS,0.0,MILLIMETERS,13.1522,MILLIMETERS,,,,2025-06-17 07:00:07.683000+07:00,0700
1103,90437,"PakXeng Secondary School - PakXeng, Luangprabang ມັດທະຍົມສົມບູນ ປາກແຊງ","PakXeng Secondary School - PakXeng, Luangprabang ມັດທະຍົມສົມບູນ ປາກແຊງ",20.174492,102.675657,2025-06-17T00:00:32.402025369Z,1.0,100.0,0.0,30.0,100.0,Asia/Vientiane,https://maps.gstatic.com/weather/v1/drizzle,Light rain,en,LIGHT_RAIN,18.5,CELSIUS,21.3,CELSIUS,18.5,CELSIUS,21.3,CELSIUS,18.5,CELSIUS,40.0,RAIN,0.0,MILLIMETERS,0.8763000000000001,MILLIMETERS,1009.5,155.0,SOUTH_SOUTHEAST,5.0,KILOMETERS_PER_HOUR,11.0,KILOMETERS_PER_HOUR,5.0,KILOMETERS,-0.5,CELSIUS,21.8,CELSIUS,18.0,CELSIUS,0.0,MILLIMETERS,16.2715,MILLIMETERS,,,,2025-06-17 07:00:07.683000+07:00,0700
1104,90438,"Phonxay Secpondary School - Phonxay, Luangprabang ມັດທະຍົມສົມບູນ ເມືອງໂພນໄຊ","Phonxay Secpondary School - Phonxay, Luangprabang ມັດທະຍົມສົມບູນ ເມືອງໂພນໄຊ",19.958916,102.572347,,,,,,,,,,,,,,,,,,,,,,,,,,,,,,,,,,,,,,,,,,,,,,,404.0,Information is not supported for this location. Please try a different location.,NOT_FOUND,2025-06-17 07:00:07.683000+07:00,0700
1105,90440,"Vangxieng Secondary School - Phonthong, Luangprabang ມັດທະຍົມ ວັງຊຽງ","Vangxieng Secondary School - Phonthong, Luangprabang ມັດທະຍົມ ວັງຊຽງ",20.737745,103.073231,2025-06-17T00:00:34.908238296Z,1.0,94.0,0.0,20.0,100.0,Asia/Vientiane,https://maps.gstatic.com/weather/v1/drizzle,Light rain,en,LIGHT_RAIN,20.7,CELSIUS,23.6,CELSIUS,19.8,CELSIUS,23.6,CELSIUS,20.7,CELSIUS,40.0,RAIN,0.0,MILLIMETERS,1.2116,MILLIMETERS,1009.93,225.0,SOUTHWEST,5.0,KILOMETERS_PER_HOUR,15.0,KILOMETERS_PER_HOUR,11.0,KILOMETERS,-0.9,CELSIUS,26.6,CELSIUS,20.2,CELSIUS,0.0,MILLIMETERS,15.7404,MILLIMETERS,,,,2025-06-17 07:00:07.683000+07:00,0700
1106,90441,"Kiwkachum Secondary School - XiengNgeun, Luangprabang ມັດທະຍົມ ກິ່ວກະຈຳ","Kiwkachum Secondary School - XiengNgeun, Luangprabang ມັດທະຍົມ ກິ່ວກະຈຳ",19.555,102.234,2025-06-17T00:00:36.194439127Z,1.0,100.0,0.0,30.0,100.0,Asia/Vientiane,https://maps.gstatic.com/weather/v1/drizzle,Light rain,en,LIGHT_RAIN,21.4,CELSIUS,25.3,CELSIUS,21.4,CELSIUS,25.3,CELSIUS,21.4,CELSIUS,25.0,RAIN,0.0,MILLIMETERS,0.39880000000000004,MILLIMETERS,1010.54,180.0,SOUTH,5.0,KILOMETERS_PER_HOUR,14.0,KILOMETERS_PER_HOUR,5.0,KILOMETERS,-0.30000000000000004,CELSIUS,25.9,CELSIUS,20.6,CELSIUS,0.0,MILLIMETERS,9.411,MILLIMETERS,,,,2025-06-17 07:00:07.683000+07:00,0700
1107,90442,"Nan Secondary School - Nan, Luangprabang ມັດທະຍົມ ເມືອງນານ","Nan Secondary School - Nan, Luangprabang ມັດທະຍົມ ເມືອງນານ",19.498539,101.883867,2025-06-17T00:00:37.474460634Z,1.0,95.0,0.0,30.0,100.0,Asia/Vientiane,https://maps.gstatic.com/weather/v1/cloudy,Cloudy,en,CLOUDY,19.6,CELSIUS,22.1,CELSIUS,18.7,CELSIUS,22.1,CELSIUS,19.6,CELSIUS,20.0,RAIN,0.0,MILLIMETERS,0.0229,MILLIMETERS,1009.89,225.0,SOUTHWEST,3.0,KILOMETERS_PER_HOUR,5.0,KILOMETERS_PER_HOUR,11.0,KILOMETERS,-0.30000000000000004,CELSIUS,24.5,CELSIUS,19.1,CELSIUS,0.0,MILLIMETERS,17.6811,MILLIMETERS,,,,2025-06-17 07:00:07.683000+07:00,0700
1108,90447,Xamneua - Houaphan,Xamneua - Houaphan,20.413807,104.050733,2025-06-17T00:00:38.758166677Z,1.0,96.0,0.0,0.0,100.0,Asia/Vientiane,https://maps.gstatic.com/weather/v1/cloudy,Cloudy,en,CLOUDY,21.6,CELSIUS,24.3,CELSIUS,21.2,CELSIUS,24.3,CELSIUS,21.6,CELSIUS,10.0,RAIN,0.0,MILLIMETERS,0.0,MILLIMETERS,1008.7,235.0,SOUTHWEST,5.0,KILOMETERS_PER_HOUR,16.0,KILOMETERS_PER_HOUR,10.0,KILOMETERS,0.1,CELSIUS,25.4,CELSIUS,20.3,CELSIUS,0.0,MILLIMETERS,8.4076,MILLIMETERS,,,,2025-06-17 07:00:07.683000+07:00,0700
1109,90449,"BouamNgam Secondary School - Huameuang, Houaphan  ມັດທະຍົມ ບວມງາມ","BouamNgam Secondary School - Huameuang, Houaphan  ມັດທະຍົມ ບວມງາມ",20.199501,103.875166,2025-06-17T00:00:40.056888746Z,1.0,100.0,0.0,20.0,100.0,Asia/Vientiane,https://maps.gstatic.com/weather/v1/cloudy,Cloudy,en,CLOUDY,20.2,CELSIUS,23.5,CELSIUS,20.2,CELSIUS,23.5,CELSIUS,20.2,CELSIUS,20.0,RAIN,0.0,MILLIMETERS,0.09910000000000001,MILLIMETERS,1010.15,225.0,SOUTHWEST,3.0,KILOMETERS_PER_HOUR,8.0,KILOMETERS_PER_HOUR,5.0,KILOMETERS,0.6000000000000001,CELSIUS,23.2,CELSIUS,19.1,CELSIUS,0.0,MILLIMETERS,8.6693,MILLIMETERS,,,,2025-06-17 07:00:07.683000+07:00,0700
1110,90450,Xamtay - Houaphan,Xamtay - Houaphan,19.999194,104.64011,2025-06-17T00:00:41.345743014Z,1.0,90.0,0.0,0.0,100.0,Asia/Vientiane,https://maps.gstatic.com/weather/v1/cloudy,Cloudy,en,CLOUDY,21.2,CELSIUS,23.6,CELSIUS,19.5,CELSIUS,23.6,CELSIUS,21.2,CELSIUS,10.0,RAIN,0.0,MILLIMETERS,0.0,MILLIMETERS,1009.05,245.0,WEST_SOUTHWEST,3.0,KILOMETERS_PER_HOUR,6.0,KILOMETERS_PER_HOUR,15.0,KILOMETERS,0.30000000000000004,CELSIUS,24.6,CELSIUS,19.1,CELSIUS,0.0,MILLIMETERS,4.308,MILLIMETERS,,,,2025-06-17 07:00:07.683000+07:00,0700
1111,90451,"Add Secondary School - Add, Houaphan ມັດທະຍົມ ແອດ","Add Secondary School - Add, Houaphan ມັດທະຍົມ ແອດ",20.820542,104.004618,,,,,,,,,,,,,,,,,,,,,,,,,,,,,,,,,,,,,,,,,,,,,,,404.0,Information is not supported for this location. Please try a different location.,NOT_FOUND,2025-06-17 07:00:07.683000+07:00,0700
1112,90452,Xon - Houaphan,Xon - Houaphan,20.466813,103.34797,2025-06-17T00:00:43.862807576Z,1.0,100.0,0.0,20.0,100.0,Asia/Vientiane,https://maps.gstatic.com/weather/v1/cloudy,Cloudy,en,CLOUDY,17.6,CELSIUS,20.9,CELSIUS,17.6,CELSIUS,20.9,CELSIUS,17.6,CELSIUS,20.0,RAIN,0.0,MILLIMETERS,0.09910000000000001,MILLIMETERS,1010.15,225.0,SOUTHWEST,3.0,KILOMETERS_PER_HOUR,8.0,KILOMETERS_PER_HOUR,5.0,KILOMETERS,0.6000000000000001,CELSIUS,20.6,CELSIUS,16.5,CELSIUS,0.0,MILLIMETERS,8.6693,MILLIMETERS,,,,2025-06-17 07:00:07.683000+07:00,0700
1113,90453,Xiengkhor - Houaphan,Xiengkhor - Houaphan,20.813892,104.146676,,,,,,,,,,,,,,,,,,,,,,,,,,,,,,,,,,,,,,,,,,,,,,,404.0,Information is not supported for this location. Please try a different location.,NOT_FOUND,2025-06-17 07:00:07.683000+07:00,0700
1114,90454," Viengthong Secondary School - Hiem, Houaphan ມັດທະຍົມ ວຽງທອງ"," Viengthong Secondary School - Hiem, Houaphan ມັດທະຍົມ ວຽງທອງ",20.099855,103.380396,2025-06-17T00:00:46.390310113Z,1.0,100.0,0.0,20.0,100.0,Asia/Vientiane,https://maps.gstatic.com/weather/v1/cloudy,Cloudy,en,CLOUDY,17.6,CELSIUS,20.9,CELSIUS,17.6,CELSIUS,20.9,CELSIUS,17.6,CELSIUS,20.0,RAIN,0.0,MILLIMETERS,0.09910000000000001,MILLIMETERS,1010.15,225.0,SOUTHWEST,3.0,KILOMETERS_PER_HOUR,8.0,KILOMETERS_PER_HOUR,5.0,KILOMETERS,0.6000000000000001,CELSIUS,20.6,CELSIUS,16.5,CELSIUS,0.0,MILLIMETERS,8.6693,MILLIMETERS,,,,2025-06-17 07:00:07.683000+07:00,0700
1115,90455,"Sopbao Secondary School - Sopbao, Houaphan ມັດທະຍົມ ສົບເບົາ","Sopbao Secondary School - Sopbao, Houaphan ມັດທະຍົມ ສົບເບົາ",20.710206,104.384946,2025-06-17T00:00:47.682510729Z,1.0,96.0,0.0,0.0,100.0,Asia/Vientiane,https://maps.gstatic.com/weather/v1/cloudy,Cloudy,en,CLOUDY,17.7,CELSIUS,20.5,CELSIUS,17.3,CELSIUS,20.5,CELSIUS,17.7,CELSIUS,10.0,RAIN,0.0,MILLIMETERS,0.0,MILLIMETERS,1008.71,235.0,SOUTHWEST,5.0,KILOMETERS_PER_HOUR,16.0,KILOMETERS_PER_HOUR,10.0,KILOMETERS,0.1,CELSIUS,21.5,CELSIUS,16.4,CELSIUS,0.0,MILLIMETERS,8.4076,MILLIMETERS,,,,2025-06-17 07:00:07.683000+07:00,0700
1116,90456,"Kuan Secondary School - Kuan, Houaphan ມັດທະຍົມສົມບູນ ກັວນ","Kuan Secondary School - Kuan, Houaphan ມັດທະຍົມສົມບູນ ກັວນ",19.835863,104.561303,2025-06-17T00:00:48.961574402Z,1.0,90.0,0.0,1.0,100.0,Asia/Vientiane,https://maps.gstatic.com/weather/v1/cloudy,Cloudy,en,CLOUDY,22.5,CELSIUS,24.9,CELSIUS,20.8,CELSIUS,24.9,CELSIUS,22.5,CELSIUS,10.0,RAIN,0.0,MILLIMETERS,0.0,MILLIMETERS,1009.05,245.0,WEST_SOUTHWEST,3.0,KILOMETERS_PER_HOUR,6.0,KILOMETERS_PER_HOUR,15.0,KILOMETERS,0.30000000000000004,CELSIUS,25.9,CELSIUS,20.4,CELSIUS,0.0,MILLIMETERS,4.308,MILLIMETERS,,,,2025-06-17 07:00:07.683000+07:00,0700
1117,90457,"Khob Secondary School - Khob, Xayabouli ມັດທະຍົມ ເມືອງຄອບ","Khob Secondary School - Khob, Xayabouli ມັດທະຍົມ ເມືອງຄອບ",19.699713,100.5572,2025-06-17T00:00:50.246712150Z,1.0,89.0,0.0,20.0,100.0,Asia/Vientiane,https://maps.gstatic.com/weather/v1/drizzle,Light rain,en,LIGHT_RAIN,24.5,CELSIUS,27.0,CELSIUS,22.5,CELSIUS,27.0,CELSIUS,24.5,CELSIUS,35.0,RAIN,0.0,MILLIMETERS,0.0965,MILLIMETERS,1008.89,158.0,SOUTH_SOUTHEAST,8.0,KILOMETERS_PER_HOUR,14.0,KILOMETERS_PER_HOUR,16.0,KILOMETERS,-0.2,CELSIUS,28.9,CELSIUS,23.7,CELSIUS,0.0,MILLIMETERS,7.0256,MILLIMETERS,,,,2025-06-17 07:00:07.683000+07:00,0700
1118,90458,"Hongsa Secondary School - Hongsa, Xaignabouly ມັດທະຍົມສົມບູນ ຫົງສາ","Hongsa Secondary School - Hongsa, Xaignabouly ມັດທະຍົມສົມບູນ ຫົງສາ",19.70693,101.342893,2025-06-17T00:00:51.506758799Z,1.0,95.0,0.0,30.0,100.0,Asia/Vientiane,https://maps.gstatic.com/weather/v1/cloudy,Cloudy,en,CLOUDY,20.9,CELSIUS,23.4,CELSIUS,20.0,CELSIUS,23.4,CELSIUS,20.9,CELSIUS,20.0,RAIN,0.0,MILLIMETERS,0.0229,MILLIMETERS,1009.89,225.0,SOUTHWEST,3.0,KILOMETERS_PER_HOUR,5.0,KILOMETERS_PER_HOUR,11.0,KILOMETERS,-0.30000000000000004,CELSIUS,25.8,CELSIUS,20.4,CELSIUS,0.0,MILLIMETERS,17.6811,MILLIMETERS,,,,2025-06-17 07:00:07.683000+07:00,0700
1119,90459,Phiang - Xaignabouly,Phiang - Xaignabouly,19.094645,101.529558,2025-06-17T00:00:52.768937965Z,1.0,90.0,0.0,20.0,100.0,Asia/Vientiane,https://maps.gstatic.com/weather/v1/drizzle,Light rain,en,LIGHT_RAIN,24.2,CELSIUS,26.6,CELSIUS,22.8,CELSIUS,26.6,CELSIUS,24.2,CELSIUS,35.0,RAIN,0.0,MILLIMETERS,0.5156000000000001,MILLIMETERS,1010.07,180.0,SOUTH,3.0,KILOMETERS_PER_HOUR,6.0,KILOMETERS_PER_HOUR,13.0,KILOMETERS,-0.5,CELSIUS,30.9,CELSIUS,23.7,CELSIUS,0.0,MILLIMETERS,2.4103,MILLIMETERS,,,,2025-06-17 07:00:07.683000+07:00,0700
1120,90460,Parklai - Xaignabouly,Parklai - Xaignabouly,18.220795,101.405717,2025-06-17T00:00:54.029274767Z,1.0,78.0,0.0,0.0,100.0,Asia/Vientiane,https://maps.gstatic.com/weather/v1/cloudy,Cloudy,en,CLOUDY,25.3,CELSIUS,27.7,CELSIUS,21.1,CELSIUS,27.7,CELSIUS,25.3,CELSIUS,10.0,RAIN,0.0,MILLIMETERS,0.0,MILLIMETERS,1009.0,248.0,WEST_SOUTHWEST,3.0,KILOMETERS_PER_HOUR,8.0,KILOMETERS_PER_HOUR,16.0,KILOMETERS,-0.1,CELSIUS,31.7,CELSIUS,24.4,CELSIUS,0.0,MILLIMETERS,1.3588,MILLIMETERS,,,,2025-06-17 07:00:07.683000+07:00,0700
1121,90463,"Ekaphab Secondary School - Xayabury, Xayabury ມັດທະຍົມ ເອກະພາບ","Ekaphab Secondary School - Xayabury, Xayabury ມັດທະຍົມ ເອກະພາບ",19.237566,101.714751,2025-06-17T00:00:55.286272023Z,1.0,86.0,0.0,1.0,100.0,Asia/Vientiane,https://maps.gstatic.com/weather/v1/cloudy,Cloudy,en,CLOUDY,25.4,CELSIUS,28.1,CELSIUS,23.2,CELSIUS,28.1,CELSIUS,25.4,CELSIUS,10.0,RAIN,0.0,MILLIMETERS,0.0152,MILLIMETERS,1009.0,203.0,SOUTH_SOUTHWEST,3.0,KILOMETERS_PER_HOUR,8.0,KILOMETERS_PER_HOUR,16.0,KILOMETERS,0.30000000000000004,CELSIUS,30.7,CELSIUS,24.8,CELSIUS,0.0,MILLIMETERS,7.0992,MILLIMETERS,,,,2025-06-17 07:00:07.683000+07:00,0700
1122,90466,"Kenethao Secondary School - Kenethao, Xayabury ມັດທະຍົມສົມບຸນ ແກ່ນທ້າວ","Kenethao Secondary School - Kenethao, Xayabury ມັດທະຍົມສົມບຸນ ແກ່ນທ້າວ",17.740569,101.403471,2025-06-17T00:00:56.538244695Z,1.0,81.0,0.0,0.0,100.0,Asia/Vientiane,https://maps.gstatic.com/weather/v1/cloudy,Cloudy,en,CLOUDY,26.5,CELSIUS,29.4,CELSIUS,22.5,CELSIUS,29.4,CELSIUS,26.5,CELSIUS,10.0,RAIN,0.0,MILLIMETERS,0.0,MILLIMETERS,1009.0,293.0,WEST_NORTHWEST,3.0,KILOMETERS_PER_HOUR,6.0,KILOMETERS_PER_HOUR,16.0,KILOMETERS,-0.30000000000000004,CELSIUS,33.0,CELSIUS,25.2,CELSIUS,0.0,MILLIMETERS,0.6553,MILLIMETERS,,,,2025-06-17 07:00:07.683000+07:00,0700
1123,90468,Pek - Xiengkhouang,Pek - Xiengkhouang,19.444636,103.205788,2025-06-17T00:00:57.800640571Z,1.0,95.0,0.0,30.0,100.0,Asia/Vientiane,https://maps.gstatic.com/weather/v1/cloudy,Cloudy,en,CLOUDY,21.1,CELSIUS,24.1,CELSIUS,20.6,CELSIUS,24.1,CELSIUS,21.1,CELSIUS,20.0,RAIN,0.0,MILLIMETERS,0.09910000000000001,MILLIMETERS,1011.06,180.0,SOUTH,3.0,KILOMETERS_PER_HOUR,8.0,KILOMETERS_PER_HOUR,10.0,KILOMETERS,-0.1,CELSIUS,27.2,CELSIUS,20.1,CELSIUS,0.0,MILLIMETERS,10.7902,MILLIMETERS,,,,2025-06-17 07:00:07.683000+07:00,0700
1124,90469,Nonghed - Xiengkhouang,Nonghed - Xiengkhouang,19.49661,103.986121,,,,,,,,,,,,,,,,,,,,,,,,,,,,,,,,,,,,,,,,,,,,,,,404.0,Information is not supported for this location. Please try a different location.,NOT_FOUND,2025-06-17 07:00:07.683000+07:00,0700
1125,90471,"Napa Secondary School - Kham, Xiengkhouang ມັດທະຍົມ ນາປາ","Napa Secondary School - Kham, Xiengkhouang ມັດທະຍົມ ນາປາ",19.590573,103.662369,2025-06-17T00:01:00.299627110Z,1.0,96.0,0.0,1.0,100.0,Asia/Vientiane,https://maps.gstatic.com/weather/v1/cloudy,Cloudy,en,CLOUDY,22.5,CELSIUS,24.9,CELSIUS,21.7,CELSIUS,24.9,CELSIUS,22.5,CELSIUS,10.0,RAIN,0.0,MILLIMETERS,0.0,MILLIMETERS,1010.0,270.0,WEST,2.0,KILOMETERS_PER_HOUR,2.0,KILOMETERS_PER_HOUR,10.0,KILOMETERS,0.1,CELSIUS,27.4,CELSIUS,20.9,CELSIUS,0.0,MILLIMETERS,6.1418,MILLIMETERS,,,,2025-06-17 07:00:07.683000+07:00,0700
1126,90472,"Chomphet Seconbdary School - Khoune, Xiengkhuang ມັດທະຍົມ ຈອມເພັດ","Chomphet Seconbdary School - Khoune, Xiengkhuang ມັດທະຍົມ ຈອມເພັດ",19.340999,103.371433,2025-06-17T00:01:01.591687498Z,1.0,95.0,0.0,30.0,100.0,Asia/Vientiane,https://maps.gstatic.com/weather/v1/cloudy,Cloudy,en,CLOUDY,21.1,CELSIUS,24.1,CELSIUS,20.6,CELSIUS,24.1,CELSIUS,21.1,CELSIUS,20.0,RAIN,0.0,MILLIMETERS,0.09910000000000001,MILLIMETERS,1011.06,180.0,SOUTH,3.0,KILOMETERS_PER_HOUR,8.0,KILOMETERS_PER_HOUR,10.0,KILOMETERS,-0.1,CELSIUS,27.2,CELSIUS,20.1,CELSIUS,0.0,MILLIMETERS,10.7902,MILLIMETERS,,,,2025-06-17 07:00:07.683000+07:00,0700
1127,90475,Phonhong - Vientiane,Phonhong - Vientiane,18.350024,102.42424,2025-06-17T00:01:02.853659414Z,1.0,100.0,0.0,1.0,100.0,Asia/Vientiane,https://maps.gstatic.com/weather/v1/cloudy,Cloudy,en,CLOUDY,26.0,CELSIUS,30.7,CELSIUS,26.0,CELSIUS,30.7,CELSIUS,26.0,CELSIUS,10.0,RAIN,0.0,MILLIMETERS,0.0,MILLIMETERS,1008.51,0.0,NORTH,0.0,KILOMETERS_PER_HOUR,5.0,KILOMETERS_PER_HOUR,5.0,KILOMETERS,1.0,CELSIUS,30.1,CELSIUS,24.9,CELSIUS,0.0,MILLIMETERS,14.1452,MILLIMETERS,,,,2025-06-17 07:00:07.683000+07:00,0700
1128,90476,"Kasy Secondary School - Kasy, Vientiane Province ມັດທະຍົມສົມບູນ ກາສີ","Kasy Secondary School - Kasy, Vientiane Province ມັດທະຍົມສົມບູນ ກາສີ",19.225034,102.25219,2025-06-17T00:01:04.116919195Z,1.0,100.0,0.0,20.0,100.0,Asia/Vientiane,https://maps.gstatic.com/weather/v1/cloudy,Cloudy,en,CLOUDY,22.8,CELSIUS,25.4,CELSIUS,22.8,CELSIUS,25.4,CELSIUS,22.8,CELSIUS,25.0,RAIN,0.0,MILLIMETERS,0.5740000000000001,MILLIMETERS,1009.84,45.0,NORTHEAST,2.0,KILOMETERS_PER_HOUR,3.0,KILOMETERS_PER_HOUR,5.0,KILOMETERS,-0.30000000000000004,CELSIUS,27.4,CELSIUS,22.1,CELSIUS,0.0,MILLIMETERS,15.7634,MILLIMETERS,,,,2025-06-17 07:00:07.683000+07:00,0700
1129,90477,"Xanakharm Secondary School - Xanakharm, Vieniane Province ມັດທະຍົມສົບຸນ ຊະນະຄາມ","Xanakharm Secondary School - Xanakharm, Vieniane Province ມັດທະຍົມສົບຸນ ຊະນະຄາມ",17.910218,101.670662,2025-06-17T00:01:05.372539601Z,1.0,83.0,0.0,0.0,100.0,Asia/Vientiane,https://maps.gstatic.com/weather/v1/cloudy,Cloudy,en,CLOUDY,26.2,CELSIUS,29.1,CELSIUS,23.0,CELSIUS,29.1,CELSIUS,26.2,CELSIUS,10.0,RAIN,0.0,MILLIMETERS,0.0,MILLIMETERS,1009.0,270.0,WEST,2.0,KILOMETERS_PER_HOUR,3.0,KILOMETERS_PER_HOUR,16.0,KILOMETERS,-0.1,CELSIUS,32.0,CELSIUS,25.1,CELSIUS,0.0,MILLIMETERS,2.0142,MILLIMETERS,,,,2025-06-17 07:00:07.683000+07:00,0700
1130,90478,Mad - Vientiane,Mad - Vientiane,18.448868,101.76322,2025-06-17T00:01:06.633498410Z,1.0,78.0,0.0,0.0,100.0,Asia/Vientiane,https://maps.gstatic.com/weather/v1/cloudy,Cloudy,en,CLOUDY,26.0,CELSIUS,28.3,CELSIUS,21.8,CELSIUS,28.3,CELSIUS,26.0,CELSIUS,10.0,RAIN,0.0,MILLIMETERS,0.0,MILLIMETERS,1009.0,248.0,WEST_SOUTHWEST,3.0,KILOMETERS_PER_HOUR,8.0,KILOMETERS_PER_HOUR,16.0,KILOMETERS,0.0,CELSIUS,32.3,CELSIUS,25.0,CELSIUS,0.0,MILLIMETERS,1.3588,MILLIMETERS,,,,2025-06-17 07:00:07.683000+07:00,0700
1131,90479,"Phonmi Secondary School - Viengkham, Vientiane Province ມັດທະຍົມສົມບຸນ ໂພນໝີ","Phonmi Secondary School - Viengkham, Vientiane Province ມັດທະຍົມສົມບຸນ ໂພນໝີ",18.48451,102.485942,2025-06-17T00:01:07.930489936Z,1.0,100.0,0.0,1.0,100.0,Asia/Vientiane,https://maps.gstatic.com/weather/v1/cloudy,Cloudy,en,CLOUDY,26.0,CELSIUS,30.7,CELSIUS,26.0,CELSIUS,30.7,CELSIUS,26.0,CELSIUS,10.0,RAIN,0.0,MILLIMETERS,0.0,MILLIMETERS,1008.51,0.0,NORTH,0.0,KILOMETERS_PER_HOUR,5.0,KILOMETERS_PER_HOUR,5.0,KILOMETERS,1.0,CELSIUS,30.1,CELSIUS,24.9,CELSIUS,0.0,MILLIMETERS,14.1452,MILLIMETERS,,,,2025-06-17 07:00:07.683000+07:00,0700
1132,90482,"KeoKou Secondary School - KeoOudom, Vientiane Province ມັດທະຍົມສົມບູນ ແກ້ວກູ່","KeoKou Secondary School - KeoOudom, Vientiane Province ມັດທະຍົມສົມບູນ ແກ້ວກູ່",18.554884,102.502844,2025-06-17T00:01:09.197206529Z,1.0,100.0,0.0,1.0,100.0,Asia/Vientiane,https://maps.gstatic.com/weather/v1/cloudy,Cloudy,en,CLOUDY,26.0,CELSIUS,30.7,CELSIUS,26.0,CELSIUS,30.7,CELSIUS,26.0,CELSIUS,10.0,RAIN,0.0,MILLIMETERS,0.0,MILLIMETERS,1008.51,0.0,NORTH,0.0,KILOMETERS_PER_HOUR,5.0,KILOMETERS_PER_HOUR,5.0,KILOMETERS,1.0,CELSIUS,30.1,CELSIUS,24.9,CELSIUS,0.0,MILLIMETERS,14.1452,MILLIMETERS,,,,2025-06-17 07:00:07.683000+07:00,0700
1133,90485,Meun - Vientiane,Meun - Vientiane,18.28379,101.941138,2025-06-17T00:01:10.482401955Z,1.0,90.0,0.0,0.0,95.0,Asia/Vientiane,https://maps.gstatic.com/weather/v1/cloudy,Cloudy,en,CLOUDY,26.5,CELSIUS,30.5,CELSIUS,24.7,CELSIUS,30.5,CELSIUS,26.5,CELSIUS,10.0,RAIN,0.0,MILLIMETERS,0.0,MILLIMETERS,1008.71,270.0,WEST,3.0,KILOMETERS_PER_HOUR,10.0,KILOMETERS_PER_HOUR,16.0,KILOMETERS,0.9,CELSIUS,31.2,CELSIUS,25.3,CELSIUS,0.0,MILLIMETERS,7.2748,MILLIMETERS,,,,2025-06-17 07:00:07.683000+07:00,0700
1134,90487,"Thaphabath Secondary School - Thaphabath, Bolikhamxai","Thaphabath Secondary School - Thaphabath, Bolikhamxai",18.356826,103.198076,2025-06-17T00:01:11.758604916Z,1.0,93.0,0.0,40.0,95.0,Asia/Vientiane,https://maps.gstatic.com/weather/v1/cloudy,Cloudy,en,CLOUDY,26.4,CELSIUS,30.7,CELSIUS,25.2,CELSIUS,30.7,CELSIUS,26.4,CELSIUS,20.0,RAIN,0.0,MILLIMETERS,0.0,MILLIMETERS,1008.93,90.0,EAST,2.0,KILOMETERS_PER_HOUR,2.0,KILOMETERS_PER_HOUR,13.0,KILOMETERS,0.7000000000000001,CELSIUS,30.6,CELSIUS,25.5,CELSIUS,0.0,MILLIMETERS,8.664,MILLIMETERS,,,,2025-06-17 07:00:07.683000+07:00,0700
1135,90488,Pakkading - Bolikhamxai ,Pakkading - Bolikhamxai ,18.109902,104.281265,2025-06-17T00:01:13.041947942Z,1.0,97.0,0.0,40.0,90.0,Asia/Vientiane,https://maps.gstatic.com/weather/v1/cloudy,Cloudy,en,CLOUDY,25.7,CELSIUS,29.9,CELSIUS,25.4,CELSIUS,29.9,CELSIUS,25.7,CELSIUS,20.0,RAIN,0.0,MILLIMETERS,0.3099,MILLIMETERS,1009.19,270.0,WEST,0.0,KILOMETERS_PER_HOUR,0.0,KILOMETERS_PER_HOUR,8.0,KILOMETERS,1.8,CELSIUS,28.4,CELSIUS,23.9,CELSIUS,0.0,MILLIMETERS,19.4919,MILLIMETERS,,,,2025-06-17 07:00:07.683000+07:00,0700
1136,90490,"Nakhonxay Secondary School - Khamkeuth, - Borikhamxai ມັດທະຍົມ ນະຄອນໄຊ","Nakhonxay Secondary School - Khamkeuth, - Borikhamxai ມັດທະຍົມ ນະຄອນໄຊ",18.185553,104.983958,2025-06-17T00:01:14.301025790Z,1.0,94.0,0.0,40.0,95.0,Asia/Vientiane,https://maps.gstatic.com/weather/v1/cloudy,Cloudy,en,CLOUDY,23.1,CELSIUS,25.6,CELSIUS,22.2,CELSIUS,25.6,CELSIUS,23.1,CELSIUS,20.0,RAIN,0.0,MILLIMETERS,0.0,MILLIMETERS,1010.44,180.0,SOUTH,5.0,KILOMETERS_PER_HOUR,15.0,KILOMETERS_PER_HOUR,11.0,KILOMETERS,0.9,CELSIUS,27.2,CELSIUS,21.6,CELSIUS,0.0,MILLIMETERS,2.2864,MILLIMETERS,,,,2025-06-17 07:00:07.683000+07:00,0700
1137,90491,Viengthong - Bolikhamxai,Viengthong - Bolikhamxai,18.512354,104.442835,2025-06-17T00:01:15.557652043Z,1.0,98.0,0.0,40.0,95.0,Asia/Vientiane,https://maps.gstatic.com/weather/v1/cloudy,Cloudy,en,CLOUDY,23.8,CELSIUS,26.4,CELSIUS,23.6,CELSIUS,26.4,CELSIUS,23.8,CELSIUS,20.0,RAIN,0.0,MILLIMETERS,0.09910000000000001,MILLIMETERS,1009.94,90.0,EAST,2.0,KILOMETERS_PER_HOUR,2.0,KILOMETERS_PER_HOUR,7.0,KILOMETERS,0.1,CELSIUS,28.5,CELSIUS,22.7,CELSIUS,0.0,MILLIMETERS,5.4714,MILLIMETERS,,,,2025-06-17 07:00:07.683000+07:00,0700
1138,90492,"NamOn Secondary School - Xaychamphone, Borikhamxai ມັດທະຍົມ ນຳ້ອ້ອນ","NamOn Secondary School - Xaychamphone, Borikhamxai ມັດທະຍົມ ນຳ້ອ້ອນ",18.577559,104.981947,2025-06-17T00:01:16.845861710Z,1.0,94.0,0.0,40.0,95.0,Asia/Vientiane,https://maps.gstatic.com/weather/v1/cloudy,Cloudy,en,CLOUDY,23.1,CELSIUS,25.6,CELSIUS,22.2,CELSIUS,25.6,CELSIUS,23.1,CELSIUS,20.0,RAIN,0.0,MILLIMETERS,0.0,MILLIMETERS,1010.44,180.0,SOUTH,5.0,KILOMETERS_PER_HOUR,15.0,KILOMETERS_PER_HOUR,11.0,KILOMETERS,0.9,CELSIUS,27.2,CELSIUS,21.6,CELSIUS,0.0,MILLIMETERS,2.2864,MILLIMETERS,,,,2025-06-17 07:00:07.683000+07:00,0700
1139,90493,Thakhek - Khammouan ,Thakhek - Khammouan ,17.392668,104.807495,2025-06-17T00:01:18.104003726Z,1.0,100.0,0.0,50.0,95.0,Asia/Vientiane,https://maps.gstatic.com/weather/v1/drizzle,Light rain,en,LIGHT_RAIN,25.8,CELSIUS,30.4,CELSIUS,25.8,CELSIUS,30.4,CELSIUS,25.8,CELSIUS,25.0,RAIN,0.0,MILLIMETERS,0.2184,MILLIMETERS,1008.85,45.0,NORTHEAST,3.0,KILOMETERS_PER_HOUR,3.0,KILOMETERS_PER_HOUR,5.0,KILOMETERS,0.4,CELSIUS,32.0,CELSIUS,24.7,CELSIUS,0.0,MILLIMETERS,10.7165,MILLIMETERS,,,,2025-06-17 07:00:07.683000+07:00,0700
1140,90494,Mahaxay - Khammouan,Mahaxay - Khammouan,17.457352,105.160169,2025-06-17T00:01:19.346314229Z,1.0,100.0,0.0,50.0,95.0,Asia/Vientiane,https://maps.gstatic.com/weather/v1/cloudy,Cloudy,en,CLOUDY,24.4,CELSIUS,27.5,CELSIUS,24.4,CELSIUS,27.5,CELSIUS,24.4,CELSIUS,25.0,RAIN,0.0,MILLIMETERS,0.050800000000000005,MILLIMETERS,1009.74,45.0,NORTHEAST,2.0,KILOMETERS_PER_HOUR,3.0,KILOMETERS_PER_HOUR,5.0,KILOMETERS,1.2,CELSIUS,28.9,CELSIUS,23.0,CELSIUS,0.0,MILLIMETERS,5.456,MILLIMETERS,,,,2025-06-17 07:00:07.683000+07:00,0700
1141,90497,Nhommalath - Khammouan ,Nhommalath - Khammouan ,17.614203,105.170282,2025-06-17T00:01:20.635539179Z,1.0,100.0,0.0,50.0,95.0,Asia/Vientiane,https://maps.gstatic.com/weather/v1/cloudy,Cloudy,en,CLOUDY,24.4,CELSIUS,27.5,CELSIUS,24.4,CELSIUS,27.5,CELSIUS,24.4,CELSIUS,25.0,RAIN,0.0,MILLIMETERS,0.050800000000000005,MILLIMETERS,1009.74,45.0,NORTHEAST,2.0,KILOMETERS_PER_HOUR,3.0,KILOMETERS_PER_HOUR,5.0,KILOMETERS,1.2,CELSIUS,28.9,CELSIUS,23.0,CELSIUS,0.0,MILLIMETERS,5.456,MILLIMETERS,,,,2025-06-17 07:00:07.683000+07:00,0700
1142,90500,"Xebangfay Secondary School - Xebangfay, Khammouane ມັດທະຍົມສົມບູນ ເຊບັ້ງໄຟ","Xebangfay Secondary School - Xebangfay, Khammouane ມັດທະຍົມສົມບູນ ເຊບັ້ງໄຟ",17.086149,104.981631,2025-06-17T00:01:22.009153249Z,1.0,96.0,0.0,60.0,90.0,Asia/Vientiane,https://maps.gstatic.com/weather/v1/cloudy,Cloudy,en,CLOUDY,26.6,CELSIUS,31.7,CELSIUS,25.9,CELSIUS,31.7,CELSIUS,26.6,CELSIUS,20.0,RAIN,0.0,MILLIMETERS,0.0,MILLIMETERS,1009.1,245.0,WEST_SOUTHWEST,5.0,KILOMETERS_PER_HOUR,8.0,KILOMETERS_PER_HOUR,10.0,KILOMETERS,0.5,CELSIUS,32.3,CELSIUS,24.6,CELSIUS,0.0,MILLIMETERS,5.357,MILLIMETERS,,,,2025-06-17 07:00:07.683000+07:00,0700
1143,90501,"Sivilay Secondary School - Xaybouathong, Khammouane ມັດທະຍົມສົມບູນ ສີວິໄລ","Sivilay Secondary School - Xaybouathong, Khammouane ມັດທະຍົມສົມບູນ ສີວິໄລ",17.171532,105.4273,2025-06-17T00:01:23.271205414Z,1.0,96.0,0.0,60.0,95.0,Asia/Vientiane,https://maps.gstatic.com/weather/v1/cloudy,Cloudy,en,CLOUDY,26.1,CELSIUS,30.5,CELSIUS,25.5,CELSIUS,30.5,CELSIUS,26.1,CELSIUS,20.0,RAIN,0.0,MILLIMETERS,0.0,MILLIMETERS,1009.37,195.0,SOUTH_SOUTHWEST,6.0,KILOMETERS_PER_HOUR,13.0,KILOMETERS_PER_HOUR,10.0,KILOMETERS,0.9,CELSIUS,31.8,CELSIUS,24.3,CELSIUS,0.0,MILLIMETERS,3.6628,MILLIMETERS,,,,2025-06-17 07:00:07.683000+07:00,0700
1144,90504,"Lianxay Secondary School - Artsaphangthong, Savannakhet ມັດທະຍົມ ຫລຽນໄຊ","Lianxay Secondary School - Artsaphangthong, Savannakhet ມັດທະຍົມ ຫລຽນໄຊ",16.692124,105.409764,,,,,,,,,,,,,,,,,,,,,,,,,,,,,,,,,,,,,,,,,,,,,,,404.0,Information is not supported for this location. Please try a different location.,NOT_FOUND,2025-06-17 07:00:07.683000+07:00,0700
1145,90505,Sepone - Savannakhet,Sepone - Savannakhet,16.696651,106.209138,2025-06-17T00:01:25.770431882Z,1.0,84.0,0.0,50.0,100.0,Asia/Vientiane,https://maps.gstatic.com/weather/v1/cloudy,Cloudy,en,CLOUDY,23.9,CELSIUS,26.7,CELSIUS,21.0,CELSIUS,26.7,CELSIUS,23.9,CELSIUS,20.0,RAIN,0.0,MILLIMETERS,0.0,MILLIMETERS,1010.0,225.0,SOUTHWEST,8.0,KILOMETERS_PER_HOUR,15.0,KILOMETERS_PER_HOUR,16.0,KILOMETERS,0.9,CELSIUS,29.0,CELSIUS,22.2,CELSIUS,0.0,MILLIMETERS,1.8719000000000001,MILLIMETERS,,,,2025-06-17 07:00:07.683000+07:00,0700
1146,90506,Nong - Savannakhet,Nong - Savannakhet,16.373875,106.495685,2025-06-17T00:01:27.061179131Z,1.0,85.0,0.0,1.0,99.0,Asia/Vientiane,https://maps.gstatic.com/weather/v1/cloudy,Cloudy,en,CLOUDY,25.3,CELSIUS,28.7,CELSIUS,22.7,CELSIUS,28.7,CELSIUS,25.3,CELSIUS,10.0,RAIN,0.0,MILLIMETERS,0.0,MILLIMETERS,1010.12,158.0,SOUTH_SOUTHEAST,6.0,KILOMETERS_PER_HOUR,11.0,KILOMETERS_PER_HOUR,16.0,KILOMETERS,0.5,CELSIUS,30.1,CELSIUS,23.5,CELSIUS,0.0,MILLIMETERS,1.3033000000000001,MILLIMETERS,,,,2025-06-17 07:00:07.683000+07:00,0700
1147,90508,Champhone - SAVA,Champhone - SAVA,16.489147,105.031659,2025-06-17T00:01:28.328981040Z,1.0,85.0,0.0,0.0,100.0,Asia/Vientiane,https://maps.gstatic.com/weather/v1/cloudy,Cloudy,en,CLOUDY,27.8,CELSIUS,32.7,CELSIUS,25.3,CELSIUS,32.7,CELSIUS,27.8,CELSIUS,10.0,RAIN,0.0,MILLIMETERS,0.0,MILLIMETERS,1009.0,225.0,SOUTHWEST,10.0,KILOMETERS_PER_HOUR,16.0,KILOMETERS_PER_HOUR,16.0,KILOMETERS,0.7000000000000001,CELSIUS,33.0,CELSIUS,26.2,CELSIUS,0.0,MILLIMETERS,0.3684,MILLIMETERS,,,,2025-06-17 07:00:07.683000+07:00,0700
1148,90509,Xaybuly - Savannakhet,Xaybuly - Savannakhet,17.075181,104.87732,2025-06-17T00:01:29.585154917Z,1.0,96.0,0.0,60.0,90.0,Asia/Vientiane,https://maps.gstatic.com/weather/v1/cloudy,Cloudy,en,CLOUDY,26.6,CELSIUS,31.7,CELSIUS,25.9,CELSIUS,31.7,CELSIUS,26.6,CELSIUS,20.0,RAIN,0.0,MILLIMETERS,0.0,MILLIMETERS,1009.1,245.0,WEST_SOUTHWEST,5.0,KILOMETERS_PER_HOUR,8.0,KILOMETERS_PER_HOUR,10.0,KILOMETERS,0.5,CELSIUS,32.3,CELSIUS,24.6,CELSIUS,0.0,MILLIMETERS,5.357,MILLIMETERS,,,,2025-06-17 07:00:07.683000+07:00,0700
1149,90510,"Artsaphone Secondary School - Artsaphone, Savannakhet ມັດທະຍົມສົມບູນ ອາດສະພອນ","Artsaphone Secondary School - Artsaphone, Savannakhet ມັດທະຍົມສົມບູນ ອາດສະພອນ",16.844674,105.33638,2025-06-17T00:01:30.847494589Z,1.0,96.0,0.0,60.0,90.0,Asia/Vientiane,https://maps.gstatic.com/weather/v1/cloudy,Cloudy,en,CLOUDY,26.6,CELSIUS,31.7,CELSIUS,25.9,CELSIUS,31.7,CELSIUS,26.6,CELSIUS,20.0,RAIN,0.0,MILLIMETERS,0.0,MILLIMETERS,1009.1,245.0,WEST_SOUTHWEST,5.0,KILOMETERS_PER_HOUR,8.0,KILOMETERS_PER_HOUR,10.0,KILOMETERS,0.5,CELSIUS,32.3,CELSIUS,24.6,CELSIUS,0.0,MILLIMETERS,5.357,MILLIMETERS,,,,2025-06-17 07:00:07.683000+07:00,0700
1150,90512,"Phin Secondary School - Phin, Savannakhet ມັດທະຍົມ ພີນ","Phin Secondary School - Phin, Savannakhet ມັດທະຍົມ ພີນ",16.527879,106.021922,2025-06-17T00:01:32.149336561Z,1.0,85.0,0.0,2.0,99.0,Asia/Vientiane,https://maps.gstatic.com/weather/v1/cloudy,Cloudy,en,CLOUDY,24.6,CELSIUS,28.1,CELSIUS,22.0,CELSIUS,28.1,CELSIUS,24.6,CELSIUS,10.0,RAIN,0.0,MILLIMETERS,0.0,MILLIMETERS,1010.12,158.0,SOUTH_SOUTHEAST,6.0,KILOMETERS_PER_HOUR,11.0,KILOMETERS_PER_HOUR,16.0,KILOMETERS,0.4,CELSIUS,29.4,CELSIUS,22.8,CELSIUS,0.0,MILLIMETERS,1.3033000000000001,MILLIMETERS,,,,2025-06-17 07:00:07.683000+07:00,0700
1151,90513,Songkhone - Savannakhet,Songkhone - Savannakhet,16.237196,105.1965,2025-06-17T00:01:33.426987683Z,1.0,90.0,0.0,0.0,100.0,Asia/Vientiane,https://maps.gstatic.com/weather/v1/cloudy,Cloudy,en,CLOUDY,27.5,CELSIUS,32.8,CELSIUS,25.9,CELSIUS,32.8,CELSIUS,27.5,CELSIUS,10.0,RAIN,0.0,MILLIMETERS,0.0,MILLIMETERS,1009.0,203.0,SOUTH_SOUTHWEST,10.0,KILOMETERS_PER_HOUR,15.0,KILOMETERS_PER_HOUR,16.0,KILOMETERS,0.30000000000000004,CELSIUS,32.6,CELSIUS,26.4,CELSIUS,0.0,MILLIMETERS,0.0302,MILLIMETERS,,,,2025-06-17 07:00:07.683000+07:00,0700
1152,90514,"Beungxang Secondary School - Xonbuly, Savannakhet ມັດທະຍົມ ບຶງຊ້າງ","Beungxang Secondary School - Xonbuly, Savannakhet ມັດທະຍົມ ບຶງຊ້າງ",16.388527,105.375363,2025-06-17T00:01:34.698970510Z,1.0,90.0,0.0,2.0,100.0,Asia/Vientiane,https://maps.gstatic.com/weather/v1/cloudy,Cloudy,en,CLOUDY,27.7,CELSIUS,33.3,CELSIUS,25.6,CELSIUS,33.3,CELSIUS,27.7,CELSIUS,10.0,RAIN,0.0,MILLIMETERS,0.0,MILLIMETERS,1009.02,203.0,SOUTH_SOUTHWEST,10.0,KILOMETERS_PER_HOUR,16.0,KILOMETERS_PER_HOUR,16.0,KILOMETERS,0.4,CELSIUS,32.9,CELSIUS,26.3,CELSIUS,0.0,MILLIMETERS,0.3048,MILLIMETERS,,,,2025-06-17 07:00:07.683000+07:00,0700
1153,90515,Vilabuly - Savannakhet,Vilabuly - Savannakhet,16.971649,105.944661,2025-06-17T00:01:35.994218783Z,1.0,96.0,0.0,60.0,95.0,Asia/Vientiane,https://maps.gstatic.com/weather/v1/cloudy,Cloudy,en,CLOUDY,26.1,CELSIUS,30.5,CELSIUS,25.5,CELSIUS,30.5,CELSIUS,26.1,CELSIUS,20.0,RAIN,0.0,MILLIMETERS,0.0,MILLIMETERS,1009.37,195.0,SOUTH_SOUTHWEST,6.0,KILOMETERS_PER_HOUR,13.0,KILOMETERS_PER_HOUR,10.0,KILOMETERS,0.9,CELSIUS,31.8,CELSIUS,24.3,CELSIUS,0.0,MILLIMETERS,3.6628,MILLIMETERS,,,,2025-06-17 07:00:07.683000+07:00,0700
1154,90516,"Phoummachedy Secondary School - Xayphouthong, Savannakhet ມັດທະຍົມ ພູມມະເຈດີ","Phoummachedy Secondary School - Xayphouthong, Savannakhet ມັດທະຍົມ ພູມມະເຈດີ",16.367044,105.005653,2025-06-17T00:01:37.260231289Z,1.0,90.0,0.0,0.0,100.0,Asia/Vientiane,https://maps.gstatic.com/weather/v1/cloudy,Cloudy,en,CLOUDY,27.5,CELSIUS,32.8,CELSIUS,25.9,CELSIUS,32.8,CELSIUS,27.5,CELSIUS,10.0,RAIN,0.0,MILLIMETERS,0.0,MILLIMETERS,1009.0,203.0,SOUTH_SOUTHWEST,10.0,KILOMETERS_PER_HOUR,15.0,KILOMETERS_PER_HOUR,16.0,KILOMETERS,0.30000000000000004,CELSIUS,32.6,CELSIUS,26.4,CELSIUS,0.0,MILLIMETERS,0.0302,MILLIMETERS,,,,2025-06-17 07:00:07.683000+07:00,0700
1155,90517,Phalanxay - Savannakhet,Phalanxay - Savannakhet,16.661353,105.58791,2025-06-17T00:01:38.552245175Z,1.0,96.0,0.0,60.0,95.0,Asia/Vientiane,https://maps.gstatic.com/weather/v1/cloudy,Cloudy,en,CLOUDY,26.1,CELSIUS,30.5,CELSIUS,25.5,CELSIUS,30.5,CELSIUS,26.1,CELSIUS,20.0,RAIN,0.0,MILLIMETERS,0.0,MILLIMETERS,1009.37,195.0,SOUTH_SOUTHWEST,6.0,KILOMETERS_PER_HOUR,13.0,KILOMETERS_PER_HOUR,10.0,KILOMETERS,0.9,CELSIUS,31.8,CELSIUS,24.3,CELSIUS,0.0,MILLIMETERS,3.6628,MILLIMETERS,,,,2025-06-17 07:00:07.683000+07:00,0700
1156,90518,"Saravane Secondary School -Saravane, Saravane ມັດທະຍົມສົມບູນ ສາລະວັນ","Saravane Secondary School -Saravane, Saravane ມັດທະຍົມສົມບູນ ສາລະວັນ",15.707906,106.422189,2025-06-17T00:01:39.834512967Z,1.0,91.0,0.0,2.0,100.0,Asia/Vientiane,https://maps.gstatic.com/weather/v1/cloudy,Cloudy,en,CLOUDY,26.4,CELSIUS,30.5,CELSIUS,24.7,CELSIUS,30.5,CELSIUS,26.4,CELSIUS,10.0,RAIN,0.0,MILLIMETERS,0.0,MILLIMETERS,1010.25,135.0,SOUTHEAST,5.0,KILOMETERS_PER_HOUR,8.0,KILOMETERS_PER_HOUR,15.0,KILOMETERS,0.30000000000000004,CELSIUS,31.7,CELSIUS,24.3,CELSIUS,0.0,MILLIMETERS,1.3183,MILLIMETERS,,,,2025-06-17 07:00:07.683000+07:00,0700
1157,90520,"Toomlarn Secondary School - Toomlarn, Saravane ມັດທະຍົມສົມບູນ ຕຸ້ມລານ","Toomlarn Secondary School - Toomlarn, Saravane ມັດທະຍົມສົມບູນ ຕຸ້ມລານ",15.994499,106.192399,2025-06-17T00:01:41.083245202Z,1.0,85.0,0.0,2.0,99.0,Asia/Vientiane,https://maps.gstatic.com/weather/v1/cloudy,Cloudy,en,CLOUDY,24.6,CELSIUS,28.1,CELSIUS,22.0,CELSIUS,28.1,CELSIUS,24.6,CELSIUS,10.0,RAIN,0.0,MILLIMETERS,0.0,MILLIMETERS,1010.12,158.0,SOUTH_SOUTHEAST,6.0,KILOMETERS_PER_HOUR,11.0,KILOMETERS_PER_HOUR,16.0,KILOMETERS,0.4,CELSIUS,29.4,CELSIUS,22.8,CELSIUS,0.0,MILLIMETERS,1.3033000000000001,MILLIMETERS,,,,2025-06-17 07:00:07.683000+07:00,0700
1158,90521,"Lakhonesy Secondary School - Lakhonepheng, Saravane ມັດທະຍົມສົມບູນ ລະຄອນສີ","Lakhonesy Secondary School - Lakhonepheng, Saravane ມັດທະຍົມສົມບູນ ລະຄອນສີ",15.891245,105.567119,2025-06-17T00:01:42.337447078Z,1.0,95.0,0.0,0.0,100.0,Asia/Vientiane,https://maps.gstatic.com/weather/v1/cloudy,Cloudy,en,CLOUDY,27.3,CELSIUS,33.0,CELSIUS,25.9,CELSIUS,33.0,CELSIUS,27.3,CELSIUS,10.0,RAIN,0.0,MILLIMETERS,0.0178,MILLIMETERS,1010.0,203.0,SOUTH_SOUTHWEST,8.0,KILOMETERS_PER_HOUR,15.0,KILOMETERS_PER_HOUR,13.0,KILOMETERS,0.2,CELSIUS,32.1,CELSIUS,25.8,CELSIUS,0.0,MILLIMETERS,0.9322,MILLIMETERS,,,,2025-06-17 07:00:07.683000+07:00,0700
1159,90522,Lao Ngarm - Salavan,Lao Ngarm - Salavan,15.461092,106.16172,2025-06-17T00:01:43.585848252Z,1.0,89.0,0.0,0.0,100.0,Asia/Vientiane,https://maps.gstatic.com/weather/v1/cloudy,Cloudy,en,CLOUDY,28.1,CELSIUS,32.4,CELSIUS,26.1,CELSIUS,32.4,CELSIUS,28.1,CELSIUS,10.0,RAIN,0.0,MILLIMETERS,0.030500000000000003,MILLIMETERS,1010.18,270.0,WEST,5.0,KILOMETERS_PER_HOUR,8.0,KILOMETERS_PER_HOUR,16.0,KILOMETERS,-0.1,CELSIUS,33.2,CELSIUS,26.0,CELSIUS,0.0,MILLIMETERS,2.2732,MILLIMETERS,,,,2025-06-17 07:00:07.683000+07:00,0700
1160,90524,Khongxedone - Salavan,Khongxedone - Salavan,15.59088,105.804115,2025-06-17T00:01:44.834585202Z,1.0,95.0,0.0,0.0,100.0,Asia/Vientiane,https://maps.gstatic.com/weather/v1/cloudy,Cloudy,en,CLOUDY,27.3,CELSIUS,33.0,CELSIUS,25.9,CELSIUS,33.0,CELSIUS,27.3,CELSIUS,10.0,RAIN,0.0,MILLIMETERS,0.0178,MILLIMETERS,1010.0,203.0,SOUTH_SOUTHWEST,8.0,KILOMETERS_PER_HOUR,15.0,KILOMETERS_PER_HOUR,13.0,KILOMETERS,0.2,CELSIUS,32.1,CELSIUS,25.8,CELSIUS,0.0,MILLIMETERS,0.9322,MILLIMETERS,,,,2025-06-17 07:00:07.683000+07:00,0700
1161,90526,Lamarm - Sekong ,Lamarm - Sekong ,15.352494,106.722444,2025-06-17T00:01:46.119896884Z,1.0,93.0,0.0,0.0,93.0,Asia/Vientiane,https://maps.gstatic.com/weather/v1/cloudy,Cloudy,en,CLOUDY,25.7,CELSIUS,29.2,CELSIUS,24.4,CELSIUS,29.2,CELSIUS,25.7,CELSIUS,10.0,RAIN,0.0,MILLIMETERS,0.0,MILLIMETERS,1010.99,135.0,SOUTHEAST,5.0,KILOMETERS_PER_HOUR,8.0,KILOMETERS_PER_HOUR,13.0,KILOMETERS,0.1,CELSIUS,31.5,CELSIUS,24.3,CELSIUS,0.0,MILLIMETERS,2.5348,MILLIMETERS,,,,2025-06-17 07:00:07.683000+07:00,0700
1162,90527,"Kaleum Secondary School - Kaleum, Sekong ມັດທະຍົມ ກະລຶມ","Kaleum Secondary School - Kaleum, Sekong ມັດທະຍົມ ກະລຶມ",15.784384,106.906754,2025-06-17T00:01:47.414653978Z,1.0,94.0,0.0,60.0,100.0,Asia/Vientiane,https://maps.gstatic.com/weather/v1/cloudy,Cloudy,en,CLOUDY,23.3,CELSIUS,25.6,CELSIUS,22.0,CELSIUS,25.6,CELSIUS,23.3,CELSIUS,15.0,RAIN,0.0,MILLIMETERS,0.1575,MILLIMETERS,1012.47,135.0,SOUTHEAST,2.0,KILOMETERS_PER_HOUR,3.0,KILOMETERS_PER_HOUR,13.0,KILOMETERS,0.0,CELSIUS,28.1,CELSIUS,21.2,CELSIUS,0.0,MILLIMETERS,2.3113,MILLIMETERS,,,,2025-06-17 07:00:07.683000+07:00,0700
1163,90528,"Dakcheung Secondary School - Dakcheung, Sekongມັດທະຍົມສົມບູນ ດາກຈຶງ","Dakcheung Secondary School - Dakcheung, Sekongມັດທະຍົມສົມບູນ ດາກຈຶງ",15.467532,107.271451,,,,,,,,,,,,,,,,,,,,,,,,,,,,,,,,,,,,,,,,,,,,,,,404.0,Information is not supported for this location. Please try a different location.,NOT_FOUND,2025-06-17 07:00:07.683000+07:00,0700
1164,90529,Thateng -Sekong,Thateng -Sekong,15.434018,106.382399,2025-06-17T00:01:49.933000289Z,1.0,91.0,0.0,2.0,100.0,Asia/Vientiane,https://maps.gstatic.com/weather/v1/cloudy,Cloudy,en,CLOUDY,30.3,CELSIUS,34.4,CELSIUS,28.6,CELSIUS,34.4,CELSIUS,30.3,CELSIUS,10.0,RAIN,0.0,MILLIMETERS,0.0,MILLIMETERS,1010.25,135.0,SOUTHEAST,5.0,KILOMETERS_PER_HOUR,8.0,KILOMETERS_PER_HOUR,15.0,KILOMETERS,0.30000000000000004,CELSIUS,35.6,CELSIUS,28.2,CELSIUS,0.0,MILLIMETERS,1.3183,MILLIMETERS,,,,2025-06-17 07:00:07.683000+07:00,0700
1165,90530,Pakse - Champasack,Pakse - Champasack,15.12006,105.80211,2025-06-17T00:01:51.203238257Z,1.0,95.0,0.0,50.0,100.0,Asia/Vientiane,https://maps.gstatic.com/weather/v1/cloudy,Cloudy,en,CLOUDY,27.1,CELSIUS,32.8,CELSIUS,26.1,CELSIUS,32.8,CELSIUS,27.1,CELSIUS,25.0,RAIN,0.0,MILLIMETERS,0.17270000000000002,MILLIMETERS,1010.31,158.0,SOUTH_SOUTHEAST,8.0,KILOMETERS_PER_HOUR,14.0,KILOMETERS_PER_HOUR,11.0,KILOMETERS,-0.2,CELSIUS,32.9,CELSIUS,25.6,CELSIUS,0.0,MILLIMETERS,1.6182,MILLIMETERS,,,,2025-06-17 07:00:07.683000+07:00,0700
1171,91254,"Chomphet Secondary School - Sisattanak, Vientiane Capital ມັດທະຍົມສົມບູນ ຈອມເພັດ","Chomphet Secondary School - Sisattanak, Vientiane Capital ມັດທະຍົມສົມບູນ ຈອມເພັດ",17.910254,102.622708,2025-06-17T00:01:52.471441007Z,1.0,95.0,0.0,1.0,95.0,Asia/Vientiane,https://maps.gstatic.com/weather/v1/cloudy,Cloudy,en,CLOUDY,27.2,CELSIUS,32.8,CELSIUS,26.3,CELSIUS,32.8,CELSIUS,27.2,CELSIUS,10.0,RAIN,0.0,MILLIMETERS,0.0,MILLIMETERS,1008.41,25.0,NORTH_NORTHEAST,3.0,KILOMETERS_PER_HOUR,8.0,KILOMETERS_PER_HOUR,11.0,KILOMETERS,2.3,CELSIUS,32.7,CELSIUS,24.9,CELSIUS,0.0,MILLIMETERS,4.7347,MILLIMETERS,,,,2025-06-17 07:00:07.683000+07:00,0700
1225,152182,"ParkOu Secondary School - ParkOu, Luangprabang ມັດທະຍົມສົມບູນ ປາກອູ","ParkOu Secondary School - ParkOu, Luangprabang ມັດທະຍົມສົມບູນ ປາກອູ",20.087592,102.256569,2025-06-17T00:01:53.752606753Z,1.0,92.0,0.0,30.0,100.0,Asia/Vientiane,https://maps.gstatic.com/weather/v1/drizzle,Light rain,en,LIGHT_RAIN,24.9,CELSIUS,27.7,CELSIUS,23.5,CELSIUS,27.7,CELSIUS,24.9,CELSIUS,25.0,RAIN,0.0,MILLIMETERS,0.39880000000000004,MILLIMETERS,1008.67,180.0,SOUTH,2.0,KILOMETERS_PER_HOUR,5.0,KILOMETERS_PER_HOUR,13.0,KILOMETERS,-0.30000000000000004,CELSIUS,30.7,CELSIUS,24.1,CELSIUS,0.0,MILLIMETERS,12.8475,MILLIMETERS,,,,2025-06-17 07:00:07.683000+07:00,0700
1226,152240,"Phoukhoune Secondary School - Phoukhoune, Luangprabang ມັດທະຍົມ ພູຄູນ","Phoukhoune Secondary School - Phoukhoune, Luangprabang ມັດທະຍົມ ພູຄູນ",19.438824,102.428042,2025-06-17T00:01:55.045040150Z,1.0,100.0,0.0,30.0,100.0,Asia/Vientiane,https://maps.gstatic.com/weather/v1/drizzle,Light rain,en,LIGHT_RAIN,21.5,CELSIUS,25.3,CELSIUS,21.5,CELSIUS,25.3,CELSIUS,21.5,CELSIUS,25.0,RAIN,0.0,MILLIMETERS,0.39880000000000004,MILLIMETERS,1010.54,180.0,SOUTH,5.0,KILOMETERS_PER_HOUR,14.0,KILOMETERS_PER_HOUR,5.0,KILOMETERS,-0.2,CELSIUS,25.9,CELSIUS,20.6,CELSIUS,0.0,MILLIMETERS,9.411,MILLIMETERS,,,,2025-06-17 07:00:07.683000+07:00,0700
1231,152548,"Longsane Secondary School - Longsane , Xaysomboun ມັດທະຍົມສົມບຸນ ລ້ອງຊານ","Longsane Secondary School - Longsane , Xaysomboun ມັດທະຍົມສົມບຸນ ລ້ອງຊານ",18.550145,103.003076,2025-06-17T00:01:56.334703543Z,1.0,93.0,0.0,1.0,95.0,Asia/Vientiane,https://maps.gstatic.com/weather/v1/cloudy,Cloudy,en,CLOUDY,20.7,CELSIUS,23.9,CELSIUS,19.5,CELSIUS,23.9,CELSIUS,20.7,CELSIUS,10.0,RAIN,0.0,MILLIMETERS,0.0,MILLIMETERS,1009.32,270.0,WEST,2.0,KILOMETERS_PER_HOUR,3.0,KILOMETERS_PER_HOUR,13.0,KILOMETERS,2.8,CELSIUS,24.0,CELSIUS,17.9,CELSIUS,0.0,MILLIMETERS,8.3874,MILLIMETERS,,,,2025-06-17 07:00:07.683000+07:00,0700
1237,153035,Sanxay - Attapeu,Sanxay - Attapeu,14.925784,107.052837,2025-06-17T00:01:57.622944948Z,1.0,95.0,0.0,60.0,100.0,Asia/Vientiane,https://maps.gstatic.com/weather/v1/strong_tstorms,Light thunderstorms and rain,en,LIGHT_THUNDERSTORM_RAIN,19.4,CELSIUS,21.9,CELSIUS,18.9,CELSIUS,21.9,CELSIUS,19.4,CELSIUS,40.0,RAIN,0.0,MILLIMETERS,0.7671,MILLIMETERS,1012.0,135.0,SOUTHEAST,5.0,KILOMETERS_PER_HOUR,7.0,KILOMETERS_PER_HOUR,8.0,KILOMETERS,-0.7000000000000001,CELSIUS,25.6,CELSIUS,18.2,CELSIUS,0.0,MILLIMETERS,8.4153,MILLIMETERS,,,,2025-06-17 07:00:07.683000+07:00,0700
1247,153777,"Dorntalath Secondary School - Champasack, Champasack ມັດທະຍົມ ດອນຕະລາດ","Dorntalath Secondary School - Champasack, Champasack ມັດທະຍົມ ດອນຕະລາດ",14.784126,105.819789,2025-06-17T00:01:58.908374854Z,1.0,100.0,0.0,50.0,100.0,Asia/Vientiane,https://maps.gstatic.com/weather/v1/cloudy,Cloudy,en,CLOUDY,26.2,CELSIUS,31.3,CELSIUS,25.9,CELSIUS,31.3,CELSIUS,26.2,CELSIUS,25.0,RAIN,0.0,MILLIMETERS,0.20070000000000002,MILLIMETERS,1011.0,113.0,EAST_SOUTHEAST,5.0,KILOMETERS_PER_HOUR,8.0,KILOMETERS_PER_HOUR,7.0,KILOMETERS,-0.2,CELSIUS,32.8,CELSIUS,25.2,CELSIUS,0.0,MILLIMETERS,3.5079000000000002,MILLIMETERS,,,,2025-06-17 07:00:07.683000+07:00,0700
1248,153790,Khong - Champasack,Khong - Champasack,14.048226,105.896012,2025-06-17T00:02:00.181070260Z,1.0,99.0,0.0,51.0,100.0,Asia/Vientiane,https://maps.gstatic.com/weather/v1/strong_tstorms,Light thunderstorms and rain,en,LIGHT_THUNDERSTORM_RAIN,26.2,CELSIUS,31.1,CELSIUS,26.0,CELSIUS,31.1,CELSIUS,26.2,CELSIUS,45.0,RAIN,0.0,MILLIMETERS,1.1887,MILLIMETERS,1011.0,158.0,SOUTH_SOUTHEAST,8.0,KILOMETERS_PER_HOUR,18.0,KILOMETERS_PER_HOUR,7.0,KILOMETERS,-0.9,CELSIUS,33.8,CELSIUS,25.6,CELSIUS,0.0,MILLIMETERS,7.709,MILLIMETERS,,,,2025-06-17 07:00:07.683000+07:00,0700
1249,153866,Samakkhixay - Attapeu,Samakkhixay - Attapeu,14.812678,106.829211,2025-06-17T00:02:01.444300045Z,1.0,95.0,0.0,41.0,90.0,Asia/Vientiane,https://maps.gstatic.com/weather/v1/drizzle,Light rain,en,LIGHT_RAIN,25.9,CELSIUS,29.8,CELSIUS,24.7,CELSIUS,29.8,CELSIUS,25.9,CELSIUS,34.0,RAIN,0.0,MILLIMETERS,0.6147,MILLIMETERS,1011.14,270.0,WEST,2.0,KILOMETERS_PER_HOUR,3.0,KILOMETERS_PER_HOUR,13.0,KILOMETERS,-0.30000000000000004,CELSIUS,32.6,CELSIUS,24.4,CELSIUS,0.0,MILLIMETERS,8.3134,MILLIMETERS,,,,2025-06-17 07:00:07.683000+07:00,0700
1253,153913,Xaysetha - Attapeu,Xaysetha - Attapeu,14.816824,106.930954,2025-06-17T00:02:02.704001238Z,1.0,95.0,0.0,41.0,90.0,Asia/Vientiane,https://maps.gstatic.com/weather/v1/drizzle,Light rain,en,LIGHT_RAIN,25.9,CELSIUS,29.8,CELSIUS,24.7,CELSIUS,29.8,CELSIUS,25.9,CELSIUS,34.0,RAIN,0.0,MILLIMETERS,0.6147,MILLIMETERS,1011.14,270.0,WEST,2.0,KILOMETERS_PER_HOUR,3.0,KILOMETERS_PER_HOUR,13.0,KILOMETERS,-0.30000000000000004,CELSIUS,32.6,CELSIUS,24.4,CELSIUS,0.0,MILLIMETERS,8.3134,MILLIMETERS,,,,2025-06-17 07:00:07.683000+07:00,0700
1300,156307,UNICEF Lao PDR CO,UNICEF Lao PDR CO,17.9376508179,102.617231896,2025-06-17T00:02:03.993937697Z,1.0,95.0,0.0,1.0,95.0,Asia/Vientiane,https://maps.gstatic.com/weather/v1/cloudy,Cloudy,en,CLOUDY,27.2,CELSIUS,32.8,CELSIUS,26.3,CELSIUS,32.8,CELSIUS,27.2,CELSIUS,10.0,RAIN,0.0,MILLIMETERS,0.0,MILLIMETERS,1008.41,25.0,NORTH_NORTHEAST,3.0,KILOMETERS_PER_HOUR,8.0,KILOMETERS_PER_HOUR,11.0,KILOMETERS,2.3,CELSIUS,32.7,CELSIUS,24.9,CELSIUS,0.0,MILLIMETERS,4.7347,MILLIMETERS,,,,2025-06-17 07:00:07.683000+07:00,0700
1088,90402,"Sathit Secondary School - Xaythani, Vientiane Capital ມັດທະຍົມ ສາທິດ","Sathit Secondary School - Xaythani, Vientiane Capital ມັດທະຍົມ ສາທິດ",18.035248,102.63994,2025-06-17T01:00:11.397054765Z,1.0,71.0,1.0,40.0,95.0,Asia/Vientiane,https://maps.gstatic.com/weather/v1/cloudy,Cloudy,en,CLOUDY,29.3,CELSIUS,33.6,CELSIUS,23.5,CELSIUS,33.6,CELSIUS,29.3,CELSIUS,20.0,RAIN,0.0,MILLIMETERS,0.0,MILLIMETERS,1008.7,65.0,EAST_NORTHEAST,2.0,KILOMETERS_PER_HOUR,8.0,KILOMETERS_PER_HOUR,16.0,KILOMETERS,2.4,CELSIUS,32.7,CELSIUS,25.8,CELSIUS,0.0,MILLIMETERS,4.7347,MILLIMETERS,,,,2025-06-17 08:00:07.167000+07:00,0800
1089,90410,"Naxaithong Secondary School - Naxaithong, Vientiane Capital ມັດທະຍົມ ນາຊາຍທອງ","Naxaithong Secondary School - Naxaithong, Vientiane Capital ມັດທະຍົມ ນາຊາຍທອງ",18.068595,102.535866,2025-06-17T01:00:12.669851970Z,1.0,71.0,1.0,40.0,95.0,Asia/Vientiane,https://maps.gstatic.com/weather/v1/cloudy,Cloudy,en,CLOUDY,29.4,CELSIUS,33.8,CELSIUS,23.5,CELSIUS,33.8,CELSIUS,29.4,CELSIUS,20.0,RAIN,0.0,MILLIMETERS,0.0,MILLIMETERS,1008.7,65.0,EAST_NORTHEAST,2.0,KILOMETERS_PER_HOUR,6.0,KILOMETERS_PER_HOUR,16.0,KILOMETERS,2.3,CELSIUS,32.9,CELSIUS,25.9,CELSIUS,0.0,MILLIMETERS,4.6054,MILLIMETERS,,,,2025-06-17 08:00:07.167000+07:00,0800
1090,90411,d83bda1bc98c Phongsaly - Phongsaly,d83bda1bc98c Phongsaly - Phongsaly,21.695,102.085,2025-06-17T01:00:13.929877902Z,1.0,100.0,1.0,30.0,100.0,Asia/Vientiane,https://maps.gstatic.com/weather/v1/drizzle,Light rain,en,LIGHT_RAIN,20.7,CELSIUS,24.1,CELSIUS,20.7,CELSIUS,24.1,CELSIUS,20.7,CELSIUS,40.0,RAIN,0.0,MILLIMETERS,0.9931000000000001,MILLIMETERS,1009.24,135.0,SOUTHEAST,3.0,KILOMETERS_PER_HOUR,6.0,KILOMETERS_PER_HOUR,5.0,KILOMETERS,-1.0,CELSIUS,28.5,CELSIUS,20.3,CELSIUS,0.0,MILLIMETERS,15.7275,MILLIMETERS,,,,2025-06-17 08:00:07.167000+07:00,0800
1091,90412,May - Phongsaly,May - Phongsaly,21.172583,102.722705,2025-06-17T01:00:15.312574861Z,1.0,96.0,1.0,20.0,100.0,Asia/Vientiane,https://maps.gstatic.com/weather/v1/drizzle,Light rain,en,LIGHT_RAIN,20.3,CELSIUS,23.0,CELSIUS,19.6,CELSIUS,23.0,CELSIUS,20.3,CELSIUS,25.0,RAIN,0.0,MILLIMETERS,0.7569,MILLIMETERS,1010.13,235.0,SOUTHWEST,6.0,KILOMETERS_PER_HOUR,18.0,KILOMETERS_PER_HOUR,10.0,KILOMETERS,-0.6000000000000001,CELSIUS,25.9,CELSIUS,19.5,CELSIUS,0.0,MILLIMETERS,16.2737,MILLIMETERS,,,,2025-06-17 08:00:07.167000+07:00,0800
1092,90413,"Natoon Secondary School - Khua, Phongsaly ມັດທະຍົມສົມບູນ ນາຕູ່ນ","Natoon Secondary School - Khua, Phongsaly ມັດທະຍົມສົມບູນ ນາຕູ່ນ",21.078865,102.505833,2025-06-17T01:00:16.667714748Z,1.0,95.0,1.0,30.0,100.0,Asia/Vientiane,https://maps.gstatic.com/weather/v1/drizzle,Light rain,en,LIGHT_RAIN,20.6,CELSIUS,23.1,CELSIUS,19.8,CELSIUS,23.1,CELSIUS,20.6,CELSIUS,25.0,RAIN,0.0,MILLIMETERS,0.20070000000000002,MILLIMETERS,1009.4,215.0,SOUTHWEST,6.0,KILOMETERS_PER_HOUR,13.0,KILOMETERS_PER_HOUR,10.0,KILOMETERS,0.30000000000000004,CELSIUS,26.4,CELSIUS,19.8,CELSIUS,0.0,MILLIMETERS,8.1105,MILLIMETERS,,,,2025-06-17 08:00:07.167000+07:00,0800
1093,90414,"Naxay Secondary School - Samphanh, Phongsaly ມັດທະຍົມສົມບູນ ນາໄຊ","Naxay Secondary School - Samphanh, Phongsaly ມັດທະຍົມສົມບູນ ນາໄຊ",21.346014,102.349329,2025-06-17T01:00:18.026323781Z,1.0,100.0,1.0,30.0,100.0,Asia/Vientiane,https://maps.gstatic.com/weather/v1/drizzle,Light rain,en,LIGHT_RAIN,11.1,CELSIUS,11.1,CELSIUS,11.1,CELSIUS,11.1,CELSIUS,11.1,CELSIUS,35.0,RAIN,0.0,MILLIMETERS,0.39880000000000004,MILLIMETERS,1009.86,225.0,SOUTHWEST,8.0,KILOMETERS_PER_HOUR,18.0,KILOMETERS_PER_HOUR,5.0,KILOMETERS,-0.9,CELSIUS,17.1,CELSIUS,10.8,CELSIUS,0.0,MILLIMETERS,12.868,MILLIMETERS,,,,2025-06-17 08:00:07.167000+07:00,0800
1094,90419,"Long Secondary School - Long, LuangNamtha ມັດທະຍົມສົມບູນ ເມືອງລອງ","Long Secondary School - Long, LuangNamtha ມັດທະຍົມສົມບູນ ເມືອງລອງ",20.962029,100.82109,2025-06-17T01:00:19.348791085Z,1.0,98.0,1.0,20.0,100.0,Asia/Vientiane,https://maps.gstatic.com/weather/v1/drizzle,Light rain,en,LIGHT_RAIN,22.1,CELSIUS,24.7,CELSIUS,21.6,CELSIUS,24.7,CELSIUS,22.1,CELSIUS,35.0,RAIN,0.0,MILLIMETERS,0.2667,MILLIMETERS,1010.0,225.0,SOUTHWEST,5.0,KILOMETERS_PER_HOUR,8.0,KILOMETERS_PER_HOUR,8.0,KILOMETERS,-2.1,CELSIUS,27.3,CELSIUS,21.9,CELSIUS,0.0,MILLIMETERS,8.2652,MILLIMETERS,,,,2025-06-17 08:00:07.167000+07:00,0800
1095,90421,"Sing Secondary School - Sing, LuangNamtha ມັດທະຍົມສົມບູນ ເມືອງສິງ","Sing Secondary School - Sing, LuangNamtha ມັດທະຍົມສົມບູນ ເມືອງສິງ",21.190223,101.144937,2025-06-17T01:00:20.712117143Z,1.0,98.0,1.0,20.0,100.0,Asia/Vientiane,https://maps.gstatic.com/weather/v1/drizzle,Light rain,en,LIGHT_RAIN,22.1,CELSIUS,24.7,CELSIUS,21.6,CELSIUS,24.7,CELSIUS,22.1,CELSIUS,35.0,RAIN,0.0,MILLIMETERS,0.2667,MILLIMETERS,1010.0,225.0,SOUTHWEST,5.0,KILOMETERS_PER_HOUR,8.0,KILOMETERS_PER_HOUR,8.0,KILOMETERS,-2.1,CELSIUS,27.3,CELSIUS,21.9,CELSIUS,0.0,MILLIMETERS,8.2652,MILLIMETERS,,,,2025-06-17 08:00:07.167000+07:00,0800
1096,90424,"La Secondary School - La, Oudomxai ມັດທະຍົມສົມບູນ ເມືອງຫລາ","La Secondary School - La, Oudomxai ມັດທະຍົມສົມບູນ ເມືອງຫລາ",20.870865,102.110246,2025-06-17T01:00:22.105704154Z,1.0,95.0,1.0,30.0,100.0,Asia/Vientiane,https://maps.gstatic.com/weather/v1/drizzle,Light rain,en,LIGHT_RAIN,21.3,CELSIUS,23.7,CELSIUS,20.5,CELSIUS,23.7,CELSIUS,21.3,CELSIUS,25.0,RAIN,0.0,MILLIMETERS,0.20070000000000002,MILLIMETERS,1009.4,215.0,SOUTHWEST,6.0,KILOMETERS_PER_HOUR,13.0,KILOMETERS_PER_HOUR,10.0,KILOMETERS,0.4,CELSIUS,27.1,CELSIUS,20.5,CELSIUS,0.0,MILLIMETERS,8.1105,MILLIMETERS,,,,2025-06-17 08:00:07.167000+07:00,0800
1097,90425,"Namor Secondary School - Namor, Oudomxay ມັດທະຍົມ ເມືອງນາໝໍ້","Namor Secondary School - Namor, Oudomxay ມັດທະຍົມ ເມືອງນາໝໍ້",20.914061,101.764456,2025-06-17T01:00:23.407002166Z,1.0,98.0,1.0,30.0,100.0,Asia/Vientiane,https://maps.gstatic.com/weather/v1/drizzle,Light rain,en,LIGHT_RAIN,21.2,CELSIUS,23.8,CELSIUS,20.8,CELSIUS,23.8,CELSIUS,21.2,CELSIUS,35.0,RAIN,0.0,MILLIMETERS,0.3759,MILLIMETERS,1009.97,225.0,SOUTHWEST,6.0,KILOMETERS_PER_HOUR,13.0,KILOMETERS_PER_HOUR,8.0,KILOMETERS,-1.3,CELSIUS,27.8,CELSIUS,20.8,CELSIUS,0.0,MILLIMETERS,6.4947,MILLIMETERS,,,,2025-06-17 08:00:07.167000+07:00,0800
1098,90427,Beng - Oudomxai,Beng - Oudomxai,20.296295,101.639666,2025-06-17T01:00:24.777207207Z,1.0,88.0,1.0,0.0,100.0,Asia/Vientiane,https://maps.gstatic.com/weather/v1/cloudy,Cloudy,en,CLOUDY,23.9,CELSIUS,26.1,CELSIUS,21.7,CELSIUS,26.1,CELSIUS,23.9,CELSIUS,10.0,RAIN,0.0,MILLIMETERS,0.0051,MILLIMETERS,1009.58,203.0,SOUTH_SOUTHWEST,8.0,KILOMETERS_PER_HOUR,14.0,KILOMETERS_PER_HOUR,16.0,KILOMETERS,-1.0,CELSIUS,29.2,CELSIUS,22.9,CELSIUS,0.0,MILLIMETERS,9.205,MILLIMETERS,,,,2025-06-17 08:00:07.167000+07:00,0800
1099,90428,"Hoon Secondary School - Hoon, Oudomxay ມັດທະຍົມ ເມືອງຮຸນ","Hoon Secondary School - Hoon, Oudomxay ມັດທະຍົມ ເມືອງຮຸນ",20.146431,101.467765,2025-06-17T01:00:26.100943872Z,1.0,88.0,1.0,0.0,100.0,Asia/Vientiane,https://maps.gstatic.com/weather/v1/cloudy,Cloudy,en,CLOUDY,23.9,CELSIUS,26.1,CELSIUS,21.7,CELSIUS,26.1,CELSIUS,23.9,CELSIUS,10.0,RAIN,0.0,MILLIMETERS,0.0051,MILLIMETERS,1009.58,203.0,SOUTH_SOUTHWEST,8.0,KILOMETERS_PER_HOUR,14.0,KILOMETERS_PER_HOUR,16.0,KILOMETERS,-1.0,CELSIUS,29.2,CELSIUS,22.9,CELSIUS,0.0,MILLIMETERS,9.205,MILLIMETERS,,,,2025-06-17 08:00:07.167000+07:00,0800
1100,90430,"Nampook Secondary School - Huoixai, Bokeo ມັດທະຍົມສົມບູນ ນ້ຳປຸກ","Nampook Secondary School - Huoixai, Bokeo ມັດທະຍົມສົມບູນ ນ້ຳປຸກ",20.217811,100.565439,2025-06-17T01:00:27.470525591Z,1.0,90.0,1.0,30.0,100.0,Asia/Vientiane,https://maps.gstatic.com/weather/v1/drizzle,Light rain,en,LIGHT_RAIN,25.2,CELSIUS,28.1,CELSIUS,23.4,CELSIUS,28.1,CELSIUS,25.2,CELSIUS,35.0,RAIN,0.0,MILLIMETERS,0.5994,MILLIMETERS,1009.0,225.0,SOUTHWEST,3.0,KILOMETERS_PER_HOUR,5.0,KILOMETERS_PER_HOUR,16.0,KILOMETERS,-1.0,CELSIUS,30.6,CELSIUS,24.2,CELSIUS,0.0,MILLIMETERS,26.0603,MILLIMETERS,,,,2025-06-17 08:00:07.167000+07:00,0800
1101,90432,Meung - Bokeo,Meung - Bokeo,20.565749,100.592003,2025-06-17T01:00:28.801489396Z,1.0,95.0,1.0,20.0,100.0,Asia/Vientiane,https://maps.gstatic.com/weather/v1/drizzle,Light rain,en,LIGHT_RAIN,20.6,CELSIUS,23.1,CELSIUS,20.1,CELSIUS,23.1,CELSIUS,20.6,CELSIUS,40.0,RAIN,0.0,MILLIMETERS,1.1481,MILLIMETERS,1009.32,203.0,SOUTH_SOUTHWEST,5.0,KILOMETERS_PER_HOUR,8.0,KILOMETERS_PER_HOUR,10.0,KILOMETERS,-1.5,CELSIUS,26.5,CELSIUS,20.4,CELSIUS,0.0,MILLIMETERS,11.8389,MILLIMETERS,,,,2025-06-17 08:00:07.167000+07:00,0800
1102,90433,Pha Oudom - Bokeo,Pha Oudom - Bokeo,20.086216,100.831707,2025-06-17T01:00:30.182581187Z,1.0,94.0,1.0,20.0,100.0,Asia/Vientiane,https://maps.gstatic.com/weather/v1/drizzle,Light rain,en,LIGHT_RAIN,19.7,CELSIUS,22.2,CELSIUS,18.5,CELSIUS,22.2,CELSIUS,19.7,CELSIUS,35.0,RAIN,0.0,MILLIMETERS,0.8128000000000001,MILLIMETERS,1009.72,203.0,SOUTH_SOUTHWEST,5.0,KILOMETERS_PER_HOUR,8.0,KILOMETERS_PER_HOUR,13.0,KILOMETERS,-1.0,CELSIUS,24.9,CELSIUS,18.8,CELSIUS,0.0,MILLIMETERS,12.2252,MILLIMETERS,,,,2025-06-17 08:00:07.167000+07:00,0800
1103,90435,"Santiphab Secondary School - Luangprabang, Luangprabang ມັດທະຍົມ ສັນຕິພາບ","Santiphab Secondary School - Luangprabang, Luangprabang ມັດທະຍົມ ສັນຕິພາບ",19.880332,102.139832,2025-06-17T01:00:31.528714441Z,1.0,81.0,1.0,30.0,100.0,Asia/Vientiane,https://maps.gstatic.com/weather/v1/drizzle,Light rain,en,LIGHT_RAIN,26.1,CELSIUS,28.7,CELSIUS,22.6,CELSIUS,28.7,CELSIUS,26.1,CELSIUS,35.0,RAIN,0.0,MILLIMETERS,0.39880000000000004,MILLIMETERS,1008.91,205.0,SOUTH_SOUTHWEST,3.0,KILOMETERS_PER_HOUR,10.0,KILOMETERS_PER_HOUR,16.0,KILOMETERS,-0.2,CELSIUS,30.8,CELSIUS,24.2,CELSIUS,0.0,MILLIMETERS,13.551,MILLIMETERS,,,,2025-06-17 08:00:07.167000+07:00,0800
1104,90437,"PakXeng Secondary School - PakXeng, Luangprabang ມັດທະຍົມສົມບູນ ປາກແຊງ","PakXeng Secondary School - PakXeng, Luangprabang ມັດທະຍົມສົມບູນ ປາກແຊງ",20.174492,102.675657,2025-06-17T01:00:32.774769071Z,1.0,99.0,1.0,40.0,100.0,Asia/Vientiane,https://maps.gstatic.com/weather/v1/drizzle,Light rain,en,LIGHT_RAIN,18.7,CELSIUS,21.3,CELSIUS,18.5,CELSIUS,21.3,CELSIUS,18.7,CELSIUS,40.0,RAIN,0.0,MILLIMETERS,0.7010000000000001,MILLIMETERS,1009.7,155.0,SOUTH_SOUTHEAST,5.0,KILOMETERS_PER_HOUR,10.0,KILOMETERS_PER_HOUR,5.0,KILOMETERS,0.30000000000000004,CELSIUS,21.8,CELSIUS,18.0,CELSIUS,0.0,MILLIMETERS,16.8836,MILLIMETERS,,,,2025-06-17 08:00:07.167000+07:00,0800
1105,90438,"Phonxay Secpondary School - Phonxay, Luangprabang ມັດທະຍົມສົມບູນ ເມືອງໂພນໄຊ","Phonxay Secpondary School - Phonxay, Luangprabang ມັດທະຍົມສົມບູນ ເມືອງໂພນໄຊ",19.958916,102.572347,,,,,,,,,,,,,,,,,,,,,,,,,,,,,,,,,,,,,,,,,,,,,,,404.0,Information is not supported for this location. Please try a different location.,NOT_FOUND,2025-06-17 08:00:07.167000+07:00,0800
1106,90440,"Vangxieng Secondary School - Phonthong, Luangprabang ມັດທະຍົມ ວັງຊຽງ","Vangxieng Secondary School - Phonthong, Luangprabang ມັດທະຍົມ ວັງຊຽງ",20.737745,103.073231,2025-06-17T01:00:35.439050926Z,1.0,96.0,1.0,20.0,100.0,Asia/Vientiane,https://maps.gstatic.com/weather/v1/drizzle,Light rain,en,LIGHT_RAIN,21.0,CELSIUS,23.7,CELSIUS,20.2,CELSIUS,23.7,CELSIUS,21.0,CELSIUS,25.0,RAIN,0.0,MILLIMETERS,0.7569,MILLIMETERS,1010.13,235.0,SOUTHWEST,6.0,KILOMETERS_PER_HOUR,18.0,KILOMETERS_PER_HOUR,10.0,KILOMETERS,-0.6000000000000001,CELSIUS,26.6,CELSIUS,20.2,CELSIUS,0.0,MILLIMETERS,16.2737,MILLIMETERS,,,,2025-06-17 08:00:07.167000+07:00,0800
1107,90441,"Kiwkachum Secondary School - XiengNgeun, Luangprabang ມັດທະຍົມ ກິ່ວກະຈຳ","Kiwkachum Secondary School - XiengNgeun, Luangprabang ມັດທະຍົມ ກິ່ວກະຈຳ",19.555,102.234,2025-06-17T01:00:36.739225102Z,1.0,87.0,1.0,30.0,100.0,Asia/Vientiane,https://maps.gstatic.com/weather/v1/drizzle,Light rain,en,LIGHT_RAIN,23.5,CELSIUS,25.9,CELSIUS,21.2,CELSIUS,25.9,CELSIUS,23.5,CELSIUS,25.0,RAIN,0.0,MILLIMETERS,0.2997,MILLIMETERS,1010.63,200.0,SOUTH_SOUTHWEST,5.0,KILOMETERS_PER_HOUR,15.0,KILOMETERS_PER_HOUR,16.0,KILOMETERS,0.6000000000000001,CELSIUS,25.9,CELSIUS,20.6,CELSIUS,0.0,MILLIMETERS,9.7107,MILLIMETERS,,,,2025-06-17 08:00:07.167000+07:00,0800
1108,90442,"Nan Secondary School - Nan, Luangprabang ມັດທະຍົມ ເມືອງນານ","Nan Secondary School - Nan, Luangprabang ມັດທະຍົມ ເມືອງນານ",19.498539,101.883867,2025-06-17T01:00:38.181639891Z,1.0,90.0,1.0,40.0,100.0,Asia/Vientiane,https://maps.gstatic.com/weather/v1/drizzle,Light rain,en,LIGHT_RAIN,20.4,CELSIUS,22.8,CELSIUS,18.7,CELSIUS,22.8,CELSIUS,20.4,CELSIUS,25.0,RAIN,0.0,MILLIMETERS,0.1321,MILLIMETERS,1009.89,203.0,SOUTH_SOUTHWEST,3.0,KILOMETERS_PER_HOUR,6.0,KILOMETERS_PER_HOUR,15.0,KILOMETERS,-0.8,CELSIUS,24.5,CELSIUS,19.1,CELSIUS,0.0,MILLIMETERS,17.8132,MILLIMETERS,,,,2025-06-17 08:00:07.167000+07:00,0800
1109,90447,Xamneua - Houaphan,Xamneua - Houaphan,20.413807,104.050733,2025-06-17T01:00:39.495543646Z,1.0,92.0,1.0,0.0,100.0,Asia/Vientiane,https://maps.gstatic.com/weather/v1/cloudy,Cloudy,en,CLOUDY,23.2,CELSIUS,25.5,CELSIUS,21.8,CELSIUS,25.5,CELSIUS,23.2,CELSIUS,10.0,RAIN,0.0,MILLIMETERS,0.0,MILLIMETERS,1009.1,245.0,WEST_SOUTHWEST,5.0,KILOMETERS_PER_HOUR,10.0,KILOMETERS_PER_HOUR,15.0,KILOMETERS,1.0,CELSIUS,25.4,CELSIUS,20.3,CELSIUS,0.0,MILLIMETERS,7.6608,MILLIMETERS,,,,2025-06-17 08:00:07.167000+07:00,0800
1110,90449,"BouamNgam Secondary School - Huameuang, Houaphan  ມັດທະຍົມ ບວມງາມ","BouamNgam Secondary School - Huameuang, Houaphan  ມັດທະຍົມ ບວມງາມ",20.199501,103.875166,2025-06-17T01:00:40.829187031Z,1.0,97.0,1.0,30.0,100.0,Asia/Vientiane,https://maps.gstatic.com/weather/v1/cloudy,Cloudy,en,CLOUDY,20.9,CELSIUS,23.6,CELSIUS,20.4,CELSIUS,23.6,CELSIUS,20.9,CELSIUS,25.0,RAIN,0.0,MILLIMETERS,0.09910000000000001,MILLIMETERS,1010.25,225.0,SOUTHWEST,6.0,KILOMETERS_PER_HOUR,11.0,KILOMETERS_PER_HOUR,8.0,KILOMETERS,0.7000000000000001,CELSIUS,23.2,CELSIUS,19.1,CELSIUS,0.0,MILLIMETERS,8.55,MILLIMETERS,,,,2025-06-17 08:00:07.167000+07:00,0800
1111,90450,Xamtay - Houaphan,Xamtay - Houaphan,19.999194,104.64011,2025-06-17T01:00:42.163479103Z,1.0,86.0,1.0,40.0,100.0,Asia/Vientiane,https://maps.gstatic.com/weather/v1/cloudy,Cloudy,en,CLOUDY,22.7,CELSIUS,24.8,CELSIUS,20.0,CELSIUS,24.8,CELSIUS,22.7,CELSIUS,20.0,RAIN,0.0,MILLIMETERS,0.0,MILLIMETERS,1009.4,245.0,WEST_SOUTHWEST,3.0,KILOMETERS_PER_HOUR,8.0,KILOMETERS_PER_HOUR,16.0,KILOMETERS,0.9,CELSIUS,24.6,CELSIUS,19.1,CELSIUS,0.0,MILLIMETERS,3.607,MILLIMETERS,,,,2025-06-17 08:00:07.167000+07:00,0800
1112,90451,"Add Secondary School - Add, Houaphan ມັດທະຍົມ ແອດ","Add Secondary School - Add, Houaphan ມັດທະຍົມ ແອດ",20.820542,104.004618,,,,,,,,,,,,,,,,,,,,,,,,,,,,,,,,,,,,,,,,,,,,,,,404.0,Information is not supported for this location. Please try a different location.,NOT_FOUND,2025-06-17 08:00:07.167000+07:00,0800
1113,90452,Xon - Houaphan,Xon - Houaphan,20.466813,103.34797,2025-06-17T01:00:44.796184153Z,1.0,97.0,1.0,30.0,100.0,Asia/Vientiane,https://maps.gstatic.com/weather/v1/cloudy,Cloudy,en,CLOUDY,18.3,CELSIUS,21.0,CELSIUS,17.8,CELSIUS,21.0,CELSIUS,18.3,CELSIUS,25.0,RAIN,0.0,MILLIMETERS,0.09910000000000001,MILLIMETERS,1010.25,225.0,SOUTHWEST,6.0,KILOMETERS_PER_HOUR,11.0,KILOMETERS_PER_HOUR,8.0,KILOMETERS,0.7000000000000001,CELSIUS,20.6,CELSIUS,16.5,CELSIUS,0.0,MILLIMETERS,8.55,MILLIMETERS,,,,2025-06-17 08:00:07.167000+07:00,0800
1114,90453,Xiengkhor - Houaphan,Xiengkhor - Houaphan,20.813892,104.146676,,,,,,,,,,,,,,,,,,,,,,,,,,,,,,,,,,,,,,,,,,,,,,,404.0,Information is not supported for this location. Please try a different location.,NOT_FOUND,2025-06-17 08:00:07.167000+07:00,0800
1115,90454," Viengthong Secondary School - Hiem, Houaphan ມັດທະຍົມ ວຽງທອງ"," Viengthong Secondary School - Hiem, Houaphan ມັດທະຍົມ ວຽງທອງ",20.099855,103.380396,2025-06-17T01:00:47.343195700Z,1.0,97.0,1.0,30.0,100.0,Asia/Vientiane,https://maps.gstatic.com/weather/v1/cloudy,Cloudy,en,CLOUDY,18.3,CELSIUS,21.0,CELSIUS,17.8,CELSIUS,21.0,CELSIUS,18.3,CELSIUS,25.0,RAIN,0.0,MILLIMETERS,0.09910000000000001,MILLIMETERS,1010.25,225.0,SOUTHWEST,6.0,KILOMETERS_PER_HOUR,11.0,KILOMETERS_PER_HOUR,8.0,KILOMETERS,0.7000000000000001,CELSIUS,20.6,CELSIUS,16.5,CELSIUS,0.0,MILLIMETERS,8.55,MILLIMETERS,,,,2025-06-17 08:00:07.167000+07:00,0800
1116,90455,"Sopbao Secondary School - Sopbao, Houaphan ມັດທະຍົມ ສົບເບົາ","Sopbao Secondary School - Sopbao, Houaphan ມັດທະຍົມ ສົບເບົາ",20.710206,104.384946,2025-06-17T01:00:48.676325342Z,1.0,92.0,1.0,1.0,100.0,Asia/Vientiane,https://maps.gstatic.com/weather/v1/cloudy,Cloudy,en,CLOUDY,19.3,CELSIUS,21.6,CELSIUS,17.9,CELSIUS,21.6,CELSIUS,19.3,CELSIUS,10.0,RAIN,0.0,MILLIMETERS,0.0,MILLIMETERS,1009.1,245.0,WEST_SOUTHWEST,5.0,KILOMETERS_PER_HOUR,10.0,KILOMETERS_PER_HOUR,15.0,KILOMETERS,1.0,CELSIUS,21.5,CELSIUS,16.4,CELSIUS,0.0,MILLIMETERS,7.6608,MILLIMETERS,,,,2025-06-17 08:00:07.167000+07:00,0800
1117,90456,"Kuan Secondary School - Kuan, Houaphan ມັດທະຍົມສົມບູນ ກັວນ","Kuan Secondary School - Kuan, Houaphan ມັດທະຍົມສົມບູນ ກັວນ",19.835863,104.561303,2025-06-17T01:00:49.980041223Z,1.0,86.0,1.0,40.0,100.0,Asia/Vientiane,https://maps.gstatic.com/weather/v1/cloudy,Cloudy,en,CLOUDY,24.0,CELSIUS,26.1,CELSIUS,21.3,CELSIUS,26.1,CELSIUS,24.0,CELSIUS,20.0,RAIN,0.0,MILLIMETERS,0.0,MILLIMETERS,1009.4,245.0,WEST_SOUTHWEST,3.0,KILOMETERS_PER_HOUR,8.0,KILOMETERS_PER_HOUR,16.0,KILOMETERS,0.9,CELSIUS,25.9,CELSIUS,20.4,CELSIUS,0.0,MILLIMETERS,3.607,MILLIMETERS,,,,2025-06-17 08:00:07.167000+07:00,0800
1118,90457,"Khob Secondary School - Khob, Xayabouli ມັດທະຍົມ ເມືອງຄອບ","Khob Secondary School - Khob, Xayabouli ມັດທະຍົມ ເມືອງຄອບ",19.699713,100.5572,2025-06-17T01:00:51.299362978Z,1.0,84.0,1.0,30.0,100.0,Asia/Vientiane,https://maps.gstatic.com/weather/v1/drizzle,Light rain,en,LIGHT_RAIN,25.4,CELSIUS,28.0,CELSIUS,22.6,CELSIUS,28.0,CELSIUS,25.4,CELSIUS,45.0,RAIN,0.0,MILLIMETERS,0.2718,MILLIMETERS,1009.86,158.0,SOUTH_SOUTHEAST,10.0,KILOMETERS_PER_HOUR,15.0,KILOMETERS_PER_HOUR,16.0,KILOMETERS,-0.6000000000000001,CELSIUS,28.9,CELSIUS,23.7,CELSIUS,0.0,MILLIMETERS,7.2974,MILLIMETERS,,,,2025-06-17 08:00:07.167000+07:00,0800
1119,90458,"Hongsa Secondary School - Hongsa, Xaignabouly ມັດທະຍົມສົມບູນ ຫົງສາ","Hongsa Secondary School - Hongsa, Xaignabouly ມັດທະຍົມສົມບູນ ຫົງສາ",19.70693,101.342893,2025-06-17T01:00:52.618069409Z,1.0,90.0,1.0,40.0,100.0,Asia/Vientiane,https://maps.gstatic.com/weather/v1/drizzle,Light rain,en,LIGHT_RAIN,21.7,CELSIUS,24.1,CELSIUS,20.0,CELSIUS,24.1,CELSIUS,21.7,CELSIUS,25.0,RAIN,0.0,MILLIMETERS,0.1321,MILLIMETERS,1009.89,203.0,SOUTH_SOUTHWEST,3.0,KILOMETERS_PER_HOUR,6.0,KILOMETERS_PER_HOUR,15.0,KILOMETERS,-0.8,CELSIUS,25.8,CELSIUS,20.4,CELSIUS,0.0,MILLIMETERS,17.8132,MILLIMETERS,,,,2025-06-17 08:00:07.167000+07:00,0800
1120,90459,Phiang - Xaignabouly,Phiang - Xaignabouly,19.094645,101.529558,2025-06-17T01:00:53.944883763Z,1.0,89.0,1.0,30.0,100.0,Asia/Vientiane,https://maps.gstatic.com/weather/v1/drizzle,Light rain,en,LIGHT_RAIN,25.0,CELSIUS,27.7,CELSIUS,22.9,CELSIUS,27.7,CELSIUS,25.0,CELSIUS,40.0,RAIN,0.0,MILLIMETERS,0.5207,MILLIMETERS,1010.07,180.0,SOUTH,3.0,KILOMETERS_PER_HOUR,6.0,KILOMETERS_PER_HOUR,16.0,KILOMETERS,-0.6000000000000001,CELSIUS,30.9,CELSIUS,23.7,CELSIUS,0.0,MILLIMETERS,2.931,MILLIMETERS,,,,2025-06-17 08:00:07.167000+07:00,0800
1121,90460,Parklai - Xaignabouly,Parklai - Xaignabouly,18.220795,101.405717,2025-06-17T01:00:55.373762153Z,1.0,74.0,1.0,20.0,100.0,Asia/Vientiane,https://maps.gstatic.com/weather/v1/cloudy,Cloudy,en,CLOUDY,26.5,CELSIUS,29.3,CELSIUS,21.6,CELSIUS,29.3,CELSIUS,26.5,CELSIUS,20.0,RAIN,0.0,MILLIMETERS,0.0,MILLIMETERS,1009.0,248.0,WEST_SOUTHWEST,6.0,KILOMETERS_PER_HOUR,11.0,KILOMETERS_PER_HOUR,16.0,KILOMETERS,0.1,CELSIUS,31.7,CELSIUS,24.4,CELSIUS,0.0,MILLIMETERS,1.3588,MILLIMETERS,,,,2025-06-17 08:00:07.167000+07:00,0800
1122,90463,"Ekaphab Secondary School - Xayabury, Xayabury ມັດທະຍົມ ເອກະພາບ","Ekaphab Secondary School - Xayabury, Xayabury ມັດທະຍົມ ເອກະພາບ",19.237566,101.714751,2025-06-17T01:00:56.804791202Z,1.0,86.0,1.0,40.0,100.0,Asia/Vientiane,https://maps.gstatic.com/weather/v1/cloudy,Cloudy,en,CLOUDY,26.1,CELSIUS,29.2,CELSIUS,23.3,CELSIUS,29.2,CELSIUS,26.1,CELSIUS,20.0,RAIN,0.0,MILLIMETERS,0.0178,MILLIMETERS,1009.13,203.0,SOUTH_SOUTHWEST,5.0,KILOMETERS_PER_HOUR,11.0,KILOMETERS_PER_HOUR,16.0,KILOMETERS,-0.2,CELSIUS,30.7,CELSIUS,24.8,CELSIUS,0.0,MILLIMETERS,7.1043,MILLIMETERS,,,,2025-06-17 08:00:07.167000+07:00,0800
1123,90466,"Kenethao Secondary School - Kenethao, Xayabury ມັດທະຍົມສົມບຸນ ແກ່ນທ້າວ","Kenethao Secondary School - Kenethao, Xayabury ມັດທະຍົມສົມບຸນ ແກ່ນທ້າວ",17.740569,101.403471,2025-06-17T01:00:58.066551944Z,1.0,71.0,1.0,0.0,100.0,Asia/Vientiane,https://maps.gstatic.com/weather/v1/cloudy,Cloudy,en,CLOUDY,28.3,CELSIUS,31.6,CELSIUS,22.6,CELSIUS,31.6,CELSIUS,28.3,CELSIUS,10.0,RAIN,0.0,MILLIMETERS,0.0,MILLIMETERS,1009.0,293.0,WEST_NORTHWEST,3.0,KILOMETERS_PER_HOUR,6.0,KILOMETERS_PER_HOUR,16.0,KILOMETERS,0.4,CELSIUS,33.0,CELSIUS,25.2,CELSIUS,0.0,MILLIMETERS,0.6553,MILLIMETERS,,,,2025-06-17 08:00:07.167000+07:00,0800
1124,90468,Pek - Xiengkhouang,Pek - Xiengkhouang,19.444636,103.205788,2025-06-17T01:00:59.386976563Z,1.0,82.0,1.0,50.0,96.0,Asia/Vientiane,https://maps.gstatic.com/weather/v1/cloudy,Cloudy,en,CLOUDY,23.0,CELSIUS,25.1,CELSIUS,19.7,CELSIUS,25.1,CELSIUS,23.0,CELSIUS,20.0,RAIN,0.0,MILLIMETERS,0.0889,MILLIMETERS,1011.06,215.0,SOUTHWEST,6.0,KILOMETERS_PER_HOUR,13.0,KILOMETERS_PER_HOUR,16.0,KILOMETERS,0.9,CELSIUS,27.2,CELSIUS,20.1,CELSIUS,0.0,MILLIMETERS,10.4803,MILLIMETERS,,,,2025-06-17 08:00:07.167000+07:00,0800
1125,90469,Nonghed - Xiengkhouang,Nonghed - Xiengkhouang,19.49661,103.986121,,,,,,,,,,,,,,,,,,,,,,,,,,,,,,,,,,,,,,,,,,,,,,,404.0,Information is not supported for this location. Please try a different location.,NOT_FOUND,2025-06-17 08:00:07.167000+07:00,0800
1126,90471,"Napa Secondary School - Kham, Xiengkhouang ມັດທະຍົມ ນາປາ","Napa Secondary School - Kham, Xiengkhouang ມັດທະຍົມ ນາປາ",19.590573,103.662369,2025-06-17T01:01:01.971390665Z,1.0,86.0,1.0,40.0,100.0,Asia/Vientiane,https://maps.gstatic.com/weather/v1/cloudy,Cloudy,en,CLOUDY,24.0,CELSIUS,26.1,CELSIUS,21.3,CELSIUS,26.1,CELSIUS,24.0,CELSIUS,25.0,RAIN,0.0,MILLIMETERS,0.0,MILLIMETERS,1010.1,225.0,SOUTHWEST,3.0,KILOMETERS_PER_HOUR,5.0,KILOMETERS_PER_HOUR,16.0,KILOMETERS,1.1,CELSIUS,27.4,CELSIUS,20.9,CELSIUS,0.0,MILLIMETERS,5.9411,MILLIMETERS,,,,2025-06-17 08:00:07.167000+07:00,0800
1127,90472,"Chomphet Seconbdary School - Khoune, Xiengkhuang ມັດທະຍົມ ຈອມເພັດ","Chomphet Seconbdary School - Khoune, Xiengkhuang ມັດທະຍົມ ຈອມເພັດ",19.340999,103.371433,2025-06-17T01:01:03.356816575Z,1.0,82.0,1.0,50.0,96.0,Asia/Vientiane,https://maps.gstatic.com/weather/v1/cloudy,Cloudy,en,CLOUDY,23.0,CELSIUS,25.1,CELSIUS,19.7,CELSIUS,25.1,CELSIUS,23.0,CELSIUS,20.0,RAIN,0.0,MILLIMETERS,0.0889,MILLIMETERS,1011.05,215.0,SOUTHWEST,6.0,KILOMETERS_PER_HOUR,13.0,KILOMETERS_PER_HOUR,16.0,KILOMETERS,0.9,CELSIUS,27.2,CELSIUS,20.1,CELSIUS,0.0,MILLIMETERS,10.4803,MILLIMETERS,,,,2025-06-17 08:00:07.167000+07:00,0800
1128,90475,Phonhong - Vientiane,Phonhong - Vientiane,18.350024,102.42424,2025-06-17T01:01:04.663510714Z,1.0,79.0,1.0,30.0,95.0,Asia/Vientiane,https://maps.gstatic.com/weather/v1/drizzle,Light rain,en,LIGHT_RAIN,28.1,CELSIUS,32.3,CELSIUS,24.1,CELSIUS,32.3,CELSIUS,28.1,CELSIUS,25.0,RAIN,0.0,MILLIMETERS,0.0,MILLIMETERS,1008.8,270.0,WEST,0.0,KILOMETERS_PER_HOUR,0.0,KILOMETERS_PER_HOUR,16.0,KILOMETERS,1.9000000000000001,CELSIUS,30.1,CELSIUS,24.9,CELSIUS,0.0,MILLIMETERS,13.5737,MILLIMETERS,,,,2025-06-17 08:00:07.167000+07:00,0800
1129,90476,"Kasy Secondary School - Kasy, Vientiane Province ມັດທະຍົມສົມບູນ ກາສີ","Kasy Secondary School - Kasy, Vientiane Province ມັດທະຍົມສົມບູນ ກາສີ",19.225034,102.25219,2025-06-17T01:01:05.987243256Z,1.0,86.0,1.0,30.0,100.0,Asia/Vientiane,https://maps.gstatic.com/weather/v1/cloudy,Cloudy,en,CLOUDY,24.6,CELSIUS,26.9,CELSIUS,22.1,CELSIUS,26.9,CELSIUS,24.6,CELSIUS,20.0,RAIN,0.0,MILLIMETERS,0.1829,MILLIMETERS,1010.2,0.0,NORTH,2.0,KILOMETERS_PER_HOUR,2.0,KILOMETERS_PER_HOUR,16.0,KILOMETERS,1.0,CELSIUS,27.4,CELSIUS,22.1,CELSIUS,0.0,MILLIMETERS,15.9463,MILLIMETERS,,,,2025-06-17 08:00:07.167000+07:00,0800
1130,90477,"Xanakharm Secondary School - Xanakharm, Vieniane Province ມັດທະຍົມສົບຸນ ຊະນະຄາມ","Xanakharm Secondary School - Xanakharm, Vieniane Province ມັດທະຍົມສົບຸນ ຊະນະຄາມ",17.910218,101.670662,2025-06-17T01:01:07.364422572Z,1.0,75.0,1.0,0.0,100.0,Asia/Vientiane,https://maps.gstatic.com/weather/v1/cloudy,Cloudy,en,CLOUDY,27.7,CELSIUS,30.9,CELSIUS,23.1,CELSIUS,30.9,CELSIUS,27.7,CELSIUS,10.0,RAIN,0.0,MILLIMETERS,0.0,MILLIMETERS,1009.0,270.0,WEST,2.0,KILOMETERS_PER_HOUR,3.0,KILOMETERS_PER_HOUR,16.0,KILOMETERS,0.30000000000000004,CELSIUS,32.0,CELSIUS,25.1,CELSIUS,0.0,MILLIMETERS,2.0142,MILLIMETERS,,,,2025-06-17 08:00:07.167000+07:00,0800
1131,90478,Mad - Vientiane,Mad - Vientiane,18.448868,101.76322,2025-06-17T01:01:08.753218699Z,1.0,74.0,1.0,20.0,100.0,Asia/Vientiane,https://maps.gstatic.com/weather/v1/cloudy,Cloudy,en,CLOUDY,27.1,CELSIUS,29.9,CELSIUS,22.2,CELSIUS,29.9,CELSIUS,27.1,CELSIUS,20.0,RAIN,0.0,MILLIMETERS,0.0,MILLIMETERS,1009.0,248.0,WEST_SOUTHWEST,6.0,KILOMETERS_PER_HOUR,11.0,KILOMETERS_PER_HOUR,16.0,KILOMETERS,0.1,CELSIUS,32.3,CELSIUS,25.0,CELSIUS,0.0,MILLIMETERS,1.3588,MILLIMETERS,,,,2025-06-17 08:00:07.167000+07:00,0800
1132,90479,"Phonmi Secondary School - Viengkham, Vientiane Province ມັດທະຍົມສົມບຸນ ໂພນໝີ","Phonmi Secondary School - Viengkham, Vientiane Province ມັດທະຍົມສົມບຸນ ໂພນໝີ",18.48451,102.485942,2025-06-17T01:01:10.102512047Z,1.0,79.0,1.0,30.0,95.0,Asia/Vientiane,https://maps.gstatic.com/weather/v1/drizzle,Light rain,en,LIGHT_RAIN,28.1,CELSIUS,32.3,CELSIUS,24.1,CELSIUS,32.3,CELSIUS,28.1,CELSIUS,25.0,RAIN,0.0,MILLIMETERS,0.0,MILLIMETERS,1008.81,270.0,WEST,0.0,KILOMETERS_PER_HOUR,0.0,KILOMETERS_PER_HOUR,16.0,KILOMETERS,1.9000000000000001,CELSIUS,30.1,CELSIUS,24.9,CELSIUS,0.0,MILLIMETERS,13.5737,MILLIMETERS,,,,2025-06-17 08:00:07.167000+07:00,0800
1133,90482,"KeoKou Secondary School - KeoOudom, Vientiane Province ມັດທະຍົມສົມບູນ ແກ້ວກູ່","KeoKou Secondary School - KeoOudom, Vientiane Province ມັດທະຍົມສົມບູນ ແກ້ວກູ່",18.554884,102.502844,2025-06-17T01:01:11.444461373Z,1.0,79.0,1.0,30.0,95.0,Asia/Vientiane,https://maps.gstatic.com/weather/v1/drizzle,Light rain,en,LIGHT_RAIN,28.1,CELSIUS,32.3,CELSIUS,24.1,CELSIUS,32.3,CELSIUS,28.1,CELSIUS,25.0,RAIN,0.0,MILLIMETERS,0.0,MILLIMETERS,1008.81,270.0,WEST,0.0,KILOMETERS_PER_HOUR,0.0,KILOMETERS_PER_HOUR,16.0,KILOMETERS,1.9000000000000001,CELSIUS,30.1,CELSIUS,24.9,CELSIUS,0.0,MILLIMETERS,13.5737,MILLIMETERS,,,,2025-06-17 08:00:07.167000+07:00,0800
1134,90485,Meun - Vientiane,Meun - Vientiane,18.28379,101.941138,2025-06-17T01:01:12.861655678Z,1.0,66.0,1.0,1.0,90.0,Asia/Vientiane,https://maps.gstatic.com/weather/v1/cloudy,Cloudy,en,CLOUDY,28.7,CELSIUS,31.6,CELSIUS,21.6,CELSIUS,31.6,CELSIUS,28.7,CELSIUS,10.0,RAIN,0.0,MILLIMETERS,0.0,MILLIMETERS,1009.1,270.0,WEST,6.0,KILOMETERS_PER_HOUR,13.0,KILOMETERS_PER_HOUR,16.0,KILOMETERS,1.8,CELSIUS,31.2,CELSIUS,25.3,CELSIUS,0.0,MILLIMETERS,7.2748,MILLIMETERS,,,,2025-06-17 08:00:07.167000+07:00,0800
1135,90487,"Thaphabath Secondary School - Thaphabath, Bolikhamxai","Thaphabath Secondary School - Thaphabath, Bolikhamxai",18.356826,103.198076,2025-06-17T01:01:14.174390600Z,1.0,79.0,1.0,50.0,95.0,Asia/Vientiane,https://maps.gstatic.com/weather/v1/cloudy,Cloudy,en,CLOUDY,27.9,CELSIUS,31.9,CELSIUS,23.8,CELSIUS,31.9,CELSIUS,27.9,CELSIUS,20.0,RAIN,0.0,MILLIMETERS,0.0,MILLIMETERS,1009.22,135.0,SOUTHEAST,2.0,KILOMETERS_PER_HOUR,2.0,KILOMETERS_PER_HOUR,16.0,KILOMETERS,1.8,CELSIUS,30.6,CELSIUS,25.5,CELSIUS,0.0,MILLIMETERS,7.4423,MILLIMETERS,,,,2025-06-17 08:00:07.167000+07:00,0800
1136,90488,Pakkading - Bolikhamxai ,Pakkading - Bolikhamxai ,18.109902,104.281265,2025-06-17T01:01:15.492544667Z,1.0,87.0,1.0,60.0,95.0,Asia/Vientiane,https://maps.gstatic.com/weather/v1/cloudy,Cloudy,en,CLOUDY,27.0,CELSIUS,31.0,CELSIUS,24.5,CELSIUS,31.0,CELSIUS,27.0,CELSIUS,25.0,RAIN,0.0,MILLIMETERS,0.09910000000000001,MILLIMETERS,1009.58,225.0,SOUTHWEST,2.0,KILOMETERS_PER_HOUR,3.0,KILOMETERS_PER_HOUR,16.0,KILOMETERS,1.9000000000000001,CELSIUS,28.4,CELSIUS,24.2,CELSIUS,0.0,MILLIMETERS,19.4538,MILLIMETERS,,,,2025-06-17 08:00:07.167000+07:00,0800
1137,90490,"Nakhonxay Secondary School - Khamkeuth, - Borikhamxai ມັດທະຍົມ ນະຄອນໄຊ","Nakhonxay Secondary School - Khamkeuth, - Borikhamxai ມັດທະຍົມ ນະຄອນໄຊ",18.185553,104.983958,2025-06-17T01:01:16.804383044Z,1.0,85.0,1.0,50.0,95.0,Asia/Vientiane,https://maps.gstatic.com/weather/v1/cloudy,Cloudy,en,CLOUDY,24.8,CELSIUS,27.3,CELSIUS,22.0,CELSIUS,27.3,CELSIUS,24.8,CELSIUS,20.0,RAIN,0.0,MILLIMETERS,0.0,MILLIMETERS,1010.44,205.0,SOUTH_SOUTHWEST,8.0,KILOMETERS_PER_HOUR,19.0,KILOMETERS_PER_HOUR,16.0,KILOMETERS,0.9,CELSIUS,27.2,CELSIUS,21.6,CELSIUS,0.0,MILLIMETERS,2.1873,MILLIMETERS,,,,2025-06-17 08:00:07.167000+07:00,0800
1138,90491,Viengthong - Bolikhamxai,Viengthong - Bolikhamxai,18.512354,104.442835,2025-06-17T01:01:18.136726040Z,1.0,89.0,1.0,50.0,96.0,Asia/Vientiane,https://maps.gstatic.com/weather/v1/cloudy,Cloudy,en,CLOUDY,25.3,CELSIUS,28.2,CELSIUS,23.3,CELSIUS,28.2,CELSIUS,25.3,CELSIUS,20.0,RAIN,0.0,MILLIMETERS,0.0,MILLIMETERS,1010.04,180.0,SOUTH,2.0,KILOMETERS_PER_HOUR,3.0,KILOMETERS_PER_HOUR,16.0,KILOMETERS,0.8,CELSIUS,28.5,CELSIUS,22.7,CELSIUS,0.0,MILLIMETERS,5.4714,MILLIMETERS,,,,2025-06-17 08:00:07.167000+07:00,0800
1139,90492,"NamOn Secondary School - Xaychamphone, Borikhamxai ມັດທະຍົມ ນຳ້ອ້ອນ","NamOn Secondary School - Xaychamphone, Borikhamxai ມັດທະຍົມ ນຳ້ອ້ອນ",18.577559,104.981947,2025-06-17T01:01:19.506931107Z,1.0,85.0,1.0,50.0,95.0,Asia/Vientiane,https://maps.gstatic.com/weather/v1/cloudy,Cloudy,en,CLOUDY,24.8,CELSIUS,27.3,CELSIUS,22.0,CELSIUS,27.3,CELSIUS,24.8,CELSIUS,20.0,RAIN,0.0,MILLIMETERS,0.0,MILLIMETERS,1010.44,205.0,SOUTH_SOUTHWEST,8.0,KILOMETERS_PER_HOUR,19.0,KILOMETERS_PER_HOUR,16.0,KILOMETERS,0.9,CELSIUS,27.2,CELSIUS,21.6,CELSIUS,0.0,MILLIMETERS,2.1873,MILLIMETERS,,,,2025-06-17 08:00:07.167000+07:00,0800
1140,90493,Thakhek - Khammouan ,Thakhek - Khammouan ,17.392668,104.807495,2025-06-17T01:01:20.856506756Z,1.0,93.0,1.0,70.0,92.0,Asia/Vientiane,https://maps.gstatic.com/weather/v1/drizzle,Light rain,en,LIGHT_RAIN,27.8,CELSIUS,34.1,CELSIUS,26.4,CELSIUS,34.1,CELSIUS,27.8,CELSIUS,25.0,RAIN,0.0,MILLIMETERS,0.2997,MILLIMETERS,1009.01,135.0,SOUTHEAST,3.0,KILOMETERS_PER_HOUR,3.0,KILOMETERS_PER_HOUR,13.0,KILOMETERS,0.8,CELSIUS,32.0,CELSIUS,24.7,CELSIUS,0.0,MILLIMETERS,10.8054,MILLIMETERS,,,,2025-06-17 08:00:07.167000+07:00,0800
1141,90494,Mahaxay - Khammouan,Mahaxay - Khammouan,17.457352,105.160169,2025-06-17T01:01:22.110984982Z,1.0,91.0,1.0,70.0,90.0,Asia/Vientiane,https://maps.gstatic.com/weather/v1/cloudy,Cloudy,en,CLOUDY,26.7,CELSIUS,31.1,CELSIUS,25.0,CELSIUS,31.1,CELSIUS,26.7,CELSIUS,25.0,RAIN,0.0,MILLIMETERS,0.1524,MILLIMETERS,1009.96,180.0,SOUTH,2.0,KILOMETERS_PER_HOUR,5.0,KILOMETERS_PER_HOUR,15.0,KILOMETERS,1.8,CELSIUS,28.9,CELSIUS,23.0,CELSIUS,0.0,MILLIMETERS,5.4001,MILLIMETERS,,,,2025-06-17 08:00:07.167000+07:00,0800
1142,90495,Nongbok - Khammouan,Nongbok - Khammouan,16.962416,104.81156,2025-06-17T01:01:23.469216032Z,1.0,85.0,1.0,0.0,100.0,Asia/Vientiane,https://maps.gstatic.com/weather/v1/cloudy,Cloudy,en,CLOUDY,28.3,CELSIUS,33.7,CELSIUS,25.2,CELSIUS,33.7,CELSIUS,28.3,CELSIUS,10.0,RAIN,0.0,MILLIMETERS,0.0,MILLIMETERS,1009.0,225.0,SOUTHWEST,6.0,KILOMETERS_PER_HOUR,13.0,KILOMETERS_PER_HOUR,16.0,KILOMETERS,0.7000000000000001,CELSIUS,33.0,CELSIUS,25.9,CELSIUS,0.0,MILLIMETERS,0.8358,MILLIMETERS,,,,2025-06-17 08:00:07.167000+07:00,0800
1143,90497,Nhommalath - Khammouan ,Nhommalath - Khammouan ,17.614203,105.170282,2025-06-17T01:01:24.854910442Z,1.0,91.0,1.0,70.0,90.0,Asia/Vientiane,https://maps.gstatic.com/weather/v1/cloudy,Cloudy,en,CLOUDY,26.7,CELSIUS,31.1,CELSIUS,25.0,CELSIUS,31.1,CELSIUS,26.7,CELSIUS,25.0,RAIN,0.0,MILLIMETERS,0.1524,MILLIMETERS,1009.96,180.0,SOUTH,2.0,KILOMETERS_PER_HOUR,5.0,KILOMETERS_PER_HOUR,15.0,KILOMETERS,1.8,CELSIUS,28.9,CELSIUS,23.0,CELSIUS,0.0,MILLIMETERS,5.4001,MILLIMETERS,,,,2025-06-17 08:00:07.167000+07:00,0800
1144,90500,"Xebangfay Secondary School - Xebangfay, Khammouane ມັດທະຍົມສົມບູນ ເຊບັ້ງໄຟ","Xebangfay Secondary School - Xebangfay, Khammouane ມັດທະຍົມສົມບູນ ເຊບັ້ງໄຟ",17.086149,104.981631,2025-06-17T01:01:26.112631167Z,1.0,88.0,1.0,70.0,95.0,Asia/Vientiane,https://maps.gstatic.com/weather/v1/cloudy,Cloudy,en,CLOUDY,28.2,CELSIUS,34.0,CELSIUS,25.9,CELSIUS,34.0,CELSIUS,28.2,CELSIUS,25.0,RAIN,0.0,MILLIMETERS,0.0,MILLIMETERS,1009.16,215.0,SOUTHWEST,5.0,KILOMETERS_PER_HOUR,11.0,KILOMETERS_PER_HOUR,16.0,KILOMETERS,0.9,CELSIUS,32.3,CELSIUS,24.6,CELSIUS,0.0,MILLIMETERS,5.357,MILLIMETERS,,,,2025-06-17 08:00:07.167000+07:00,0800
1145,90501,"Sivilay Secondary School - Xaybouathong, Khammouane ມັດທະຍົມສົມບູນ ສີວິໄລ","Sivilay Secondary School - Xaybouathong, Khammouane ມັດທະຍົມສົມບູນ ສີວິໄລ",17.171532,105.4273,2025-06-17T01:01:27.470127013Z,1.0,89.0,1.0,70.0,90.0,Asia/Vientiane,https://maps.gstatic.com/weather/v1/cloudy,Cloudy,en,CLOUDY,28.0,CELSIUS,34.0,CELSIUS,25.9,CELSIUS,34.0,CELSIUS,28.0,CELSIUS,20.0,RAIN,0.0,MILLIMETERS,0.0,MILLIMETERS,1009.47,215.0,SOUTHWEST,8.0,KILOMETERS_PER_HOUR,16.0,KILOMETERS_PER_HOUR,16.0,KILOMETERS,0.4,CELSIUS,31.8,CELSIUS,24.3,CELSIUS,0.0,MILLIMETERS,3.6628,MILLIMETERS,,,,2025-06-17 08:00:07.167000+07:00,0800
1146,90504,"Lianxay Secondary School - Artsaphangthong, Savannakhet ມັດທະຍົມ ຫລຽນໄຊ","Lianxay Secondary School - Artsaphangthong, Savannakhet ມັດທະຍົມ ຫລຽນໄຊ",16.692124,105.409764,,,,,,,,,,,,,,,,,,,,,,,,,,,,,,,,,,,,,,,,,,,,,,,404.0,Information is not supported for this location. Please try a different location.,NOT_FOUND,2025-06-17 08:00:07.167000+07:00,0800
1147,90505,Sepone - Savannakhet,Sepone - Savannakhet,16.696651,106.209138,2025-06-17T01:01:30.073218311Z,1.0,81.0,1.0,60.0,100.0,Asia/Vientiane,https://maps.gstatic.com/weather/v1/cloudy,Cloudy,en,CLOUDY,24.7,CELSIUS,27.8,CELSIUS,21.1,CELSIUS,27.8,CELSIUS,24.7,CELSIUS,25.0,RAIN,0.0,MILLIMETERS,0.0432,MILLIMETERS,1010.01,225.0,SOUTHWEST,11.0,KILOMETERS_PER_HOUR,19.0,KILOMETERS_PER_HOUR,16.0,KILOMETERS,0.9,CELSIUS,29.0,CELSIUS,22.2,CELSIUS,0.0,MILLIMETERS,1.816,MILLIMETERS,,,,2025-06-17 08:00:07.167000+07:00,0800
1148,90506,Nong - Savannakhet,Nong - Savannakhet,16.373875,106.495685,2025-06-17T01:01:31.430879866Z,1.0,84.0,1.0,60.0,91.0,Asia/Vientiane,https://maps.gstatic.com/weather/v1/cloudy,Cloudy,en,CLOUDY,25.9,CELSIUS,29.9,CELSIUS,22.7,CELSIUS,29.9,CELSIUS,25.9,CELSIUS,20.0,RAIN,0.0,MILLIMETERS,0.0,MILLIMETERS,1010.12,180.0,SOUTH,8.0,KILOMETERS_PER_HOUR,15.0,KILOMETERS_PER_HOUR,16.0,KILOMETERS,0.1,CELSIUS,30.1,CELSIUS,23.5,CELSIUS,0.0,MILLIMETERS,1.3033000000000001,MILLIMETERS,,,,2025-06-17 08:00:07.167000+07:00,0800
1149,90508,Champhone - SAVA,Champhone - SAVA,16.489147,105.031659,2025-06-17T01:01:32.751766113Z,1.0,85.0,1.0,0.0,100.0,Asia/Vientiane,https://maps.gstatic.com/weather/v1/cloudy,Cloudy,en,CLOUDY,28.5,CELSIUS,34.3,CELSIUS,25.3,CELSIUS,34.3,CELSIUS,28.5,CELSIUS,10.0,RAIN,0.0,MILLIMETERS,0.0,MILLIMETERS,1009.0,225.0,SOUTHWEST,10.0,KILOMETERS_PER_HOUR,18.0,KILOMETERS_PER_HOUR,16.0,KILOMETERS,0.7000000000000001,CELSIUS,33.0,CELSIUS,26.2,CELSIUS,0.0,MILLIMETERS,0.2973,MILLIMETERS,,,,2025-06-17 08:00:07.167000+07:00,0800
1150,90509,Xaybuly - Savannakhet,Xaybuly - Savannakhet,17.075181,104.87732,2025-06-17T01:01:34.034446500Z,1.0,88.0,1.0,70.0,95.0,Asia/Vientiane,https://maps.gstatic.com/weather/v1/cloudy,Cloudy,en,CLOUDY,28.2,CELSIUS,34.0,CELSIUS,25.9,CELSIUS,34.0,CELSIUS,28.2,CELSIUS,25.0,RAIN,0.0,MILLIMETERS,0.0,MILLIMETERS,1009.16,215.0,SOUTHWEST,5.0,KILOMETERS_PER_HOUR,11.0,KILOMETERS_PER_HOUR,16.0,KILOMETERS,0.9,CELSIUS,32.3,CELSIUS,24.6,CELSIUS,0.0,MILLIMETERS,5.357,MILLIMETERS,,,,2025-06-17 08:00:07.167000+07:00,0800
1151,90510,"Artsaphone Secondary School - Artsaphone, Savannakhet ມັດທະຍົມສົມບູນ ອາດສະພອນ","Artsaphone Secondary School - Artsaphone, Savannakhet ມັດທະຍົມສົມບູນ ອາດສະພອນ",16.844674,105.33638,2025-06-17T01:01:35.345222538Z,1.0,88.0,1.0,70.0,95.0,Asia/Vientiane,https://maps.gstatic.com/weather/v1/cloudy,Cloudy,en,CLOUDY,28.2,CELSIUS,34.0,CELSIUS,25.9,CELSIUS,34.0,CELSIUS,28.2,CELSIUS,25.0,RAIN,0.0,MILLIMETERS,0.0,MILLIMETERS,1009.16,215.0,SOUTHWEST,5.0,KILOMETERS_PER_HOUR,11.0,KILOMETERS_PER_HOUR,16.0,KILOMETERS,0.9,CELSIUS,32.3,CELSIUS,24.6,CELSIUS,0.0,MILLIMETERS,5.357,MILLIMETERS,,,,2025-06-17 08:00:07.167000+07:00,0800
1152,90512,"Phin Secondary School - Phin, Savannakhet ມັດທະຍົມ ພີນ","Phin Secondary School - Phin, Savannakhet ມັດທະຍົມ ພີນ",16.527879,106.021922,2025-06-17T01:01:36.619001602Z,1.0,84.0,1.0,60.0,91.0,Asia/Vientiane,https://maps.gstatic.com/weather/v1/cloudy,Cloudy,en,CLOUDY,25.3,CELSIUS,29.3,CELSIUS,22.1,CELSIUS,29.3,CELSIUS,25.3,CELSIUS,20.0,RAIN,0.0,MILLIMETERS,0.0,MILLIMETERS,1010.12,180.0,SOUTH,8.0,KILOMETERS_PER_HOUR,15.0,KILOMETERS_PER_HOUR,16.0,KILOMETERS,0.2,CELSIUS,29.4,CELSIUS,22.8,CELSIUS,0.0,MILLIMETERS,1.3033000000000001,MILLIMETERS,,,,2025-06-17 08:00:07.167000+07:00,0800
1153,90513,Songkhone - Savannakhet,Songkhone - Savannakhet,16.237196,105.1965,2025-06-17T01:01:37.959704594Z,1.0,85.0,1.0,0.0,100.0,Asia/Vientiane,https://maps.gstatic.com/weather/v1/cloudy,Cloudy,en,CLOUDY,28.4,CELSIUS,34.0,CELSIUS,25.7,CELSIUS,34.0,CELSIUS,28.4,CELSIUS,10.0,RAIN,0.0,MILLIMETERS,0.0,MILLIMETERS,1009.0,225.0,SOUTHWEST,10.0,KILOMETERS_PER_HOUR,18.0,KILOMETERS_PER_HOUR,16.0,KILOMETERS,0.30000000000000004,CELSIUS,32.6,CELSIUS,26.4,CELSIUS,0.0,MILLIMETERS,0.0302,MILLIMETERS,,,,2025-06-17 08:00:07.167000+07:00,0800
1154,90514,"Beungxang Secondary School - Xonbuly, Savannakhet ມັດທະຍົມ ບຶງຊ້າງ","Beungxang Secondary School - Xonbuly, Savannakhet ມັດທະຍົມ ບຶງຊ້າງ",16.388527,105.375363,2025-06-17T01:01:39.317668652Z,1.0,85.0,1.0,60.0,100.0,Asia/Vientiane,https://maps.gstatic.com/weather/v1/cloudy,Cloudy,en,CLOUDY,28.5,CELSIUS,34.4,CELSIUS,25.4,CELSIUS,34.4,CELSIUS,28.5,CELSIUS,20.0,RAIN,0.0,MILLIMETERS,0.0,MILLIMETERS,1009.7,203.0,SOUTH_SOUTHWEST,11.0,KILOMETERS_PER_HOUR,21.0,KILOMETERS_PER_HOUR,16.0,KILOMETERS,0.2,CELSIUS,32.9,CELSIUS,26.3,CELSIUS,0.0,MILLIMETERS,0.3048,MILLIMETERS,,,,2025-06-17 08:00:07.167000+07:00,0800
1155,90515,Vilabuly - Savannakhet,Vilabuly - Savannakhet,16.971649,105.944661,2025-06-17T01:01:40.732683059Z,1.0,89.0,1.0,70.0,90.0,Asia/Vientiane,https://maps.gstatic.com/weather/v1/cloudy,Cloudy,en,CLOUDY,28.0,CELSIUS,34.0,CELSIUS,25.9,CELSIUS,34.0,CELSIUS,28.0,CELSIUS,20.0,RAIN,0.0,MILLIMETERS,0.0,MILLIMETERS,1009.47,215.0,SOUTHWEST,8.0,KILOMETERS_PER_HOUR,16.0,KILOMETERS_PER_HOUR,16.0,KILOMETERS,0.4,CELSIUS,31.8,CELSIUS,24.3,CELSIUS,0.0,MILLIMETERS,3.6628,MILLIMETERS,,,,2025-06-17 08:00:07.167000+07:00,0800
1156,90516,"Phoummachedy Secondary School - Xayphouthong, Savannakhet ມັດທະຍົມ ພູມມະເຈດີ","Phoummachedy Secondary School - Xayphouthong, Savannakhet ມັດທະຍົມ ພູມມະເຈດີ",16.367044,105.005653,2025-06-17T01:01:42.051955718Z,1.0,85.0,1.0,0.0,100.0,Asia/Vientiane,https://maps.gstatic.com/weather/v1/cloudy,Cloudy,en,CLOUDY,28.4,CELSIUS,34.0,CELSIUS,25.7,CELSIUS,34.0,CELSIUS,28.4,CELSIUS,10.0,RAIN,0.0,MILLIMETERS,0.0,MILLIMETERS,1009.0,225.0,SOUTHWEST,10.0,KILOMETERS_PER_HOUR,18.0,KILOMETERS_PER_HOUR,16.0,KILOMETERS,0.30000000000000004,CELSIUS,32.6,CELSIUS,26.4,CELSIUS,0.0,MILLIMETERS,0.0302,MILLIMETERS,,,,2025-06-17 08:00:07.167000+07:00,0800
1157,90517,Phalanxay - Savannakhet,Phalanxay - Savannakhet,16.661353,105.58791,2025-06-17T01:01:43.349636084Z,1.0,89.0,1.0,70.0,90.0,Asia/Vientiane,https://maps.gstatic.com/weather/v1/cloudy,Cloudy,en,CLOUDY,28.0,CELSIUS,34.0,CELSIUS,25.9,CELSIUS,34.0,CELSIUS,28.0,CELSIUS,20.0,RAIN,0.0,MILLIMETERS,0.0,MILLIMETERS,1009.47,215.0,SOUTHWEST,8.0,KILOMETERS_PER_HOUR,16.0,KILOMETERS_PER_HOUR,16.0,KILOMETERS,0.4,CELSIUS,31.8,CELSIUS,24.3,CELSIUS,0.0,MILLIMETERS,3.6628,MILLIMETERS,,,,2025-06-17 08:00:07.167000+07:00,0800
1158,90518,"Saravane Secondary School -Saravane, Saravane ມັດທະຍົມສົມບູນ ສາລະວັນ","Saravane Secondary School -Saravane, Saravane ມັດທະຍົມສົມບູນ ສາລະວັນ",15.707906,106.422189,2025-06-17T01:01:44.626767207Z,1.0,83.0,1.0,60.0,98.0,Asia/Vientiane,https://maps.gstatic.com/weather/v1/cloudy,Cloudy,en,CLOUDY,27.8,CELSIUS,32.4,CELSIUS,24.6,CELSIUS,32.4,CELSIUS,27.8,CELSIUS,20.0,RAIN,0.0,MILLIMETERS,0.0,MILLIMETERS,1010.24,270.0,WEST,5.0,KILOMETERS_PER_HOUR,8.0,KILOMETERS_PER_HOUR,16.0,KILOMETERS,0.1,CELSIUS,31.7,CELSIUS,24.3,CELSIUS,0.0,MILLIMETERS,1.3183,MILLIMETERS,,,,2025-06-17 08:00:07.167000+07:00,0800
1159,90520,"Toomlarn Secondary School - Toomlarn, Saravane ມັດທະຍົມສົມບູນ ຕຸ້ມລານ","Toomlarn Secondary School - Toomlarn, Saravane ມັດທະຍົມສົມບູນ ຕຸ້ມລານ",15.994499,106.192399,2025-06-17T01:01:45.908463881Z,1.0,84.0,1.0,60.0,91.0,Asia/Vientiane,https://maps.gstatic.com/weather/v1/cloudy,Cloudy,en,CLOUDY,25.3,CELSIUS,29.3,CELSIUS,22.1,CELSIUS,29.3,CELSIUS,25.3,CELSIUS,20.0,RAIN,0.0,MILLIMETERS,0.0,MILLIMETERS,1010.12,180.0,SOUTH,8.0,KILOMETERS_PER_HOUR,15.0,KILOMETERS_PER_HOUR,16.0,KILOMETERS,0.2,CELSIUS,29.4,CELSIUS,22.8,CELSIUS,0.0,MILLIMETERS,1.3033000000000001,MILLIMETERS,,,,2025-06-17 08:00:07.167000+07:00,0800
1160,90521,"Lakhonesy Secondary School - Lakhonepheng, Saravane ມັດທະຍົມສົມບູນ ລະຄອນສີ","Lakhonesy Secondary School - Lakhonepheng, Saravane ມັດທະຍົມສົມບູນ ລະຄອນສີ",15.891245,105.567119,2025-06-17T01:01:47.276085174Z,1.0,85.0,1.0,0.0,100.0,Asia/Vientiane,https://maps.gstatic.com/weather/v1/cloudy,Cloudy,en,CLOUDY,28.2,CELSIUS,33.7,CELSIUS,25.6,CELSIUS,33.7,CELSIUS,28.2,CELSIUS,10.0,RAIN,0.0,MILLIMETERS,0.0178,MILLIMETERS,1010.0,203.0,SOUTH_SOUTHWEST,10.0,KILOMETERS_PER_HOUR,18.0,KILOMETERS_PER_HOUR,16.0,KILOMETERS,0.0,CELSIUS,32.1,CELSIUS,25.8,CELSIUS,0.0,MILLIMETERS,0.9500000000000001,MILLIMETERS,,,,2025-06-17 08:00:07.167000+07:00,0800
1161,90522,Lao Ngarm - Salavan,Lao Ngarm - Salavan,15.461092,106.16172,2025-06-17T01:01:48.622818366Z,1.0,82.0,1.0,0.0,100.0,Asia/Vientiane,https://maps.gstatic.com/weather/v1/cloudy,Cloudy,en,CLOUDY,29.2,CELSIUS,33.9,CELSIUS,26.0,CELSIUS,33.9,CELSIUS,29.2,CELSIUS,10.0,RAIN,0.0,MILLIMETERS,0.030500000000000003,MILLIMETERS,1010.18,248.0,WEST_SOUTHWEST,8.0,KILOMETERS_PER_HOUR,15.0,KILOMETERS_PER_HOUR,16.0,KILOMETERS,-0.2,CELSIUS,33.2,CELSIUS,26.0,CELSIUS,0.0,MILLIMETERS,2.3037,MILLIMETERS,,,,2025-06-17 08:00:07.167000+07:00,0800
1162,90524,Khongxedone - Salavan,Khongxedone - Salavan,15.59088,105.804115,2025-06-17T01:01:49.948964735Z,1.0,85.0,1.0,0.0,100.0,Asia/Vientiane,https://maps.gstatic.com/weather/v1/cloudy,Cloudy,en,CLOUDY,28.2,CELSIUS,33.7,CELSIUS,25.6,CELSIUS,33.7,CELSIUS,28.2,CELSIUS,10.0,RAIN,0.0,MILLIMETERS,0.0178,MILLIMETERS,1010.0,203.0,SOUTH_SOUTHWEST,10.0,KILOMETERS_PER_HOUR,18.0,KILOMETERS_PER_HOUR,16.0,KILOMETERS,0.0,CELSIUS,32.1,CELSIUS,25.8,CELSIUS,0.0,MILLIMETERS,0.9500000000000001,MILLIMETERS,,,,2025-06-17 08:00:07.167000+07:00,0800
1163,90526,Lamarm - Sekong ,Lamarm - Sekong ,15.352494,106.722444,2025-06-17T01:01:51.246612070Z,1.0,86.0,1.0,0.0,100.0,Asia/Vientiane,https://maps.gstatic.com/weather/v1/cloudy,Cloudy,en,CLOUDY,27.0,CELSIUS,31.1,CELSIUS,24.3,CELSIUS,31.1,CELSIUS,27.0,CELSIUS,10.0,RAIN,0.0,MILLIMETERS,0.0,MILLIMETERS,1010.59,135.0,SOUTHEAST,5.0,KILOMETERS_PER_HOUR,8.0,KILOMETERS_PER_HOUR,16.0,KILOMETERS,-0.2,CELSIUS,31.5,CELSIUS,24.3,CELSIUS,0.0,MILLIMETERS,2.5348,MILLIMETERS,,,,2025-06-17 08:00:07.167000+07:00,0800
1164,90527,"Kaleum Secondary School - Kaleum, Sekong ມັດທະຍົມ ກະລຶມ","Kaleum Secondary School - Kaleum, Sekong ມັດທະຍົມ ກະລຶມ",15.784384,106.906754,2025-06-17T01:01:52.611369724Z,1.0,85.0,1.0,60.0,100.0,Asia/Vientiane,https://maps.gstatic.com/weather/v1/cloudy,Cloudy,en,CLOUDY,24.5,CELSIUS,26.7,CELSIUS,21.8,CELSIUS,26.7,CELSIUS,24.5,CELSIUS,15.0,RAIN,0.0,MILLIMETERS,0.1194,MILLIMETERS,1012.46,225.0,SOUTHWEST,3.0,KILOMETERS_PER_HOUR,7.0,KILOMETERS_PER_HOUR,16.0,KILOMETERS,-0.2,CELSIUS,28.1,CELSIUS,21.2,CELSIUS,0.0,MILLIMETERS,2.3901,MILLIMETERS,,,,2025-06-17 08:00:07.167000+07:00,0800
1165,90528,"Dakcheung Secondary School - Dakcheung, Sekongມັດທະຍົມສົມບູນ ດາກຈຶງ","Dakcheung Secondary School - Dakcheung, Sekongມັດທະຍົມສົມບູນ ດາກຈຶງ",15.467532,107.271451,,,,,,,,,,,,,,,,,,,,,,,,,,,,,,,,,,,,,,,,,,,,,,,404.0,Information is not supported for this location. Please try a different location.,NOT_FOUND,2025-06-17 08:00:07.167000+07:00,0800
1166,90529,Thateng -Sekong,Thateng -Sekong,15.434018,106.382399,2025-06-17T01:01:55.178220298Z,1.0,83.0,1.0,60.0,98.0,Asia/Vientiane,https://maps.gstatic.com/weather/v1/cloudy,Cloudy,en,CLOUDY,31.7,CELSIUS,36.3,CELSIUS,28.5,CELSIUS,36.3,CELSIUS,31.7,CELSIUS,20.0,RAIN,0.0,MILLIMETERS,0.0,MILLIMETERS,1010.24,270.0,WEST,5.0,KILOMETERS_PER_HOUR,8.0,KILOMETERS_PER_HOUR,16.0,KILOMETERS,0.1,CELSIUS,35.6,CELSIUS,28.2,CELSIUS,0.0,MILLIMETERS,1.3183,MILLIMETERS,,,,2025-06-17 08:00:07.167000+07:00,0800
1167,90530,Pakse - Champasack,Pakse - Champasack,15.12006,105.80211,2025-06-17T01:01:56.470363446Z,1.0,87.0,1.0,50.0,100.0,Asia/Vientiane,https://maps.gstatic.com/weather/v1/cloudy,Cloudy,en,CLOUDY,28.2,CELSIUS,33.9,CELSIUS,25.8,CELSIUS,33.9,CELSIUS,28.2,CELSIUS,20.0,RAIN,0.0,MILLIMETERS,0.17270000000000002,MILLIMETERS,1010.31,158.0,SOUTH_SOUTHEAST,8.0,KILOMETERS_PER_HOUR,14.0,KILOMETERS_PER_HOUR,16.0,KILOMETERS,-0.4,CELSIUS,32.9,CELSIUS,25.6,CELSIUS,0.0,MILLIMETERS,1.7909,MILLIMETERS,,,,2025-06-17 08:00:07.167000+07:00,0800
1173,91254,"Chomphet Secondary School - Sisattanak, Vientiane Capital ມັດທະຍົມສົມບູນ ຈອມເພັດ","Chomphet Secondary School - Sisattanak, Vientiane Capital ມັດທະຍົມສົມບູນ ຈອມເພັດ",17.910254,102.622708,2025-06-17T01:01:57.764613979Z,1.0,71.0,1.0,40.0,95.0,Asia/Vientiane,https://maps.gstatic.com/weather/v1/cloudy,Cloudy,en,CLOUDY,29.3,CELSIUS,33.7,CELSIUS,23.5,CELSIUS,33.7,CELSIUS,29.3,CELSIUS,20.0,RAIN,0.0,MILLIMETERS,0.0,MILLIMETERS,1008.71,65.0,EAST_NORTHEAST,2.0,KILOMETERS_PER_HOUR,8.0,KILOMETERS_PER_HOUR,16.0,KILOMETERS,2.4,CELSIUS,32.7,CELSIUS,25.8,CELSIUS,0.0,MILLIMETERS,4.7347,MILLIMETERS,,,,2025-06-17 08:00:07.167000+07:00,0800
1227,152182,"ParkOu Secondary School - ParkOu, Luangprabang ມັດທະຍົມສົມບູນ ປາກອູ","ParkOu Secondary School - ParkOu, Luangprabang ມັດທະຍົມສົມບູນ ປາກອູ",20.087592,102.256569,2025-06-17T01:01:59.023584807Z,1.0,82.0,1.0,30.0,100.0,Asia/Vientiane,https://maps.gstatic.com/weather/v1/drizzle,Light rain,en,LIGHT_RAIN,26.0,CELSIUS,28.6,CELSIUS,22.5,CELSIUS,28.6,CELSIUS,26.0,CELSIUS,35.0,RAIN,0.0,MILLIMETERS,0.39880000000000004,MILLIMETERS,1008.94,205.0,SOUTH_SOUTHWEST,3.0,KILOMETERS_PER_HOUR,8.0,KILOMETERS_PER_HOUR,16.0,KILOMETERS,-0.2,CELSIUS,30.7,CELSIUS,24.1,CELSIUS,0.0,MILLIMETERS,13.2463,MILLIMETERS,,,,2025-06-17 08:00:07.167000+07:00,0800
1228,152240,"Phoukhoune Secondary School - Phoukhoune, Luangprabang ມັດທະຍົມ ພູຄູນ","Phoukhoune Secondary School - Phoukhoune, Luangprabang ມັດທະຍົມ ພູຄູນ",19.438824,102.428042,2025-06-17T01:02:00.426465754Z,1.0,87.0,1.0,30.0,100.0,Asia/Vientiane,https://maps.gstatic.com/weather/v1/drizzle,Light rain,en,LIGHT_RAIN,23.6,CELSIUS,25.9,CELSIUS,21.2,CELSIUS,25.9,CELSIUS,23.6,CELSIUS,25.0,RAIN,0.0,MILLIMETERS,0.2997,MILLIMETERS,1010.62,200.0,SOUTH_SOUTHWEST,5.0,KILOMETERS_PER_HOUR,15.0,KILOMETERS_PER_HOUR,16.0,KILOMETERS,0.7000000000000001,CELSIUS,25.9,CELSIUS,20.6,CELSIUS,0.0,MILLIMETERS,9.7107,MILLIMETERS,,,,2025-06-17 08:00:07.167000+07:00,0800
1233,152548,"Longsane Secondary School - Longsane , Xaysomboun ມັດທະຍົມສົມບຸນ ລ້ອງຊານ","Longsane Secondary School - Longsane , Xaysomboun ມັດທະຍົມສົມບຸນ ລ້ອງຊານ",18.550145,103.003076,2025-06-17T01:02:01.712064832Z,1.0,76.0,1.0,40.0,95.0,Asia/Vientiane,https://maps.gstatic.com/weather/v1/cloudy,Cloudy,en,CLOUDY,22.6,CELSIUS,25.5,CELSIUS,17.9,CELSIUS,25.5,CELSIUS,22.6,CELSIUS,20.0,RAIN,0.0,MILLIMETERS,0.0,MILLIMETERS,1009.52,225.0,SOUTHWEST,2.0,KILOMETERS_PER_HOUR,5.0,KILOMETERS_PER_HOUR,16.0,KILOMETERS,3.1,CELSIUS,24.0,CELSIUS,19.0,CELSIUS,0.0,MILLIMETERS,6.4189,MILLIMETERS,,,,2025-06-17 08:00:07.167000+07:00,0800
1239,153035,Sanxay - Attapeu,Sanxay - Attapeu,14.925784,107.052837,2025-06-17T01:02:02.988589372Z,1.0,90.0,1.0,68.0,100.0,Asia/Vientiane,https://maps.gstatic.com/weather/v1/cloudy,Cloudy,en,CLOUDY,20.4,CELSIUS,23.1,CELSIUS,18.7,CELSIUS,23.1,CELSIUS,20.4,CELSIUS,24.0,RAIN,0.0,MILLIMETERS,0.5817,MILLIMETERS,1011.94,158.0,SOUTH_SOUTHEAST,5.0,KILOMETERS_PER_HOUR,10.0,KILOMETERS_PER_HOUR,16.0,KILOMETERS,-1.2,CELSIUS,25.6,CELSIUS,18.2,CELSIUS,0.0,MILLIMETERS,8.997,MILLIMETERS,,,,2025-06-17 08:00:07.167000+07:00,0800
1249,153777,"Dorntalath Secondary School - Champasack, Champasack ມັດທະຍົມ ດອນຕະລາດ","Dorntalath Secondary School - Champasack, Champasack ມັດທະຍົມ ດອນຕະລາດ",14.784126,105.819789,2025-06-17T01:02:04.322835478Z,1.0,95.0,1.0,60.0,100.0,Asia/Vientiane,https://maps.gstatic.com/weather/v1/strong_tstorms,Light thunderstorms and rain,en,LIGHT_THUNDERSTORM_RAIN,26.9,CELSIUS,32.2,CELSIUS,25.7,CELSIUS,32.2,CELSIUS,26.9,CELSIUS,35.0,RAIN,0.0,MILLIMETERS,0.20070000000000002,MILLIMETERS,1011.0,113.0,EAST_SOUTHEAST,5.0,KILOMETERS_PER_HOUR,8.0,KILOMETERS_PER_HOUR,13.0,KILOMETERS,-0.7000000000000001,CELSIUS,32.8,CELSIUS,25.2,CELSIUS,0.0,MILLIMETERS,3.7086,MILLIMETERS,,,,2025-06-17 08:00:07.167000+07:00,0800
1250,153790,Khong - Champasack,Khong - Champasack,14.048226,105.896012,2025-06-17T01:02:05.736972053Z,1.0,95.0,1.0,70.0,100.0,Asia/Vientiane,https://maps.gstatic.com/weather/v1/strong_tstorms,Light thunderstorms and rain,en,LIGHT_THUNDERSTORM_RAIN,26.8,CELSIUS,31.9,CELSIUS,25.9,CELSIUS,31.9,CELSIUS,26.8,CELSIUS,34.0,RAIN,0.0,MILLIMETERS,0.9906,MILLIMETERS,1011.0,158.0,SOUTH_SOUTHEAST,8.0,KILOMETERS_PER_HOUR,14.0,KILOMETERS_PER_HOUR,10.0,KILOMETERS,-1.5,CELSIUS,33.8,CELSIUS,25.6,CELSIUS,0.0,MILLIMETERS,8.6996,MILLIMETERS,,,,2025-06-17 08:00:07.167000+07:00,0800
1251,153866,Samakkhixay - Attapeu,Samakkhixay - Attapeu,14.812678,106.829211,2025-06-17T01:02:07.087453543Z,1.0,89.0,1.0,68.0,100.0,Asia/Vientiane,https://maps.gstatic.com/weather/v1/cloudy,Cloudy,en,CLOUDY,26.9,CELSIUS,31.2,CELSIUS,24.7,CELSIUS,31.2,CELSIUS,26.9,CELSIUS,20.0,RAIN,0.0,MILLIMETERS,0.47750000000000004,MILLIMETERS,1011.13,270.0,WEST,3.0,KILOMETERS_PER_HOUR,5.0,KILOMETERS_PER_HOUR,16.0,KILOMETERS,-0.7000000000000001,CELSIUS,32.6,CELSIUS,24.4,CELSIUS,0.0,MILLIMETERS,8.768,MILLIMETERS,,,,2025-06-17 08:00:07.167000+07:00,0800
1255,153913,Xaysetha - Attapeu,Xaysetha - Attapeu,14.816824,106.930954,2025-06-17T01:02:08.356947033Z,1.0,89.0,1.0,68.0,100.0,Asia/Vientiane,https://maps.gstatic.com/weather/v1/cloudy,Cloudy,en,CLOUDY,26.9,CELSIUS,31.2,CELSIUS,24.7,CELSIUS,31.2,CELSIUS,26.9,CELSIUS,20.0,RAIN,0.0,MILLIMETERS,0.47750000000000004,MILLIMETERS,1011.13,270.0,WEST,3.0,KILOMETERS_PER_HOUR,5.0,KILOMETERS_PER_HOUR,16.0,KILOMETERS,-0.7000000000000001,CELSIUS,32.6,CELSIUS,24.4,CELSIUS,0.0,MILLIMETERS,8.768,MILLIMETERS,,,,2025-06-17 08:00:07.167000+07:00,0800
1302,156307,UNICEF Lao PDR CO,UNICEF Lao PDR CO,17.9376508179,102.617231896,2025-06-17T01:02:09.625263385Z,1.0,71.0,1.0,40.0,95.0,Asia/Vientiane,https://maps.gstatic.com/weather/v1/cloudy,Cloudy,en,CLOUDY,29.3,CELSIUS,33.7,CELSIUS,23.5,CELSIUS,33.7,CELSIUS,29.3,CELSIUS,20.0,RAIN,0.0,MILLIMETERS,0.0,MILLIMETERS,1008.71,65.0,EAST_NORTHEAST,2.0,KILOMETERS_PER_HOUR,8.0,KILOMETERS_PER_HOUR,16.0,KILOMETERS,2.4,CELSIUS,32.7,CELSIUS,25.8,CELSIUS,0.0,MILLIMETERS,4.7347,MILLIMETERS,,,,2025-06-17 08:00:07.167000+07:00,0800
1089,90402,"Sathit Secondary School - Xaythani, Vientiane Capital ມັດທະຍົມ ສາທິດ","Sathit Secondary School - Xaythani, Vientiane Capital ມັດທະຍົມ ສາທິດ",18.035248,102.63994,2025-06-17T02:00:15.693923695Z,1.0,74.0,2.0,40.0,95.0,Asia/Vientiane,https://maps.gstatic.com/weather/v1/cloudy,Cloudy,en,CLOUDY,30.7,CELSIUS,37.5,CELSIUS,25.3,CELSIUS,37.5,CELSIUS,30.7,CELSIUS,25.0,RAIN,0.0,MILLIMETERS,0.0,MILLIMETERS,1008.9,45.0,NORTHEAST,2.0,KILOMETERS_PER_HOUR,5.0,KILOMETERS_PER_HOUR,16.0,KILOMETERS,1.7,CELSIUS,32.7,CELSIUS,25.8,CELSIUS,0.0,MILLIMETERS,4.402,MILLIMETERS,,,,2025-06-17 09:00:11.498000+07:00,0900
1090,90410,"Naxaithong Secondary School - Naxaithong, Vientiane Capital ມັດທະຍົມ ນາຊາຍທອງ","Naxaithong Secondary School - Naxaithong, Vientiane Capital ມັດທະຍົມ ນາຊາຍທອງ",18.068595,102.535866,2025-06-17T02:00:16.985224326Z,1.0,73.0,2.0,40.0,95.0,Asia/Vientiane,https://maps.gstatic.com/weather/v1/cloudy,Cloudy,en,CLOUDY,30.8,CELSIUS,37.7,CELSIUS,25.3,CELSIUS,37.7,CELSIUS,30.8,CELSIUS,25.0,RAIN,0.0,MILLIMETERS,0.0,MILLIMETERS,1008.9,45.0,NORTHEAST,2.0,KILOMETERS_PER_HOUR,5.0,KILOMETERS_PER_HOUR,16.0,KILOMETERS,1.7,CELSIUS,32.9,CELSIUS,25.9,CELSIUS,0.0,MILLIMETERS,4.2193,MILLIMETERS,,,,2025-06-17 09:00:11.498000+07:00,0900
1091,90411,d83bda1bc98c Phongsaly - Phongsaly,d83bda1bc98c Phongsaly - Phongsaly,21.695,102.085,2025-06-17T02:00:18.260620099Z,1.0,97.0,2.0,30.0,100.0,Asia/Vientiane,https://maps.gstatic.com/weather/v1/drizzle,Light rain,en,LIGHT_RAIN,23.3,CELSIUS,25.8,CELSIUS,22.9,CELSIUS,25.8,CELSIUS,23.3,CELSIUS,25.0,RAIN,0.0,MILLIMETERS,0.20070000000000002,MILLIMETERS,1009.13,135.0,SOUTHEAST,2.0,KILOMETERS_PER_HOUR,3.0,KILOMETERS_PER_HOUR,8.0,KILOMETERS,-0.4,CELSIUS,28.5,CELSIUS,20.3,CELSIUS,0.0,MILLIMETERS,15.9282,MILLIMETERS,,,,2025-06-17 09:00:11.498000+07:00,0900
1092,90412,May - Phongsaly,May - Phongsaly,21.172583,102.722705,2025-06-17T02:00:19.558412941Z,1.0,91.0,2.0,20.0,100.0,Asia/Vientiane,https://maps.gstatic.com/weather/v1/drizzle,Light rain,en,LIGHT_RAIN,22.5,CELSIUS,24.9,CELSIUS,21.0,CELSIUS,24.9,CELSIUS,22.5,CELSIUS,25.0,RAIN,0.0,MILLIMETERS,0.3048,MILLIMETERS,1010.13,235.0,SOUTHWEST,10.0,KILOMETERS_PER_HOUR,21.0,KILOMETERS_PER_HOUR,14.0,KILOMETERS,-0.1,CELSIUS,25.9,CELSIUS,19.5,CELSIUS,0.0,MILLIMETERS,16.4794,MILLIMETERS,,,,2025-06-17 09:00:11.498000+07:00,0900
1093,90413,"Natoon Secondary School - Khua, Phongsaly ມັດທະຍົມສົມບູນ ນາຕູ່ນ","Natoon Secondary School - Khua, Phongsaly ມັດທະຍົມສົມບູນ ນາຕູ່ນ",21.078865,102.505833,2025-06-17T02:00:20.821927039Z,1.0,89.0,2.0,30.0,100.0,Asia/Vientiane,https://maps.gstatic.com/weather/v1/drizzle,Light rain,en,LIGHT_RAIN,22.6,CELSIUS,25.0,CELSIUS,20.5,CELSIUS,25.0,CELSIUS,22.6,CELSIUS,25.0,RAIN,0.0,MILLIMETERS,0.32,MILLIMETERS,1009.48,225.0,SOUTHWEST,10.0,KILOMETERS_PER_HOUR,19.0,KILOMETERS_PER_HOUR,16.0,KILOMETERS,0.1,CELSIUS,26.4,CELSIUS,19.8,CELSIUS,0.0,MILLIMETERS,8.229800000000001,MILLIMETERS,,,,2025-06-17 09:00:11.498000+07:00,0900
1094,90414,"Naxay Secondary School - Samphanh, Phongsaly ມັດທະຍົມສົມບູນ ນາໄຊ","Naxay Secondary School - Samphanh, Phongsaly ມັດທະຍົມສົມບູນ ນາໄຊ",21.346014,102.349329,2025-06-17T02:00:22.103044204Z,1.0,100.0,2.0,30.0,100.0,Asia/Vientiane,https://maps.gstatic.com/weather/v1/drizzle,Light rain,en,LIGHT_RAIN,13.0,CELSIUS,16.3,CELSIUS,13.0,CELSIUS,16.3,CELSIUS,13.0,CELSIUS,25.0,RAIN,0.0,MILLIMETERS,0.20070000000000002,MILLIMETERS,1009.95,235.0,SOUTHWEST,8.0,KILOMETERS_PER_HOUR,18.0,KILOMETERS_PER_HOUR,5.0,KILOMETERS,-1.0,CELSIUS,17.1,CELSIUS,10.8,CELSIUS,0.0,MILLIMETERS,12.9722,MILLIMETERS,,,,2025-06-17 09:00:11.498000+07:00,0900
1095,90419,"Long Secondary School - Long, LuangNamtha ມັດທະຍົມສົມບູນ ເມືອງລອງ","Long Secondary School - Long, LuangNamtha ມັດທະຍົມສົມບູນ ເມືອງລອງ",20.962029,100.82109,2025-06-17T02:00:23.444442939Z,1.0,95.0,2.0,20.0,100.0,Asia/Vientiane,https://maps.gstatic.com/weather/v1/drizzle,Light rain,en,LIGHT_RAIN,22.8,CELSIUS,25.2,CELSIUS,21.8,CELSIUS,25.2,CELSIUS,22.8,CELSIUS,35.0,RAIN,0.0,MILLIMETERS,0.40130000000000005,MILLIMETERS,1010.0,203.0,SOUTH_SOUTHWEST,6.0,KILOMETERS_PER_HOUR,11.0,KILOMETERS_PER_HOUR,11.0,KILOMETERS,-2.8,CELSIUS,27.3,CELSIUS,21.9,CELSIUS,0.0,MILLIMETERS,8.4684,MILLIMETERS,,,,2025-06-17 09:00:11.498000+07:00,0900
1096,90421,"Sing Secondary School - Sing, LuangNamtha ມັດທະຍົມສົມບູນ ເມືອງສິງ","Sing Secondary School - Sing, LuangNamtha ມັດທະຍົມສົມບູນ ເມືອງສິງ",21.190223,101.144937,2025-06-17T02:00:24.707652763Z,1.0,95.0,2.0,20.0,100.0,Asia/Vientiane,https://maps.gstatic.com/weather/v1/drizzle,Light rain,en,LIGHT_RAIN,22.8,CELSIUS,25.2,CELSIUS,21.8,CELSIUS,25.2,CELSIUS,22.8,CELSIUS,35.0,RAIN,0.0,MILLIMETERS,0.40130000000000005,MILLIMETERS,1010.0,203.0,SOUTH_SOUTHWEST,6.0,KILOMETERS_PER_HOUR,11.0,KILOMETERS_PER_HOUR,11.0,KILOMETERS,-2.8,CELSIUS,27.3,CELSIUS,21.9,CELSIUS,0.0,MILLIMETERS,8.4684,MILLIMETERS,,,,2025-06-17 09:00:11.498000+07:00,0900
1097,90424,"La Secondary School - La, Oudomxai ມັດທະຍົມສົມບູນ ເມືອງຫລາ","La Secondary School - La, Oudomxai ມັດທະຍົມສົມບູນ ເມືອງຫລາ",20.870865,102.110246,2025-06-17T02:00:25.982266359Z,1.0,89.0,2.0,30.0,100.0,Asia/Vientiane,https://maps.gstatic.com/weather/v1/drizzle,Light rain,en,LIGHT_RAIN,23.2,CELSIUS,25.7,CELSIUS,21.2,CELSIUS,25.7,CELSIUS,23.2,CELSIUS,25.0,RAIN,0.0,MILLIMETERS,0.32,MILLIMETERS,1009.48,225.0,SOUTHWEST,10.0,KILOMETERS_PER_HOUR,19.0,KILOMETERS_PER_HOUR,16.0,KILOMETERS,0.0,CELSIUS,27.1,CELSIUS,20.5,CELSIUS,0.0,MILLIMETERS,8.229800000000001,MILLIMETERS,,,,2025-06-17 09:00:11.498000+07:00,0900
1098,90425,"Namor Secondary School - Namor, Oudomxay ມັດທະຍົມ ເມືອງນາໝໍ້","Namor Secondary School - Namor, Oudomxay ມັດທະຍົມ ເມືອງນາໝໍ້",20.914061,101.764456,2025-06-17T02:00:27.296169796Z,1.0,90.0,2.0,30.0,100.0,Asia/Vientiane,https://maps.gstatic.com/weather/v1/drizzle,Light rain,en,LIGHT_RAIN,22.3,CELSIUS,24.5,CELSIUS,20.8,CELSIUS,24.5,CELSIUS,22.3,CELSIUS,35.0,RAIN,0.0,MILLIMETERS,0.40390000000000004,MILLIMETERS,1009.97,225.0,SOUTHWEST,8.0,KILOMETERS_PER_HOUR,14.0,KILOMETERS_PER_HOUR,14.0,KILOMETERS,-1.5,CELSIUS,27.8,CELSIUS,20.8,CELSIUS,0.0,MILLIMETERS,6.7691,MILLIMETERS,,,,2025-06-17 09:00:11.498000+07:00,0900
1099,90427,Beng - Oudomxai,Beng - Oudomxai,20.296295,101.639666,2025-06-17T02:00:28.558276715Z,1.0,83.0,2.0,0.0,100.0,Asia/Vientiane,https://maps.gstatic.com/weather/v1/cloudy,Cloudy,en,CLOUDY,25.1,CELSIUS,27.4,CELSIUS,21.8,CELSIUS,27.4,CELSIUS,25.1,CELSIUS,10.0,RAIN,0.0,MILLIMETERS,0.0533,MILLIMETERS,1009.58,225.0,SOUTHWEST,10.0,KILOMETERS_PER_HOUR,15.0,KILOMETERS_PER_HOUR,16.0,KILOMETERS,-1.1,CELSIUS,29.2,CELSIUS,22.9,CELSIUS,0.0,MILLIMETERS,9.1592,MILLIMETERS,,,,2025-06-17 09:00:11.498000+07:00,0900
1100,90428,"Hoon Secondary School - Hoon, Oudomxay ມັດທະຍົມ ເມືອງຮຸນ","Hoon Secondary School - Hoon, Oudomxay ມັດທະຍົມ ເມືອງຮຸນ",20.146431,101.467765,2025-06-17T02:00:29.864581764Z,1.0,83.0,2.0,0.0,100.0,Asia/Vientiane,https://maps.gstatic.com/weather/v1/cloudy,Cloudy,en,CLOUDY,25.1,CELSIUS,27.4,CELSIUS,21.8,CELSIUS,27.4,CELSIUS,25.1,CELSIUS,10.0,RAIN,0.0,MILLIMETERS,0.0533,MILLIMETERS,1009.58,225.0,SOUTHWEST,10.0,KILOMETERS_PER_HOUR,15.0,KILOMETERS_PER_HOUR,16.0,KILOMETERS,-1.1,CELSIUS,29.2,CELSIUS,22.9,CELSIUS,0.0,MILLIMETERS,9.1592,MILLIMETERS,,,,2025-06-17 09:00:11.498000+07:00,0900
1101,90430,"Nampook Secondary School - Huoixai, Bokeo ມັດທະຍົມສົມບູນ ນ້ຳປຸກ","Nampook Secondary School - Huoixai, Bokeo ມັດທະຍົມສົມບູນ ນ້ຳປຸກ",20.217811,100.565439,2025-06-17T02:00:31.196585823Z,1.0,85.0,1.0,30.0,100.0,Asia/Vientiane,https://maps.gstatic.com/weather/v1/cloudy,Cloudy,en,CLOUDY,26.5,CELSIUS,29.8,CELSIUS,23.7,CELSIUS,29.8,CELSIUS,26.5,CELSIUS,25.0,RAIN,0.0,MILLIMETERS,0.2997,MILLIMETERS,1009.0,203.0,SOUTH_SOUTHWEST,5.0,KILOMETERS_PER_HOUR,10.0,KILOMETERS_PER_HOUR,16.0,KILOMETERS,-0.5,CELSIUS,30.6,CELSIUS,24.2,CELSIUS,0.0,MILLIMETERS,26.2051,MILLIMETERS,,,,2025-06-17 09:00:11.498000+07:00,0900
1102,90432,Meung - Bokeo,Meung - Bokeo,20.565749,100.592003,2025-06-17T02:00:32.462760068Z,1.0,95.0,2.0,20.0,100.0,Asia/Vientiane,https://maps.gstatic.com/weather/v1/drizzle,Light rain,en,LIGHT_RAIN,21.5,CELSIUS,24.1,CELSIUS,20.3,CELSIUS,24.1,CELSIUS,21.5,CELSIUS,40.0,RAIN,0.0,MILLIMETERS,0.7239,MILLIMETERS,1010.0,203.0,SOUTH_SOUTHWEST,6.0,KILOMETERS_PER_HOUR,11.0,KILOMETERS_PER_HOUR,11.0,KILOMETERS,-1.5,CELSIUS,26.5,CELSIUS,20.4,CELSIUS,0.0,MILLIMETERS,12.4282,MILLIMETERS,,,,2025-06-17 09:00:11.498000+07:00,0900
1103,90433,Pha Oudom - Bokeo,Pha Oudom - Bokeo,20.086216,100.831707,2025-06-17T02:00:33.729316241Z,1.0,88.0,2.0,20.0,100.0,Asia/Vientiane,https://maps.gstatic.com/weather/v1/cloudy,Cloudy,en,CLOUDY,20.9,CELSIUS,23.4,CELSIUS,18.7,CELSIUS,23.4,CELSIUS,20.9,CELSIUS,35.0,RAIN,0.0,MILLIMETERS,0.3912,MILLIMETERS,1010.0,203.0,SOUTH_SOUTHWEST,6.0,KILOMETERS_PER_HOUR,11.0,KILOMETERS_PER_HOUR,16.0,KILOMETERS,-0.8,CELSIUS,24.9,CELSIUS,18.8,CELSIUS,0.0,MILLIMETERS,12.4945,MILLIMETERS,,,,2025-06-17 09:00:11.498000+07:00,0900
1104,90435,"Santiphab Secondary School - Luangprabang, Luangprabang ມັດທະຍົມ ສັນຕິພາບ","Santiphab Secondary School - Luangprabang, Luangprabang ມັດທະຍົມ ສັນຕິພາບ",19.880332,102.139832,2025-06-17T02:00:35.004832433Z,1.0,74.0,2.0,40.0,100.0,Asia/Vientiane,https://maps.gstatic.com/weather/v1/drizzle,Light rain,en,LIGHT_RAIN,28.5,CELSIUS,32.4,CELSIUS,23.3,CELSIUS,32.4,CELSIUS,28.5,CELSIUS,25.0,RAIN,0.0,MILLIMETERS,0.39880000000000004,MILLIMETERS,1008.73,235.0,SOUTHWEST,8.0,KILOMETERS_PER_HOUR,19.0,KILOMETERS_PER_HOUR,16.0,KILOMETERS,0.1,CELSIUS,30.8,CELSIUS,24.2,CELSIUS,0.0,MILLIMETERS,13.9473,MILLIMETERS,,,,2025-06-17 09:00:11.498000+07:00,0900
1105,90437,"PakXeng Secondary School - PakXeng, Luangprabang ມັດທະຍົມສົມບູນ ປາກແຊງ","PakXeng Secondary School - PakXeng, Luangprabang ມັດທະຍົມສົມບູນ ປາກແຊງ",20.174492,102.675657,2025-06-17T02:00:36.284588715Z,1.0,95.0,2.0,50.0,100.0,Asia/Vientiane,https://maps.gstatic.com/weather/v1/drizzle,Light rain,en,LIGHT_RAIN,20.9,CELSIUS,23.5,CELSIUS,20.1,CELSIUS,23.5,CELSIUS,20.9,CELSIUS,25.0,RAIN,0.0,MILLIMETERS,0.39880000000000004,MILLIMETERS,1009.7,180.0,SOUTH,3.0,KILOMETERS_PER_HOUR,6.0,KILOMETERS_PER_HOUR,10.0,KILOMETERS,0.8,CELSIUS,21.8,CELSIUS,18.0,CELSIUS,0.0,MILLIMETERS,17.0817,MILLIMETERS,,,,2025-06-17 09:00:11.498000+07:00,0900
1106,90438,"Phonxay Secpondary School - Phonxay, Luangprabang ມັດທະຍົມສົມບູນ ເມືອງໂພນໄຊ","Phonxay Secpondary School - Phonxay, Luangprabang ມັດທະຍົມສົມບູນ ເມືອງໂພນໄຊ",19.958916,102.572347,,,,,,,,,,,,,,,,,,,,,,,,,,,,,,,,,,,,,,,,,,,,,,,404.0,Information is not supported for this location. Please try a different location.,NOT_FOUND,2025-06-17 09:00:11.498000+07:00,0900
1107,90440,"Vangxieng Secondary School - Phonthong, Luangprabang ມັດທະຍົມ ວັງຊຽງ","Vangxieng Secondary School - Phonthong, Luangprabang ມັດທະຍົມ ວັງຊຽງ",20.737745,103.073231,2025-06-17T02:00:38.784126286Z,1.0,91.0,2.0,20.0,100.0,Asia/Vientiane,https://maps.gstatic.com/weather/v1/drizzle,Light rain,en,LIGHT_RAIN,23.2,CELSIUS,25.6,CELSIUS,21.7,CELSIUS,25.6,CELSIUS,23.2,CELSIUS,25.0,RAIN,0.0,MILLIMETERS,0.3048,MILLIMETERS,1010.13,235.0,SOUTHWEST,10.0,KILOMETERS_PER_HOUR,21.0,KILOMETERS_PER_HOUR,15.0,KILOMETERS,-0.1,CELSIUS,26.6,CELSIUS,20.2,CELSIUS,0.0,MILLIMETERS,16.4794,MILLIMETERS,,,,2025-06-17 09:00:11.498000+07:00,0900
1108,90441,"Kiwkachum Secondary School - XiengNgeun, Luangprabang ມັດທະຍົມ ກິ່ວກະຈຳ","Kiwkachum Secondary School - XiengNgeun, Luangprabang ມັດທະຍົມ ກິ່ວກະຈຳ",19.555,102.234,2025-06-17T02:00:40.045509783Z,1.0,84.0,2.0,30.0,100.0,Asia/Vientiane,https://maps.gstatic.com/weather/v1/cloudy,Cloudy,en,CLOUDY,25.6,CELSIUS,27.8,CELSIUS,22.7,CELSIUS,27.8,CELSIUS,25.6,CELSIUS,25.0,RAIN,0.0,MILLIMETERS,0.2997,MILLIMETERS,1010.34,215.0,SOUTHWEST,6.0,KILOMETERS_PER_HOUR,16.0,KILOMETERS_PER_HOUR,16.0,KILOMETERS,0.6000000000000001,CELSIUS,25.9,CELSIUS,20.6,CELSIUS,0.0,MILLIMETERS,10.0104,MILLIMETERS,,,,2025-06-17 09:00:11.498000+07:00,0900
1109,90442,"Nan Secondary School - Nan, Luangprabang ມັດທະຍົມ ເມືອງນານ","Nan Secondary School - Nan, Luangprabang ມັດທະຍົມ ເມືອງນານ",19.498539,101.883867,2025-06-17T02:00:41.295029827Z,1.0,86.0,2.0,50.0,100.0,Asia/Vientiane,https://maps.gstatic.com/weather/v1/drizzle,Light rain,en,LIGHT_RAIN,21.3,CELSIUS,23.9,CELSIUS,18.9,CELSIUS,23.9,CELSIUS,21.3,CELSIUS,25.0,RAIN,0.0,MILLIMETERS,0.3302,MILLIMETERS,1010.0,203.0,SOUTH_SOUTHWEST,5.0,KILOMETERS_PER_HOUR,8.0,KILOMETERS_PER_HOUR,16.0,KILOMETERS,-1.0,CELSIUS,24.5,CELSIUS,19.1,CELSIUS,0.0,MILLIMETERS,18.0342,MILLIMETERS,,,,2025-06-17 09:00:11.498000+07:00,0900
1110,90447,Xamneua - Houaphan,Xamneua - Houaphan,20.413807,104.050733,2025-06-17T02:00:42.547070618Z,1.0,87.0,2.0,40.0,100.0,Asia/Vientiane,https://maps.gstatic.com/weather/v1/cloudy,Cloudy,en,CLOUDY,24.6,CELSIUS,27.0,CELSIUS,22.3,CELSIUS,27.0,CELSIUS,24.6,CELSIUS,25.0,RAIN,0.0,MILLIMETERS,0.0,MILLIMETERS,1009.0,270.0,WEST,8.0,KILOMETERS_PER_HOUR,16.0,KILOMETERS_PER_HOUR,16.0,KILOMETERS,1.0,CELSIUS,25.4,CELSIUS,20.3,CELSIUS,0.0,MILLIMETERS,6.9166,MILLIMETERS,,,,2025-06-17 09:00:11.498000+07:00,0900
1111,90449,"BouamNgam Secondary School - Huameuang, Houaphan  ມັດທະຍົມ ບວມງາມ","BouamNgam Secondary School - Huameuang, Houaphan  ມັດທະຍົມ ບວມງາມ",20.199501,103.875166,2025-06-17T02:00:43.809628700Z,1.0,95.0,2.0,50.0,100.0,Asia/Vientiane,https://maps.gstatic.com/weather/v1/drizzle,Light rain,en,LIGHT_RAIN,22.0,CELSIUS,24.5,CELSIUS,21.1,CELSIUS,24.5,CELSIUS,22.0,CELSIUS,25.0,RAIN,0.0,MILLIMETERS,0.20070000000000002,MILLIMETERS,1010.45,235.0,SOUTHWEST,8.0,KILOMETERS_PER_HOUR,16.0,KILOMETERS_PER_HOUR,10.0,KILOMETERS,0.9,CELSIUS,23.2,CELSIUS,19.1,CELSIUS,0.0,MILLIMETERS,8.5323,MILLIMETERS,,,,2025-06-17 09:00:11.498000+07:00,0900
1112,90450,Xamtay - Houaphan,Xamtay - Houaphan,19.999194,104.64011,2025-06-17T02:00:45.098669065Z,1.0,81.0,2.0,60.0,100.0,Asia/Vientiane,https://maps.gstatic.com/weather/v1/cloudy,Cloudy,en,CLOUDY,24.2,CELSIUS,26.5,CELSIUS,20.6,CELSIUS,26.5,CELSIUS,24.2,CELSIUS,25.0,RAIN,0.0,MILLIMETERS,0.0,MILLIMETERS,1009.3,250.0,WEST_SOUTHWEST,5.0,KILOMETERS_PER_HOUR,13.0,KILOMETERS_PER_HOUR,16.0,KILOMETERS,0.8,CELSIUS,24.6,CELSIUS,19.1,CELSIUS,0.0,MILLIMETERS,3.038,MILLIMETERS,,,,2025-06-17 09:00:11.498000+07:00,0900
1113,90451,"Add Secondary School - Add, Houaphan ມັດທະຍົມ ແອດ","Add Secondary School - Add, Houaphan ມັດທະຍົມ ແອດ",20.820542,104.004618,,,,,,,,,,,,,,,,,,,,,,,,,,,,,,,,,,,,,,,,,,,,,,,404.0,Information is not supported for this location. Please try a different location.,NOT_FOUND,2025-06-17 09:00:11.498000+07:00,0900
1114,90452,Xon - Houaphan,Xon - Houaphan,20.466813,103.34797,2025-06-17T02:00:47.632215372Z,1.0,95.0,2.0,50.0,100.0,Asia/Vientiane,https://maps.gstatic.com/weather/v1/drizzle,Light rain,en,LIGHT_RAIN,19.4,CELSIUS,21.9,CELSIUS,18.5,CELSIUS,21.9,CELSIUS,19.4,CELSIUS,25.0,RAIN,0.0,MILLIMETERS,0.20070000000000002,MILLIMETERS,1010.45,235.0,SOUTHWEST,8.0,KILOMETERS_PER_HOUR,16.0,KILOMETERS_PER_HOUR,10.0,KILOMETERS,0.9,CELSIUS,20.6,CELSIUS,16.5,CELSIUS,0.0,MILLIMETERS,8.5323,MILLIMETERS,,,,2025-06-17 09:00:11.498000+07:00,0900
1115,90453,Xiengkhor - Houaphan,Xiengkhor - Houaphan,20.813892,104.146676,,,,,,,,,,,,,,,,,,,,,,,,,,,,,,,,,,,,,,,,,,,,,,,404.0,Information is not supported for this location. Please try a different location.,NOT_FOUND,2025-06-17 09:00:11.498000+07:00,0900
1116,90454," Viengthong Secondary School - Hiem, Houaphan ມັດທະຍົມ ວຽງທອງ"," Viengthong Secondary School - Hiem, Houaphan ມັດທະຍົມ ວຽງທອງ",20.099855,103.380396,2025-06-17T02:00:50.110274631Z,1.0,95.0,2.0,50.0,100.0,Asia/Vientiane,https://maps.gstatic.com/weather/v1/drizzle,Light rain,en,LIGHT_RAIN,19.4,CELSIUS,21.9,CELSIUS,18.5,CELSIUS,21.9,CELSIUS,19.4,CELSIUS,25.0,RAIN,0.0,MILLIMETERS,0.20070000000000002,MILLIMETERS,1010.45,235.0,SOUTHWEST,8.0,KILOMETERS_PER_HOUR,16.0,KILOMETERS_PER_HOUR,10.0,KILOMETERS,0.9,CELSIUS,20.6,CELSIUS,16.5,CELSIUS,0.0,MILLIMETERS,8.5323,MILLIMETERS,,,,2025-06-17 09:00:11.498000+07:00,0900
1117,90455,"Sopbao Secondary School - Sopbao, Houaphan ມັດທະຍົມ ສົບເບົາ","Sopbao Secondary School - Sopbao, Houaphan ມັດທະຍົມ ສົບເບົາ",20.710206,104.384946,2025-06-17T02:00:51.381669792Z,1.0,87.0,2.0,40.0,100.0,Asia/Vientiane,https://maps.gstatic.com/weather/v1/cloudy,Cloudy,en,CLOUDY,20.7,CELSIUS,23.1,CELSIUS,18.4,CELSIUS,23.1,CELSIUS,20.7,CELSIUS,25.0,RAIN,0.0,MILLIMETERS,0.0,MILLIMETERS,1009.0,270.0,WEST,8.0,KILOMETERS_PER_HOUR,16.0,KILOMETERS_PER_HOUR,16.0,KILOMETERS,1.0,CELSIUS,21.5,CELSIUS,16.4,CELSIUS,0.0,MILLIMETERS,6.9166,MILLIMETERS,,,,2025-06-17 09:00:11.498000+07:00,0900
1118,90456,"Kuan Secondary School - Kuan, Houaphan ມັດທະຍົມສົມບູນ ກັວນ","Kuan Secondary School - Kuan, Houaphan ມັດທະຍົມສົມບູນ ກັວນ",19.835863,104.561303,2025-06-17T02:00:52.673364072Z,1.0,81.0,2.0,60.0,100.0,Asia/Vientiane,https://maps.gstatic.com/weather/v1/cloudy,Cloudy,en,CLOUDY,25.5,CELSIUS,27.8,CELSIUS,21.9,CELSIUS,27.8,CELSIUS,25.5,CELSIUS,25.0,RAIN,0.0,MILLIMETERS,0.0,MILLIMETERS,1009.3,250.0,WEST_SOUTHWEST,5.0,KILOMETERS_PER_HOUR,13.0,KILOMETERS_PER_HOUR,16.0,KILOMETERS,0.8,CELSIUS,25.9,CELSIUS,20.4,CELSIUS,0.0,MILLIMETERS,3.038,MILLIMETERS,,,,2025-06-17 09:00:11.498000+07:00,0900
1119,90457,"Khob Secondary School - Khob, Xayabouli ມັດທະຍົມ ເມືອງຄອບ","Khob Secondary School - Khob, Xayabouli ມັດທະຍົມ ເມືອງຄອບ",19.699713,100.5572,2025-06-17T02:00:53.969417892Z,1.0,79.0,1.0,40.0,100.0,Asia/Vientiane,https://maps.gstatic.com/weather/v1/drizzle,Light rain,en,LIGHT_RAIN,26.5,CELSIUS,29.4,CELSIUS,22.7,CELSIUS,29.4,CELSIUS,26.5,CELSIUS,65.0,RAIN,0.0,MILLIMETERS,0.9627,MILLIMETERS,1009.86,203.0,SOUTH_SOUTHWEST,10.0,KILOMETERS_PER_HOUR,18.0,KILOMETERS_PER_HOUR,16.0,KILOMETERS,-0.6000000000000001,CELSIUS,28.9,CELSIUS,23.7,CELSIUS,0.0,MILLIMETERS,8.2449,MILLIMETERS,,,,2025-06-17 09:00:11.498000+07:00,0900
1120,90458,"Hongsa Secondary School - Hongsa, Xaignabouly ມັດທະຍົມສົມບູນ ຫົງສາ","Hongsa Secondary School - Hongsa, Xaignabouly ມັດທະຍົມສົມບູນ ຫົງສາ",19.70693,101.342893,2025-06-17T02:00:55.232577815Z,1.0,86.0,2.0,50.0,100.0,Asia/Vientiane,https://maps.gstatic.com/weather/v1/drizzle,Light rain,en,LIGHT_RAIN,22.6,CELSIUS,25.2,CELSIUS,20.2,CELSIUS,25.2,CELSIUS,22.6,CELSIUS,25.0,RAIN,0.0,MILLIMETERS,0.3302,MILLIMETERS,1010.0,203.0,SOUTH_SOUTHWEST,5.0,KILOMETERS_PER_HOUR,8.0,KILOMETERS_PER_HOUR,16.0,KILOMETERS,-1.0,CELSIUS,25.8,CELSIUS,20.4,CELSIUS,0.0,MILLIMETERS,18.0342,MILLIMETERS,,,,2025-06-17 09:00:11.498000+07:00,0900
1121,90459,Phiang - Xaignabouly,Phiang - Xaignabouly,19.094645,101.529558,2025-06-17T02:00:56.516541559Z,1.0,85.0,2.0,40.0,100.0,Asia/Vientiane,https://maps.gstatic.com/weather/v1/drizzle,Light rain,en,LIGHT_RAIN,25.9,CELSIUS,28.8,CELSIUS,22.9,CELSIUS,28.8,CELSIUS,25.9,CELSIUS,35.0,RAIN,0.0,MILLIMETERS,0.5512,MILLIMETERS,1010.07,180.0,SOUTH,5.0,KILOMETERS_PER_HOUR,7.0,KILOMETERS_PER_HOUR,16.0,KILOMETERS,-0.5,CELSIUS,30.9,CELSIUS,23.7,CELSIUS,0.0,MILLIMETERS,3.4568,MILLIMETERS,,,,2025-06-17 09:00:11.498000+07:00,0900
1122,90460,Parklai - Xaignabouly,Parklai - Xaignabouly,18.220795,101.405717,2025-06-17T02:00:57.788415784Z,1.0,72.0,2.0,30.0,100.0,Asia/Vientiane,https://maps.gstatic.com/weather/v1/cloudy,Cloudy,en,CLOUDY,27.7,CELSIUS,31.1,CELSIUS,22.0,CELSIUS,31.1,CELSIUS,27.7,CELSIUS,20.0,RAIN,0.0,MILLIMETERS,0.040600000000000004,MILLIMETERS,1009.01,248.0,WEST_SOUTHWEST,8.0,KILOMETERS_PER_HOUR,13.0,KILOMETERS_PER_HOUR,16.0,KILOMETERS,0.6000000000000001,CELSIUS,31.7,CELSIUS,24.4,CELSIUS,0.0,MILLIMETERS,1.3791,MILLIMETERS,,,,2025-06-17 09:00:11.498000+07:00,0900
1123,90463,"Ekaphab Secondary School - Xayabury, Xayabury ມັດທະຍົມ ເອກະພາບ","Ekaphab Secondary School - Xayabury, Xayabury ມັດທະຍົມ ເອກະພາບ",19.237566,101.714751,2025-06-17T02:00:59.061006807Z,1.0,81.0,2.0,50.0,100.0,Asia/Vientiane,https://maps.gstatic.com/weather/v1/cloudy,Cloudy,en,CLOUDY,26.8,CELSIUS,30.2,CELSIUS,23.3,CELSIUS,30.2,CELSIUS,26.8,CELSIUS,20.0,RAIN,0.0,MILLIMETERS,0.1524,MILLIMETERS,1009.14,203.0,SOUTH_SOUTHWEST,6.0,KILOMETERS_PER_HOUR,11.0,KILOMETERS_PER_HOUR,16.0,KILOMETERS,-0.30000000000000004,CELSIUS,30.7,CELSIUS,24.8,CELSIUS,0.0,MILLIMETERS,7.1145,MILLIMETERS,,,,2025-06-17 09:00:11.498000+07:00,0900
1124,90466,"Kenethao Secondary School - Kenethao, Xayabury ມັດທະຍົມສົມບຸນ ແກ່ນທ້າວ","Kenethao Secondary School - Kenethao, Xayabury ມັດທະຍົມສົມບຸນ ແກ່ນທ້າວ",17.740569,101.403471,2025-06-17T02:01:00.312897229Z,1.0,66.0,2.0,1.0,100.0,Asia/Vientiane,https://maps.gstatic.com/weather/v1/cloudy,Cloudy,en,CLOUDY,30.2,CELSIUS,34.6,CELSIUS,22.7,CELSIUS,34.6,CELSIUS,30.2,CELSIUS,10.0,RAIN,0.0,MILLIMETERS,0.0,MILLIMETERS,1009.0,270.0,WEST,3.0,KILOMETERS_PER_HOUR,6.0,KILOMETERS_PER_HOUR,16.0,KILOMETERS,1.0,CELSIUS,33.0,CELSIUS,25.2,CELSIUS,0.0,MILLIMETERS,0.6553,MILLIMETERS,,,,2025-06-17 09:00:11.498000+07:00,0900
1125,90468,Pek - Xiengkhouang,Pek - Xiengkhouang,19.444636,103.205788,2025-06-17T02:01:01.573203782Z,1.0,72.0,2.0,50.0,95.0,Asia/Vientiane,https://maps.gstatic.com/weather/v1/cloudy,Cloudy,en,CLOUDY,25.2,CELSIUS,27.0,CELSIUS,19.8,CELSIUS,27.0,CELSIUS,25.2,CELSIUS,25.0,RAIN,0.0,MILLIMETERS,0.09910000000000001,MILLIMETERS,1010.75,240.0,WEST_SOUTHWEST,11.0,KILOMETERS_PER_HOUR,23.0,KILOMETERS_PER_HOUR,16.0,KILOMETERS,0.8,CELSIUS,27.2,CELSIUS,20.1,CELSIUS,0.0,MILLIMETERS,10.3787,MILLIMETERS,,,,2025-06-17 09:00:11.498000+07:00,0900
1126,90469,Nonghed - Xiengkhouang,Nonghed - Xiengkhouang,19.49661,103.986121,,,,,,,,,,,,,,,,,,,,,,,,,,,,,,,,,,,,,,,,,,,,,,,404.0,Information is not supported for this location. Please try a different location.,NOT_FOUND,2025-06-17 09:00:11.498000+07:00,0900
1127,90471,"Napa Secondary School - Kham, Xiengkhouang ມັດທະຍົມ ນາປາ","Napa Secondary School - Kham, Xiengkhouang ມັດທະຍົມ ນາປາ",19.590573,103.662369,2025-06-17T02:01:04.076915692Z,1.0,75.0,2.0,50.0,100.0,Asia/Vientiane,https://maps.gstatic.com/weather/v1/cloudy,Cloudy,en,CLOUDY,26.1,CELSIUS,28.3,CELSIUS,21.3,CELSIUS,28.3,CELSIUS,26.1,CELSIUS,25.0,RAIN,0.0,MILLIMETERS,0.09910000000000001,MILLIMETERS,1009.94,225.0,SOUTHWEST,5.0,KILOMETERS_PER_HOUR,10.0,KILOMETERS_PER_HOUR,16.0,KILOMETERS,1.5,CELSIUS,27.4,CELSIUS,20.9,CELSIUS,0.0,MILLIMETERS,5.8726,MILLIMETERS,,,,2025-06-17 09:00:11.498000+07:00,0900
1128,90472,"Chomphet Seconbdary School - Khoune, Xiengkhuang ມັດທະຍົມ ຈອມເພັດ","Chomphet Seconbdary School - Khoune, Xiengkhuang ມັດທະຍົມ ຈອມເພັດ",19.340999,103.371433,2025-06-17T02:01:05.368306995Z,1.0,72.0,2.0,50.0,95.0,Asia/Vientiane,https://maps.gstatic.com/weather/v1/cloudy,Cloudy,en,CLOUDY,25.2,CELSIUS,27.0,CELSIUS,19.8,CELSIUS,27.0,CELSIUS,25.2,CELSIUS,25.0,RAIN,0.0,MILLIMETERS,0.09910000000000001,MILLIMETERS,1010.75,240.0,WEST_SOUTHWEST,11.0,KILOMETERS_PER_HOUR,23.0,KILOMETERS_PER_HOUR,16.0,KILOMETERS,0.8,CELSIUS,27.2,CELSIUS,20.1,CELSIUS,0.0,MILLIMETERS,10.3787,MILLIMETERS,,,,2025-06-17 09:00:11.498000+07:00,0900
1129,90475,Phonhong - Vientiane,Phonhong - Vientiane,18.350024,102.42424,2025-06-17T02:01:06.634490998Z,1.0,75.0,2.0,30.0,95.0,Asia/Vientiane,https://maps.gstatic.com/weather/v1/cloudy,Cloudy,en,CLOUDY,30.0,CELSIUS,36.1,CELSIUS,25.1,CELSIUS,36.1,CELSIUS,30.0,CELSIUS,20.0,RAIN,0.0,MILLIMETERS,0.0,MILLIMETERS,1008.9,0.0,NORTH,2.0,KILOMETERS_PER_HOUR,3.0,KILOMETERS_PER_HOUR,16.0,KILOMETERS,2.1,CELSIUS,30.1,CELSIUS,24.9,CELSIUS,0.0,MILLIMETERS,13.3908,MILLIMETERS,,,,2025-06-17 09:00:11.498000+07:00,0900
1130,90476,"Kasy Secondary School - Kasy, Vientiane Province ມັດທະຍົມສົມບູນ ກາສີ","Kasy Secondary School - Kasy, Vientiane Province ມັດທະຍົມສົມບູນ ກາສີ",19.225034,102.25219,2025-06-17T02:01:07.887263066Z,1.0,83.0,2.0,30.0,100.0,Asia/Vientiane,https://maps.gstatic.com/weather/v1/cloudy,Cloudy,en,CLOUDY,26.6,CELSIUS,29.9,CELSIUS,23.4,CELSIUS,29.9,CELSIUS,26.6,CELSIUS,20.0,RAIN,0.0,MILLIMETERS,0.0,MILLIMETERS,1010.03,225.0,SOUTHWEST,2.0,KILOMETERS_PER_HOUR,2.0,KILOMETERS_PER_HOUR,16.0,KILOMETERS,1.5,CELSIUS,27.4,CELSIUS,22.1,CELSIUS,0.0,MILLIMETERS,15.8472,MILLIMETERS,,,,2025-06-17 09:00:11.498000+07:00,0900
1131,90477,"Xanakharm Secondary School - Xanakharm, Vieniane Province ມັດທະຍົມສົບຸນ ຊະນະຄາມ","Xanakharm Secondary School - Xanakharm, Vieniane Province ມັດທະຍົມສົບຸນ ຊະນະຄາມ",17.910218,101.670662,2025-06-17T02:01:09.184995435Z,1.0,70.0,2.0,1.0,100.0,Asia/Vientiane,https://maps.gstatic.com/weather/v1/cloudy,Cloudy,en,CLOUDY,29.1,CELSIUS,33.1,CELSIUS,23.3,CELSIUS,33.1,CELSIUS,29.1,CELSIUS,10.0,RAIN,0.0,MILLIMETERS,0.0,MILLIMETERS,1009.0,225.0,SOUTHWEST,3.0,KILOMETERS_PER_HOUR,5.0,KILOMETERS_PER_HOUR,16.0,KILOMETERS,0.8,CELSIUS,32.0,CELSIUS,25.1,CELSIUS,0.0,MILLIMETERS,2.0142,MILLIMETERS,,,,2025-06-17 09:00:11.498000+07:00,0900
1132,90478,Mad - Vientiane,Mad - Vientiane,18.448868,101.76322,2025-06-17T02:01:10.457017930Z,1.0,72.0,2.0,30.0,100.0,Asia/Vientiane,https://maps.gstatic.com/weather/v1/cloudy,Cloudy,en,CLOUDY,28.4,CELSIUS,31.8,CELSIUS,22.6,CELSIUS,31.8,CELSIUS,28.4,CELSIUS,20.0,RAIN,0.0,MILLIMETERS,0.040600000000000004,MILLIMETERS,1009.01,248.0,WEST_SOUTHWEST,8.0,KILOMETERS_PER_HOUR,13.0,KILOMETERS_PER_HOUR,16.0,KILOMETERS,0.7000000000000001,CELSIUS,32.3,CELSIUS,25.0,CELSIUS,0.0,MILLIMETERS,1.3791,MILLIMETERS,,,,2025-06-17 09:00:11.498000+07:00,0900
1133,90479,"Phonmi Secondary School - Viengkham, Vientiane Province ມັດທະຍົມສົມບຸນ ໂພນໝີ","Phonmi Secondary School - Viengkham, Vientiane Province ມັດທະຍົມສົມບຸນ ໂພນໝີ",18.48451,102.485942,2025-06-17T02:01:11.745730374Z,1.0,75.0,2.0,30.0,95.0,Asia/Vientiane,https://maps.gstatic.com/weather/v1/cloudy,Cloudy,en,CLOUDY,30.0,CELSIUS,36.1,CELSIUS,25.1,CELSIUS,36.1,CELSIUS,30.0,CELSIUS,20.0,RAIN,0.0,MILLIMETERS,0.0,MILLIMETERS,1008.9,0.0,NORTH,2.0,KILOMETERS_PER_HOUR,3.0,KILOMETERS_PER_HOUR,16.0,KILOMETERS,2.1,CELSIUS,30.1,CELSIUS,24.9,CELSIUS,0.0,MILLIMETERS,13.3908,MILLIMETERS,,,,2025-06-17 09:00:11.498000+07:00,0900
1134,90482,"KeoKou Secondary School - KeoOudom, Vientiane Province ມັດທະຍົມສົມບູນ ແກ້ວກູ່","KeoKou Secondary School - KeoOudom, Vientiane Province ມັດທະຍົມສົມບູນ ແກ້ວກູ່",18.554884,102.502844,2025-06-17T02:01:13.013896154Z,1.0,75.0,2.0,30.0,95.0,Asia/Vientiane,https://maps.gstatic.com/weather/v1/cloudy,Cloudy,en,CLOUDY,30.0,CELSIUS,36.1,CELSIUS,25.1,CELSIUS,36.1,CELSIUS,30.0,CELSIUS,20.0,RAIN,0.0,MILLIMETERS,0.0,MILLIMETERS,1008.9,0.0,NORTH,2.0,KILOMETERS_PER_HOUR,3.0,KILOMETERS_PER_HOUR,16.0,KILOMETERS,2.1,CELSIUS,30.1,CELSIUS,24.9,CELSIUS,0.0,MILLIMETERS,13.3908,MILLIMETERS,,,,2025-06-17 09:00:11.498000+07:00,0900
1135,90485,Meun - Vientiane,Meun - Vientiane,18.28379,101.941138,2025-06-17T02:01:14.277220161Z,1.0,72.0,2.0,30.0,95.0,Asia/Vientiane,https://maps.gstatic.com/weather/v1/cloudy,Cloudy,en,CLOUDY,30.4,CELSIUS,36.1,CELSIUS,24.7,CELSIUS,36.1,CELSIUS,30.4,CELSIUS,20.0,RAIN,0.0,MILLIMETERS,0.0,MILLIMETERS,1009.18,290.0,WEST_NORTHWEST,5.0,KILOMETERS_PER_HOUR,13.0,KILOMETERS_PER_HOUR,16.0,KILOMETERS,2.1,CELSIUS,31.2,CELSIUS,25.3,CELSIUS,0.0,MILLIMETERS,7.0894,MILLIMETERS,,,,2025-06-17 09:00:11.498000+07:00,0900
1136,90487,"Thaphabath Secondary School - Thaphabath, Bolikhamxai","Thaphabath Secondary School - Thaphabath, Bolikhamxai",18.356826,103.198076,2025-06-17T02:01:15.538860181Z,1.0,78.0,2.0,50.0,95.0,Asia/Vientiane,https://maps.gstatic.com/weather/v1/cloudy,Cloudy,en,CLOUDY,29.4,CELSIUS,35.3,CELSIUS,25.2,CELSIUS,35.3,CELSIUS,29.4,CELSIUS,20.0,RAIN,0.0,MILLIMETERS,0.0,MILLIMETERS,1009.32,180.0,SOUTH,3.0,KILOMETERS_PER_HOUR,5.0,KILOMETERS_PER_HOUR,16.0,KILOMETERS,2.3,CELSIUS,30.6,CELSIUS,25.5,CELSIUS,0.0,MILLIMETERS,6.9419,MILLIMETERS,,,,2025-06-17 09:00:11.498000+07:00,0900
1137,90488,Pakkading - Bolikhamxai ,Pakkading - Bolikhamxai ,18.109902,104.281265,2025-06-17T02:01:16.812646732Z,1.0,85.0,2.0,50.0,99.0,Asia/Vientiane,https://maps.gstatic.com/weather/v1/cloudy,Cloudy,en,CLOUDY,27.8,CELSIUS,32.7,CELSIUS,25.0,CELSIUS,32.7,CELSIUS,27.8,CELSIUS,25.0,RAIN,0.0,MILLIMETERS,0.508,MILLIMETERS,1009.89,180.0,SOUTH,3.0,KILOMETERS_PER_HOUR,8.0,KILOMETERS_PER_HOUR,16.0,KILOMETERS,1.1,CELSIUS,28.4,CELSIUS,24.2,CELSIUS,0.0,MILLIMETERS,19.4614,MILLIMETERS,,,,2025-06-17 09:00:11.498000+07:00,0900
1138,90490,"Nakhonxay Secondary School - Khamkeuth, - Borikhamxai ມັດທະຍົມ ນະຄອນໄຊ","Nakhonxay Secondary School - Khamkeuth, - Borikhamxai ມັດທະຍົມ ນະຄອນໄຊ",18.185553,104.983958,2025-06-17T02:01:18.096046140Z,1.0,83.0,2.0,40.0,100.0,Asia/Vientiane,https://maps.gstatic.com/weather/v1/cloudy,Cloudy,en,CLOUDY,25.9,CELSIUS,29.2,CELSIUS,22.8,CELSIUS,29.2,CELSIUS,25.9,CELSIUS,20.0,RAIN,0.0,MILLIMETERS,0.0,MILLIMETERS,1010.38,215.0,SOUTHWEST,10.0,KILOMETERS_PER_HOUR,19.0,KILOMETERS_PER_HOUR,16.0,KILOMETERS,0.8,CELSIUS,27.2,CELSIUS,21.6,CELSIUS,0.0,MILLIMETERS,1.9866000000000001,MILLIMETERS,,,,2025-06-17 09:00:11.498000+07:00,0900
1139,90491,Viengthong - Bolikhamxai,Viengthong - Bolikhamxai,18.512354,104.442835,2025-06-17T02:01:19.355411335Z,1.0,85.0,2.0,40.0,100.0,Asia/Vientiane,https://maps.gstatic.com/weather/v1/cloudy,Cloudy,en,CLOUDY,26.8,CELSIUS,30.5,CELSIUS,24.0,CELSIUS,30.5,CELSIUS,26.8,CELSIUS,20.0,RAIN,0.0,MILLIMETERS,0.0,MILLIMETERS,1010.13,205.0,SOUTH_SOUTHWEST,5.0,KILOMETERS_PER_HOUR,8.0,KILOMETERS_PER_HOUR,16.0,KILOMETERS,0.9,CELSIUS,28.5,CELSIUS,22.7,CELSIUS,0.0,MILLIMETERS,5.3723,MILLIMETERS,,,,2025-06-17 09:00:11.498000+07:00,0900
1140,90492,"NamOn Secondary School - Xaychamphone, Borikhamxai ມັດທະຍົມ ນຳ້ອ້ອນ","NamOn Secondary School - Xaychamphone, Borikhamxai ມັດທະຍົມ ນຳ້ອ້ອນ",18.577559,104.981947,2025-06-17T02:01:20.618167649Z,1.0,83.0,2.0,40.0,100.0,Asia/Vientiane,https://maps.gstatic.com/weather/v1/cloudy,Cloudy,en,CLOUDY,25.9,CELSIUS,29.2,CELSIUS,22.8,CELSIUS,29.2,CELSIUS,25.9,CELSIUS,20.0,RAIN,0.0,MILLIMETERS,0.0,MILLIMETERS,1010.38,215.0,SOUTHWEST,10.0,KILOMETERS_PER_HOUR,19.0,KILOMETERS_PER_HOUR,16.0,KILOMETERS,0.8,CELSIUS,27.2,CELSIUS,21.6,CELSIUS,0.0,MILLIMETERS,1.9866000000000001,MILLIMETERS,,,,2025-06-17 09:00:11.498000+07:00,0900
1141,90493,Thakhek - Khammouan ,Thakhek - Khammouan ,17.392668,104.807495,2025-06-17T02:01:21.870487537Z,1.0,78.0,2.0,70.0,95.0,Asia/Vientiane,https://maps.gstatic.com/weather/v1/drizzle,Light rain,en,LIGHT_RAIN,29.9,CELSIUS,36.4,CELSIUS,25.6,CELSIUS,36.4,CELSIUS,29.9,CELSIUS,25.0,RAIN,0.0,MILLIMETERS,0.39880000000000004,MILLIMETERS,1009.38,155.0,SOUTH_SOUTHEAST,8.0,KILOMETERS_PER_HOUR,15.0,KILOMETERS_PER_HOUR,16.0,KILOMETERS,2.3,CELSIUS,32.0,CELSIUS,24.7,CELSIUS,0.0,MILLIMETERS,10.7368,MILLIMETERS,,,,2025-06-17 09:00:11.498000+07:00,0900
1142,90494,Mahaxay - Khammouan,Mahaxay - Khammouan,17.457352,105.160169,2025-06-17T02:01:23.123292589Z,1.0,83.0,2.0,60.0,95.0,Asia/Vientiane,https://maps.gstatic.com/weather/v1/cloudy,Cloudy,en,CLOUDY,27.9,CELSIUS,32.6,CELSIUS,24.7,CELSIUS,32.6,CELSIUS,27.9,CELSIUS,25.0,RAIN,0.0,MILLIMETERS,0.2515,MILLIMETERS,1010.1,205.0,SOUTH_SOUTHWEST,8.0,KILOMETERS_PER_HOUR,16.0,KILOMETERS_PER_HOUR,16.0,KILOMETERS,2.6,CELSIUS,28.9,CELSIUS,23.0,CELSIUS,0.0,MILLIMETERS,5.3316,MILLIMETERS,,,,2025-06-17 09:00:11.498000+07:00,0900
1143,90495,Nongbok - Khammouan,Nongbok - Khammouan,16.962416,104.81156,2025-06-17T02:01:24.375551344Z,1.0,80.0,2.0,2.0,100.0,Asia/Vientiane,https://maps.gstatic.com/weather/v1/cloudy,Cloudy,en,CLOUDY,29.6,CELSIUS,36.1,CELSIUS,25.4,CELSIUS,36.1,CELSIUS,29.6,CELSIUS,10.0,RAIN,0.0,MILLIMETERS,0.0,MILLIMETERS,1009.0,225.0,SOUTHWEST,8.0,KILOMETERS_PER_HOUR,15.0,KILOMETERS_PER_HOUR,16.0,KILOMETERS,0.7000000000000001,CELSIUS,33.0,CELSIUS,25.9,CELSIUS,0.0,MILLIMETERS,0.8358,MILLIMETERS,,,,2025-06-17 09:00:11.498000+07:00,0900
1144,90497,Nhommalath - Khammouan ,Nhommalath - Khammouan ,17.614203,105.170282,2025-06-17T02:01:25.627010162Z,1.0,83.0,2.0,60.0,95.0,Asia/Vientiane,https://maps.gstatic.com/weather/v1/cloudy,Cloudy,en,CLOUDY,27.9,CELSIUS,32.6,CELSIUS,24.7,CELSIUS,32.6,CELSIUS,27.9,CELSIUS,25.0,RAIN,0.0,MILLIMETERS,0.2515,MILLIMETERS,1010.1,205.0,SOUTH_SOUTHWEST,8.0,KILOMETERS_PER_HOUR,16.0,KILOMETERS_PER_HOUR,16.0,KILOMETERS,2.6,CELSIUS,28.9,CELSIUS,23.0,CELSIUS,0.0,MILLIMETERS,5.3316,MILLIMETERS,,,,2025-06-17 09:00:11.498000+07:00,0900
1145,90500,"Xebangfay Secondary School - Xebangfay, Khammouane ມັດທະຍົມສົມບູນ ເຊບັ້ງໄຟ","Xebangfay Secondary School - Xebangfay, Khammouane ມັດທະຍົມສົມບູນ ເຊບັ້ງໄຟ",17.086149,104.981631,2025-06-17T02:01:26.922705400Z,1.0,82.0,2.0,70.0,95.0,Asia/Vientiane,https://maps.gstatic.com/weather/v1/drizzle,Light rain,en,LIGHT_RAIN,29.7,CELSIUS,36.8,CELSIUS,26.2,CELSIUS,36.8,CELSIUS,29.7,CELSIUS,25.0,RAIN,0.0,MILLIMETERS,0.1753,MILLIMETERS,1009.58,180.0,SOUTH,8.0,KILOMETERS_PER_HOUR,16.0,KILOMETERS_PER_HOUR,16.0,KILOMETERS,2.0,CELSIUS,32.3,CELSIUS,24.6,CELSIUS,0.0,MILLIMETERS,5.2707,MILLIMETERS,,,,2025-06-17 09:00:11.498000+07:00,0900
1146,90501,"Sivilay Secondary School - Xaybouathong, Khammouane ມັດທະຍົມສົມບູນ ສີວິໄລ","Sivilay Secondary School - Xaybouathong, Khammouane ມັດທະຍົມສົມບູນ ສີວິໄລ",17.171532,105.4273,2025-06-17T02:01:28.181740993Z,1.0,80.0,2.0,70.0,89.0,Asia/Vientiane,https://maps.gstatic.com/weather/v1/mostly_cloudy,Mostly cloudy,en,MOSTLY_CLOUDY,29.4,CELSIUS,35.6,CELSIUS,25.5,CELSIUS,35.6,CELSIUS,29.4,CELSIUS,20.0,RAIN,0.0,MILLIMETERS,0.0,MILLIMETERS,1009.9,215.0,SOUTHWEST,6.0,KILOMETERS_PER_HOUR,15.0,KILOMETERS_PER_HOUR,16.0,KILOMETERS,1.5,CELSIUS,31.8,CELSIUS,24.3,CELSIUS,0.0,MILLIMETERS,3.5637,MILLIMETERS,,,,2025-06-17 09:00:11.498000+07:00,0900
1147,90504,"Lianxay Secondary School - Artsaphangthong, Savannakhet ມັດທະຍົມ ຫລຽນໄຊ","Lianxay Secondary School - Artsaphangthong, Savannakhet ມັດທະຍົມ ຫລຽນໄຊ",16.692124,105.409764,,,,,,,,,,,,,,,,,,,,,,,,,,,,,,,,,,,,,,,,,,,,,,,404.0,Information is not supported for this location. Please try a different location.,NOT_FOUND,2025-06-17 09:00:11.498000+07:00,0900
1148,90505,Sepone - Savannakhet,Sepone - Savannakhet,16.696651,106.209138,2025-06-17T02:01:30.659198650Z,1.0,76.0,2.0,70.0,98.0,Asia/Vientiane,https://maps.gstatic.com/weather/v1/cloudy,Cloudy,en,CLOUDY,25.9,CELSIUS,29.3,CELSIUS,21.3,CELSIUS,29.3,CELSIUS,25.9,CELSIUS,34.0,RAIN,0.0,MILLIMETERS,0.1549,MILLIMETERS,1010.44,225.0,SOUTHWEST,14.0,KILOMETERS_PER_HOUR,24.0,KILOMETERS_PER_HOUR,16.0,KILOMETERS,1.0,CELSIUS,29.0,CELSIUS,22.2,CELSIUS,0.0,MILLIMETERS,1.7144,MILLIMETERS,,,,2025-06-17 09:00:11.498000+07:00,0900
1149,90506,Nong - Savannakhet,Nong - Savannakhet,16.373875,106.495685,2025-06-17T02:01:31.947175260Z,1.0,80.0,2.0,70.0,91.0,Asia/Vientiane,https://maps.gstatic.com/weather/v1/cloudy,Cloudy,en,CLOUDY,26.7,CELSIUS,31.0,CELSIUS,23.0,CELSIUS,31.0,CELSIUS,26.7,CELSIUS,20.0,RAIN,0.0,MILLIMETERS,0.11180000000000001,MILLIMETERS,1010.14,203.0,SOUTH_SOUTHWEST,10.0,KILOMETERS_PER_HOUR,16.0,KILOMETERS_PER_HOUR,16.0,KILOMETERS,-0.2,CELSIUS,30.1,CELSIUS,23.5,CELSIUS,0.0,MILLIMETERS,1.316,MILLIMETERS,,,,2025-06-17 09:00:11.498000+07:00,0900
1150,90508,Champhone - SAVA,Champhone - SAVA,16.489147,105.031659,2025-06-17T02:01:33.205916891Z,1.0,77.0,2.0,0.0,100.0,Asia/Vientiane,https://maps.gstatic.com/weather/v1/cloudy,Cloudy,en,CLOUDY,29.8,CELSIUS,36.0,CELSIUS,25.4,CELSIUS,36.0,CELSIUS,29.8,CELSIUS,10.0,RAIN,0.0,MILLIMETERS,0.0356,MILLIMETERS,1009.0,225.0,SOUTHWEST,11.0,KILOMETERS_PER_HOUR,21.0,KILOMETERS_PER_HOUR,16.0,KILOMETERS,0.7000000000000001,CELSIUS,33.0,CELSIUS,26.2,CELSIUS,0.0,MILLIMETERS,0.33290000000000003,MILLIMETERS,,,,2025-06-17 09:00:11.498000+07:00,0900
1151,90509,Xaybuly - Savannakhet,Xaybuly - Savannakhet,17.075181,104.87732,2025-06-17T02:01:34.491524361Z,1.0,82.0,2.0,70.0,95.0,Asia/Vientiane,https://maps.gstatic.com/weather/v1/drizzle,Light rain,en,LIGHT_RAIN,29.7,CELSIUS,36.8,CELSIUS,26.2,CELSIUS,36.8,CELSIUS,29.7,CELSIUS,25.0,RAIN,0.0,MILLIMETERS,0.1753,MILLIMETERS,1009.58,180.0,SOUTH,8.0,KILOMETERS_PER_HOUR,16.0,KILOMETERS_PER_HOUR,16.0,KILOMETERS,2.0,CELSIUS,32.3,CELSIUS,24.6,CELSIUS,0.0,MILLIMETERS,5.2707,MILLIMETERS,,,,2025-06-17 09:00:11.498000+07:00,0900
1152,90510,"Artsaphone Secondary School - Artsaphone, Savannakhet ມັດທະຍົມສົມບູນ ອາດສະພອນ","Artsaphone Secondary School - Artsaphone, Savannakhet ມັດທະຍົມສົມບູນ ອາດສະພອນ",16.844674,105.33638,2025-06-17T02:01:35.758929183Z,1.0,82.0,2.0,70.0,95.0,Asia/Vientiane,https://maps.gstatic.com/weather/v1/drizzle,Light rain,en,LIGHT_RAIN,29.7,CELSIUS,36.8,CELSIUS,26.2,CELSIUS,36.8,CELSIUS,29.7,CELSIUS,25.0,RAIN,0.0,MILLIMETERS,0.1753,MILLIMETERS,1009.58,180.0,SOUTH,8.0,KILOMETERS_PER_HOUR,16.0,KILOMETERS_PER_HOUR,16.0,KILOMETERS,2.0,CELSIUS,32.3,CELSIUS,24.6,CELSIUS,0.0,MILLIMETERS,5.2707,MILLIMETERS,,,,2025-06-17 09:00:11.498000+07:00,0900
1153,90512,"Phin Secondary School - Phin, Savannakhet ມັດທະຍົມ ພີນ","Phin Secondary School - Phin, Savannakhet ມັດທະຍົມ ພີນ",16.527879,106.021922,2025-06-17T02:01:37.016876222Z,1.0,80.0,2.0,70.0,91.0,Asia/Vientiane,https://maps.gstatic.com/weather/v1/cloudy,Cloudy,en,CLOUDY,26.0,CELSIUS,30.3,CELSIUS,22.3,CELSIUS,30.3,CELSIUS,26.0,CELSIUS,20.0,RAIN,0.0,MILLIMETERS,0.11180000000000001,MILLIMETERS,1010.14,203.0,SOUTH_SOUTHWEST,10.0,KILOMETERS_PER_HOUR,16.0,KILOMETERS_PER_HOUR,16.0,KILOMETERS,-0.2,CELSIUS,29.4,CELSIUS,22.8,CELSIUS,0.0,MILLIMETERS,1.316,MILLIMETERS,,,,2025-06-17 09:00:11.498000+07:00,0900
1154,90513,Songkhone - Savannakhet,Songkhone - Savannakhet,16.237196,105.1965,2025-06-17T02:01:38.281811904Z,1.0,80.0,2.0,0.0,100.0,Asia/Vientiane,https://maps.gstatic.com/weather/v1/cloudy,Cloudy,en,CLOUDY,29.5,CELSIUS,35.9,CELSIUS,25.8,CELSIUS,35.9,CELSIUS,29.5,CELSIUS,10.0,RAIN,0.0,MILLIMETERS,0.0,MILLIMETERS,1009.0,225.0,SOUTHWEST,11.0,KILOMETERS_PER_HOUR,21.0,KILOMETERS_PER_HOUR,16.0,KILOMETERS,0.30000000000000004,CELSIUS,32.6,CELSIUS,26.4,CELSIUS,0.0,MILLIMETERS,0.0302,MILLIMETERS,,,,2025-06-17 09:00:11.498000+07:00,0900
1155,90514,"Beungxang Secondary School - Xonbuly, Savannakhet ມັດທະຍົມ ບຶງຊ້າງ","Beungxang Secondary School - Xonbuly, Savannakhet ມັດທະຍົມ ບຶງຊ້າງ",16.388527,105.375363,2025-06-17T02:01:39.554067757Z,1.0,80.0,2.0,70.0,100.0,Asia/Vientiane,https://maps.gstatic.com/weather/v1/cloudy,Cloudy,en,CLOUDY,29.6,CELSIUS,36.1,CELSIUS,25.5,CELSIUS,36.1,CELSIUS,29.6,CELSIUS,20.0,RAIN,0.0,MILLIMETERS,0.0737,MILLIMETERS,1010.0,203.0,SOUTH_SOUTHWEST,13.0,KILOMETERS_PER_HOUR,21.0,KILOMETERS_PER_HOUR,16.0,KILOMETERS,0.0,CELSIUS,32.9,CELSIUS,26.3,CELSIUS,0.0,MILLIMETERS,0.3785,MILLIMETERS,,,,2025-06-17 09:00:11.498000+07:00,0900
1156,90515,Vilabuly - Savannakhet,Vilabuly - Savannakhet,16.971649,105.944661,2025-06-17T02:01:40.820027858Z,1.0,80.0,2.0,70.0,89.0,Asia/Vientiane,https://maps.gstatic.com/weather/v1/mostly_cloudy,Mostly cloudy,en,MOSTLY_CLOUDY,29.4,CELSIUS,35.6,CELSIUS,25.5,CELSIUS,35.6,CELSIUS,29.4,CELSIUS,20.0,RAIN,0.0,MILLIMETERS,0.0,MILLIMETERS,1009.9,215.0,SOUTHWEST,6.0,KILOMETERS_PER_HOUR,15.0,KILOMETERS_PER_HOUR,16.0,KILOMETERS,1.5,CELSIUS,31.8,CELSIUS,24.3,CELSIUS,0.0,MILLIMETERS,3.5637,MILLIMETERS,,,,2025-06-17 09:00:11.498000+07:00,0900
1157,90516,"Phoummachedy Secondary School - Xayphouthong, Savannakhet ມັດທະຍົມ ພູມມະເຈດີ","Phoummachedy Secondary School - Xayphouthong, Savannakhet ມັດທະຍົມ ພູມມະເຈດີ",16.367044,105.005653,2025-06-17T02:01:42.110781783Z,1.0,80.0,2.0,0.0,100.0,Asia/Vientiane,https://maps.gstatic.com/weather/v1/cloudy,Cloudy,en,CLOUDY,29.5,CELSIUS,35.9,CELSIUS,25.8,CELSIUS,35.9,CELSIUS,29.5,CELSIUS,10.0,RAIN,0.0,MILLIMETERS,0.0,MILLIMETERS,1009.0,225.0,SOUTHWEST,11.0,KILOMETERS_PER_HOUR,21.0,KILOMETERS_PER_HOUR,16.0,KILOMETERS,0.30000000000000004,CELSIUS,32.6,CELSIUS,26.4,CELSIUS,0.0,MILLIMETERS,0.0302,MILLIMETERS,,,,2025-06-17 09:00:11.498000+07:00,0900
1158,90517,Phalanxay - Savannakhet,Phalanxay - Savannakhet,16.661353,105.58791,2025-06-17T02:01:43.369043254Z,1.0,80.0,2.0,70.0,89.0,Asia/Vientiane,https://maps.gstatic.com/weather/v1/mostly_cloudy,Mostly cloudy,en,MOSTLY_CLOUDY,29.4,CELSIUS,35.6,CELSIUS,25.5,CELSIUS,35.6,CELSIUS,29.4,CELSIUS,20.0,RAIN,0.0,MILLIMETERS,0.0,MILLIMETERS,1009.9,215.0,SOUTHWEST,6.0,KILOMETERS_PER_HOUR,15.0,KILOMETERS_PER_HOUR,16.0,KILOMETERS,1.5,CELSIUS,31.8,CELSIUS,24.3,CELSIUS,0.0,MILLIMETERS,3.5637,MILLIMETERS,,,,2025-06-17 09:00:11.498000+07:00,0900
1159,90518,"Saravane Secondary School -Saravane, Saravane ມັດທະຍົມສົມບູນ ສາລະວັນ","Saravane Secondary School -Saravane, Saravane ມັດທະຍົມສົມບູນ ສາລະວັນ",15.707906,106.422189,2025-06-17T02:01:44.635574597Z,1.0,77.0,2.0,70.0,98.0,Asia/Vientiane,https://maps.gstatic.com/weather/v1/cloudy,Cloudy,en,CLOUDY,29.0,CELSIUS,34.1,CELSIUS,24.8,CELSIUS,34.1,CELSIUS,29.0,CELSIUS,20.0,RAIN,0.0,MILLIMETERS,0.09910000000000001,MILLIMETERS,1010.0,270.0,WEST,5.0,KILOMETERS_PER_HOUR,10.0,KILOMETERS_PER_HOUR,16.0,KILOMETERS,-0.2,CELSIUS,31.7,CELSIUS,24.3,CELSIUS,0.0,MILLIMETERS,1.3412,MILLIMETERS,,,,2025-06-17 09:00:11.498000+07:00,0900
1160,90520,"Toomlarn Secondary School - Toomlarn, Saravane ມັດທະຍົມສົມບູນ ຕຸ້ມລານ","Toomlarn Secondary School - Toomlarn, Saravane ມັດທະຍົມສົມບູນ ຕຸ້ມລານ",15.994499,106.192399,2025-06-17T02:01:45.921411142Z,1.0,80.0,2.0,70.0,91.0,Asia/Vientiane,https://maps.gstatic.com/weather/v1/cloudy,Cloudy,en,CLOUDY,26.0,CELSIUS,30.3,CELSIUS,22.3,CELSIUS,30.3,CELSIUS,26.0,CELSIUS,20.0,RAIN,0.0,MILLIMETERS,0.11180000000000001,MILLIMETERS,1010.14,203.0,SOUTH_SOUTHWEST,10.0,KILOMETERS_PER_HOUR,16.0,KILOMETERS_PER_HOUR,16.0,KILOMETERS,-0.2,CELSIUS,29.4,CELSIUS,22.8,CELSIUS,0.0,MILLIMETERS,1.316,MILLIMETERS,,,,2025-06-17 09:00:11.498000+07:00,0900
1161,90521,"Lakhonesy Secondary School - Lakhonepheng, Saravane ມັດທະຍົມສົມບູນ ລະຄອນສີ","Lakhonesy Secondary School - Lakhonepheng, Saravane ມັດທະຍົມສົມບູນ ລະຄອນສີ",15.891245,105.567119,2025-06-17T02:01:47.208349089Z,1.0,85.0,2.0,0.0,100.0,Asia/Vientiane,https://maps.gstatic.com/weather/v1/cloudy,Cloudy,en,CLOUDY,29.0,CELSIUS,35.7,CELSIUS,25.7,CELSIUS,35.7,CELSIUS,29.0,CELSIUS,10.0,RAIN,0.0,MILLIMETERS,0.0533,MILLIMETERS,1010.0,203.0,SOUTH_SOUTHWEST,10.0,KILOMETERS_PER_HOUR,18.0,KILOMETERS_PER_HOUR,16.0,KILOMETERS,-0.5,CELSIUS,32.1,CELSIUS,25.8,CELSIUS,0.0,MILLIMETERS,1.0033,MILLIMETERS,,,,2025-06-17 09:00:11.498000+07:00,0900
1162,90522,Lao Ngarm - Salavan,Lao Ngarm - Salavan,15.461092,106.16172,2025-06-17T02:01:48.476835835Z,1.0,78.0,2.0,2.0,100.0,Asia/Vientiane,https://maps.gstatic.com/weather/v1/cloudy,Cloudy,en,CLOUDY,30.3,CELSIUS,35.7,CELSIUS,26.1,CELSIUS,35.7,CELSIUS,30.3,CELSIUS,10.0,RAIN,0.0,MILLIMETERS,0.0152,MILLIMETERS,1010.17,248.0,WEST_SOUTHWEST,10.0,KILOMETERS_PER_HOUR,18.0,KILOMETERS_PER_HOUR,16.0,KILOMETERS,-0.1,CELSIUS,33.2,CELSIUS,26.0,CELSIUS,0.0,MILLIMETERS,2.2351,MILLIMETERS,,,,2025-06-17 09:00:11.498000+07:00,0900
1163,90524,Khongxedone - Salavan,Khongxedone - Salavan,15.59088,105.804115,2025-06-17T02:01:49.783681153Z,1.0,85.0,2.0,0.0,100.0,Asia/Vientiane,https://maps.gstatic.com/weather/v1/cloudy,Cloudy,en,CLOUDY,29.0,CELSIUS,35.7,CELSIUS,25.7,CELSIUS,35.7,CELSIUS,29.0,CELSIUS,10.0,RAIN,0.0,MILLIMETERS,0.0533,MILLIMETERS,1010.0,203.0,SOUTH_SOUTHWEST,10.0,KILOMETERS_PER_HOUR,18.0,KILOMETERS_PER_HOUR,16.0,KILOMETERS,-0.5,CELSIUS,32.1,CELSIUS,25.8,CELSIUS,0.0,MILLIMETERS,1.0033,MILLIMETERS,,,,2025-06-17 09:00:11.498000+07:00,0900
1164,90526,Lamarm - Sekong ,Lamarm - Sekong ,15.352494,106.722444,2025-06-17T02:01:51.050828228Z,1.0,78.0,2.0,0.0,100.0,Asia/Vientiane,https://maps.gstatic.com/weather/v1/cloudy,Cloudy,en,CLOUDY,28.4,CELSIUS,32.9,CELSIUS,24.4,CELSIUS,32.9,CELSIUS,28.4,CELSIUS,10.0,RAIN,0.0,MILLIMETERS,0.025400000000000002,MILLIMETERS,1010.39,158.0,SOUTH_SOUTHEAST,3.0,KILOMETERS_PER_HOUR,8.0,KILOMETERS_PER_HOUR,16.0,KILOMETERS,-0.5,CELSIUS,31.5,CELSIUS,24.3,CELSIUS,0.0,MILLIMETERS,2.5348,MILLIMETERS,,,,2025-06-17 09:00:11.498000+07:00,0900
1165,90527,"Kaleum Secondary School - Kaleum, Sekong ມັດທະຍົມ ກະລຶມ","Kaleum Secondary School - Kaleum, Sekong ມັດທະຍົມ ກະລຶມ",15.784384,106.906754,2025-06-17T02:01:52.330336148Z,1.0,79.0,2.0,70.0,100.0,Asia/Vientiane,https://maps.gstatic.com/weather/v1/cloudy,Cloudy,en,CLOUDY,25.8,CELSIUS,28.1,CELSIUS,21.7,CELSIUS,28.1,CELSIUS,25.8,CELSIUS,15.0,RAIN,0.0,MILLIMETERS,0.1676,MILLIMETERS,1012.07,248.0,WEST_SOUTHWEST,5.0,KILOMETERS_PER_HOUR,10.0,KILOMETERS_PER_HOUR,16.0,KILOMETERS,-0.2,CELSIUS,28.1,CELSIUS,21.2,CELSIUS,0.0,MILLIMETERS,2.5044,MILLIMETERS,,,,2025-06-17 09:00:11.498000+07:00,0900
1166,90528,"Dakcheung Secondary School - Dakcheung, Sekongມັດທະຍົມສົມບູນ ດາກຈຶງ","Dakcheung Secondary School - Dakcheung, Sekongມັດທະຍົມສົມບູນ ດາກຈຶງ",15.467532,107.271451,,,,,,,,,,,,,,,,,,,,,,,,,,,,,,,,,,,,,,,,,,,,,,,404.0,Information is not supported for this location. Please try a different location.,NOT_FOUND,2025-06-17 09:00:11.498000+07:00,0900
1167,90529,Thateng -Sekong,Thateng -Sekong,15.434018,106.382399,2025-06-17T02:01:54.814610521Z,1.0,77.0,2.0,70.0,98.0,Asia/Vientiane,https://maps.gstatic.com/weather/v1/cloudy,Cloudy,en,CLOUDY,32.9,CELSIUS,38.0,CELSIUS,28.7,CELSIUS,38.0,CELSIUS,32.9,CELSIUS,20.0,RAIN,0.0,MILLIMETERS,0.09910000000000001,MILLIMETERS,1010.0,270.0,WEST,5.0,KILOMETERS_PER_HOUR,10.0,KILOMETERS_PER_HOUR,16.0,KILOMETERS,-0.2,CELSIUS,35.6,CELSIUS,28.2,CELSIUS,0.0,MILLIMETERS,1.3412,MILLIMETERS,,,,2025-06-17 09:00:11.498000+07:00,0900
1168,90530,Pakse - Champasack,Pakse - Champasack,15.12006,105.80211,2025-06-17T02:01:56.072635289Z,1.0,85.0,2.0,60.0,100.0,Asia/Vientiane,https://maps.gstatic.com/weather/v1/cloudy,Cloudy,en,CLOUDY,28.9,CELSIUS,35.3,CELSIUS,25.8,CELSIUS,35.3,CELSIUS,28.9,CELSIUS,20.0,RAIN,0.0,MILLIMETERS,0.0762,MILLIMETERS,1010.3,158.0,SOUTH_SOUTHEAST,8.0,KILOMETERS_PER_HOUR,14.0,KILOMETERS_PER_HOUR,16.0,KILOMETERS,-0.8,CELSIUS,32.9,CELSIUS,25.6,CELSIUS,0.0,MILLIMETERS,1.768,MILLIMETERS,,,,2025-06-17 09:00:11.498000+07:00,0900
1169,90531,"Saphai Secondary School - Sanasomboun, Champasack ມັດທະຍົມ ສະຜ່າຍ","Saphai Secondary School - Sanasomboun, Champasack ມັດທະຍົມ ສະຜ່າຍ",15.202177,105.720683,2025-06-17T02:01:57.349718637Z,1.0,85.0,2.0,60.0,100.0,Asia/Vientiane,https://maps.gstatic.com/weather/v1/cloudy,Cloudy,en,CLOUDY,28.9,CELSIUS,35.3,CELSIUS,25.8,CELSIUS,35.3,CELSIUS,28.9,CELSIUS,20.0,RAIN,0.0,MILLIMETERS,0.0762,MILLIMETERS,1010.3,158.0,SOUTH_SOUTHEAST,8.0,KILOMETERS_PER_HOUR,14.0,KILOMETERS_PER_HOUR,16.0,KILOMETERS,-0.8,CELSIUS,32.9,CELSIUS,25.6,CELSIUS,0.0,MILLIMETERS,1.768,MILLIMETERS,,,,2025-06-17 09:00:11.498000+07:00,0900
1175,91254,"Chomphet Secondary School - Sisattanak, Vientiane Capital ມັດທະຍົມສົມບູນ ຈອມເພັດ","Chomphet Secondary School - Sisattanak, Vientiane Capital ມັດທະຍົມສົມບູນ ຈອມເພັດ",17.910254,102.622708,2025-06-17T02:01:58.640238089Z,1.0,74.0,2.0,40.0,95.0,Asia/Vientiane,https://maps.gstatic.com/weather/v1/cloudy,Cloudy,en,CLOUDY,30.7,CELSIUS,37.5,CELSIUS,25.3,CELSIUS,37.5,CELSIUS,30.7,CELSIUS,25.0,RAIN,0.0,MILLIMETERS,0.0,MILLIMETERS,1008.9,45.0,NORTHEAST,2.0,KILOMETERS_PER_HOUR,5.0,KILOMETERS_PER_HOUR,16.0,KILOMETERS,1.7,CELSIUS,32.7,CELSIUS,25.8,CELSIUS,0.0,MILLIMETERS,4.402,MILLIMETERS,,,,2025-06-17 09:00:11.498000+07:00,0900
1229,152182,"ParkOu Secondary School - ParkOu, Luangprabang ມັດທະຍົມສົມບູນ ປາກອູ","ParkOu Secondary School - ParkOu, Luangprabang ມັດທະຍົມສົມບູນ ປາກອູ",20.087592,102.256569,2025-06-17T02:01:59.908172076Z,1.0,74.0,2.0,40.0,100.0,Asia/Vientiane,https://maps.gstatic.com/weather/v1/drizzle,Light rain,en,LIGHT_RAIN,28.4,CELSIUS,32.2,CELSIUS,23.3,CELSIUS,32.2,CELSIUS,28.4,CELSIUS,25.0,RAIN,0.0,MILLIMETERS,0.39880000000000004,MILLIMETERS,1008.78,235.0,SOUTHWEST,8.0,KILOMETERS_PER_HOUR,18.0,KILOMETERS_PER_HOUR,16.0,KILOMETERS,0.2,CELSIUS,30.7,CELSIUS,24.1,CELSIUS,0.0,MILLIMETERS,13.6375,MILLIMETERS,,,,2025-06-17 09:00:11.498000+07:00,0900
1230,152240,"Phoukhoune Secondary School - Phoukhoune, Luangprabang ມັດທະຍົມ ພູຄູນ","Phoukhoune Secondary School - Phoukhoune, Luangprabang ມັດທະຍົມ ພູຄູນ",19.438824,102.428042,2025-06-17T02:02:01.162755695Z,1.0,84.0,2.0,30.0,100.0,Asia/Vientiane,https://maps.gstatic.com/weather/v1/cloudy,Cloudy,en,CLOUDY,25.6,CELSIUS,27.8,CELSIUS,22.7,CELSIUS,27.8,CELSIUS,25.6,CELSIUS,25.0,RAIN,0.0,MILLIMETERS,0.2997,MILLIMETERS,1010.33,215.0,SOUTHWEST,6.0,KILOMETERS_PER_HOUR,16.0,KILOMETERS_PER_HOUR,16.0,KILOMETERS,0.6000000000000001,CELSIUS,25.9,CELSIUS,20.6,CELSIUS,0.0,MILLIMETERS,10.0104,MILLIMETERS,,,,2025-06-17 09:00:11.498000+07:00,0900
1235,152548,"Longsane Secondary School - Longsane , Xaysomboun ມັດທະຍົມສົມບຸນ ລ້ອງຊານ","Longsane Secondary School - Longsane , Xaysomboun ມັດທະຍົມສົມບຸນ ລ້ອງຊານ",18.550145,103.003076,2025-06-17T02:02:02.415567260Z,1.0,81.0,2.0,30.0,95.0,Asia/Vientiane,https://maps.gstatic.com/weather/v1/cloudy,Cloudy,en,CLOUDY,23.7,CELSIUS,28.4,CELSIUS,20.0,CELSIUS,28.4,CELSIUS,23.7,CELSIUS,25.0,RAIN,0.0,MILLIMETERS,0.0,MILLIMETERS,1009.71,235.0,SOUTHWEST,6.0,KILOMETERS_PER_HOUR,13.0,KILOMETERS_PER_HOUR,16.0,KILOMETERS,2.4,CELSIUS,24.0,CELSIUS,19.0,CELSIUS,0.0,MILLIMETERS,6.17,MILLIMETERS,,,,2025-06-17 09:00:11.498000+07:00,0900
1250,153777,"Dorntalath Secondary School - Champasack, Champasack ມັດທະຍົມ ດອນຕະລາດ","Dorntalath Secondary School - Champasack, Champasack ມັດທະຍົມ ດອນຕະລາດ",14.784126,105.819789,2025-06-17T02:02:03.693515726Z,1.0,90.0,2.0,70.0,100.0,Asia/Vientiane,https://maps.gstatic.com/weather/v1/strong_tstorms,Light thunderstorms and rain,en,LIGHT_THUNDERSTORM_RAIN,27.5,CELSIUS,32.9,CELSIUS,25.9,CELSIUS,32.9,CELSIUS,27.5,CELSIUS,35.0,RAIN,0.0,MILLIMETERS,0.28190000000000004,MILLIMETERS,1011.0,158.0,SOUTH_SOUTHEAST,5.0,KILOMETERS_PER_HOUR,8.0,KILOMETERS_PER_HOUR,15.0,KILOMETERS,-1.5,CELSIUS,32.8,CELSIUS,25.2,CELSIUS,0.0,MILLIMETERS,3.8965,MILLIMETERS,,,,2025-06-17 09:00:11.498000+07:00,0900
1251,153790,Khong - Champasack,Khong - Champasack,14.048226,105.896012,2025-06-17T02:02:05.019506766Z,1.0,90.0,2.0,70.0,100.0,Asia/Vientiane,https://maps.gstatic.com/weather/v1/cloudy,Cloudy,en,CLOUDY,27.5,CELSIUS,32.9,CELSIUS,25.9,CELSIUS,32.9,CELSIUS,27.5,CELSIUS,20.0,RAIN,0.0,MILLIMETERS,0.3708,MILLIMETERS,1011.0,203.0,SOUTH_SOUTHWEST,6.0,KILOMETERS_PER_HOUR,14.0,KILOMETERS_PER_HOUR,16.0,KILOMETERS,-2.2,CELSIUS,33.8,CELSIUS,25.6,CELSIUS,0.0,MILLIMETERS,9.0679,MILLIMETERS,,,,2025-06-17 09:00:11.498000+07:00,0900
1252,153866,Samakkhixay - Attapeu,Samakkhixay - Attapeu,14.812678,106.829211,2025-06-17T02:02:06.271120715Z,1.0,85.0,2.0,0.0,100.0,Asia/Vientiane,https://maps.gstatic.com/weather/v1/cloudy,Cloudy,en,CLOUDY,27.9,CELSIUS,32.9,CELSIUS,24.9,CELSIUS,32.9,CELSIUS,27.9,CELSIUS,10.0,RAIN,0.0,MILLIMETERS,0.1753,MILLIMETERS,1010.75,225.0,SOUTHWEST,3.0,KILOMETERS_PER_HOUR,6.0,KILOMETERS_PER_HOUR,16.0,KILOMETERS,-1.0,CELSIUS,32.6,CELSIUS,24.4,CELSIUS,0.0,MILLIMETERS,8.8823,MILLIMETERS,,,,2025-06-17 09:00:11.498000+07:00,0900
1303,156307,UNICEF Lao PDR CO,UNICEF Lao PDR CO,17.9376508179,102.617231896,2025-06-17T02:02:07.528386402Z,1.0,74.0,2.0,40.0,95.0,Asia/Vientiane,https://maps.gstatic.com/weather/v1/cloudy,Cloudy,en,CLOUDY,30.7,CELSIUS,37.5,CELSIUS,25.3,CELSIUS,37.5,CELSIUS,30.7,CELSIUS,25.0,RAIN,0.0,MILLIMETERS,0.0,MILLIMETERS,1008.9,45.0,NORTHEAST,2.0,KILOMETERS_PER_HOUR,5.0,KILOMETERS_PER_HOUR,16.0,KILOMETERS,1.7,CELSIUS,32.7,CELSIUS,25.8,CELSIUS,0.0,MILLIMETERS,4.402,MILLIMETERS,,,,2025-06-17 09:00:11.498000+07:00,0900
1083,90402,"Sathit Secondary School - Xaythani, Vientiane Capital ມັດທະຍົມ ສາທິດ","Sathit Secondary School - Xaythani, Vientiane Capital ມັດທະຍົມ ສາທິດ",18.035248,102.63994,2025-06-17T03:00:09.365489447Z,1.0,72.0,3.0,40.0,90.0,Asia/Vientiane,https://maps.gstatic.com/weather/v1/cloudy,Cloudy,en,CLOUDY,31.7,CELSIUS,39.9,CELSIUS,26.1,CELSIUS,39.9,CELSIUS,31.7,CELSIUS,20.0,RAIN,0.0,MILLIMETERS,0.20320000000000002,MILLIMETERS,1008.9,270.0,WEST,2.0,KILOMETERS_PER_HOUR,2.0,KILOMETERS_PER_HOUR,16.0,KILOMETERS,2.7,CELSIUS,32.7,CELSIUS,25.8,CELSIUS,0.0,MILLIMETERS,4.2013,MILLIMETERS,,,,2025-06-17 10:00:05.157000+07:00,1000
1084,90410,"Naxaithong Secondary School - Naxaithong, Vientiane Capital ມັດທະຍົມ ນາຊາຍທອງ","Naxaithong Secondary School - Naxaithong, Vientiane Capital ມັດທະຍົມ ນາຊາຍທອງ",18.068595,102.535866,2025-06-17T03:00:10.659743190Z,1.0,72.0,3.0,40.0,91.0,Asia/Vientiane,https://maps.gstatic.com/weather/v1/cloudy,Cloudy,en,CLOUDY,31.8,CELSIUS,40.2,CELSIUS,26.2,CELSIUS,40.2,CELSIUS,31.8,CELSIUS,20.0,RAIN,0.0,MILLIMETERS,0.22610000000000002,MILLIMETERS,1008.9,270.0,WEST,2.0,KILOMETERS_PER_HOUR,2.0,KILOMETERS_PER_HOUR,16.0,KILOMETERS,2.8,CELSIUS,32.9,CELSIUS,25.9,CELSIUS,0.0,MILLIMETERS,4.0466,MILLIMETERS,,,,2025-06-17 10:00:05.157000+07:00,1000
1085,90411,d83bda1bc98c Phongsaly - Phongsaly,d83bda1bc98c Phongsaly - Phongsaly,21.695,102.085,2025-06-17T03:00:11.958341841Z,1.0,88.0,2.0,30.0,100.0,Asia/Vientiane,https://maps.gstatic.com/weather/v1/drizzle,Light rain,en,LIGHT_RAIN,24.3,CELSIUS,26.6,CELSIUS,22.2,CELSIUS,26.6,CELSIUS,24.3,CELSIUS,25.0,RAIN,0.0,MILLIMETERS,0.34040000000000004,MILLIMETERS,1008.54,205.0,SOUTH_SOUTHWEST,3.0,KILOMETERS_PER_HOUR,10.0,KILOMETERS_PER_HOUR,14.0,KILOMETERS,-0.9,CELSIUS,28.5,CELSIUS,20.3,CELSIUS,0.0,MILLIMETERS,16.1162,MILLIMETERS,,,,2025-06-17 10:00:05.157000+07:00,1000
1086,90412,May - Phongsaly,May - Phongsaly,21.172583,102.722705,2025-06-17T03:00:13.389719759Z,1.0,84.0,3.0,20.0,100.0,Asia/Vientiane,https://maps.gstatic.com/weather/v1/drizzle,Light rain,en,LIGHT_RAIN,23.1,CELSIUS,25.3,CELSIUS,20.2,CELSIUS,25.3,CELSIUS,23.1,CELSIUS,40.0,RAIN,0.0,MILLIMETERS,0.3378,MILLIMETERS,1009.73,235.0,SOUTHWEST,13.0,KILOMETERS_PER_HOUR,26.0,KILOMETERS_PER_HOUR,16.0,KILOMETERS,0.8,CELSIUS,25.9,CELSIUS,19.5,CELSIUS,0.0,MILLIMETERS,16.5988,MILLIMETERS,,,,2025-06-17 10:00:05.157000+07:00,1000
1087,90413,"Natoon Secondary School - Khua, Phongsaly ມັດທະຍົມສົມບູນ ນາຕູ່ນ","Natoon Secondary School - Khua, Phongsaly ມັດທະຍົມສົມບູນ ນາຕູ່ນ",21.078865,102.505833,2025-06-17T03:00:14.808438447Z,1.0,86.0,3.0,30.0,100.0,Asia/Vientiane,https://maps.gstatic.com/weather/v1/drizzle,Light rain,en,LIGHT_RAIN,22.8,CELSIUS,25.2,CELSIUS,20.3,CELSIUS,25.2,CELSIUS,22.8,CELSIUS,25.0,RAIN,0.0,MILLIMETERS,0.32,MILLIMETERS,1009.08,240.0,WEST_SOUTHWEST,11.0,KILOMETERS_PER_HOUR,21.0,KILOMETERS_PER_HOUR,16.0,KILOMETERS,0.4,CELSIUS,26.4,CELSIUS,19.8,CELSIUS,0.0,MILLIMETERS,8.4507,MILLIMETERS,,,,2025-06-17 10:00:05.157000+07:00,1000
1088,90414,"Naxay Secondary School - Samphanh, Phongsaly ມັດທະຍົມສົມບູນ ນາໄຊ","Naxay Secondary School - Samphanh, Phongsaly ມັດທະຍົມສົມບູນ ນາໄຊ",21.346014,102.349329,2025-06-17T03:00:16.235652258Z,1.0,99.0,3.0,30.0,100.0,Asia/Vientiane,https://maps.gstatic.com/weather/v1/drizzle,Light rain,en,LIGHT_RAIN,13.6,CELSIUS,16.5,CELSIUS,13.4,CELSIUS,16.5,CELSIUS,13.6,CELSIUS,25.0,RAIN,0.0,MILLIMETERS,0.39880000000000004,MILLIMETERS,1009.46,245.0,WEST_SOUTHWEST,8.0,KILOMETERS_PER_HOUR,18.0,KILOMETERS_PER_HOUR,6.0,KILOMETERS,-0.9,CELSIUS,17.1,CELSIUS,10.8,CELSIUS,0.0,MILLIMETERS,13.2288,MILLIMETERS,,,,2025-06-17 10:00:05.157000+07:00,1000
1089,90419,"Long Secondary School - Long, LuangNamtha ມັດທະຍົມສົມບູນ ເມືອງລອງ","Long Secondary School - Long, LuangNamtha ມັດທະຍົມສົມບູນ ເມືອງລອງ",20.962029,100.82109,2025-06-17T03:00:17.539032691Z,1.0,85.0,2.0,20.0,100.0,Asia/Vientiane,https://maps.gstatic.com/weather/v1/drizzle,Light rain,en,LIGHT_RAIN,23.9,CELSIUS,26.0,CELSIUS,21.6,CELSIUS,26.0,CELSIUS,23.9,CELSIUS,35.0,RAIN,0.0,MILLIMETERS,0.46230000000000004,MILLIMETERS,1010.0,225.0,SOUTHWEST,8.0,KILOMETERS_PER_HOUR,14.0,KILOMETERS_PER_HOUR,16.0,KILOMETERS,-2.5,CELSIUS,27.3,CELSIUS,21.9,CELSIUS,0.0,MILLIMETERS,8.7326,MILLIMETERS,,,,2025-06-17 10:00:05.157000+07:00,1000
1090,90421,"Sing Secondary School - Sing, LuangNamtha ມັດທະຍົມສົມບູນ ເມືອງສິງ","Sing Secondary School - Sing, LuangNamtha ມັດທະຍົມສົມບູນ ເມືອງສິງ",21.190223,101.144937,2025-06-17T03:00:18.899847802Z,1.0,85.0,2.0,20.0,100.0,Asia/Vientiane,https://maps.gstatic.com/weather/v1/drizzle,Light rain,en,LIGHT_RAIN,23.9,CELSIUS,26.0,CELSIUS,21.6,CELSIUS,26.0,CELSIUS,23.9,CELSIUS,35.0,RAIN,0.0,MILLIMETERS,0.46230000000000004,MILLIMETERS,1010.0,225.0,SOUTHWEST,8.0,KILOMETERS_PER_HOUR,14.0,KILOMETERS_PER_HOUR,16.0,KILOMETERS,-2.5,CELSIUS,27.3,CELSIUS,21.9,CELSIUS,0.0,MILLIMETERS,8.7326,MILLIMETERS,,,,2025-06-17 10:00:05.157000+07:00,1000
1091,90422,Nalae - Louangnamtha,Nalae - Louangnamtha,20.536617,101.447461,2025-06-17T03:00:20.275964450Z,1.0,75.0,3.0,0.0,100.0,Asia/Vientiane,https://maps.gstatic.com/weather/v1/cloudy,Cloudy,en,CLOUDY,26.3,CELSIUS,28.6,CELSIUS,21.7,CELSIUS,28.6,CELSIUS,26.3,CELSIUS,10.0,RAIN,0.0,MILLIMETERS,0.0533,MILLIMETERS,1009.57,225.0,SOUTHWEST,10.0,KILOMETERS_PER_HOUR,18.0,KILOMETERS_PER_HOUR,16.0,KILOMETERS,-0.8,CELSIUS,29.2,CELSIUS,22.9,CELSIUS,0.0,MILLIMETERS,9.1134,MILLIMETERS,,,,2025-06-17 10:00:05.157000+07:00,1000
1092,90424,"La Secondary School - La, Oudomxai ມັດທະຍົມສົມບູນ ເມືອງຫລາ","La Secondary School - La, Oudomxai ມັດທະຍົມສົມບູນ ເມືອງຫລາ",20.870865,102.110246,2025-06-17T03:00:21.692539565Z,1.0,86.0,3.0,30.0,100.0,Asia/Vientiane,https://maps.gstatic.com/weather/v1/drizzle,Light rain,en,LIGHT_RAIN,23.5,CELSIUS,25.9,CELSIUS,20.9,CELSIUS,25.9,CELSIUS,23.5,CELSIUS,25.0,RAIN,0.0,MILLIMETERS,0.32,MILLIMETERS,1009.08,240.0,WEST_SOUTHWEST,11.0,KILOMETERS_PER_HOUR,21.0,KILOMETERS_PER_HOUR,16.0,KILOMETERS,0.4,CELSIUS,27.1,CELSIUS,20.5,CELSIUS,0.0,MILLIMETERS,8.4507,MILLIMETERS,,,,2025-06-17 10:00:05.157000+07:00,1000
1093,90425,"Namor Secondary School - Namor, Oudomxay ມັດທະຍົມ ເມືອງນາໝໍ້","Namor Secondary School - Namor, Oudomxay ມັດທະຍົມ ເມືອງນາໝໍ້",20.914061,101.764456,2025-06-17T03:00:23.029598881Z,1.0,85.0,3.0,30.0,100.0,Asia/Vientiane,https://maps.gstatic.com/weather/v1/drizzle,Light rain,en,LIGHT_RAIN,23.7,CELSIUS,26.1,CELSIUS,20.8,CELSIUS,26.1,CELSIUS,23.7,CELSIUS,35.0,RAIN,0.0,MILLIMETERS,0.40390000000000004,MILLIMETERS,1009.96,225.0,SOUTHWEST,8.0,KILOMETERS_PER_HOUR,16.0,KILOMETERS_PER_HOUR,16.0,KILOMETERS,-1.0,CELSIUS,27.8,CELSIUS,20.8,CELSIUS,0.0,MILLIMETERS,7.0384,MILLIMETERS,,,,2025-06-17 10:00:05.157000+07:00,1000
1094,90427,Beng - Oudomxai,Beng - Oudomxai,20.296295,101.639666,2025-06-17T03:00:24.380180525Z,1.0,75.0,3.0,0.0,100.0,Asia/Vientiane,https://maps.gstatic.com/weather/v1/cloudy,Cloudy,en,CLOUDY,26.3,CELSIUS,28.6,CELSIUS,21.7,CELSIUS,28.6,CELSIUS,26.3,CELSIUS,10.0,RAIN,0.0,MILLIMETERS,0.0533,MILLIMETERS,1009.57,225.0,SOUTHWEST,10.0,KILOMETERS_PER_HOUR,18.0,KILOMETERS_PER_HOUR,16.0,KILOMETERS,-0.8,CELSIUS,29.2,CELSIUS,22.9,CELSIUS,0.0,MILLIMETERS,9.1134,MILLIMETERS,,,,2025-06-17 10:00:05.157000+07:00,1000
1095,90428,"Hoon Secondary School - Hoon, Oudomxay ມັດທະຍົມ ເມືອງຮຸນ","Hoon Secondary School - Hoon, Oudomxay ມັດທະຍົມ ເມືອງຮຸນ",20.146431,101.467765,2025-06-17T03:00:25.708315101Z,1.0,75.0,3.0,0.0,100.0,Asia/Vientiane,https://maps.gstatic.com/weather/v1/cloudy,Cloudy,en,CLOUDY,26.3,CELSIUS,28.6,CELSIUS,21.7,CELSIUS,28.6,CELSIUS,26.3,CELSIUS,10.0,RAIN,0.0,MILLIMETERS,0.0533,MILLIMETERS,1009.57,225.0,SOUTHWEST,10.0,KILOMETERS_PER_HOUR,18.0,KILOMETERS_PER_HOUR,16.0,KILOMETERS,-0.8,CELSIUS,29.2,CELSIUS,22.9,CELSIUS,0.0,MILLIMETERS,9.1134,MILLIMETERS,,,,2025-06-17 10:00:05.157000+07:00,1000
1096,90430,"Nampook Secondary School - Huoixai, Bokeo ມັດທະຍົມສົມບູນ ນ້ຳປຸກ","Nampook Secondary School - Huoixai, Bokeo ມັດທະຍົມສົມບູນ ນ້ຳປຸກ",20.217811,100.565439,2025-06-17T03:00:27.009037884Z,1.0,77.0,2.0,30.0,100.0,Asia/Vientiane,https://maps.gstatic.com/weather/v1/cloudy,Cloudy,en,CLOUDY,27.8,CELSIUS,31.6,CELSIUS,23.4,CELSIUS,31.6,CELSIUS,27.8,CELSIUS,25.0,RAIN,0.0,MILLIMETERS,0.20070000000000002,MILLIMETERS,1008.99,203.0,SOUTH_SOUTHWEST,6.0,KILOMETERS_PER_HOUR,13.0,KILOMETERS_PER_HOUR,16.0,KILOMETERS,0.0,CELSIUS,30.6,CELSIUS,24.2,CELSIUS,0.0,MILLIMETERS,26.2509,MILLIMETERS,,,,2025-06-17 10:00:05.157000+07:00,1000
1097,90432,Meung - Bokeo,Meung - Bokeo,20.565749,100.592003,2025-06-17T03:00:28.403645736Z,1.0,85.0,2.0,30.0,100.0,Asia/Vientiane,https://maps.gstatic.com/weather/v1/drizzle,Light rain,en,LIGHT_RAIN,22.7,CELSIUS,25.2,CELSIUS,20.2,CELSIUS,25.2,CELSIUS,22.7,CELSIUS,35.0,RAIN,0.0,MILLIMETERS,0.5537000000000001,MILLIMETERS,1009.99,203.0,SOUTH_SOUTHWEST,6.0,KILOMETERS_PER_HOUR,13.0,KILOMETERS_PER_HOUR,16.0,KILOMETERS,-1.2,CELSIUS,26.5,CELSIUS,20.4,CELSIUS,0.0,MILLIMETERS,12.8473,MILLIMETERS,,,,2025-06-17 10:00:05.157000+07:00,1000
1098,90433,Pha Oudom - Bokeo,Pha Oudom - Bokeo,20.086216,100.831707,2025-06-17T03:00:29.767751503Z,1.0,83.0,2.0,20.0,100.0,Asia/Vientiane,https://maps.gstatic.com/weather/v1/drizzle,Light rain,en,LIGHT_RAIN,22.0,CELSIUS,24.7,CELSIUS,18.6,CELSIUS,24.7,CELSIUS,22.0,CELSIUS,35.0,RAIN,0.0,MILLIMETERS,0.2311,MILLIMETERS,1010.0,203.0,SOUTH_SOUTHWEST,6.0,KILOMETERS_PER_HOUR,11.0,KILOMETERS_PER_HOUR,16.0,KILOMETERS,-0.4,CELSIUS,24.9,CELSIUS,18.8,CELSIUS,0.0,MILLIMETERS,12.5859,MILLIMETERS,,,,2025-06-17 10:00:05.157000+07:00,1000
1099,90435,"Santiphab Secondary School - Luangprabang, Luangprabang ມັດທະຍົມ ສັນຕິພາບ","Santiphab Secondary School - Luangprabang, Luangprabang ມັດທະຍົມ ສັນຕິພາບ",19.880332,102.139832,2025-06-17T03:00:31.085083576Z,1.0,71.0,3.0,40.0,100.0,Asia/Vientiane,https://maps.gstatic.com/weather/v1/drizzle,Light rain,en,LIGHT_RAIN,28.8,CELSIUS,32.6,CELSIUS,22.9,CELSIUS,32.6,CELSIUS,28.8,CELSIUS,25.0,RAIN,0.0,MILLIMETERS,0.41150000000000003,MILLIMETERS,1008.53,235.0,SOUTHWEST,10.0,KILOMETERS_PER_HOUR,18.0,KILOMETERS_PER_HOUR,16.0,KILOMETERS,0.7000000000000001,CELSIUS,30.8,CELSIUS,24.2,CELSIUS,0.0,MILLIMETERS,14.1683,MILLIMETERS,,,,2025-06-17 10:00:05.157000+07:00,1000
1100,90437,"PakXeng Secondary School - PakXeng, Luangprabang ມັດທະຍົມສົມບູນ ປາກແຊງ","PakXeng Secondary School - PakXeng, Luangprabang ມັດທະຍົມສົມບູນ ປາກແຊງ",20.174492,102.675657,2025-06-17T03:00:32.357774980Z,1.0,89.0,3.0,50.0,100.0,Asia/Vientiane,https://maps.gstatic.com/weather/v1/drizzle,Light rain,en,LIGHT_RAIN,22.0,CELSIUS,24.9,CELSIUS,20.0,CELSIUS,24.9,CELSIUS,22.0,CELSIUS,25.0,RAIN,0.0,MILLIMETERS,0.4394,MILLIMETERS,1009.26,215.0,SOUTHWEST,8.0,KILOMETERS_PER_HOUR,11.0,KILOMETERS_PER_HOUR,16.0,KILOMETERS,2.2,CELSIUS,21.8,CELSIUS,18.0,CELSIUS,0.0,MILLIMETERS,17.1223,MILLIMETERS,,,,2025-06-17 10:00:05.157000+07:00,1000
1101,90438,"Phonxay Secpondary School - Phonxay, Luangprabang ມັດທະຍົມສົມບູນ ເມືອງໂພນໄຊ","Phonxay Secpondary School - Phonxay, Luangprabang ມັດທະຍົມສົມບູນ ເມືອງໂພນໄຊ",19.958916,102.572347,,,,,,,,,,,,,,,,,,,,,,,,,,,,,,,,,,,,,,,,,,,,,,,404.0,Information is not supported for this location. Please try a different location.,NOT_FOUND,2025-06-17 10:00:05.157000+07:00,1000
1102,90440,"Vangxieng Secondary School - Phonthong, Luangprabang ມັດທະຍົມ ວັງຊຽງ","Vangxieng Secondary School - Phonthong, Luangprabang ມັດທະຍົມ ວັງຊຽງ",20.737745,103.073231,2025-06-17T03:00:35.015330336Z,1.0,84.0,3.0,20.0,100.0,Asia/Vientiane,https://maps.gstatic.com/weather/v1/drizzle,Light rain,en,LIGHT_RAIN,23.8,CELSIUS,25.9,CELSIUS,20.8,CELSIUS,25.9,CELSIUS,23.8,CELSIUS,40.0,RAIN,0.0,MILLIMETERS,0.3378,MILLIMETERS,1009.73,235.0,SOUTHWEST,13.0,KILOMETERS_PER_HOUR,26.0,KILOMETERS_PER_HOUR,16.0,KILOMETERS,0.9,CELSIUS,26.6,CELSIUS,20.2,CELSIUS,0.0,MILLIMETERS,16.5988,MILLIMETERS,,,,2025-06-17 10:00:05.157000+07:00,1000
1103,90441,"Kiwkachum Secondary School - XiengNgeun, Luangprabang ມັດທະຍົມ ກິ່ວກະຈຳ","Kiwkachum Secondary School - XiengNgeun, Luangprabang ມັດທະຍົມ ກິ່ວກະຈຳ",19.555,102.234,2025-06-17T03:00:36.306452531Z,1.0,80.0,3.0,40.0,100.0,Asia/Vientiane,https://maps.gstatic.com/weather/v1/cloudy,Cloudy,en,CLOUDY,26.8,CELSIUS,29.0,CELSIUS,22.9,CELSIUS,29.0,CELSIUS,26.8,CELSIUS,25.0,RAIN,0.0,MILLIMETERS,0.20070000000000002,MILLIMETERS,1009.97,225.0,SOUTHWEST,6.0,KILOMETERS_PER_HOUR,18.0,KILOMETERS_PER_HOUR,16.0,KILOMETERS,2.3,CELSIUS,25.9,CELSIUS,20.6,CELSIUS,0.0,MILLIMETERS,10.0104,MILLIMETERS,,,,2025-06-17 10:00:05.157000+07:00,1000
1104,90442,"Nan Secondary School - Nan, Luangprabang ມັດທະຍົມ ເມືອງນານ","Nan Secondary School - Nan, Luangprabang ມັດທະຍົມ ເມືອງນານ",19.498539,101.883867,2025-06-17T03:00:37.701614193Z,1.0,81.0,3.0,50.0,100.0,Asia/Vientiane,https://maps.gstatic.com/weather/v1/strong_tstorms,Light thunderstorms and rain,en,LIGHT_THUNDERSTORM_RAIN,22.3,CELSIUS,25.0,CELSIUS,18.8,CELSIUS,25.0,CELSIUS,22.3,CELSIUS,40.0,RAIN,0.0,MILLIMETERS,0.41150000000000003,MILLIMETERS,1009.99,203.0,SOUTH_SOUTHWEST,5.0,KILOMETERS_PER_HOUR,10.0,KILOMETERS_PER_HOUR,16.0,KILOMETERS,-0.9,CELSIUS,24.5,CELSIUS,19.1,CELSIUS,0.0,MILLIMETERS,18.2857,MILLIMETERS,,,,2025-06-17 10:00:05.157000+07:00,1000
1105,90447,Xamneua - Houaphan,Xamneua - Houaphan,20.413807,104.050733,2025-06-17T03:00:39.103862749Z,1.0,75.0,3.0,60.0,100.0,Asia/Vientiane,https://maps.gstatic.com/weather/v1/cloudy,Cloudy,en,CLOUDY,26.0,CELSIUS,28.1,CELSIUS,21.1,CELSIUS,28.1,CELSIUS,26.0,CELSIUS,25.0,RAIN,0.0,MILLIMETERS,0.09910000000000001,MILLIMETERS,1008.76,255.0,WEST_SOUTHWEST,8.0,KILOMETERS_PER_HOUR,19.0,KILOMETERS_PER_HOUR,16.0,KILOMETERS,2.7,CELSIUS,25.4,CELSIUS,20.3,CELSIUS,0.0,MILLIMETERS,6.4188,MILLIMETERS,,,,2025-06-17 10:00:05.157000+07:00,1000
1106,90449,"BouamNgam Secondary School - Huameuang, Houaphan  ມັດທະຍົມ ບວມງາມ","BouamNgam Secondary School - Huameuang, Houaphan  ມັດທະຍົມ ບວມງາມ",20.199501,103.875166,2025-06-17T03:00:40.485440242Z,1.0,87.0,3.0,60.0,100.0,Asia/Vientiane,https://maps.gstatic.com/weather/v1/drizzle,Light rain,en,LIGHT_RAIN,23.2,CELSIUS,25.4,CELSIUS,20.9,CELSIUS,25.4,CELSIUS,23.2,CELSIUS,25.0,RAIN,0.0,MILLIMETERS,0.39880000000000004,MILLIMETERS,1010.14,245.0,WEST_SOUTHWEST,8.0,KILOMETERS_PER_HOUR,18.0,KILOMETERS_PER_HOUR,16.0,KILOMETERS,3.0,CELSIUS,23.2,CELSIUS,19.1,CELSIUS,0.0,MILLIMETERS,8.5272,MILLIMETERS,,,,2025-06-17 10:00:05.157000+07:00,1000
1107,90450,Xamtay - Houaphan,Xamtay - Houaphan,19.999194,104.64011,2025-06-17T03:00:41.870886368Z,1.0,70.0,3.0,70.0,100.0,Asia/Vientiane,https://maps.gstatic.com/weather/v1/drizzle,Light rain,en,LIGHT_RAIN,25.7,CELSIUS,27.9,CELSIUS,19.8,CELSIUS,27.9,CELSIUS,25.7,CELSIUS,25.0,RAIN,0.0,MILLIMETERS,0.20070000000000002,MILLIMETERS,1009.22,245.0,WEST_SOUTHWEST,6.0,KILOMETERS_PER_HOUR,19.0,KILOMETERS_PER_HOUR,16.0,KILOMETERS,3.4,CELSIUS,24.6,CELSIUS,19.1,CELSIUS,0.0,MILLIMETERS,2.8475,MILLIMETERS,,,,2025-06-17 10:00:05.157000+07:00,1000
1108,90451,"Add Secondary School - Add, Houaphan ມັດທະຍົມ ແອດ","Add Secondary School - Add, Houaphan ມັດທະຍົມ ແອດ",20.820542,104.004618,,,,,,,,,,,,,,,,,,,,,,,,,,,,,,,,,,,,,,,,,,,,,,,404.0,Information is not supported for this location. Please try a different location.,NOT_FOUND,2025-06-17 10:00:05.157000+07:00,1000
1109,90452,Xon - Houaphan,Xon - Houaphan,20.466813,103.34797,2025-06-17T03:00:44.512108396Z,1.0,87.0,3.0,60.0,100.0,Asia/Vientiane,https://maps.gstatic.com/weather/v1/drizzle,Light rain,en,LIGHT_RAIN,20.6,CELSIUS,22.8,CELSIUS,18.3,CELSIUS,22.8,CELSIUS,20.6,CELSIUS,25.0,RAIN,0.0,MILLIMETERS,0.39880000000000004,MILLIMETERS,1010.14,245.0,WEST_SOUTHWEST,8.0,KILOMETERS_PER_HOUR,18.0,KILOMETERS_PER_HOUR,16.0,KILOMETERS,3.0,CELSIUS,20.6,CELSIUS,16.5,CELSIUS,0.0,MILLIMETERS,8.5272,MILLIMETERS,,,,2025-06-17 10:00:05.157000+07:00,1000
1110,90453,Xiengkhor - Houaphan,Xiengkhor - Houaphan,20.813892,104.146676,,,,,,,,,,,,,,,,,,,,,,,,,,,,,,,,,,,,,,,,,,,,,,,404.0,Information is not supported for this location. Please try a different location.,NOT_FOUND,2025-06-17 10:00:05.157000+07:00,1000
1111,90454," Viengthong Secondary School - Hiem, Houaphan ມັດທະຍົມ ວຽງທອງ"," Viengthong Secondary School - Hiem, Houaphan ມັດທະຍົມ ວຽງທອງ",20.099855,103.380396,2025-06-17T03:00:47.049023863Z,1.0,87.0,3.0,60.0,100.0,Asia/Vientiane,https://maps.gstatic.com/weather/v1/drizzle,Light rain,en,LIGHT_RAIN,20.6,CELSIUS,22.8,CELSIUS,18.3,CELSIUS,22.8,CELSIUS,20.6,CELSIUS,25.0,RAIN,0.0,MILLIMETERS,0.39880000000000004,MILLIMETERS,1010.14,245.0,WEST_SOUTHWEST,8.0,KILOMETERS_PER_HOUR,18.0,KILOMETERS_PER_HOUR,16.0,KILOMETERS,3.0,CELSIUS,20.6,CELSIUS,16.5,CELSIUS,0.0,MILLIMETERS,8.5272,MILLIMETERS,,,,2025-06-17 10:00:05.157000+07:00,1000
1112,90455,"Sopbao Secondary School - Sopbao, Houaphan ມັດທະຍົມ ສົບເບົາ","Sopbao Secondary School - Sopbao, Houaphan ມັດທະຍົມ ສົບເບົາ",20.710206,104.384946,2025-06-17T03:00:48.358230074Z,1.0,75.0,3.0,60.0,100.0,Asia/Vientiane,https://maps.gstatic.com/weather/v1/cloudy,Cloudy,en,CLOUDY,22.1,CELSIUS,24.2,CELSIUS,17.2,CELSIUS,24.2,CELSIUS,22.1,CELSIUS,25.0,RAIN,0.0,MILLIMETERS,0.09910000000000001,MILLIMETERS,1008.75,255.0,WEST_SOUTHWEST,8.0,KILOMETERS_PER_HOUR,19.0,KILOMETERS_PER_HOUR,16.0,KILOMETERS,2.7,CELSIUS,21.5,CELSIUS,16.4,CELSIUS,0.0,MILLIMETERS,6.4188,MILLIMETERS,,,,2025-06-17 10:00:05.157000+07:00,1000
1113,90456,"Kuan Secondary School - Kuan, Houaphan ມັດທະຍົມສົມບູນ ກັວນ","Kuan Secondary School - Kuan, Houaphan ມັດທະຍົມສົມບູນ ກັວນ",19.835863,104.561303,2025-06-17T03:00:49.662785382Z,1.0,70.0,3.0,70.0,100.0,Asia/Vientiane,https://maps.gstatic.com/weather/v1/drizzle,Light rain,en,LIGHT_RAIN,27.0,CELSIUS,29.2,CELSIUS,21.1,CELSIUS,29.2,CELSIUS,27.0,CELSIUS,25.0,RAIN,0.0,MILLIMETERS,0.20070000000000002,MILLIMETERS,1009.22,245.0,WEST_SOUTHWEST,6.0,KILOMETERS_PER_HOUR,19.0,KILOMETERS_PER_HOUR,16.0,KILOMETERS,3.4,CELSIUS,25.9,CELSIUS,20.4,CELSIUS,0.0,MILLIMETERS,2.8475,MILLIMETERS,,,,2025-06-17 10:00:05.157000+07:00,1000
1114,90457,"Khob Secondary School - Khob, Xayabouli ມັດທະຍົມ ເມືອງຄອບ","Khob Secondary School - Khob, Xayabouli ມັດທະຍົມ ເມືອງຄອບ",19.699713,100.5572,2025-06-17T03:00:51.040716165Z,1.0,74.0,2.0,50.0,100.0,Asia/Vientiane,https://maps.gstatic.com/weather/v1/strong_tstorms,Light thunderstorms and rain,en,LIGHT_THUNDERSTORM_RAIN,27.7,CELSIUS,30.8,CELSIUS,22.7,CELSIUS,30.8,CELSIUS,27.7,CELSIUS,65.0,RAIN,0.0,MILLIMETERS,1.2217,MILLIMETERS,1009.87,203.0,SOUTH_SOUTHWEST,11.0,KILOMETERS_PER_HOUR,18.0,KILOMETERS_PER_HOUR,16.0,KILOMETERS,-0.1,CELSIUS,28.9,CELSIUS,23.7,CELSIUS,0.0,MILLIMETERS,9.4514,MILLIMETERS,,,,2025-06-17 10:00:05.157000+07:00,1000
1115,90458,"Hongsa Secondary School - Hongsa, Xaignabouly ມັດທະຍົມສົມບູນ ຫົງສາ","Hongsa Secondary School - Hongsa, Xaignabouly ມັດທະຍົມສົມບູນ ຫົງສາ",19.70693,101.342893,2025-06-17T03:00:52.439211930Z,1.0,81.0,3.0,50.0,100.0,Asia/Vientiane,https://maps.gstatic.com/weather/v1/strong_tstorms,Light thunderstorms and rain,en,LIGHT_THUNDERSTORM_RAIN,23.6,CELSIUS,26.3,CELSIUS,20.1,CELSIUS,26.3,CELSIUS,23.6,CELSIUS,41.0,RAIN,0.0,MILLIMETERS,0.41150000000000003,MILLIMETERS,1009.99,203.0,SOUTH_SOUTHWEST,5.0,KILOMETERS_PER_HOUR,10.0,KILOMETERS_PER_HOUR,16.0,KILOMETERS,-0.9,CELSIUS,25.8,CELSIUS,20.4,CELSIUS,0.0,MILLIMETERS,18.2857,MILLIMETERS,,,,2025-06-17 10:00:05.157000+07:00,1000
1116,90459,Phiang - Xaignabouly,Phiang - Xaignabouly,19.094645,101.529558,2025-06-17T03:00:53.777301083Z,1.0,80.0,2.0,40.0,100.0,Asia/Vientiane,https://maps.gstatic.com/weather/v1/drizzle,Light rain,en,LIGHT_RAIN,27.1,CELSIUS,30.5,CELSIUS,22.9,CELSIUS,30.5,CELSIUS,27.1,CELSIUS,35.0,RAIN,0.0,MILLIMETERS,0.4801,MILLIMETERS,1010.06,180.0,SOUTH,5.0,KILOMETERS_PER_HOUR,11.0,KILOMETERS_PER_HOUR,16.0,KILOMETERS,-0.2,CELSIUS,30.9,CELSIUS,23.7,CELSIUS,0.0,MILLIMETERS,3.9115,MILLIMETERS,,,,2025-06-17 10:00:05.157000+07:00,1000
1117,90460,Parklai - Xaignabouly,Parklai - Xaignabouly,18.220795,101.405717,2025-06-17T03:00:55.158415859Z,1.0,67.0,2.0,30.0,100.0,Asia/Vientiane,https://maps.gstatic.com/weather/v1/cloudy,Cloudy,en,CLOUDY,28.9,CELSIUS,32.8,CELSIUS,22.2,CELSIUS,32.8,CELSIUS,28.9,CELSIUS,20.0,RAIN,0.0,MILLIMETERS,0.040600000000000004,MILLIMETERS,1009.72,248.0,WEST_SOUTHWEST,10.0,KILOMETERS_PER_HOUR,16.0,KILOMETERS_PER_HOUR,16.0,KILOMETERS,0.9,CELSIUS,31.7,CELSIUS,24.4,CELSIUS,0.0,MILLIMETERS,1.3994,MILLIMETERS,,,,2025-06-17 10:00:05.157000+07:00,1000
1118,90463,"Ekaphab Secondary School - Xayabury, Xayabury ມັດທະຍົມ ເອກະພາບ","Ekaphab Secondary School - Xayabury, Xayabury ມັດທະຍົມ ເອກະພາບ",19.237566,101.714751,2025-06-17T03:00:56.534387641Z,1.0,76.0,3.0,60.0,100.0,Asia/Vientiane,https://maps.gstatic.com/weather/v1/cloudy,Cloudy,en,CLOUDY,27.7,CELSIUS,31.2,CELSIUS,23.1,CELSIUS,31.2,CELSIUS,27.7,CELSIUS,20.0,RAIN,0.0,MILLIMETERS,0.1549,MILLIMETERS,1009.86,203.0,SOUTH_SOUTHWEST,8.0,KILOMETERS_PER_HOUR,14.0,KILOMETERS_PER_HOUR,16.0,KILOMETERS,-0.4,CELSIUS,30.7,CELSIUS,24.8,CELSIUS,0.0,MILLIMETERS,7.1119,MILLIMETERS,,,,2025-06-17 10:00:05.157000+07:00,1000
1119,90466,"Kenethao Secondary School - Kenethao, Xayabury ມັດທະຍົມສົມບຸນ ແກ່ນທ້າວ","Kenethao Secondary School - Kenethao, Xayabury ມັດທະຍົມສົມບຸນ ແກ່ນທ້າວ",17.740569,101.403471,2025-06-17T03:00:57.818313462Z,1.0,61.0,3.0,30.0,91.0,Asia/Vientiane,https://maps.gstatic.com/weather/v1/cloudy,Cloudy,en,CLOUDY,31.3,CELSIUS,36.1,CELSIUS,22.6,CELSIUS,36.1,CELSIUS,31.3,CELSIUS,20.0,RAIN,0.0,MILLIMETERS,0.0,MILLIMETERS,1008.98,270.0,WEST,3.0,KILOMETERS_PER_HOUR,6.0,KILOMETERS_PER_HOUR,16.0,KILOMETERS,1.0,CELSIUS,33.0,CELSIUS,25.2,CELSIUS,0.0,MILLIMETERS,0.6553,MILLIMETERS,,,,2025-06-17 10:00:05.157000+07:00,1000
1120,90468,Pek - Xiengkhouang,Pek - Xiengkhouang,19.444636,103.205788,2025-06-17T03:00:59.139118858Z,1.0,71.0,3.0,50.0,100.0,Asia/Vientiane,https://maps.gstatic.com/weather/v1/cloudy,Cloudy,en,CLOUDY,26.6,CELSIUS,28.6,CELSIUS,20.8,CELSIUS,28.6,CELSIUS,26.6,CELSIUS,25.0,RAIN,0.0,MILLIMETERS,0.1956,MILLIMETERS,1010.35,240.0,WEST_SOUTHWEST,11.0,KILOMETERS_PER_HOUR,21.0,KILOMETERS_PER_HOUR,16.0,KILOMETERS,2.2,CELSIUS,27.2,CELSIUS,20.1,CELSIUS,0.0,MILLIMETERS,10.3736,MILLIMETERS,,,,2025-06-17 10:00:05.157000+07:00,1000
1121,90469,Nonghed - Xiengkhouang,Nonghed - Xiengkhouang,19.49661,103.986121,,,,,,,,,,,,,,,,,,,,,,,,,,,,,,,,,,,,,,,,,,,,,,,404.0,Information is not supported for this location. Please try a different location.,NOT_FOUND,2025-06-17 10:00:05.157000+07:00,1000
1122,90471,"Napa Secondary School - Kham, Xiengkhouang ມັດທະຍົມ ນາປາ","Napa Secondary School - Kham, Xiengkhouang ມັດທະຍົມ ນາປາ",19.590573,103.662369,2025-06-17T03:01:01.803933237Z,1.0,68.0,3.0,70.0,100.0,Asia/Vientiane,https://maps.gstatic.com/weather/v1/drizzle,Light rain,en,LIGHT_RAIN,27.8,CELSIUS,30.3,CELSIUS,21.3,CELSIUS,30.3,CELSIUS,27.8,CELSIUS,25.0,RAIN,0.0,MILLIMETERS,0.20070000000000002,MILLIMETERS,1009.25,235.0,SOUTHWEST,6.0,KILOMETERS_PER_HOUR,14.0,KILOMETERS_PER_HOUR,16.0,KILOMETERS,2.8,CELSIUS,27.4,CELSIUS,20.9,CELSIUS,0.0,MILLIMETERS,5.9742,MILLIMETERS,,,,2025-06-17 10:00:05.157000+07:00,1000
1123,90472,"Chomphet Seconbdary School - Khoune, Xiengkhuang ມັດທະຍົມ ຈອມເພັດ","Chomphet Seconbdary School - Khoune, Xiengkhuang ມັດທະຍົມ ຈອມເພັດ",19.340999,103.371433,2025-06-17T03:01:03.143634025Z,1.0,71.0,3.0,50.0,100.0,Asia/Vientiane,https://maps.gstatic.com/weather/v1/cloudy,Cloudy,en,CLOUDY,26.6,CELSIUS,28.6,CELSIUS,20.8,CELSIUS,28.6,CELSIUS,26.6,CELSIUS,25.0,RAIN,0.0,MILLIMETERS,0.1956,MILLIMETERS,1010.35,240.0,WEST_SOUTHWEST,11.0,KILOMETERS_PER_HOUR,21.0,KILOMETERS_PER_HOUR,16.0,KILOMETERS,2.2,CELSIUS,27.2,CELSIUS,20.1,CELSIUS,0.0,MILLIMETERS,10.3736,MILLIMETERS,,,,2025-06-17 10:00:05.157000+07:00,1000
1124,90475,Phonhong - Vientiane,Phonhong - Vientiane,18.350024,102.42424,2025-06-17T03:01:04.457185610Z,1.0,73.0,3.0,30.0,95.0,Asia/Vientiane,https://maps.gstatic.com/weather/v1/cloudy,Cloudy,en,CLOUDY,31.1,CELSIUS,38.5,CELSIUS,25.6,CELSIUS,38.5,CELSIUS,31.1,CELSIUS,20.0,RAIN,0.0,MILLIMETERS,0.0,MILLIMETERS,1008.9,245.0,WEST_SOUTHWEST,3.0,KILOMETERS_PER_HOUR,6.0,KILOMETERS_PER_HOUR,16.0,KILOMETERS,3.5,CELSIUS,30.1,CELSIUS,24.9,CELSIUS,0.0,MILLIMETERS,12.705,MILLIMETERS,,,,2025-06-17 10:00:05.157000+07:00,1000
1125,90476,"Kasy Secondary School - Kasy, Vientiane Province ມັດທະຍົມສົມບູນ ກາສີ","Kasy Secondary School - Kasy, Vientiane Province ມັດທະຍົມສົມບູນ ກາສີ",19.225034,102.25219,2025-06-17T03:01:05.859767527Z,1.0,80.0,3.0,40.0,100.0,Asia/Vientiane,https://maps.gstatic.com/weather/v1/cloudy,Cloudy,en,CLOUDY,28.1,CELSIUS,32.3,CELSIUS,24.1,CELSIUS,32.3,CELSIUS,28.1,CELSIUS,25.0,RAIN,0.0,MILLIMETERS,0.09910000000000001,MILLIMETERS,1009.93,225.0,SOUTHWEST,5.0,KILOMETERS_PER_HOUR,7.0,KILOMETERS_PER_HOUR,16.0,KILOMETERS,3.2,CELSIUS,27.4,CELSIUS,22.1,CELSIUS,0.0,MILLIMETERS,15.7456,MILLIMETERS,,,,2025-06-17 10:00:05.157000+07:00,1000
1126,90477,"Xanakharm Secondary School - Xanakharm, Vieniane Province ມັດທະຍົມສົບຸນ ຊະນະຄາມ","Xanakharm Secondary School - Xanakharm, Vieniane Province ມັດທະຍົມສົບຸນ ຊະນະຄາມ",17.910218,101.670662,2025-06-17T03:01:07.239911794Z,1.0,65.0,3.0,30.0,100.0,Asia/Vientiane,https://maps.gstatic.com/weather/v1/cloudy,Cloudy,en,CLOUDY,30.2,CELSIUS,34.5,CELSIUS,23.4,CELSIUS,34.5,CELSIUS,30.2,CELSIUS,20.0,RAIN,0.0,MILLIMETERS,0.0,MILLIMETERS,1008.99,248.0,WEST_SOUTHWEST,5.0,KILOMETERS_PER_HOUR,8.0,KILOMETERS_PER_HOUR,16.0,KILOMETERS,0.9,CELSIUS,32.0,CELSIUS,25.1,CELSIUS,0.0,MILLIMETERS,2.0142,MILLIMETERS,,,,2025-06-17 10:00:05.157000+07:00,1000
1127,90478,Mad - Vientiane,Mad - Vientiane,18.448868,101.76322,2025-06-17T03:01:08.545700003Z,1.0,67.0,2.0,29.0,100.0,Asia/Vientiane,https://maps.gstatic.com/weather/v1/cloudy,Cloudy,en,CLOUDY,29.6,CELSIUS,33.5,CELSIUS,22.9,CELSIUS,33.5,CELSIUS,29.6,CELSIUS,20.0,RAIN,0.0,MILLIMETERS,0.040600000000000004,MILLIMETERS,1009.72,248.0,WEST_SOUTHWEST,10.0,KILOMETERS_PER_HOUR,16.0,KILOMETERS_PER_HOUR,16.0,KILOMETERS,0.9,CELSIUS,32.3,CELSIUS,25.0,CELSIUS,0.0,MILLIMETERS,1.3994,MILLIMETERS,,,,2025-06-17 10:00:05.157000+07:00,1000
1128,90479,"Phonmi Secondary School - Viengkham, Vientiane Province ມັດທະຍົມສົມບຸນ ໂພນໝີ","Phonmi Secondary School - Viengkham, Vientiane Province ມັດທະຍົມສົມບຸນ ໂພນໝີ",18.48451,102.485942,2025-06-17T03:01:09.904979621Z,1.0,73.0,3.0,30.0,95.0,Asia/Vientiane,https://maps.gstatic.com/weather/v1/cloudy,Cloudy,en,CLOUDY,31.1,CELSIUS,38.5,CELSIUS,25.6,CELSIUS,38.5,CELSIUS,31.1,CELSIUS,20.0,RAIN,0.0,MILLIMETERS,0.0,MILLIMETERS,1008.9,245.0,WEST_SOUTHWEST,3.0,KILOMETERS_PER_HOUR,6.0,KILOMETERS_PER_HOUR,16.0,KILOMETERS,3.5,CELSIUS,30.1,CELSIUS,24.9,CELSIUS,0.0,MILLIMETERS,12.705,MILLIMETERS,,,,2025-06-17 10:00:05.157000+07:00,1000
1129,90482,"KeoKou Secondary School - KeoOudom, Vientiane Province ມັດທະຍົມສົມບູນ ແກ້ວກູ່","KeoKou Secondary School - KeoOudom, Vientiane Province ມັດທະຍົມສົມບູນ ແກ້ວກູ່",18.554884,102.502844,2025-06-17T03:01:11.239220021Z,1.0,73.0,3.0,30.0,95.0,Asia/Vientiane,https://maps.gstatic.com/weather/v1/cloudy,Cloudy,en,CLOUDY,31.1,CELSIUS,38.5,CELSIUS,25.6,CELSIUS,38.5,CELSIUS,31.1,CELSIUS,20.0,RAIN,0.0,MILLIMETERS,0.0,MILLIMETERS,1008.9,245.0,WEST_SOUTHWEST,3.0,KILOMETERS_PER_HOUR,7.0,KILOMETERS_PER_HOUR,16.0,KILOMETERS,3.5,CELSIUS,30.1,CELSIUS,24.9,CELSIUS,0.0,MILLIMETERS,12.705,MILLIMETERS,,,,2025-06-17 10:00:05.157000+07:00,1000
1130,90485,Meun - Vientiane,Meun - Vientiane,18.28379,101.941138,2025-06-17T03:01:12.516876255Z,1.0,67.0,3.0,30.0,95.0,Asia/Vientiane,https://maps.gstatic.com/weather/v1/cloudy,Cloudy,en,CLOUDY,31.6,CELSIUS,38.2,CELSIUS,24.8,CELSIUS,38.2,CELSIUS,31.6,CELSIUS,20.0,RAIN,0.0,MILLIMETERS,0.0711,MILLIMETERS,1009.08,260.0,WEST,10.0,KILOMETERS_PER_HOUR,16.0,KILOMETERS_PER_HOUR,16.0,KILOMETERS,3.4,CELSIUS,31.2,CELSIUS,25.3,CELSIUS,0.0,MILLIMETERS,6.8887,MILLIMETERS,,,,2025-06-17 10:00:05.157000+07:00,1000
1131,90487,"Thaphabath Secondary School - Thaphabath, Bolikhamxai","Thaphabath Secondary School - Thaphabath, Bolikhamxai",18.356826,103.198076,2025-06-17T03:01:13.866330366Z,1.0,74.0,3.0,50.0,95.0,Asia/Vientiane,https://maps.gstatic.com/weather/v1/cloudy,Cloudy,en,CLOUDY,30.6,CELSIUS,37.3,CELSIUS,25.3,CELSIUS,37.3,CELSIUS,30.6,CELSIUS,20.0,RAIN,0.0,MILLIMETERS,0.09910000000000001,MILLIMETERS,1009.3,180.0,SOUTH,3.0,KILOMETERS_PER_HOUR,5.0,KILOMETERS_PER_HOUR,16.0,KILOMETERS,3.4,CELSIUS,30.6,CELSIUS,25.5,CELSIUS,0.0,MILLIMETERS,6.467,MILLIMETERS,,,,2025-06-17 10:00:05.157000+07:00,1000
1132,90488,Pakkading - Bolikhamxai ,Pakkading - Bolikhamxai ,18.109902,104.281265,2025-06-17T03:01:15.280622305Z,1.0,79.0,3.0,40.0,100.0,Asia/Vientiane,https://maps.gstatic.com/weather/v1/cloudy,Cloudy,en,CLOUDY,28.9,CELSIUS,34.4,CELSIUS,25.0,CELSIUS,34.4,CELSIUS,28.9,CELSIUS,20.0,RAIN,0.0,MILLIMETERS,0.20070000000000002,MILLIMETERS,1009.89,200.0,SOUTH_SOUTHWEST,5.0,KILOMETERS_PER_HOUR,15.0,KILOMETERS_PER_HOUR,16.0,KILOMETERS,2.2,CELSIUS,28.4,CELSIUS,24.2,CELSIUS,0.0,MILLIMETERS,18.9611,MILLIMETERS,,,,2025-06-17 10:00:05.157000+07:00,1000
1133,90490,"Nakhonxay Secondary School - Khamkeuth, - Borikhamxai ມັດທະຍົມ ນະຄອນໄຊ","Nakhonxay Secondary School - Khamkeuth, - Borikhamxai ມັດທະຍົມ ນະຄອນໄຊ",18.185553,104.983958,2025-06-17T03:01:16.642788077Z,1.0,77.0,3.0,40.0,100.0,Asia/Vientiane,https://maps.gstatic.com/weather/v1/cloudy,Cloudy,en,CLOUDY,26.9,CELSIUS,30.2,CELSIUS,22.3,CELSIUS,30.2,CELSIUS,26.9,CELSIUS,25.0,RAIN,0.0,MILLIMETERS,0.09910000000000001,MILLIMETERS,1010.28,235.0,SOUTHWEST,13.0,KILOMETERS_PER_HOUR,26.0,KILOMETERS_PER_HOUR,16.0,KILOMETERS,1.7,CELSIUS,27.2,CELSIUS,21.6,CELSIUS,0.0,MILLIMETERS,1.885,MILLIMETERS,,,,2025-06-17 10:00:05.157000+07:00,1000
1134,90491,Viengthong - Bolikhamxai,Viengthong - Bolikhamxai,18.512354,104.442835,2025-06-17T03:01:18.056836091Z,1.0,78.0,3.0,30.0,100.0,Asia/Vientiane,https://maps.gstatic.com/weather/v1/cloudy,Cloudy,en,CLOUDY,28.0,CELSIUS,32.0,CELSIUS,23.8,CELSIUS,32.0,CELSIUS,28.0,CELSIUS,25.0,RAIN,0.0,MILLIMETERS,0.09910000000000001,MILLIMETERS,1009.85,245.0,WEST_SOUTHWEST,8.0,KILOMETERS_PER_HOUR,15.0,KILOMETERS_PER_HOUR,16.0,KILOMETERS,1.8,CELSIUS,28.5,CELSIUS,22.7,CELSIUS,0.0,MILLIMETERS,5.1717,MILLIMETERS,,,,2025-06-17 10:00:05.157000+07:00,1000
1135,90492,"NamOn Secondary School - Xaychamphone, Borikhamxai ມັດທະຍົມ ນຳ້ອ້ອນ","NamOn Secondary School - Xaychamphone, Borikhamxai ມັດທະຍົມ ນຳ້ອ້ອນ",18.577559,104.981947,2025-06-17T03:01:19.427146579Z,1.0,77.0,3.0,40.0,100.0,Asia/Vientiane,https://maps.gstatic.com/weather/v1/cloudy,Cloudy,en,CLOUDY,26.9,CELSIUS,30.2,CELSIUS,22.3,CELSIUS,30.2,CELSIUS,26.9,CELSIUS,25.0,RAIN,0.0,MILLIMETERS,0.09910000000000001,MILLIMETERS,1010.28,235.0,SOUTHWEST,13.0,KILOMETERS_PER_HOUR,26.0,KILOMETERS_PER_HOUR,16.0,KILOMETERS,1.7,CELSIUS,27.2,CELSIUS,21.6,CELSIUS,0.0,MILLIMETERS,1.885,MILLIMETERS,,,,2025-06-17 10:00:05.157000+07:00,1000
1136,90493,Thakhek - Khammouan ,Thakhek - Khammouan ,17.392668,104.807495,2025-06-17T03:01:20.787321392Z,1.0,70.0,4.0,70.0,95.0,Asia/Vientiane,https://maps.gstatic.com/weather/v1/drizzle,Light rain,en,LIGHT_RAIN,31.2,CELSIUS,37.9,CELSIUS,24.9,CELSIUS,37.9,CELSIUS,31.2,CELSIUS,25.0,RAIN,0.0,MILLIMETERS,0.3937,MILLIMETERS,1009.29,205.0,SOUTH_SOUTHWEST,8.0,KILOMETERS_PER_HOUR,18.0,KILOMETERS_PER_HOUR,16.0,KILOMETERS,2.3,CELSIUS,32.0,CELSIUS,24.7,CELSIUS,0.0,MILLIMETERS,10.7114,MILLIMETERS,,,,2025-06-17 10:00:05.157000+07:00,1000
1137,90494,Mahaxay - Khammouan,Mahaxay - Khammouan,17.457352,105.160169,2025-06-17T03:01:22.058223438Z,1.0,75.0,3.0,60.0,95.0,Asia/Vientiane,https://maps.gstatic.com/weather/v1/drizzle,Light rain,en,LIGHT_RAIN,28.9,CELSIUS,33.4,CELSIUS,23.9,CELSIUS,33.4,CELSIUS,28.9,CELSIUS,25.0,RAIN,0.0,MILLIMETERS,0.20070000000000002,MILLIMETERS,1010.19,225.0,SOUTHWEST,11.0,KILOMETERS_PER_HOUR,26.0,KILOMETERS_PER_HOUR,16.0,KILOMETERS,3.1,CELSIUS,28.9,CELSIUS,23.0,CELSIUS,0.0,MILLIMETERS,5.2631,MILLIMETERS,,,,2025-06-17 10:00:05.157000+07:00,1000
1138,90495,Nongbok - Khammouan,Nongbok - Khammouan,16.962416,104.81156,2025-06-17T03:01:23.431552448Z,1.0,72.0,3.0,70.0,100.0,Asia/Vientiane,https://maps.gstatic.com/weather/v1/cloudy,Cloudy,en,CLOUDY,31.6,CELSIUS,39.6,CELSIUS,25.9,CELSIUS,39.6,CELSIUS,31.6,CELSIUS,20.0,RAIN,0.0,MILLIMETERS,0.0,MILLIMETERS,1008.98,225.0,SOUTHWEST,10.0,KILOMETERS_PER_HOUR,16.0,KILOMETERS_PER_HOUR,16.0,KILOMETERS,0.9,CELSIUS,33.0,CELSIUS,25.9,CELSIUS,0.0,MILLIMETERS,0.8358,MILLIMETERS,,,,2025-06-17 10:00:05.157000+07:00,1000
1139,90497,Nhommalath - Khammouan ,Nhommalath - Khammouan ,17.614203,105.170282,2025-06-17T03:01:24.782865336Z,1.0,75.0,3.0,60.0,95.0,Asia/Vientiane,https://maps.gstatic.com/weather/v1/drizzle,Light rain,en,LIGHT_RAIN,28.9,CELSIUS,33.4,CELSIUS,23.9,CELSIUS,33.4,CELSIUS,28.9,CELSIUS,25.0,RAIN,0.0,MILLIMETERS,0.20070000000000002,MILLIMETERS,1010.19,225.0,SOUTHWEST,11.0,KILOMETERS_PER_HOUR,26.0,KILOMETERS_PER_HOUR,16.0,KILOMETERS,3.1,CELSIUS,28.9,CELSIUS,23.0,CELSIUS,0.0,MILLIMETERS,5.2631,MILLIMETERS,,,,2025-06-17 10:00:05.157000+07:00,1000
1140,90500,"Xebangfay Secondary School - Xebangfay, Khammouane ມັດທະຍົມສົມບູນ ເຊບັ້ງໄຟ","Xebangfay Secondary School - Xebangfay, Khammouane ມັດທະຍົມສົມບູນ ເຊບັ້ງໄຟ",17.086149,104.981631,2025-06-17T03:01:26.048452546Z,1.0,73.0,3.0,70.0,95.0,Asia/Vientiane,https://maps.gstatic.com/weather/v1/drizzle,Light rain,en,LIGHT_RAIN,31.1,CELSIUS,38.4,CELSIUS,25.7,CELSIUS,38.4,CELSIUS,31.1,CELSIUS,25.0,RAIN,0.0,MILLIMETERS,0.2997,MILLIMETERS,1009.68,200.0,SOUTH_SOUTHWEST,11.0,KILOMETERS_PER_HOUR,26.0,KILOMETERS_PER_HOUR,16.0,KILOMETERS,1.8,CELSIUS,32.3,CELSIUS,24.6,CELSIUS,0.0,MILLIMETERS,5.3697,MILLIMETERS,,,,2025-06-17 10:00:05.157000+07:00,1000
1141,90501,"Sivilay Secondary School - Xaybouathong, Khammouane ມັດທະຍົມສົມບູນ ສີວິໄລ","Sivilay Secondary School - Xaybouathong, Khammouane ມັດທະຍົມສົມບູນ ສີວິໄລ",17.171532,105.4273,2025-06-17T03:01:27.512514896Z,1.0,72.0,3.0,70.0,90.0,Asia/Vientiane,https://maps.gstatic.com/weather/v1/cloudy,Cloudy,en,CLOUDY,30.8,CELSIUS,37.5,CELSIUS,25.3,CELSIUS,37.5,CELSIUS,30.8,CELSIUS,25.0,RAIN,0.0,MILLIMETERS,0.0,MILLIMETERS,1010.06,215.0,SOUTHWEST,11.0,KILOMETERS_PER_HOUR,26.0,KILOMETERS_PER_HOUR,16.0,KILOMETERS,1.2,CELSIUS,31.8,CELSIUS,24.3,CELSIUS,0.0,MILLIMETERS,3.363,MILLIMETERS,,,,2025-06-17 10:00:05.157000+07:00,1000
1142,90504,"Lianxay Secondary School - Artsaphangthong, Savannakhet ມັດທະຍົມ ຫລຽນໄຊ","Lianxay Secondary School - Artsaphangthong, Savannakhet ມັດທະຍົມ ຫລຽນໄຊ",16.692124,105.409764,,,,,,,,,,,,,,,,,,,,,,,,,,,,,,,,,,,,,,,,,,,,,,,404.0,Information is not supported for this location. Please try a different location.,NOT_FOUND,2025-06-17 10:00:05.157000+07:00,1000
1143,90505,Sepone - Savannakhet,Sepone - Savannakhet,16.696651,106.209138,2025-06-17T03:01:30.090536843Z,1.0,73.0,4.0,70.0,94.0,Asia/Vientiane,https://maps.gstatic.com/weather/v1/cloudy,Cloudy,en,CLOUDY,27.0,CELSIUS,31.3,CELSIUS,21.4,CELSIUS,31.3,CELSIUS,27.0,CELSIUS,15.0,RAIN,0.0,MILLIMETERS,0.2286,MILLIMETERS,1010.43,225.0,SOUTHWEST,16.0,KILOMETERS_PER_HOUR,29.0,KILOMETERS_PER_HOUR,16.0,KILOMETERS,0.7000000000000001,CELSIUS,29.0,CELSIUS,22.2,CELSIUS,0.0,MILLIMETERS,1.6458,MILLIMETERS,,,,2025-06-17 10:00:05.157000+07:00,1000
1144,90506,Nong - Savannakhet,Nong - Savannakhet,16.373875,106.495685,2025-06-17T03:01:31.441398729Z,1.0,75.0,4.0,70.0,84.0,Asia/Vientiane,https://maps.gstatic.com/weather/v1/mostly_cloudy,Mostly cloudy,en,MOSTLY_CLOUDY,27.7,CELSIUS,32.5,CELSIUS,23.0,CELSIUS,32.5,CELSIUS,27.7,CELSIUS,20.0,RAIN,0.0,MILLIMETERS,0.1143,MILLIMETERS,1010.84,203.0,SOUTH_SOUTHWEST,11.0,KILOMETERS_PER_HOUR,19.0,KILOMETERS_PER_HOUR,16.0,KILOMETERS,-0.30000000000000004,CELSIUS,30.1,CELSIUS,23.5,CELSIUS,0.0,MILLIMETERS,1.3058,MILLIMETERS,,,,2025-06-17 10:00:05.157000+07:00,1000
1145,90508,Champhone - SAVA,Champhone - SAVA,16.489147,105.031659,2025-06-17T03:01:32.876156044Z,1.0,70.0,3.0,2.0,100.0,Asia/Vientiane,https://maps.gstatic.com/weather/v1/cloudy,Cloudy,en,CLOUDY,31.4,CELSIUS,38.4,CELSIUS,25.7,CELSIUS,38.4,CELSIUS,31.4,CELSIUS,10.0,RAIN,0.0,MILLIMETERS,0.0356,MILLIMETERS,1009.0,248.0,WEST_SOUTHWEST,13.0,KILOMETERS_PER_HOUR,21.0,KILOMETERS_PER_HOUR,16.0,KILOMETERS,0.5,CELSIUS,33.0,CELSIUS,26.2,CELSIUS,0.0,MILLIMETERS,0.3685,MILLIMETERS,,,,2025-06-17 10:00:05.157000+07:00,1000
1146,90509,Xaybuly - Savannakhet,Xaybuly - Savannakhet,17.075181,104.87732,2025-06-17T03:01:34.133845502Z,1.0,73.0,3.0,70.0,95.0,Asia/Vientiane,https://maps.gstatic.com/weather/v1/drizzle,Light rain,en,LIGHT_RAIN,31.0,CELSIUS,38.4,CELSIUS,25.7,CELSIUS,38.4,CELSIUS,31.0,CELSIUS,26.0,RAIN,0.0,MILLIMETERS,0.2997,MILLIMETERS,1009.68,200.0,SOUTH_SOUTHWEST,11.0,KILOMETERS_PER_HOUR,26.0,KILOMETERS_PER_HOUR,16.0,KILOMETERS,1.7,CELSIUS,32.3,CELSIUS,24.6,CELSIUS,0.0,MILLIMETERS,5.3697,MILLIMETERS,,,,2025-06-17 10:00:05.157000+07:00,1000
1147,90510,"Artsaphone Secondary School - Artsaphone, Savannakhet ມັດທະຍົມສົມບູນ ອາດສະພອນ","Artsaphone Secondary School - Artsaphone, Savannakhet ມັດທະຍົມສົມບູນ ອາດສະພອນ",16.844674,105.33638,2025-06-17T03:01:35.488099723Z,1.0,73.0,3.0,70.0,95.0,Asia/Vientiane,https://maps.gstatic.com/weather/v1/drizzle,Light rain,en,LIGHT_RAIN,31.0,CELSIUS,38.4,CELSIUS,25.7,CELSIUS,38.4,CELSIUS,31.0,CELSIUS,26.0,RAIN,0.0,MILLIMETERS,0.2997,MILLIMETERS,1009.68,200.0,SOUTH_SOUTHWEST,11.0,KILOMETERS_PER_HOUR,26.0,KILOMETERS_PER_HOUR,16.0,KILOMETERS,1.7,CELSIUS,32.3,CELSIUS,24.6,CELSIUS,0.0,MILLIMETERS,5.3697,MILLIMETERS,,,,2025-06-17 10:00:05.157000+07:00,1000
1148,90512,"Phin Secondary School - Phin, Savannakhet ມັດທະຍົມ ພີນ","Phin Secondary School - Phin, Savannakhet ມັດທະຍົມ ພີນ",16.527879,106.021922,2025-06-17T03:01:36.753975521Z,1.0,75.0,4.0,70.0,84.0,Asia/Vientiane,https://maps.gstatic.com/weather/v1/mostly_cloudy,Mostly cloudy,en,MOSTLY_CLOUDY,27.1,CELSIUS,31.8,CELSIUS,22.4,CELSIUS,31.8,CELSIUS,27.1,CELSIUS,20.0,RAIN,0.0,MILLIMETERS,0.1143,MILLIMETERS,1010.84,203.0,SOUTH_SOUTHWEST,11.0,KILOMETERS_PER_HOUR,19.0,KILOMETERS_PER_HOUR,16.0,KILOMETERS,-0.30000000000000004,CELSIUS,29.4,CELSIUS,22.8,CELSIUS,0.0,MILLIMETERS,1.3058,MILLIMETERS,,,,2025-06-17 10:00:05.157000+07:00,1000
1149,90513,Songkhone - Savannakhet,Songkhone - Savannakhet,16.237196,105.1965,2025-06-17T03:01:38.141351840Z,1.0,75.0,3.0,2.0,100.0,Asia/Vientiane,https://maps.gstatic.com/weather/v1/cloudy,Cloudy,en,CLOUDY,31.0,CELSIUS,38.6,CELSIUS,25.9,CELSIUS,38.6,CELSIUS,31.0,CELSIUS,10.0,RAIN,0.0,MILLIMETERS,0.0,MILLIMETERS,1009.0,225.0,SOUTHWEST,13.0,KILOMETERS_PER_HOUR,21.0,KILOMETERS_PER_HOUR,16.0,KILOMETERS,0.30000000000000004,CELSIUS,32.6,CELSIUS,26.4,CELSIUS,0.0,MILLIMETERS,0.0302,MILLIMETERS,,,,2025-06-17 10:00:05.157000+07:00,1000
1150,90514,"Beungxang Secondary School - Xonbuly, Savannakhet ມັດທະຍົມ ບຶງຊ້າງ","Beungxang Secondary School - Xonbuly, Savannakhet ມັດທະຍົມ ບຶງຊ້າງ",16.388527,105.375363,2025-06-17T03:01:39.488602125Z,1.0,75.0,3.0,70.0,100.0,Asia/Vientiane,https://maps.gstatic.com/weather/v1/cloudy,Cloudy,en,CLOUDY,30.8,CELSIUS,38.2,CELSIUS,25.6,CELSIUS,38.2,CELSIUS,30.8,CELSIUS,20.0,RAIN,0.0,MILLIMETERS,0.0737,MILLIMETERS,1009.97,225.0,SOUTHWEST,14.0,KILOMETERS_PER_HOUR,26.0,KILOMETERS_PER_HOUR,16.0,KILOMETERS,-0.30000000000000004,CELSIUS,32.9,CELSIUS,26.3,CELSIUS,0.0,MILLIMETERS,0.45220000000000005,MILLIMETERS,,,,2025-06-17 10:00:05.157000+07:00,1000
1151,90515,Vilabuly - Savannakhet,Vilabuly - Savannakhet,16.971649,105.944661,2025-06-17T03:01:40.916025783Z,1.0,72.0,3.0,70.0,90.0,Asia/Vientiane,https://maps.gstatic.com/weather/v1/cloudy,Cloudy,en,CLOUDY,30.8,CELSIUS,37.5,CELSIUS,25.2,CELSIUS,37.5,CELSIUS,30.8,CELSIUS,25.0,RAIN,0.0,MILLIMETERS,0.0,MILLIMETERS,1010.06,215.0,SOUTHWEST,11.0,KILOMETERS_PER_HOUR,26.0,KILOMETERS_PER_HOUR,16.0,KILOMETERS,1.2,CELSIUS,31.8,CELSIUS,24.3,CELSIUS,0.0,MILLIMETERS,3.363,MILLIMETERS,,,,2025-06-17 10:00:05.157000+07:00,1000
1152,90516,"Phoummachedy Secondary School - Xayphouthong, Savannakhet ມັດທະຍົມ ພູມມະເຈດີ","Phoummachedy Secondary School - Xayphouthong, Savannakhet ມັດທະຍົມ ພູມມະເຈດີ",16.367044,105.005653,2025-06-17T03:01:42.244040029Z,1.0,75.0,3.0,2.0,100.0,Asia/Vientiane,https://maps.gstatic.com/weather/v1/cloudy,Cloudy,en,CLOUDY,31.0,CELSIUS,38.6,CELSIUS,25.9,CELSIUS,38.6,CELSIUS,31.0,CELSIUS,10.0,RAIN,0.0,MILLIMETERS,0.0,MILLIMETERS,1009.0,225.0,SOUTHWEST,13.0,KILOMETERS_PER_HOUR,21.0,KILOMETERS_PER_HOUR,16.0,KILOMETERS,0.30000000000000004,CELSIUS,32.6,CELSIUS,26.4,CELSIUS,0.0,MILLIMETERS,0.0302,MILLIMETERS,,,,2025-06-17 10:00:05.157000+07:00,1000
1153,90517,Phalanxay - Savannakhet,Phalanxay - Savannakhet,16.661353,105.58791,2025-06-17T03:01:43.602177383Z,1.0,72.0,3.0,70.0,90.0,Asia/Vientiane,https://maps.gstatic.com/weather/v1/cloudy,Cloudy,en,CLOUDY,30.8,CELSIUS,37.5,CELSIUS,25.2,CELSIUS,37.5,CELSIUS,30.8,CELSIUS,25.0,RAIN,0.0,MILLIMETERS,0.0,MILLIMETERS,1010.06,215.0,SOUTHWEST,11.0,KILOMETERS_PER_HOUR,26.0,KILOMETERS_PER_HOUR,16.0,KILOMETERS,1.2,CELSIUS,31.8,CELSIUS,24.3,CELSIUS,0.0,MILLIMETERS,3.363,MILLIMETERS,,,,2025-06-17 10:00:05.157000+07:00,1000
1154,90518,"Saravane Secondary School -Saravane, Saravane ມັດທະຍົມສົມບູນ ສາລະວັນ","Saravane Secondary School -Saravane, Saravane ມັດທະຍົມສົມບູນ ສາລະວັນ",15.707906,106.422189,2025-06-17T03:01:44.953171527Z,1.0,75.0,3.0,70.0,93.0,Asia/Vientiane,https://maps.gstatic.com/weather/v1/cloudy,Cloudy,en,CLOUDY,29.9,CELSIUS,35.8,CELSIUS,24.9,CELSIUS,35.8,CELSIUS,29.9,CELSIUS,25.0,RAIN,0.0,MILLIMETERS,0.09910000000000001,MILLIMETERS,1009.99,293.0,WEST_NORTHWEST,6.0,KILOMETERS_PER_HOUR,11.0,KILOMETERS_PER_HOUR,16.0,KILOMETERS,-0.7000000000000001,CELSIUS,31.7,CELSIUS,24.3,CELSIUS,0.0,MILLIMETERS,1.3641,MILLIMETERS,,,,2025-06-17 10:00:05.157000+07:00,1000
1155,90520,"Toomlarn Secondary School - Toomlarn, Saravane ມັດທະຍົມສົມບູນ ຕຸ້ມລານ","Toomlarn Secondary School - Toomlarn, Saravane ມັດທະຍົມສົມບູນ ຕຸ້ມລານ",15.994499,106.192399,2025-06-17T03:01:46.213657033Z,1.0,75.0,4.0,70.0,84.0,Asia/Vientiane,https://maps.gstatic.com/weather/v1/mostly_cloudy,Mostly cloudy,en,MOSTLY_CLOUDY,27.1,CELSIUS,31.8,CELSIUS,22.4,CELSIUS,31.8,CELSIUS,27.1,CELSIUS,20.0,RAIN,0.0,MILLIMETERS,0.1143,MILLIMETERS,1010.83,203.0,SOUTH_SOUTHWEST,11.0,KILOMETERS_PER_HOUR,19.0,KILOMETERS_PER_HOUR,16.0,KILOMETERS,-0.30000000000000004,CELSIUS,29.4,CELSIUS,22.8,CELSIUS,0.0,MILLIMETERS,1.3058,MILLIMETERS,,,,2025-06-17 10:00:05.157000+07:00,1000
1156,90521,"Lakhonesy Secondary School - Lakhonepheng, Saravane ມັດທະຍົມສົມບູນ ລະຄອນສີ","Lakhonesy Secondary School - Lakhonepheng, Saravane ມັດທະຍົມສົມບູນ ລະຄອນສີ",15.891245,105.567119,2025-06-17T03:01:47.602195025Z,1.0,79.0,3.0,2.0,100.0,Asia/Vientiane,https://maps.gstatic.com/weather/v1/cloudy,Cloudy,en,CLOUDY,30.0,CELSIUS,36.8,CELSIUS,25.6,CELSIUS,36.8,CELSIUS,30.0,CELSIUS,10.0,RAIN,0.0,MILLIMETERS,0.0533,MILLIMETERS,1010.0,225.0,SOUTHWEST,11.0,KILOMETERS_PER_HOUR,18.0,KILOMETERS_PER_HOUR,16.0,KILOMETERS,-0.7000000000000001,CELSIUS,32.1,CELSIUS,25.8,CELSIUS,0.0,MILLIMETERS,1.0566,MILLIMETERS,,,,2025-06-17 10:00:05.157000+07:00,1000
1157,90522,Lao Ngarm - Salavan,Lao Ngarm - Salavan,15.461092,106.16172,2025-06-17T03:01:48.925877757Z,1.0,75.0,3.0,70.0,100.0,Asia/Vientiane,https://maps.gstatic.com/weather/v1/cloudy,Cloudy,en,CLOUDY,31.3,CELSIUS,37.3,CELSIUS,26.2,CELSIUS,37.3,CELSIUS,31.3,CELSIUS,20.0,RAIN,0.0,MILLIMETERS,0.0152,MILLIMETERS,1009.98,248.0,WEST_SOUTHWEST,13.0,KILOMETERS_PER_HOUR,22.0,KILOMETERS_PER_HOUR,16.0,KILOMETERS,-0.2,CELSIUS,33.2,CELSIUS,26.0,CELSIUS,0.0,MILLIMETERS,2.1665,MILLIMETERS,,,,2025-06-17 10:00:05.157000+07:00,1000
1158,90524,Khongxedone - Salavan,Khongxedone - Salavan,15.59088,105.804115,2025-06-17T03:01:50.333729087Z,1.0,79.0,3.0,2.0,100.0,Asia/Vientiane,https://maps.gstatic.com/weather/v1/cloudy,Cloudy,en,CLOUDY,30.0,CELSIUS,36.8,CELSIUS,25.6,CELSIUS,36.8,CELSIUS,30.0,CELSIUS,10.0,RAIN,0.0,MILLIMETERS,0.0533,MILLIMETERS,1010.0,225.0,SOUTHWEST,11.0,KILOMETERS_PER_HOUR,18.0,KILOMETERS_PER_HOUR,16.0,KILOMETERS,-0.7000000000000001,CELSIUS,32.1,CELSIUS,25.8,CELSIUS,0.0,MILLIMETERS,1.0566,MILLIMETERS,,,,2025-06-17 10:00:05.157000+07:00,1000
1159,90526,Lamarm - Sekong ,Lamarm - Sekong ,15.352494,106.722444,2025-06-17T03:01:51.647365867Z,1.0,73.0,3.0,0.0,100.0,Asia/Vientiane,https://maps.gstatic.com/weather/v1/cloudy,Cloudy,en,CLOUDY,29.8,CELSIUS,35.0,CELSIUS,24.5,CELSIUS,35.0,CELSIUS,29.8,CELSIUS,10.0,RAIN,0.0,MILLIMETERS,0.025400000000000002,MILLIMETERS,1009.99,158.0,SOUTH_SOUTHEAST,3.0,KILOMETERS_PER_HOUR,8.0,KILOMETERS_PER_HOUR,16.0,KILOMETERS,-0.5,CELSIUS,31.5,CELSIUS,24.3,CELSIUS,0.0,MILLIMETERS,2.5348,MILLIMETERS,,,,2025-06-17 10:00:05.157000+07:00,1000
1160,90527,"Kaleum Secondary School - Kaleum, Sekong ມັດທະຍົມ ກະລຶມ","Kaleum Secondary School - Kaleum, Sekong ມັດທະຍົມ ກະລຶມ",15.784384,106.906754,2025-06-17T03:01:52.992463847Z,1.0,74.0,3.0,70.0,100.0,Asia/Vientiane,https://maps.gstatic.com/weather/v1/cloudy,Cloudy,en,CLOUDY,26.7,CELSIUS,29.2,CELSIUS,21.8,CELSIUS,29.2,CELSIUS,26.7,CELSIUS,16.0,RAIN,0.0,MILLIMETERS,0.1676,MILLIMETERS,1011.73,248.0,WEST_SOUTHWEST,6.0,KILOMETERS_PER_HOUR,13.0,KILOMETERS_PER_HOUR,16.0,KILOMETERS,-0.30000000000000004,CELSIUS,28.1,CELSIUS,21.2,CELSIUS,0.0,MILLIMETERS,2.6187,MILLIMETERS,,,,2025-06-17 10:00:05.157000+07:00,1000
1161,90528,"Dakcheung Secondary School - Dakcheung, Sekongມັດທະຍົມສົມບູນ ດາກຈຶງ","Dakcheung Secondary School - Dakcheung, Sekongມັດທະຍົມສົມບູນ ດາກຈຶງ",15.467532,107.271451,,,,,,,,,,,,,,,,,,,,,,,,,,,,,,,,,,,,,,,,,,,,,,,404.0,Information is not supported for this location. Please try a different location.,NOT_FOUND,2025-06-17 10:00:05.157000+07:00,1000
1162,90529,Thateng -Sekong,Thateng -Sekong,15.434018,106.382399,2025-06-17T03:01:55.632406739Z,1.0,75.0,3.0,70.0,93.0,Asia/Vientiane,https://maps.gstatic.com/weather/v1/cloudy,Cloudy,en,CLOUDY,33.8,CELSIUS,39.7,CELSIUS,28.8,CELSIUS,39.7,CELSIUS,33.8,CELSIUS,25.0,RAIN,0.0,MILLIMETERS,0.09910000000000001,MILLIMETERS,1009.99,293.0,WEST_NORTHWEST,6.0,KILOMETERS_PER_HOUR,11.0,KILOMETERS_PER_HOUR,16.0,KILOMETERS,-0.7000000000000001,CELSIUS,35.6,CELSIUS,28.2,CELSIUS,0.0,MILLIMETERS,1.3641,MILLIMETERS,,,,2025-06-17 10:00:05.157000+07:00,1000
1163,90530,Pakse - Champasack,Pakse - Champasack,15.12006,105.80211,2025-06-17T03:01:56.912793572Z,1.0,77.0,3.0,70.0,100.0,Asia/Vientiane,https://maps.gstatic.com/weather/v1/cloudy,Cloudy,en,CLOUDY,29.7,CELSIUS,35.6,CELSIUS,25.6,CELSIUS,35.6,CELSIUS,29.7,CELSIUS,20.0,RAIN,0.0,MILLIMETERS,0.0762,MILLIMETERS,1010.06,158.0,SOUTH_SOUTHEAST,8.0,KILOMETERS_PER_HOUR,14.0,KILOMETERS_PER_HOUR,16.0,KILOMETERS,-1.3,CELSIUS,32.9,CELSIUS,25.6,CELSIUS,0.0,MILLIMETERS,1.7451,MILLIMETERS,,,,2025-06-17 10:00:05.157000+07:00,1000
1164,90531,"Saphai Secondary School - Sanasomboun, Champasack ມັດທະຍົມ ສະຜ່າຍ","Saphai Secondary School - Sanasomboun, Champasack ມັດທະຍົມ ສະຜ່າຍ",15.202177,105.720683,2025-06-17T03:01:58.200662552Z,1.0,77.0,3.0,70.0,100.0,Asia/Vientiane,https://maps.gstatic.com/weather/v1/cloudy,Cloudy,en,CLOUDY,29.7,CELSIUS,35.6,CELSIUS,25.6,CELSIUS,35.6,CELSIUS,29.7,CELSIUS,20.0,RAIN,0.0,MILLIMETERS,0.0762,MILLIMETERS,1010.06,158.0,SOUTH_SOUTHEAST,8.0,KILOMETERS_PER_HOUR,14.0,KILOMETERS_PER_HOUR,16.0,KILOMETERS,-1.3,CELSIUS,32.9,CELSIUS,25.6,CELSIUS,0.0,MILLIMETERS,1.7451,MILLIMETERS,,,,2025-06-17 10:00:05.157000+07:00,1000
1170,91254,"Chomphet Secondary School - Sisattanak, Vientiane Capital ມັດທະຍົມສົມບູນ ຈອມເພັດ","Chomphet Secondary School - Sisattanak, Vientiane Capital ມັດທະຍົມສົມບູນ ຈອມເພັດ",17.910254,102.622708,2025-06-17T03:01:59.485913560Z,1.0,72.0,3.0,40.0,90.0,Asia/Vientiane,https://maps.gstatic.com/weather/v1/cloudy,Cloudy,en,CLOUDY,31.7,CELSIUS,39.9,CELSIUS,26.1,CELSIUS,39.9,CELSIUS,31.7,CELSIUS,20.0,RAIN,0.0,MILLIMETERS,0.20320000000000002,MILLIMETERS,1008.9,270.0,WEST,2.0,KILOMETERS_PER_HOUR,2.0,KILOMETERS_PER_HOUR,16.0,KILOMETERS,2.7,CELSIUS,32.7,CELSIUS,25.8,CELSIUS,0.0,MILLIMETERS,4.2013,MILLIMETERS,,,,2025-06-17 10:00:05.157000+07:00,1000
1224,152182,"ParkOu Secondary School - ParkOu, Luangprabang ມັດທະຍົມສົມບູນ ປາກອູ","ParkOu Secondary School - ParkOu, Luangprabang ມັດທະຍົມສົມບູນ ປາກອູ",20.087592,102.256569,2025-06-17T03:02:00.741143571Z,1.0,72.0,3.0,40.0,100.0,Asia/Vientiane,https://maps.gstatic.com/weather/v1/drizzle,Light rain,en,LIGHT_RAIN,28.7,CELSIUS,32.5,CELSIUS,23.0,CELSIUS,32.5,CELSIUS,28.7,CELSIUS,25.0,RAIN,0.0,MILLIMETERS,0.42160000000000003,MILLIMETERS,1008.58,235.0,SOUTHWEST,10.0,KILOMETERS_PER_HOUR,19.0,KILOMETERS_PER_HOUR,16.0,KILOMETERS,0.9,CELSIUS,30.7,CELSIUS,24.1,CELSIUS,0.0,MILLIMETERS,13.8915,MILLIMETERS,,,,2025-06-17 10:00:05.157000+07:00,1000
1225,152240,"Phoukhoune Secondary School - Phoukhoune, Luangprabang ມັດທະຍົມ ພູຄູນ","Phoukhoune Secondary School - Phoukhoune, Luangprabang ມັດທະຍົມ ພູຄູນ",19.438824,102.428042,2025-06-17T03:02:02.106103958Z,1.0,80.0,3.0,40.0,100.0,Asia/Vientiane,https://maps.gstatic.com/weather/v1/cloudy,Cloudy,en,CLOUDY,26.8,CELSIUS,29.0,CELSIUS,22.9,CELSIUS,29.0,CELSIUS,26.8,CELSIUS,25.0,RAIN,0.0,MILLIMETERS,0.20070000000000002,MILLIMETERS,1009.96,225.0,SOUTHWEST,6.0,KILOMETERS_PER_HOUR,18.0,KILOMETERS_PER_HOUR,16.0,KILOMETERS,2.3,CELSIUS,25.9,CELSIUS,20.6,CELSIUS,0.0,MILLIMETERS,10.0104,MILLIMETERS,,,,2025-06-17 10:00:05.157000+07:00,1000
1230,152548,"Longsane Secondary School - Longsane , Xaysomboun ມັດທະຍົມສົມບຸນ ລ້ອງຊານ","Longsane Secondary School - Longsane , Xaysomboun ມັດທະຍົມສົມບຸນ ລ້ອງຊານ",18.550145,103.003076,2025-06-17T03:02:03.413222640Z,1.0,73.0,3.0,30.0,95.0,Asia/Vientiane,https://maps.gstatic.com/weather/v1/cloudy,Cloudy,en,CLOUDY,24.9,CELSIUS,29.8,CELSIUS,19.5,CELSIUS,29.8,CELSIUS,24.9,CELSIUS,20.0,RAIN,0.0,MILLIMETERS,0.09910000000000001,MILLIMETERS,1009.61,250.0,WEST_SOUTHWEST,8.0,KILOMETERS_PER_HOUR,21.0,KILOMETERS_PER_HOUR,16.0,KILOMETERS,4.4,CELSIUS,24.0,CELSIUS,19.0,CELSIUS,0.0,MILLIMETERS,5.8703,MILLIMETERS,,,,2025-06-17 10:00:05.157000+07:00,1000
1244,153774,Bachiangchaleunsook - Champasack,Bachiangchaleunsook - Champasack,15.060355,105.897898,2025-06-17T03:02:04.784824721Z,1.0,77.0,3.0,70.0,100.0,Asia/Vientiane,https://maps.gstatic.com/weather/v1/cloudy,Cloudy,en,CLOUDY,29.7,CELSIUS,35.6,CELSIUS,25.6,CELSIUS,35.6,CELSIUS,29.7,CELSIUS,20.0,RAIN,0.0,MILLIMETERS,0.0762,MILLIMETERS,1010.06,158.0,SOUTH_SOUTHEAST,8.0,KILOMETERS_PER_HOUR,14.0,KILOMETERS_PER_HOUR,16.0,KILOMETERS,-1.3,CELSIUS,32.9,CELSIUS,25.6,CELSIUS,0.0,MILLIMETERS,1.7451,MILLIMETERS,,,,2025-06-17 10:00:05.157000+07:00,1000
1245,153777,"Dorntalath Secondary School - Champasack, Champasack ມັດທະຍົມ ດອນຕະລາດ","Dorntalath Secondary School - Champasack, Champasack ມັດທະຍົມ ດອນຕະລາດ",14.784126,105.819789,2025-06-17T03:02:06.164328926Z,1.0,85.0,3.0,70.0,100.0,Asia/Vientiane,https://maps.gstatic.com/weather/v1/strong_tstorms,Light thunderstorms and rain,en,LIGHT_THUNDERSTORM_RAIN,28.4,CELSIUS,34.0,CELSIUS,25.8,CELSIUS,34.0,CELSIUS,28.4,CELSIUS,34.0,RAIN,0.0,MILLIMETERS,0.28190000000000004,MILLIMETERS,1010.96,158.0,SOUTH_SOUTHEAST,5.0,KILOMETERS_PER_HOUR,8.0,KILOMETERS_PER_HOUR,16.0,KILOMETERS,-1.9000000000000001,CELSIUS,32.8,CELSIUS,25.2,CELSIUS,0.0,MILLIMETERS,4.0844,MILLIMETERS,,,,2025-06-17 10:00:05.157000+07:00,1000
1246,153790,Khong - Champasack,Khong - Champasack,14.048226,105.896012,2025-06-17T03:02:07.477784835Z,1.0,85.0,3.0,70.0,100.0,Asia/Vientiane,https://maps.gstatic.com/weather/v1/cloudy,Cloudy,en,CLOUDY,28.5,CELSIUS,34.5,CELSIUS,25.8,CELSIUS,34.5,CELSIUS,28.5,CELSIUS,20.0,RAIN,0.0,MILLIMETERS,0.09910000000000001,MILLIMETERS,1010.96,203.0,SOUTH_SOUTHWEST,6.0,KILOMETERS_PER_HOUR,14.0,KILOMETERS_PER_HOUR,16.0,KILOMETERS,-2.5,CELSIUS,33.8,CELSIUS,25.6,CELSIUS,0.0,MILLIMETERS,9.1645,MILLIMETERS,,,,2025-06-17 10:00:05.157000+07:00,1000
1247,153866,Samakkhixay - Attapeu,Samakkhixay - Attapeu,14.812678,106.829211,2025-06-17T03:02:08.836128033Z,1.0,81.0,3.0,0.0,100.0,Asia/Vientiane,https://maps.gstatic.com/weather/v1/cloudy,Cloudy,en,CLOUDY,29.0,CELSIUS,34.7,CELSIUS,25.1,CELSIUS,34.7,CELSIUS,29.0,CELSIUS,10.0,RAIN,0.0,MILLIMETERS,0.0152,MILLIMETERS,1010.49,248.0,WEST_SOUTHWEST,5.0,KILOMETERS_PER_HOUR,8.0,KILOMETERS_PER_HOUR,16.0,KILOMETERS,-1.3,CELSIUS,32.6,CELSIUS,24.4,CELSIUS,0.0,MILLIMETERS,8.836500000000001,MILLIMETERS,,,,2025-06-17 10:00:05.157000+07:00,1000
1298,156307,UNICEF Lao PDR CO,UNICEF Lao PDR CO,17.9376508179,102.617231896,2025-06-17T03:02:10.120113823Z,1.0,72.0,3.0,40.0,90.0,Asia/Vientiane,https://maps.gstatic.com/weather/v1/cloudy,Cloudy,en,CLOUDY,31.7,CELSIUS,39.9,CELSIUS,26.0,CELSIUS,39.9,CELSIUS,31.7,CELSIUS,20.0,RAIN,0.0,MILLIMETERS,0.20320000000000002,MILLIMETERS,1008.9,270.0,WEST,2.0,KILOMETERS_PER_HOUR,2.0,KILOMETERS_PER_HOUR,16.0,KILOMETERS,2.7,CELSIUS,32.7,CELSIUS,25.8,CELSIUS,0.0,MILLIMETERS,4.2013,MILLIMETERS,,,,2025-06-17 10:00:05.157000+07:00,1000
1086,90402,"Sathit Secondary School - Xaythani, Vientiane Capital ມັດທະຍົມ ສາທິດ","Sathit Secondary School - Xaythani, Vientiane Capital ມັດທະຍົມ ສາທິດ",18.035248,102.63994,2025-06-17T04:00:12.791444316Z,1.0,69.0,4.0,50.0,95.0,Asia/Vientiane,https://maps.gstatic.com/weather/v1/cloudy,Cloudy,en,CLOUDY,33.1,CELSIUS,42.7,CELSIUS,26.4,CELSIUS,42.7,CELSIUS,33.1,CELSIUS,25.0,RAIN,0.0,MILLIMETERS,0.0,MILLIMETERS,1008.8,225.0,SOUTHWEST,3.0,KILOMETERS_PER_HOUR,5.0,KILOMETERS_PER_HOUR,16.0,KILOMETERS,4.2,CELSIUS,32.8,CELSIUS,25.8,CELSIUS,0.0,MILLIMETERS,4.0006,MILLIMETERS,,,,2025-06-17 11:00:08.595000+07:00,1100
1087,90410,"Naxaithong Secondary School - Naxaithong, Vientiane Capital ມັດທະຍົມ ນາຊາຍທອງ","Naxaithong Secondary School - Naxaithong, Vientiane Capital ມັດທະຍົມ ນາຊາຍທອງ",18.068595,102.535866,2025-06-17T04:00:14.056248217Z,1.0,69.0,4.0,50.0,95.0,Asia/Vientiane,https://maps.gstatic.com/weather/v1/cloudy,Cloudy,en,CLOUDY,33.2,CELSIUS,43.1,CELSIUS,26.6,CELSIUS,43.1,CELSIUS,33.2,CELSIUS,25.0,RAIN,0.0,MILLIMETERS,0.0076,MILLIMETERS,1008.8,225.0,SOUTHWEST,2.0,KILOMETERS_PER_HOUR,2.0,KILOMETERS_PER_HOUR,16.0,KILOMETERS,4.2,CELSIUS,33.0,CELSIUS,25.9,CELSIUS,0.0,MILLIMETERS,3.8535,MILLIMETERS,,,,2025-06-17 11:00:08.595000+07:00,1100
1088,90411,d83bda1bc98c Phongsaly - Phongsaly,d83bda1bc98c Phongsaly - Phongsaly,21.695,102.085,2025-06-17T04:00:15.346578043Z,1.0,83.0,3.0,30.0,100.0,Asia/Vientiane,https://maps.gstatic.com/weather/v1/drizzle,Light rain,en,LIGHT_RAIN,25.3,CELSIUS,27.7,CELSIUS,22.1,CELSIUS,27.7,CELSIUS,25.3,CELSIUS,25.0,RAIN,0.0,MILLIMETERS,0.39880000000000004,MILLIMETERS,1007.75,235.0,SOUTHWEST,6.0,KILOMETERS_PER_HOUR,14.0,KILOMETERS_PER_HOUR,16.0,KILOMETERS,-1.5,CELSIUS,28.5,CELSIUS,20.3,CELSIUS,0.0,MILLIMETERS,16.3143,MILLIMETERS,,,,2025-06-17 11:00:08.595000+07:00,1100
1089,90412,May - Phongsaly,May - Phongsaly,21.172583,102.722705,2025-06-17T04:00:16.654812254Z,1.0,79.0,3.0,20.0,100.0,Asia/Vientiane,https://maps.gstatic.com/weather/v1/drizzle,Light rain,en,LIGHT_RAIN,24.3,CELSIUS,26.5,CELSIUS,20.3,CELSIUS,26.5,CELSIUS,24.3,CELSIUS,40.0,RAIN,0.0,MILLIMETERS,0.6934,MILLIMETERS,1009.37,235.0,SOUTHWEST,11.0,KILOMETERS_PER_HOUR,27.0,KILOMETERS_PER_HOUR,16.0,KILOMETERS,2.3,CELSIUS,25.9,CELSIUS,19.5,CELSIUS,0.0,MILLIMETERS,16.7918,MILLIMETERS,,,,2025-06-17 11:00:08.595000+07:00,1100
1090,90413,"Natoon Secondary School - Khua, Phongsaly ມັດທະຍົມສົມບູນ ນາຕູ່ນ","Natoon Secondary School - Khua, Phongsaly ມັດທະຍົມສົມບູນ ນາຕູ່ນ",21.078865,102.505833,2025-06-17T04:00:18.079582876Z,1.0,80.0,3.0,30.0,100.0,Asia/Vientiane,https://maps.gstatic.com/weather/v1/drizzle,Light rain,en,LIGHT_RAIN,24.2,CELSIUS,26.9,CELSIUS,20.5,CELSIUS,26.9,CELSIUS,24.2,CELSIUS,25.0,RAIN,0.0,MILLIMETERS,0.32,MILLIMETERS,1008.7,245.0,WEST_SOUTHWEST,13.0,KILOMETERS_PER_HOUR,26.0,KILOMETERS_PER_HOUR,16.0,KILOMETERS,0.7000000000000001,CELSIUS,26.4,CELSIUS,19.8,CELSIUS,0.0,MILLIMETERS,8.5904,MILLIMETERS,,,,2025-06-17 11:00:08.595000+07:00,1100
1091,90414,"Naxay Secondary School - Samphanh, Phongsaly ມັດທະຍົມສົມບູນ ນາໄຊ","Naxay Secondary School - Samphanh, Phongsaly ມັດທະຍົມສົມບູນ ນາໄຊ",21.346014,102.349329,2025-06-17T04:00:19.393459913Z,1.0,91.0,3.0,30.0,100.0,Asia/Vientiane,https://maps.gstatic.com/weather/v1/drizzle,Light rain,en,LIGHT_RAIN,15.3,CELSIUS,17.5,CELSIUS,13.6,CELSIUS,17.5,CELSIUS,15.3,CELSIUS,25.0,RAIN,0.0,MILLIMETERS,0.39880000000000004,MILLIMETERS,1008.82,250.0,WEST_SOUTHWEST,10.0,KILOMETERS_PER_HOUR,23.0,KILOMETERS_PER_HOUR,14.0,KILOMETERS,-0.1,CELSIUS,17.1,CELSIUS,10.8,CELSIUS,0.0,MILLIMETERS,13.4269,MILLIMETERS,,,,2025-06-17 11:00:08.595000+07:00,1100
1092,90419,"Long Secondary School - Long, LuangNamtha ມັດທະຍົມສົມບູນ ເມືອງລອງ","Long Secondary School - Long, LuangNamtha ມັດທະຍົມສົມບູນ ເມືອງລອງ",20.962029,100.82109,2025-06-17T04:00:20.744488734Z,1.0,82.0,3.0,20.0,100.0,Asia/Vientiane,https://maps.gstatic.com/weather/v1/drizzle,Light rain,en,LIGHT_RAIN,25.1,CELSIUS,27.3,CELSIUS,21.8,CELSIUS,27.3,CELSIUS,25.1,CELSIUS,25.0,RAIN,0.0,MILLIMETERS,0.4369,MILLIMETERS,1009.38,225.0,SOUTHWEST,8.0,KILOMETERS_PER_HOUR,14.0,KILOMETERS_PER_HOUR,16.0,KILOMETERS,-1.8,CELSIUS,27.3,CELSIUS,21.9,CELSIUS,0.0,MILLIMETERS,8.9079,MILLIMETERS,,,,2025-06-17 11:00:08.595000+07:00,1100
1093,90421,"Sing Secondary School - Sing, LuangNamtha ມັດທະຍົມສົມບູນ ເມືອງສິງ","Sing Secondary School - Sing, LuangNamtha ມັດທະຍົມສົມບູນ ເມືອງສິງ",21.190223,101.144937,2025-06-17T04:00:22.044522938Z,1.0,82.0,3.0,20.0,100.0,Asia/Vientiane,https://maps.gstatic.com/weather/v1/drizzle,Light rain,en,LIGHT_RAIN,25.1,CELSIUS,27.3,CELSIUS,21.8,CELSIUS,27.3,CELSIUS,25.1,CELSIUS,25.0,RAIN,0.0,MILLIMETERS,0.4369,MILLIMETERS,1009.38,225.0,SOUTHWEST,8.0,KILOMETERS_PER_HOUR,14.0,KILOMETERS_PER_HOUR,16.0,KILOMETERS,-1.8,CELSIUS,27.3,CELSIUS,21.9,CELSIUS,0.0,MILLIMETERS,8.9079,MILLIMETERS,,,,2025-06-17 11:00:08.595000+07:00,1100
1094,90422,Nalae - Louangnamtha,Nalae - Louangnamtha,20.536617,101.447461,2025-06-17T04:00:23.401730252Z,1.0,70.0,3.0,50.0,100.0,Asia/Vientiane,https://maps.gstatic.com/weather/v1/cloudy,Cloudy,en,CLOUDY,27.6,CELSIUS,30.3,CELSIUS,21.8,CELSIUS,30.3,CELSIUS,27.6,CELSIUS,20.0,RAIN,0.0,MILLIMETERS,0.0533,MILLIMETERS,1008.58,225.0,SOUTHWEST,10.0,KILOMETERS_PER_HOUR,18.0,KILOMETERS_PER_HOUR,16.0,KILOMETERS,0.0,CELSIUS,29.2,CELSIUS,22.9,CELSIUS,0.0,MILLIMETERS,8.7959,MILLIMETERS,,,,2025-06-17 11:00:08.595000+07:00,1100
1095,90424,"La Secondary School - La, Oudomxai ມັດທະຍົມສົມບູນ ເມືອງຫລາ","La Secondary School - La, Oudomxai ມັດທະຍົມສົມບູນ ເມືອງຫລາ",20.870865,102.110246,2025-06-17T04:00:24.664975439Z,1.0,80.0,3.0,30.0,100.0,Asia/Vientiane,https://maps.gstatic.com/weather/v1/drizzle,Light rain,en,LIGHT_RAIN,24.9,CELSIUS,27.5,CELSIUS,21.2,CELSIUS,27.5,CELSIUS,24.9,CELSIUS,25.0,RAIN,0.0,MILLIMETERS,0.32,MILLIMETERS,1008.69,245.0,WEST_SOUTHWEST,13.0,KILOMETERS_PER_HOUR,26.0,KILOMETERS_PER_HOUR,16.0,KILOMETERS,0.8,CELSIUS,27.1,CELSIUS,20.5,CELSIUS,0.0,MILLIMETERS,8.5904,MILLIMETERS,,,,2025-06-17 11:00:08.595000+07:00,1100
1096,90425,"Namor Secondary School - Namor, Oudomxay ມັດທະຍົມ ເມືອງນາໝໍ້","Namor Secondary School - Namor, Oudomxay ມັດທະຍົມ ເມືອງນາໝໍ້",20.914061,101.764456,2025-06-17T04:00:25.956313045Z,1.0,75.0,3.0,30.0,100.0,Asia/Vientiane,https://maps.gstatic.com/weather/v1/cloudy,Cloudy,en,CLOUDY,25.5,CELSIUS,28.2,CELSIUS,20.6,CELSIUS,28.2,CELSIUS,25.5,CELSIUS,25.0,RAIN,0.0,MILLIMETERS,0.40390000000000004,MILLIMETERS,1008.96,225.0,SOUTHWEST,10.0,KILOMETERS_PER_HOUR,16.0,KILOMETERS_PER_HOUR,16.0,KILOMETERS,-0.30000000000000004,CELSIUS,27.8,CELSIUS,20.8,CELSIUS,0.0,MILLIMETERS,7.3051,MILLIMETERS,,,,2025-06-17 11:00:08.595000+07:00,1100
1097,90426,Nga - Oudomxai,Nga - Oudomxai,20.282849,101.973769,2025-06-17T04:00:27.242616104Z,1.0,77.0,3.0,30.0,100.0,Asia/Vientiane,https://maps.gstatic.com/weather/v1/drizzle,Light rain,en,LIGHT_RAIN,28.9,CELSIUS,33.1,CELSIUS,24.4,CELSIUS,33.1,CELSIUS,28.9,CELSIUS,25.0,RAIN,0.0,MILLIMETERS,0.5004000000000001,MILLIMETERS,1008.31,200.0,SOUTH_SOUTHWEST,13.0,KILOMETERS_PER_HOUR,24.0,KILOMETERS_PER_HOUR,16.0,KILOMETERS,1.7,CELSIUS,28.8,CELSIUS,24.4,CELSIUS,0.0,MILLIMETERS,15.6237,MILLIMETERS,,,,2025-06-17 11:00:08.595000+07:00,1100
1098,90427,Beng - Oudomxai,Beng - Oudomxai,20.296295,101.639666,2025-06-17T04:00:28.691055353Z,1.0,70.0,3.0,50.0,100.0,Asia/Vientiane,https://maps.gstatic.com/weather/v1/cloudy,Cloudy,en,CLOUDY,27.6,CELSIUS,30.3,CELSIUS,21.8,CELSIUS,30.3,CELSIUS,27.6,CELSIUS,20.0,RAIN,0.0,MILLIMETERS,0.0533,MILLIMETERS,1008.58,225.0,SOUTHWEST,10.0,KILOMETERS_PER_HOUR,18.0,KILOMETERS_PER_HOUR,16.0,KILOMETERS,0.0,CELSIUS,29.2,CELSIUS,22.9,CELSIUS,0.0,MILLIMETERS,8.7959,MILLIMETERS,,,,2025-06-17 11:00:08.595000+07:00,1100
1099,90428,"Hoon Secondary School - Hoon, Oudomxay ມັດທະຍົມ ເມືອງຮຸນ","Hoon Secondary School - Hoon, Oudomxay ມັດທະຍົມ ເມືອງຮຸນ",20.146431,101.467765,2025-06-17T04:00:29.991705843Z,1.0,70.0,3.0,50.0,100.0,Asia/Vientiane,https://maps.gstatic.com/weather/v1/cloudy,Cloudy,en,CLOUDY,27.6,CELSIUS,30.3,CELSIUS,21.8,CELSIUS,30.3,CELSIUS,27.6,CELSIUS,20.0,RAIN,0.0,MILLIMETERS,0.0533,MILLIMETERS,1008.58,225.0,SOUTHWEST,10.0,KILOMETERS_PER_HOUR,18.0,KILOMETERS_PER_HOUR,16.0,KILOMETERS,0.0,CELSIUS,29.2,CELSIUS,22.9,CELSIUS,0.0,MILLIMETERS,8.7959,MILLIMETERS,,,,2025-06-17 11:00:08.595000+07:00,1100
1100,90430,"Nampook Secondary School - Huoixai, Bokeo ມັດທະຍົມສົມບູນ ນ້ຳປຸກ","Nampook Secondary School - Huoixai, Bokeo ມັດທະຍົມສົມບູນ ນ້ຳປຸກ",20.217811,100.565439,2025-06-17T04:00:31.295889862Z,1.0,72.0,3.0,40.0,100.0,Asia/Vientiane,https://maps.gstatic.com/weather/v1/cloudy,Cloudy,en,CLOUDY,29.0,CELSIUS,33.2,CELSIUS,23.6,CELSIUS,33.2,CELSIUS,29.0,CELSIUS,20.0,RAIN,0.0,MILLIMETERS,0.20070000000000002,MILLIMETERS,1008.0,203.0,SOUTH_SOUTHWEST,8.0,KILOMETERS_PER_HOUR,13.0,KILOMETERS_PER_HOUR,16.0,KILOMETERS,-0.1,CELSIUS,30.6,CELSIUS,24.2,CELSIUS,0.0,MILLIMETERS,26.2967,MILLIMETERS,,,,2025-06-17 11:00:08.595000+07:00,1100
1101,90432,Meung - Bokeo,Meung - Bokeo,20.565749,100.592003,2025-06-17T04:00:32.580763721Z,1.0,80.0,3.0,30.0,100.0,Asia/Vientiane,https://maps.gstatic.com/weather/v1/cloudy,Cloudy,en,CLOUDY,24.3,CELSIUS,27.5,CELSIUS,20.2,CELSIUS,27.5,CELSIUS,24.3,CELSIUS,25.0,RAIN,0.0,MILLIMETERS,0.45470000000000005,MILLIMETERS,1008.99,203.0,SOUTH_SOUTHWEST,8.0,KILOMETERS_PER_HOUR,14.0,KILOMETERS_PER_HOUR,16.0,KILOMETERS,-0.8,CELSIUS,26.5,CELSIUS,20.4,CELSIUS,0.0,MILLIMETERS,13.1674,MILLIMETERS,,,,2025-06-17 11:00:08.595000+07:00,1100
1102,90433,Pha Oudom - Bokeo,Pha Oudom - Bokeo,20.086216,100.831707,2025-06-17T04:00:33.856219605Z,1.0,80.0,3.0,30.0,100.0,Asia/Vientiane,https://maps.gstatic.com/weather/v1/drizzle,Light rain,en,LIGHT_RAIN,22.6,CELSIUS,25.5,CELSIUS,18.7,CELSIUS,25.5,CELSIUS,22.6,CELSIUS,40.0,RAIN,0.0,MILLIMETERS,0.3302,MILLIMETERS,1009.53,203.0,SOUTH_SOUTHWEST,6.0,KILOMETERS_PER_HOUR,11.0,KILOMETERS_PER_HOUR,16.0,KILOMETERS,-0.8,CELSIUS,24.9,CELSIUS,18.8,CELSIUS,0.0,MILLIMETERS,12.7256,MILLIMETERS,,,,2025-06-17 11:00:08.595000+07:00,1100
1103,90435,"Santiphab Secondary School - Luangprabang, Luangprabang ມັດທະຍົມ ສັນຕິພາບ","Santiphab Secondary School - Luangprabang, Luangprabang ມັດທະຍົມ ສັນຕິພາບ",19.880332,102.139832,2025-06-17T04:00:35.170159009Z,1.0,66.0,3.0,50.0,100.0,Asia/Vientiane,https://maps.gstatic.com/weather/v1/drizzle,Light rain,en,LIGHT_RAIN,30.1,CELSIUS,34.4,CELSIUS,23.2,CELSIUS,34.4,CELSIUS,30.1,CELSIUS,25.0,RAIN,0.0,MILLIMETERS,0.3124,MILLIMETERS,1008.12,235.0,SOUTHWEST,10.0,KILOMETERS_PER_HOUR,18.0,KILOMETERS_PER_HOUR,16.0,KILOMETERS,1.4,CELSIUS,30.8,CELSIUS,24.2,CELSIUS,0.0,MILLIMETERS,14.181,MILLIMETERS,,,,2025-06-17 11:00:08.595000+07:00,1100
1104,90437,"PakXeng Secondary School - PakXeng, Luangprabang ມັດທະຍົມສົມບູນ ປາກແຊງ","PakXeng Secondary School - PakXeng, Luangprabang ມັດທະຍົມສົມບູນ ປາກແຊງ",20.174492,102.675657,2025-06-17T04:00:36.451459409Z,1.0,83.0,3.0,40.0,100.0,Asia/Vientiane,https://maps.gstatic.com/weather/v1/drizzle,Light rain,en,LIGHT_RAIN,22.6,CELSIUS,25.3,CELSIUS,19.4,CELSIUS,25.3,CELSIUS,22.6,CELSIUS,35.0,RAIN,0.0,MILLIMETERS,0.4394,MILLIMETERS,1008.89,225.0,SOUTHWEST,8.0,KILOMETERS_PER_HOUR,15.0,KILOMETERS_PER_HOUR,16.0,KILOMETERS,3.2,CELSIUS,22.1,CELSIUS,18.0,CELSIUS,0.0,MILLIMETERS,17.0613,MILLIMETERS,,,,2025-06-17 11:00:08.595000+07:00,1100
1105,90438,"Phonxay Secpondary School - Phonxay, Luangprabang ມັດທະຍົມສົມບູນ ເມືອງໂພນໄຊ","Phonxay Secpondary School - Phonxay, Luangprabang ມັດທະຍົມສົມບູນ ເມືອງໂພນໄຊ",19.958916,102.572347,,,,,,,,,,,,,,,,,,,,,,,,,,,,,,,,,,,,,,,,,,,,,,,404.0,Information is not supported for this location. Please try a different location.,NOT_FOUND,2025-06-17 11:00:08.595000+07:00,1100
1106,90440,"Vangxieng Secondary School - Phonthong, Luangprabang ມັດທະຍົມ ວັງຊຽງ","Vangxieng Secondary School - Phonthong, Luangprabang ມັດທະຍົມ ວັງຊຽງ",20.737745,103.073231,2025-06-17T04:00:39.005691308Z,1.0,79.0,3.0,20.0,100.0,Asia/Vientiane,https://maps.gstatic.com/weather/v1/drizzle,Light rain,en,LIGHT_RAIN,24.9,CELSIUS,27.1,CELSIUS,20.9,CELSIUS,27.1,CELSIUS,24.9,CELSIUS,40.0,RAIN,0.0,MILLIMETERS,0.6934,MILLIMETERS,1009.36,235.0,SOUTHWEST,11.0,KILOMETERS_PER_HOUR,27.0,KILOMETERS_PER_HOUR,16.0,KILOMETERS,2.2,CELSIUS,26.6,CELSIUS,20.2,CELSIUS,0.0,MILLIMETERS,16.7918,MILLIMETERS,,,,2025-06-17 11:00:08.595000+07:00,1100
1107,90441,"Kiwkachum Secondary School - XiengNgeun, Luangprabang ມັດທະຍົມ ກິ່ວກະຈຳ","Kiwkachum Secondary School - XiengNgeun, Luangprabang ມັດທະຍົມ ກິ່ວກະຈຳ",19.555,102.234,2025-06-17T04:00:40.377039010Z,1.0,74.0,3.0,50.0,100.0,Asia/Vientiane,https://maps.gstatic.com/weather/v1/cloudy,Cloudy,en,CLOUDY,27.9,CELSIUS,30.3,CELSIUS,23.0,CELSIUS,30.3,CELSIUS,27.9,CELSIUS,25.0,RAIN,0.0,MILLIMETERS,0.09910000000000001,MILLIMETERS,1009.64,225.0,SOUTHWEST,8.0,KILOMETERS_PER_HOUR,21.0,KILOMETERS_PER_HOUR,16.0,KILOMETERS,3.7,CELSIUS,27.2,CELSIUS,20.6,CELSIUS,0.0,MILLIMETERS,9.6091,MILLIMETERS,,,,2025-06-17 11:00:08.595000+07:00,1100
1108,90442,"Nan Secondary School - Nan, Luangprabang ມັດທະຍົມ ເມືອງນານ","Nan Secondary School - Nan, Luangprabang ມັດທະຍົມ ເມືອງນານ",19.498539,101.883867,2025-06-17T04:00:41.642022040Z,1.0,78.0,3.0,60.0,100.0,Asia/Vientiane,https://maps.gstatic.com/weather/v1/strong_tstorms,Light thunderstorms and rain,en,LIGHT_THUNDERSTORM_RAIN,22.8,CELSIUS,25.7,CELSIUS,18.9,CELSIUS,25.7,CELSIUS,22.8,CELSIUS,75.0,RAIN,0.0,MILLIMETERS,0.6960000000000001,MILLIMETERS,1009.5,203.0,SOUTH_SOUTHWEST,6.0,KILOMETERS_PER_HOUR,11.0,KILOMETERS_PER_HOUR,14.0,KILOMETERS,-0.9,CELSIUS,24.5,CELSIUS,19.1,CELSIUS,0.0,MILLIMETERS,18.5626,MILLIMETERS,,,,2025-06-17 11:00:08.595000+07:00,1100
1109,90447,Xamneua - Houaphan,Xamneua - Houaphan,20.413807,104.050733,2025-06-17T04:00:42.934468472Z,1.0,72.0,4.0,70.0,100.0,Asia/Vientiane,https://maps.gstatic.com/weather/v1/cloudy,Cloudy,en,CLOUDY,26.5,CELSIUS,28.5,CELSIUS,20.9,CELSIUS,28.5,CELSIUS,26.5,CELSIUS,25.0,RAIN,0.0,MILLIMETERS,0.193,MILLIMETERS,1008.35,270.0,WEST,6.0,KILOMETERS_PER_HOUR,16.0,KILOMETERS_PER_HOUR,16.0,KILOMETERS,2.7,CELSIUS,25.4,CELSIUS,20.3,CELSIUS,0.0,MILLIMETERS,6.3629,MILLIMETERS,,,,2025-06-17 11:00:08.595000+07:00,1100
1110,90449,"BouamNgam Secondary School - Huameuang, Houaphan  ມັດທະຍົມ ບວມງາມ","BouamNgam Secondary School - Huameuang, Houaphan  ມັດທະຍົມ ບວມງາມ",20.199501,103.875166,2025-06-17T04:00:44.223887379Z,1.0,77.0,3.0,70.0,100.0,Asia/Vientiane,https://maps.gstatic.com/weather/v1/drizzle,Light rain,en,LIGHT_RAIN,24.4,CELSIUS,26.4,CELSIUS,20.1,CELSIUS,26.4,CELSIUS,24.4,CELSIUS,25.0,RAIN,0.0,MILLIMETERS,0.3048,MILLIMETERS,1009.56,240.0,WEST_SOUTHWEST,11.0,KILOMETERS_PER_HOUR,26.0,KILOMETERS_PER_HOUR,16.0,KILOMETERS,3.9,CELSIUS,23.2,CELSIUS,19.1,CELSIUS,0.0,MILLIMETERS,8.4154,MILLIMETERS,,,,2025-06-17 11:00:08.595000+07:00,1100
1111,90450,Xamtay - Houaphan,Xamtay - Houaphan,19.999194,104.64011,2025-06-17T04:00:45.533158629Z,1.0,63.0,4.0,70.0,100.0,Asia/Vientiane,https://maps.gstatic.com/weather/v1/cloudy,Cloudy,en,CLOUDY,26.7,CELSIUS,28.8,CELSIUS,19.1,CELSIUS,28.8,CELSIUS,26.7,CELSIUS,25.0,RAIN,0.0,MILLIMETERS,0.2692,MILLIMETERS,1008.62,250.0,WEST_SOUTHWEST,10.0,KILOMETERS_PER_HOUR,24.0,KILOMETERS_PER_HOUR,16.0,KILOMETERS,4.4,CELSIUS,25.2,CELSIUS,19.1,CELSIUS,0.0,MILLIMETERS,3.0176,MILLIMETERS,,,,2025-06-17 11:00:08.595000+07:00,1100
1112,90451,"Add Secondary School - Add, Houaphan ມັດທະຍົມ ແອດ","Add Secondary School - Add, Houaphan ມັດທະຍົມ ແອດ",20.820542,104.004618,,,,,,,,,,,,,,,,,,,,,,,,,,,,,,,,,,,,,,,,,,,,,,,404.0,Information is not supported for this location. Please try a different location.,NOT_FOUND,2025-06-17 11:00:08.595000+07:00,1100
1113,90452,Xon - Houaphan,Xon - Houaphan,20.466813,103.34797,2025-06-17T04:00:48.077850910Z,1.0,77.0,3.0,70.0,100.0,Asia/Vientiane,https://maps.gstatic.com/weather/v1/drizzle,Light rain,en,LIGHT_RAIN,21.8,CELSIUS,23.8,CELSIUS,17.5,CELSIUS,23.8,CELSIUS,21.8,CELSIUS,25.0,RAIN,0.0,MILLIMETERS,0.3048,MILLIMETERS,1009.56,240.0,WEST_SOUTHWEST,11.0,KILOMETERS_PER_HOUR,26.0,KILOMETERS_PER_HOUR,16.0,KILOMETERS,3.9,CELSIUS,20.6,CELSIUS,16.5,CELSIUS,0.0,MILLIMETERS,8.4154,MILLIMETERS,,,,2025-06-17 11:00:08.595000+07:00,1100
1114,90453,Xiengkhor - Houaphan,Xiengkhor - Houaphan,20.813892,104.146676,,,,,,,,,,,,,,,,,,,,,,,,,,,,,,,,,,,,,,,,,,,,,,,404.0,Information is not supported for this location. Please try a different location.,NOT_FOUND,2025-06-17 11:00:08.595000+07:00,1100
1115,90454," Viengthong Secondary School - Hiem, Houaphan ມັດທະຍົມ ວຽງທອງ"," Viengthong Secondary School - Hiem, Houaphan ມັດທະຍົມ ວຽງທອງ",20.099855,103.380396,2025-06-17T04:00:50.602025775Z,1.0,77.0,3.0,70.0,100.0,Asia/Vientiane,https://maps.gstatic.com/weather/v1/drizzle,Light rain,en,LIGHT_RAIN,21.8,CELSIUS,23.8,CELSIUS,17.5,CELSIUS,23.8,CELSIUS,21.8,CELSIUS,25.0,RAIN,0.0,MILLIMETERS,0.3048,MILLIMETERS,1009.56,240.0,WEST_SOUTHWEST,11.0,KILOMETERS_PER_HOUR,26.0,KILOMETERS_PER_HOUR,16.0,KILOMETERS,3.9,CELSIUS,20.6,CELSIUS,16.5,CELSIUS,0.0,MILLIMETERS,8.4154,MILLIMETERS,,,,2025-06-17 11:00:08.595000+07:00,1100
1116,90455,"Sopbao Secondary School - Sopbao, Houaphan ມັດທະຍົມ ສົບເບົາ","Sopbao Secondary School - Sopbao, Houaphan ມັດທະຍົມ ສົບເບົາ",20.710206,104.384946,2025-06-17T04:00:51.891258729Z,1.0,72.0,4.0,70.0,100.0,Asia/Vientiane,https://maps.gstatic.com/weather/v1/cloudy,Cloudy,en,CLOUDY,22.6,CELSIUS,24.6,CELSIUS,17.0,CELSIUS,24.6,CELSIUS,22.6,CELSIUS,25.0,RAIN,0.0,MILLIMETERS,0.193,MILLIMETERS,1008.35,270.0,WEST,6.0,KILOMETERS_PER_HOUR,16.0,KILOMETERS_PER_HOUR,16.0,KILOMETERS,2.7,CELSIUS,21.5,CELSIUS,16.4,CELSIUS,0.0,MILLIMETERS,6.3629,MILLIMETERS,,,,2025-06-17 11:00:08.595000+07:00,1100
1117,90456,"Kuan Secondary School - Kuan, Houaphan ມັດທະຍົມສົມບູນ ກັວນ","Kuan Secondary School - Kuan, Houaphan ມັດທະຍົມສົມບູນ ກັວນ",19.835863,104.561303,2025-06-17T04:00:53.170606859Z,1.0,63.0,4.0,70.0,100.0,Asia/Vientiane,https://maps.gstatic.com/weather/v1/cloudy,Cloudy,en,CLOUDY,28.0,CELSIUS,30.1,CELSIUS,20.4,CELSIUS,30.1,CELSIUS,28.0,CELSIUS,25.0,RAIN,0.0,MILLIMETERS,0.2692,MILLIMETERS,1008.62,250.0,WEST_SOUTHWEST,10.0,KILOMETERS_PER_HOUR,24.0,KILOMETERS_PER_HOUR,16.0,KILOMETERS,4.4,CELSIUS,26.5,CELSIUS,20.4,CELSIUS,0.0,MILLIMETERS,3.0176,MILLIMETERS,,,,2025-06-17 11:00:08.595000+07:00,1100
1118,90457,"Khob Secondary School - Khob, Xayabouli ມັດທະຍົມ ເມືອງຄອບ","Khob Secondary School - Khob, Xayabouli ມັດທະຍົມ ເມືອງຄອບ",19.699713,100.5572,2025-06-17T04:00:54.466979775Z,1.0,74.0,3.0,60.0,100.0,Asia/Vientiane,https://maps.gstatic.com/weather/v1/strong_tstorms,Light thunderstorms and rain,en,LIGHT_THUNDERSTORM_RAIN,28.2,CELSIUS,31.8,CELSIUS,23.1,CELSIUS,31.8,CELSIUS,28.2,CELSIUS,75.0,RAIN,0.0,MILLIMETERS,1.4503,MILLIMETERS,1008.88,203.0,SOUTH_SOUTHWEST,10.0,KILOMETERS_PER_HOUR,18.0,KILOMETERS_PER_HOUR,16.0,KILOMETERS,0.1,CELSIUS,28.9,CELSIUS,23.7,CELSIUS,0.0,MILLIMETERS,10.6934,MILLIMETERS,,,,2025-06-17 11:00:08.595000+07:00,1100
1119,90458,"Hongsa Secondary School - Hongsa, Xaignabouly ມັດທະຍົມສົມບູນ ຫົງສາ","Hongsa Secondary School - Hongsa, Xaignabouly ມັດທະຍົມສົມບູນ ຫົງສາ",19.70693,101.342893,2025-06-17T04:00:55.765418530Z,1.0,78.0,3.0,60.0,100.0,Asia/Vientiane,https://maps.gstatic.com/weather/v1/strong_tstorms,Light thunderstorms and rain,en,LIGHT_THUNDERSTORM_RAIN,24.1,CELSIUS,27.0,CELSIUS,20.2,CELSIUS,27.0,CELSIUS,24.1,CELSIUS,75.0,RAIN,0.0,MILLIMETERS,0.6960000000000001,MILLIMETERS,1009.5,203.0,SOUTH_SOUTHWEST,6.0,KILOMETERS_PER_HOUR,11.0,KILOMETERS_PER_HOUR,14.0,KILOMETERS,-0.9,CELSIUS,25.8,CELSIUS,20.4,CELSIUS,0.0,MILLIMETERS,18.5626,MILLIMETERS,,,,2025-06-17 11:00:08.595000+07:00,1100
1120,90459,Phiang - Xaignabouly,Phiang - Xaignabouly,19.094645,101.529558,2025-06-17T04:00:57.091848414Z,1.0,71.0,3.0,50.0,100.0,Asia/Vientiane,https://maps.gstatic.com/weather/v1/cloudy,Cloudy,en,CLOUDY,28.5,CELSIUS,31.9,CELSIUS,22.7,CELSIUS,31.9,CELSIUS,28.5,CELSIUS,25.0,RAIN,0.0,MILLIMETERS,0.4572,MILLIMETERS,1009.05,203.0,SOUTH_SOUTHWEST,6.0,KILOMETERS_PER_HOUR,11.0,KILOMETERS_PER_HOUR,16.0,KILOMETERS,0.1,CELSIUS,30.9,CELSIUS,23.7,CELSIUS,0.0,MILLIMETERS,4.3433,MILLIMETERS,,,,2025-06-17 11:00:08.595000+07:00,1100
1121,90460,Parklai - Xaignabouly,Parklai - Xaignabouly,18.220795,101.405717,2025-06-17T04:00:58.437459001Z,1.0,65.0,3.0,0.0,100.0,Asia/Vientiane,https://maps.gstatic.com/weather/v1/cloudy,Cloudy,en,CLOUDY,29.9,CELSIUS,34.5,CELSIUS,22.2,CELSIUS,34.5,CELSIUS,29.9,CELSIUS,10.0,RAIN,0.0,MILLIMETERS,0.040600000000000004,MILLIMETERS,1008.98,248.0,WEST_SOUTHWEST,10.0,KILOMETERS_PER_HOUR,16.0,KILOMETERS_PER_HOUR,16.0,KILOMETERS,0.9,CELSIUS,31.7,CELSIUS,24.4,CELSIUS,0.0,MILLIMETERS,1.4197,MILLIMETERS,,,,2025-06-17 11:00:08.595000+07:00,1100
1122,90463,"Ekaphab Secondary School - Xayabury, Xayabury ມັດທະຍົມ ເອກະພາບ","Ekaphab Secondary School - Xayabury, Xayabury ມັດທະຍົມ ເອກະພາບ",19.237566,101.714751,2025-06-17T04:00:59.758682905Z,1.0,71.0,3.0,70.0,100.0,Asia/Vientiane,https://maps.gstatic.com/weather/v1/cloudy,Cloudy,en,CLOUDY,28.5,CELSIUS,32.1,CELSIUS,23.2,CELSIUS,32.1,CELSIUS,28.5,CELSIUS,25.0,RAIN,0.0,MILLIMETERS,0.1676,MILLIMETERS,1008.99,203.0,SOUTH_SOUTHWEST,8.0,KILOMETERS_PER_HOUR,14.0,KILOMETERS_PER_HOUR,16.0,KILOMETERS,-0.7000000000000001,CELSIUS,30.7,CELSIUS,24.8,CELSIUS,0.0,MILLIMETERS,7.1373,MILLIMETERS,,,,2025-06-17 11:00:08.595000+07:00,1100
1123,90465,Xienghone - Xaignabouly ,Xienghone - Xaignabouly ,19.631763,100.814901,2025-06-17T04:01:01.029977415Z,1.0,79.0,3.0,60.0,100.0,Asia/Vientiane,https://maps.gstatic.com/weather/v1/strong_tstorms,Light thunderstorms and rain,en,LIGHT_THUNDERSTORM_RAIN,24.2,CELSIUS,27.3,CELSIUS,20.1,CELSIUS,27.3,CELSIUS,24.2,CELSIUS,45.0,RAIN,0.0,MILLIMETERS,0.3759,MILLIMETERS,1009.87,225.0,SOUTHWEST,10.0,KILOMETERS_PER_HOUR,16.0,KILOMETERS_PER_HOUR,16.0,KILOMETERS,-0.4,CELSIUS,25.0,CELSIUS,20.2,CELSIUS,0.0,MILLIMETERS,15.9716,MILLIMETERS,,,,2025-06-17 11:00:08.595000+07:00,1100
1124,90466,"Kenethao Secondary School - Kenethao, Xayabury ມັດທະຍົມສົມບຸນ ແກ່ນທ້າວ","Kenethao Secondary School - Kenethao, Xayabury ມັດທະຍົມສົມບຸນ ແກ່ນທ້າວ",17.740569,101.403471,2025-06-17T04:01:02.460951526Z,1.0,62.0,4.0,50.0,91.0,Asia/Vientiane,https://maps.gstatic.com/weather/v1/strong_tstorms,Light thunderstorms and rain,en,LIGHT_THUNDERSTORM_RAIN,31.8,CELSIUS,37.2,CELSIUS,23.4,CELSIUS,37.2,CELSIUS,31.8,CELSIUS,35.0,RAIN,0.0,MILLIMETERS,0.1092,MILLIMETERS,1007.99,225.0,SOUTHWEST,6.0,KILOMETERS_PER_HOUR,10.0,KILOMETERS_PER_HOUR,16.0,KILOMETERS,0.5,CELSIUS,33.0,CELSIUS,25.2,CELSIUS,0.0,MILLIMETERS,0.7645000000000001,MILLIMETERS,,,,2025-06-17 11:00:08.595000+07:00,1100
1125,90468,Pek - Xiengkhouang,Pek - Xiengkhouang,19.444636,103.205788,2025-06-17T04:01:03.773679213Z,1.0,66.0,4.0,60.0,95.0,Asia/Vientiane,https://maps.gstatic.com/weather/v1/drizzle,Light rain,en,LIGHT_RAIN,27.8,CELSIUS,30.1,CELSIUS,20.9,CELSIUS,30.1,CELSIUS,27.8,CELSIUS,25.0,RAIN,0.0,MILLIMETERS,0.20070000000000002,MILLIMETERS,1009.82,245.0,WEST_SOUTHWEST,13.0,KILOMETERS_PER_HOUR,24.0,KILOMETERS_PER_HOUR,16.0,KILOMETERS,3.3,CELSIUS,27.2,CELSIUS,20.1,CELSIUS,0.0,MILLIMETERS,10.3025,MILLIMETERS,,,,2025-06-17 11:00:08.595000+07:00,1100
1126,90469,Nonghed - Xiengkhouang,Nonghed - Xiengkhouang,19.49661,103.986121,,,,,,,,,,,,,,,,,,,,,,,,,,,,,,,,,,,,,,,,,,,,,,,404.0,Information is not supported for this location. Please try a different location.,NOT_FOUND,2025-06-17 11:00:08.595000+07:00,1100
1127,90471,"Napa Secondary School - Kham, Xiengkhouang ມັດທະຍົມ ນາປາ","Napa Secondary School - Kham, Xiengkhouang ມັດທະຍົມ ນາປາ",19.590573,103.662369,2025-06-17T04:01:06.297380998Z,1.0,62.0,4.0,70.0,98.0,Asia/Vientiane,https://maps.gstatic.com/weather/v1/drizzle,Light rain,en,LIGHT_RAIN,29.2,CELSIUS,31.9,CELSIUS,21.1,CELSIUS,31.9,CELSIUS,29.2,CELSIUS,25.0,RAIN,0.0,MILLIMETERS,0.2591,MILLIMETERS,1008.75,235.0,SOUTHWEST,6.0,KILOMETERS_PER_HOUR,14.0,KILOMETERS_PER_HOUR,16.0,KILOMETERS,4.4,CELSIUS,27.7,CELSIUS,20.9,CELSIUS,0.0,MILLIMETERS,6.1342,MILLIMETERS,,,,2025-06-17 11:00:08.595000+07:00,1100
1128,90472,"Chomphet Seconbdary School - Khoune, Xiengkhuang ມັດທະຍົມ ຈອມເພັດ","Chomphet Seconbdary School - Khoune, Xiengkhuang ມັດທະຍົມ ຈອມເພັດ",19.340999,103.371433,2025-06-17T04:01:06.601191168Z,1.0,66.0,4.0,60.0,95.0,Asia/Vientiane,https://maps.gstatic.com/weather/v1/drizzle,Light rain,en,LIGHT_RAIN,27.8,CELSIUS,30.1,CELSIUS,20.9,CELSIUS,30.1,CELSIUS,27.8,CELSIUS,25.0,RAIN,0.0,MILLIMETERS,0.20070000000000002,MILLIMETERS,1009.82,245.0,WEST_SOUTHWEST,13.0,KILOMETERS_PER_HOUR,24.0,KILOMETERS_PER_HOUR,16.0,KILOMETERS,3.3,CELSIUS,27.2,CELSIUS,20.1,CELSIUS,0.0,MILLIMETERS,10.3025,MILLIMETERS,,,,2025-06-17 11:00:08.595000+07:00,1100
1129,90475,Phonhong - Vientiane,Phonhong - Vientiane,18.350024,102.42424,2025-06-17T04:01:07.905401519Z,1.0,70.0,4.0,30.0,95.0,Asia/Vientiane,https://maps.gstatic.com/weather/v1/cloudy,Cloudy,en,CLOUDY,32.4,CELSIUS,41.2,CELSIUS,26.2,CELSIUS,41.2,CELSIUS,32.4,CELSIUS,20.0,RAIN,0.0,MILLIMETERS,0.09910000000000001,MILLIMETERS,1008.77,245.0,WEST_SOUTHWEST,5.0,KILOMETERS_PER_HOUR,10.0,KILOMETERS_PER_HOUR,16.0,KILOMETERS,4.8,CELSIUS,32.1,CELSIUS,24.9,CELSIUS,0.0,MILLIMETERS,12.4206,MILLIMETERS,,,,2025-06-17 11:00:08.595000+07:00,1100
1130,90476,"Kasy Secondary School - Kasy, Vientiane Province ມັດທະຍົມສົມບູນ ກາສີ","Kasy Secondary School - Kasy, Vientiane Province ມັດທະຍົມສົມບູນ ກາສີ",19.225034,102.25219,2025-06-17T04:01:09.195667744Z,1.0,76.0,3.0,50.0,100.0,Asia/Vientiane,https://maps.gstatic.com/weather/v1/cloudy,Cloudy,en,CLOUDY,29.3,CELSIUS,34.5,CELSIUS,24.5,CELSIUS,34.5,CELSIUS,29.3,CELSIUS,25.0,RAIN,0.0,MILLIMETERS,0.09910000000000001,MILLIMETERS,1009.78,200.0,SOUTH_SOUTHWEST,8.0,KILOMETERS_PER_HOUR,13.0,KILOMETERS_PER_HOUR,16.0,KILOMETERS,4.5,CELSIUS,28.8,CELSIUS,22.1,CELSIUS,0.0,MILLIMETERS,15.1995,MILLIMETERS,,,,2025-06-17 11:00:08.595000+07:00,1100
1131,90477,"Xanakharm Secondary School - Xanakharm, Vieniane Province ມັດທະຍົມສົບຸນ ຊະນະຄາມ","Xanakharm Secondary School - Xanakharm, Vieniane Province ມັດທະຍົມສົບຸນ ຊະນະຄາມ",17.910218,101.670662,2025-06-17T04:01:10.475329752Z,1.0,65.0,4.0,50.0,100.0,Asia/Vientiane,https://maps.gstatic.com/weather/v1/cloudy,Cloudy,en,CLOUDY,31.0,CELSIUS,36.2,CELSIUS,23.7,CELSIUS,36.2,CELSIUS,31.0,CELSIUS,15.0,RAIN,0.0,MILLIMETERS,0.061,MILLIMETERS,1008.36,225.0,SOUTHWEST,5.0,KILOMETERS_PER_HOUR,8.0,KILOMETERS_PER_HOUR,16.0,KILOMETERS,0.9,CELSIUS,32.0,CELSIUS,25.1,CELSIUS,0.0,MILLIMETERS,2.0752,MILLIMETERS,,,,2025-06-17 11:00:08.595000+07:00,1100
1132,90478,Mad - Vientiane,Mad - Vientiane,18.448868,101.76322,2025-06-17T04:01:11.737269689Z,1.0,65.0,3.0,0.0,100.0,Asia/Vientiane,https://maps.gstatic.com/weather/v1/cloudy,Cloudy,en,CLOUDY,30.6,CELSIUS,35.2,CELSIUS,22.9,CELSIUS,35.2,CELSIUS,30.6,CELSIUS,10.0,RAIN,0.0,MILLIMETERS,0.040600000000000004,MILLIMETERS,1008.98,248.0,WEST_SOUTHWEST,10.0,KILOMETERS_PER_HOUR,16.0,KILOMETERS_PER_HOUR,16.0,KILOMETERS,0.9,CELSIUS,32.3,CELSIUS,25.0,CELSIUS,0.0,MILLIMETERS,1.4197,MILLIMETERS,,,,2025-06-17 11:00:08.595000+07:00,1100
1133,90479,"Phonmi Secondary School - Viengkham, Vientiane Province ມັດທະຍົມສົມບຸນ ໂພນໝີ","Phonmi Secondary School - Viengkham, Vientiane Province ມັດທະຍົມສົມບຸນ ໂພນໝີ",18.48451,102.485942,2025-06-17T04:01:13.030476360Z,1.0,70.0,4.0,30.0,95.0,Asia/Vientiane,https://maps.gstatic.com/weather/v1/cloudy,Cloudy,en,CLOUDY,32.4,CELSIUS,41.2,CELSIUS,26.2,CELSIUS,41.2,CELSIUS,32.4,CELSIUS,20.0,RAIN,0.0,MILLIMETERS,0.09910000000000001,MILLIMETERS,1008.77,245.0,WEST_SOUTHWEST,5.0,KILOMETERS_PER_HOUR,10.0,KILOMETERS_PER_HOUR,16.0,KILOMETERS,4.8,CELSIUS,32.1,CELSIUS,24.9,CELSIUS,0.0,MILLIMETERS,12.4206,MILLIMETERS,,,,2025-06-17 11:00:08.595000+07:00,1100
1134,90482,"KeoKou Secondary School - KeoOudom, Vientiane Province ມັດທະຍົມສົມບູນ ແກ້ວກູ່","KeoKou Secondary School - KeoOudom, Vientiane Province ມັດທະຍົມສົມບູນ ແກ້ວກູ່",18.554884,102.502844,2025-06-17T04:01:14.303182558Z,1.0,70.0,4.0,30.0,95.0,Asia/Vientiane,https://maps.gstatic.com/weather/v1/cloudy,Cloudy,en,CLOUDY,32.4,CELSIUS,41.2,CELSIUS,26.2,CELSIUS,41.2,CELSIUS,32.4,CELSIUS,20.0,RAIN,0.0,MILLIMETERS,0.09910000000000001,MILLIMETERS,1008.77,245.0,WEST_SOUTHWEST,5.0,KILOMETERS_PER_HOUR,10.0,KILOMETERS_PER_HOUR,16.0,KILOMETERS,4.8,CELSIUS,32.1,CELSIUS,24.9,CELSIUS,0.0,MILLIMETERS,12.4206,MILLIMETERS,,,,2025-06-17 11:00:08.595000+07:00,1100
1135,90485,Meun - Vientiane,Meun - Vientiane,18.28379,101.941138,2025-06-17T04:01:15.570274121Z,1.0,64.0,4.0,30.0,95.0,Asia/Vientiane,https://maps.gstatic.com/weather/v1/cloudy,Cloudy,en,CLOUDY,33.2,CELSIUS,41.4,CELSIUS,25.3,CELSIUS,41.4,CELSIUS,33.2,CELSIUS,20.0,RAIN,0.0,MILLIMETERS,0.0,MILLIMETERS,1008.86,250.0,WEST_SOUTHWEST,10.0,KILOMETERS_PER_HOUR,18.0,KILOMETERS_PER_HOUR,16.0,KILOMETERS,5.0,CELSIUS,32.8,CELSIUS,25.3,CELSIUS,0.0,MILLIMETERS,6.7896,MILLIMETERS,,,,2025-06-17 11:00:08.595000+07:00,1100
1136,90487,"Thaphabath Secondary School - Thaphabath, Bolikhamxai","Thaphabath Secondary School - Thaphabath, Bolikhamxai",18.356826,103.198076,2025-06-17T04:01:16.893888691Z,1.0,70.0,4.0,50.0,95.0,Asia/Vientiane,https://maps.gstatic.com/weather/v1/cloudy,Cloudy,en,CLOUDY,31.7,CELSIUS,39.2,CELSIUS,25.4,CELSIUS,39.2,CELSIUS,31.7,CELSIUS,25.0,RAIN,0.0,MILLIMETERS,0.09910000000000001,MILLIMETERS,1009.01,200.0,SOUTH_SOUTHWEST,5.0,KILOMETERS_PER_HOUR,7.0,KILOMETERS_PER_HOUR,16.0,KILOMETERS,4.9,CELSIUS,30.9,CELSIUS,25.5,CELSIUS,0.0,MILLIMETERS,6.1673,MILLIMETERS,,,,2025-06-17 11:00:08.595000+07:00,1100
1137,90488,Pakkading - Bolikhamxai ,Pakkading - Bolikhamxai ,18.109902,104.281265,2025-06-17T04:01:18.178546264Z,1.0,78.0,3.0,40.0,99.0,Asia/Vientiane,https://maps.gstatic.com/weather/v1/cloudy,Cloudy,en,CLOUDY,28.7,CELSIUS,33.6,CELSIUS,24.5,CELSIUS,33.6,CELSIUS,28.7,CELSIUS,20.0,RAIN,0.0,MILLIMETERS,0.0,MILLIMETERS,1009.86,200.0,SOUTH_SOUTHWEST,6.0,KILOMETERS_PER_HOUR,18.0,KILOMETERS_PER_HOUR,16.0,KILOMETERS,2.3,CELSIUS,28.9,CELSIUS,24.2,CELSIUS,0.0,MILLIMETERS,18.161,MILLIMETERS,,,,2025-06-17 11:00:08.595000+07:00,1100
1138,90490,"Nakhonxay Secondary School - Khamkeuth, - Borikhamxai ມັດທະຍົມ ນະຄອນໄຊ","Nakhonxay Secondary School - Khamkeuth, - Borikhamxai ມັດທະຍົມ ນະຄອນໄຊ",18.185553,104.983958,2025-06-17T04:01:19.456336923Z,1.0,74.0,4.0,30.0,95.0,Asia/Vientiane,https://maps.gstatic.com/weather/v1/cloudy,Cloudy,en,CLOUDY,27.0,CELSIUS,30.2,CELSIUS,21.8,CELSIUS,30.2,CELSIUS,27.0,CELSIUS,25.0,RAIN,0.0,MILLIMETERS,0.20070000000000002,MILLIMETERS,1010.14,225.0,SOUTHWEST,14.0,KILOMETERS_PER_HOUR,31.0,KILOMETERS_PER_HOUR,16.0,KILOMETERS,1.9000000000000001,CELSIUS,27.2,CELSIUS,21.6,CELSIUS,0.0,MILLIMETERS,1.885,MILLIMETERS,,,,2025-06-17 11:00:08.595000+07:00,1100
1139,90491,Viengthong - Bolikhamxai,Viengthong - Bolikhamxai,18.512354,104.442835,2025-06-17T04:01:20.759711584Z,1.0,75.0,3.0,30.0,100.0,Asia/Vientiane,https://maps.gstatic.com/weather/v1/cloudy,Cloudy,en,CLOUDY,28.4,CELSIUS,32.3,CELSIUS,23.5,CELSIUS,32.3,CELSIUS,28.4,CELSIUS,25.0,RAIN,0.0,MILLIMETERS,0.20070000000000002,MILLIMETERS,1009.54,240.0,WEST_SOUTHWEST,11.0,KILOMETERS_PER_HOUR,24.0,KILOMETERS_PER_HOUR,16.0,KILOMETERS,2.1,CELSIUS,28.5,CELSIUS,22.7,CELSIUS,0.0,MILLIMETERS,4.9736,MILLIMETERS,,,,2025-06-17 11:00:08.595000+07:00,1100
1140,90492,"NamOn Secondary School - Xaychamphone, Borikhamxai ມັດທະຍົມ ນຳ້ອ້ອນ","NamOn Secondary School - Xaychamphone, Borikhamxai ມັດທະຍົມ ນຳ້ອ້ອນ",18.577559,104.981947,2025-06-17T04:01:22.096013139Z,1.0,74.0,4.0,30.0,95.0,Asia/Vientiane,https://maps.gstatic.com/weather/v1/cloudy,Cloudy,en,CLOUDY,27.0,CELSIUS,30.2,CELSIUS,21.8,CELSIUS,30.2,CELSIUS,27.0,CELSIUS,25.0,RAIN,0.0,MILLIMETERS,0.20070000000000002,MILLIMETERS,1010.14,225.0,SOUTHWEST,14.0,KILOMETERS_PER_HOUR,31.0,KILOMETERS_PER_HOUR,16.0,KILOMETERS,1.9000000000000001,CELSIUS,27.2,CELSIUS,21.6,CELSIUS,0.0,MILLIMETERS,1.885,MILLIMETERS,,,,2025-06-17 11:00:08.595000+07:00,1100
1141,90493,Thakhek - Khammouan ,Thakhek - Khammouan ,17.392668,104.807495,2025-06-17T04:01:23.419053185Z,1.0,67.0,4.0,70.0,95.0,Asia/Vientiane,https://maps.gstatic.com/weather/v1/drizzle,Light rain,en,LIGHT_RAIN,31.7,CELSIUS,38.3,CELSIUS,24.8,CELSIUS,38.3,CELSIUS,31.7,CELSIUS,25.0,RAIN,0.0,MILLIMETERS,0.4394,MILLIMETERS,1009.24,205.0,SOUTH_SOUTHWEST,8.0,KILOMETERS_PER_HOUR,18.0,KILOMETERS_PER_HOUR,16.0,KILOMETERS,3.6,CELSIUS,32.0,CELSIUS,24.7,CELSIUS,0.0,MILLIMETERS,10.752,MILLIMETERS,,,,2025-06-17 11:00:08.595000+07:00,1100
1142,90494,Mahaxay - Khammouan,Mahaxay - Khammouan,17.457352,105.160169,2025-06-17T04:01:24.697583417Z,1.0,71.0,3.0,60.0,95.0,Asia/Vientiane,https://maps.gstatic.com/weather/v1/cloudy,Cloudy,en,CLOUDY,29.6,CELSIUS,34.2,CELSIUS,23.7,CELSIUS,34.2,CELSIUS,29.6,CELSIUS,25.0,RAIN,0.0,MILLIMETERS,0.3886,MILLIMETERS,1010.19,225.0,SOUTHWEST,11.0,KILOMETERS_PER_HOUR,26.0,KILOMETERS_PER_HOUR,16.0,KILOMETERS,3.6,CELSIUS,28.9,CELSIUS,23.0,CELSIUS,0.0,MILLIMETERS,5.4307,MILLIMETERS,,,,2025-06-17 11:00:08.595000+07:00,1100
1143,90495,Nongbok - Khammouan,Nongbok - Khammouan,16.962416,104.81156,2025-06-17T04:01:25.987306046Z,1.0,70.0,3.0,70.0,100.0,Asia/Vientiane,https://maps.gstatic.com/weather/v1/cloudy,Cloudy,en,CLOUDY,32.1,CELSIUS,40.4,CELSIUS,25.6,CELSIUS,40.4,CELSIUS,32.1,CELSIUS,20.0,RAIN,0.0,MILLIMETERS,0.050800000000000005,MILLIMETERS,1008.0,225.0,SOUTHWEST,10.0,KILOMETERS_PER_HOUR,18.0,KILOMETERS_PER_HOUR,16.0,KILOMETERS,0.7000000000000001,CELSIUS,33.0,CELSIUS,25.9,CELSIUS,0.0,MILLIMETERS,0.8866,MILLIMETERS,,,,2025-06-17 11:00:08.595000+07:00,1100
1144,90497,Nhommalath - Khammouan ,Nhommalath - Khammouan ,17.614203,105.170282,2025-06-17T04:01:27.255785817Z,1.0,71.0,3.0,60.0,95.0,Asia/Vientiane,https://maps.gstatic.com/weather/v1/cloudy,Cloudy,en,CLOUDY,29.6,CELSIUS,34.2,CELSIUS,23.7,CELSIUS,34.2,CELSIUS,29.6,CELSIUS,25.0,RAIN,0.0,MILLIMETERS,0.3886,MILLIMETERS,1010.19,225.0,SOUTHWEST,11.0,KILOMETERS_PER_HOUR,26.0,KILOMETERS_PER_HOUR,16.0,KILOMETERS,3.6,CELSIUS,28.9,CELSIUS,23.0,CELSIUS,0.0,MILLIMETERS,5.4307,MILLIMETERS,,,,2025-06-17 11:00:08.595000+07:00,1100
1145,90500,"Xebangfay Secondary School - Xebangfay, Khammouane ມັດທະຍົມສົມບູນ ເຊບັ້ງໄຟ","Xebangfay Secondary School - Xebangfay, Khammouane ມັດທະຍົມສົມບູນ ເຊບັ້ງໄຟ",17.086149,104.981631,2025-06-17T04:01:28.560453487Z,1.0,73.0,4.0,70.0,95.0,Asia/Vientiane,https://maps.gstatic.com/weather/v1/strong_tstorms,Light thunderstorms and rain,en,LIGHT_THUNDERSTORM_RAIN,30.8,CELSIUS,37.5,CELSIUS,25.2,CELSIUS,37.5,CELSIUS,30.8,CELSIUS,45.0,RAIN,0.0,MILLIMETERS,0.3607,MILLIMETERS,1009.69,195.0,SOUTH_SOUTHWEST,11.0,KILOMETERS_PER_HOUR,30.0,KILOMETERS_PER_HOUR,16.0,KILOMETERS,2.5,CELSIUS,32.3,CELSIUS,24.6,CELSIUS,0.0,MILLIMETERS,5.3545,MILLIMETERS,,,,2025-06-17 11:00:08.595000+07:00,1100
1146,90501,"Sivilay Secondary School - Xaybouathong, Khammouane ມັດທະຍົມສົມບູນ ສີວິໄລ","Sivilay Secondary School - Xaybouathong, Khammouane ມັດທະຍົມສົມບູນ ສີວິໄລ",17.171532,105.4273,2025-06-17T04:01:29.828725218Z,1.0,70.0,4.0,70.0,92.0,Asia/Vientiane,https://maps.gstatic.com/weather/v1/strong_tstorms,Light thunderstorms and rain,en,LIGHT_THUNDERSTORM_RAIN,29.9,CELSIUS,34.7,CELSIUS,23.8,CELSIUS,34.7,CELSIUS,29.9,CELSIUS,40.0,RAIN,0.0,MILLIMETERS,0.20070000000000002,MILLIMETERS,1009.91,225.0,SOUTHWEST,16.0,KILOMETERS_PER_HOUR,37.0,KILOMETERS_PER_HOUR,16.0,KILOMETERS,1.2,CELSIUS,31.8,CELSIUS,24.3,CELSIUS,0.0,MILLIMETERS,3.4113,MILLIMETERS,,,,2025-06-17 11:00:08.595000+07:00,1100
1147,90503,Kaysone Phomvihane - Sav,Kaysone Phomvihane - Sav,16.5702,104.75036,2025-06-17T04:01:31.110915473Z,1.0,70.0,3.0,70.0,100.0,Asia/Vientiane,https://maps.gstatic.com/weather/v1/cloudy,Cloudy,en,CLOUDY,31.8,CELSIUS,39.6,CELSIUS,25.6,CELSIUS,39.6,CELSIUS,31.8,CELSIUS,20.0,RAIN,0.0,MILLIMETERS,0.0025,MILLIMETERS,1008.97,225.0,SOUTHWEST,14.0,KILOMETERS_PER_HOUR,26.0,KILOMETERS_PER_HOUR,16.0,KILOMETERS,0.30000000000000004,CELSIUS,32.7,CELSIUS,26.5,CELSIUS,0.0,MILLIMETERS,0.01,MILLIMETERS,,,,2025-06-17 11:00:08.595000+07:00,1100
1148,90504,"Lianxay Secondary School - Artsaphangthong, Savannakhet ມັດທະຍົມ ຫລຽນໄຊ","Lianxay Secondary School - Artsaphangthong, Savannakhet ມັດທະຍົມ ຫລຽນໄຊ",16.692124,105.409764,,,,,,,,,,,,,,,,,,,,,,,,,,,,,,,,,,,,,,,,,,,,,,,404.0,Information is not supported for this location. Please try a different location.,NOT_FOUND,2025-06-17 11:00:08.595000+07:00,1100
1149,90505,Sepone - Savannakhet,Sepone - Savannakhet,16.696651,106.209138,2025-06-17T04:01:33.631668143Z,1.0,69.0,4.0,70.0,94.0,Asia/Vientiane,https://maps.gstatic.com/weather/v1/cloudy,Cloudy,en,CLOUDY,27.6,CELSIUS,31.8,CELSIUS,21.0,CELSIUS,31.8,CELSIUS,27.6,CELSIUS,15.0,RAIN,0.0,MILLIMETERS,0.1981,MILLIMETERS,1009.99,225.0,SOUTHWEST,16.0,KILOMETERS_PER_HOUR,29.0,KILOMETERS_PER_HOUR,16.0,KILOMETERS,0.30000000000000004,CELSIUS,29.0,CELSIUS,22.2,CELSIUS,0.0,MILLIMETERS,1.5569,MILLIMETERS,,,,2025-06-17 11:00:08.595000+07:00,1100
1150,90506,Nong - Savannakhet,Nong - Savannakhet,16.373875,106.495685,2025-06-17T04:01:34.907296033Z,1.0,74.0,4.0,70.0,93.0,Asia/Vientiane,https://maps.gstatic.com/weather/v1/cloudy,Cloudy,en,CLOUDY,28.3,CELSIUS,33.6,CELSIUS,22.9,CELSIUS,33.6,CELSIUS,28.3,CELSIUS,20.0,RAIN,0.0,MILLIMETERS,0.1143,MILLIMETERS,1009.98,225.0,SOUTHWEST,11.0,KILOMETERS_PER_HOUR,19.0,KILOMETERS_PER_HOUR,16.0,KILOMETERS,-0.7000000000000001,CELSIUS,30.1,CELSIUS,23.5,CELSIUS,0.0,MILLIMETERS,1.3083,MILLIMETERS,,,,2025-06-17 11:00:08.595000+07:00,1100
1151,90508,Champhone - SAVA,Champhone - SAVA,16.489147,105.031659,2025-06-17T04:01:36.214666098Z,1.0,70.0,3.0,70.0,100.0,Asia/Vientiane,https://maps.gstatic.com/weather/v1/cloudy,Cloudy,en,CLOUDY,31.8,CELSIUS,39.4,CELSIUS,25.3,CELSIUS,39.4,CELSIUS,31.8,CELSIUS,20.0,RAIN,0.0,MILLIMETERS,0.0356,MILLIMETERS,1008.97,248.0,WEST_SOUTHWEST,13.0,KILOMETERS_PER_HOUR,26.0,KILOMETERS_PER_HOUR,16.0,KILOMETERS,0.2,CELSIUS,33.0,CELSIUS,26.2,CELSIUS,0.0,MILLIMETERS,0.4041,MILLIMETERS,,,,2025-06-17 11:00:08.595000+07:00,1100
1152,90509,Xaybuly - Savannakhet,Xaybuly - Savannakhet,17.075181,104.87732,2025-06-17T04:01:37.511829217Z,1.0,73.0,4.0,70.0,95.0,Asia/Vientiane,https://maps.gstatic.com/weather/v1/strong_tstorms,Light thunderstorms and rain,en,LIGHT_THUNDERSTORM_RAIN,30.8,CELSIUS,37.5,CELSIUS,25.2,CELSIUS,37.5,CELSIUS,30.8,CELSIUS,45.0,RAIN,0.0,MILLIMETERS,0.3607,MILLIMETERS,1009.69,195.0,SOUTH_SOUTHWEST,11.0,KILOMETERS_PER_HOUR,30.0,KILOMETERS_PER_HOUR,16.0,KILOMETERS,2.5,CELSIUS,32.3,CELSIUS,24.6,CELSIUS,0.0,MILLIMETERS,5.3545,MILLIMETERS,,,,2025-06-17 11:00:08.595000+07:00,1100
1153,90510,"Artsaphone Secondary School - Artsaphone, Savannakhet ມັດທະຍົມສົມບູນ ອາດສະພອນ","Artsaphone Secondary School - Artsaphone, Savannakhet ມັດທະຍົມສົມບູນ ອາດສະພອນ",16.844674,105.33638,2025-06-17T04:01:38.796527058Z,1.0,73.0,4.0,70.0,95.0,Asia/Vientiane,https://maps.gstatic.com/weather/v1/strong_tstorms,Light thunderstorms and rain,en,LIGHT_THUNDERSTORM_RAIN,30.8,CELSIUS,37.5,CELSIUS,25.2,CELSIUS,37.5,CELSIUS,30.8,CELSIUS,45.0,RAIN,0.0,MILLIMETERS,0.3607,MILLIMETERS,1009.69,195.0,SOUTH_SOUTHWEST,11.0,KILOMETERS_PER_HOUR,30.0,KILOMETERS_PER_HOUR,16.0,KILOMETERS,2.5,CELSIUS,32.3,CELSIUS,24.6,CELSIUS,0.0,MILLIMETERS,5.3545,MILLIMETERS,,,,2025-06-17 11:00:08.595000+07:00,1100
1154,90512,"Phin Secondary School - Phin, Savannakhet ມັດທະຍົມ ພີນ","Phin Secondary School - Phin, Savannakhet ມັດທະຍົມ ພີນ",16.527879,106.021922,2025-06-17T04:01:40.072219377Z,1.0,74.0,4.0,70.0,93.0,Asia/Vientiane,https://maps.gstatic.com/weather/v1/cloudy,Cloudy,en,CLOUDY,27.7,CELSIUS,33.0,CELSIUS,22.2,CELSIUS,33.0,CELSIUS,27.7,CELSIUS,20.0,RAIN,0.0,MILLIMETERS,0.1143,MILLIMETERS,1009.98,225.0,SOUTHWEST,11.0,KILOMETERS_PER_HOUR,19.0,KILOMETERS_PER_HOUR,16.0,KILOMETERS,-0.6000000000000001,CELSIUS,29.4,CELSIUS,22.8,CELSIUS,0.0,MILLIMETERS,1.3083,MILLIMETERS,,,,2025-06-17 11:00:08.595000+07:00,1100
1155,90513,Songkhone - Savannakhet,Songkhone - Savannakhet,16.237196,105.1965,2025-06-17T04:01:41.357905139Z,1.0,70.0,3.0,70.0,100.0,Asia/Vientiane,https://maps.gstatic.com/weather/v1/cloudy,Cloudy,en,CLOUDY,31.5,CELSIUS,38.6,CELSIUS,25.7,CELSIUS,38.6,CELSIUS,31.5,CELSIUS,20.0,RAIN,0.0,MILLIMETERS,0.0,MILLIMETERS,1008.97,225.0,SOUTHWEST,13.0,KILOMETERS_PER_HOUR,23.0,KILOMETERS_PER_HOUR,16.0,KILOMETERS,0.0,CELSIUS,32.6,CELSIUS,26.4,CELSIUS,0.0,MILLIMETERS,0.0302,MILLIMETERS,,,,2025-06-17 11:00:08.595000+07:00,1100
1156,90514,"Beungxang Secondary School - Xonbuly, Savannakhet ມັດທະຍົມ ບຶງຊ້າງ","Beungxang Secondary School - Xonbuly, Savannakhet ມັດທະຍົມ ບຶງຊ້າງ",16.388527,105.375363,2025-06-17T04:01:42.671114003Z,1.0,70.0,3.0,70.0,100.0,Asia/Vientiane,https://maps.gstatic.com/weather/v1/cloudy,Cloudy,en,CLOUDY,31.3,CELSIUS,38.3,CELSIUS,25.5,CELSIUS,38.3,CELSIUS,31.3,CELSIUS,20.0,RAIN,0.0,MILLIMETERS,0.0737,MILLIMETERS,1008.99,225.0,SOUTHWEST,14.0,KILOMETERS_PER_HOUR,26.0,KILOMETERS_PER_HOUR,16.0,KILOMETERS,-0.5,CELSIUS,32.9,CELSIUS,26.3,CELSIUS,0.0,MILLIMETERS,0.5259,MILLIMETERS,,,,2025-06-17 11:00:08.595000+07:00,1100
1157,90515,Vilabuly - Savannakhet,Vilabuly - Savannakhet,16.971649,105.944661,2025-06-17T04:01:43.965459922Z,1.0,70.0,4.0,70.0,92.0,Asia/Vientiane,https://maps.gstatic.com/weather/v1/strong_tstorms,Light thunderstorms and rain,en,LIGHT_THUNDERSTORM_RAIN,29.9,CELSIUS,34.7,CELSIUS,23.8,CELSIUS,34.7,CELSIUS,29.9,CELSIUS,40.0,RAIN,0.0,MILLIMETERS,0.20070000000000002,MILLIMETERS,1009.91,225.0,SOUTHWEST,16.0,KILOMETERS_PER_HOUR,37.0,KILOMETERS_PER_HOUR,16.0,KILOMETERS,1.2,CELSIUS,31.8,CELSIUS,24.3,CELSIUS,0.0,MILLIMETERS,3.4113,MILLIMETERS,,,,2025-06-17 11:00:08.595000+07:00,1100
1158,90516,"Phoummachedy Secondary School - Xayphouthong, Savannakhet ມັດທະຍົມ ພູມມະເຈດີ","Phoummachedy Secondary School - Xayphouthong, Savannakhet ມັດທະຍົມ ພູມມະເຈດີ",16.367044,105.005653,2025-06-17T04:01:45.266007639Z,1.0,70.0,3.0,70.0,100.0,Asia/Vientiane,https://maps.gstatic.com/weather/v1/cloudy,Cloudy,en,CLOUDY,31.5,CELSIUS,38.6,CELSIUS,25.7,CELSIUS,38.6,CELSIUS,31.5,CELSIUS,20.0,RAIN,0.0,MILLIMETERS,0.0,MILLIMETERS,1008.97,225.0,SOUTHWEST,13.0,KILOMETERS_PER_HOUR,23.0,KILOMETERS_PER_HOUR,16.0,KILOMETERS,0.0,CELSIUS,32.6,CELSIUS,26.4,CELSIUS,0.0,MILLIMETERS,0.0302,MILLIMETERS,,,,2025-06-17 11:00:08.595000+07:00,1100
1159,90517,Phalanxay - Savannakhet,Phalanxay - Savannakhet,16.661353,105.58791,2025-06-17T04:01:46.564108812Z,1.0,70.0,4.0,70.0,92.0,Asia/Vientiane,https://maps.gstatic.com/weather/v1/strong_tstorms,Light thunderstorms and rain,en,LIGHT_THUNDERSTORM_RAIN,29.9,CELSIUS,34.7,CELSIUS,23.8,CELSIUS,34.7,CELSIUS,29.9,CELSIUS,40.0,RAIN,0.0,MILLIMETERS,0.20070000000000002,MILLIMETERS,1009.9,225.0,SOUTHWEST,16.0,KILOMETERS_PER_HOUR,37.0,KILOMETERS_PER_HOUR,16.0,KILOMETERS,1.2,CELSIUS,31.8,CELSIUS,24.3,CELSIUS,0.0,MILLIMETERS,3.4113,MILLIMETERS,,,,2025-06-17 11:00:08.595000+07:00,1100
1160,90518,"Saravane Secondary School -Saravane, Saravane ມັດທະຍົມສົມບູນ ສາລະວັນ","Saravane Secondary School -Saravane, Saravane ມັດທະຍົມສົມບູນ ສາລະວັນ",15.707906,106.422189,2025-06-17T04:01:47.841400192Z,1.0,74.0,3.0,70.0,98.0,Asia/Vientiane,https://maps.gstatic.com/weather/v1/strong_tstorms,Light thunderstorms and rain,en,LIGHT_THUNDERSTORM_RAIN,30.1,CELSIUS,36.0,CELSIUS,24.8,CELSIUS,36.0,CELSIUS,30.1,CELSIUS,35.0,RAIN,0.0,MILLIMETERS,0.20070000000000002,MILLIMETERS,1009.74,270.0,WEST,6.0,KILOMETERS_PER_HOUR,11.0,KILOMETERS_PER_HOUR,16.0,KILOMETERS,-1.2,CELSIUS,31.7,CELSIUS,24.3,CELSIUS,0.0,MILLIMETERS,1.4886,MILLIMETERS,,,,2025-06-17 11:00:08.595000+07:00,1100
1161,90520,"Toomlarn Secondary School - Toomlarn, Saravane ມັດທະຍົມສົມບູນ ຕຸ້ມລານ","Toomlarn Secondary School - Toomlarn, Saravane ມັດທະຍົມສົມບູນ ຕຸ້ມລານ",15.994499,106.192399,2025-06-17T04:01:49.129340169Z,1.0,74.0,4.0,70.0,93.0,Asia/Vientiane,https://maps.gstatic.com/weather/v1/cloudy,Cloudy,en,CLOUDY,27.7,CELSIUS,33.0,CELSIUS,22.2,CELSIUS,33.0,CELSIUS,27.7,CELSIUS,20.0,RAIN,0.0,MILLIMETERS,0.1143,MILLIMETERS,1009.97,225.0,SOUTHWEST,11.0,KILOMETERS_PER_HOUR,19.0,KILOMETERS_PER_HOUR,16.0,KILOMETERS,-0.6000000000000001,CELSIUS,29.4,CELSIUS,22.8,CELSIUS,0.0,MILLIMETERS,1.3083,MILLIMETERS,,,,2025-06-17 11:00:08.595000+07:00,1100
1162,90521,"Lakhonesy Secondary School - Lakhonepheng, Saravane ມັດທະຍົມສົມບູນ ລະຄອນສີ","Lakhonesy Secondary School - Lakhonepheng, Saravane ມັດທະຍົມສົມບູນ ລະຄອນສີ",15.891245,105.567119,2025-06-17T04:01:50.398246123Z,1.0,75.0,3.0,70.0,100.0,Asia/Vientiane,https://maps.gstatic.com/weather/v1/cloudy,Cloudy,en,CLOUDY,30.3,CELSIUS,36.9,CELSIUS,25.6,CELSIUS,36.9,CELSIUS,30.3,CELSIUS,20.0,RAIN,0.0,MILLIMETERS,0.0533,MILLIMETERS,1009.92,225.0,SOUTHWEST,10.0,KILOMETERS_PER_HOUR,18.0,KILOMETERS_PER_HOUR,16.0,KILOMETERS,-1.1,CELSIUS,32.1,CELSIUS,25.8,CELSIUS,0.0,MILLIMETERS,1.1099,MILLIMETERS,,,,2025-06-17 11:00:08.595000+07:00,1100
1163,90522,Lao Ngarm - Salavan,Lao Ngarm - Salavan,15.461092,106.16172,2025-06-17T04:01:51.675460305Z,1.0,73.0,3.0,70.0,100.0,Asia/Vientiane,https://maps.gstatic.com/weather/v1/cloudy,Cloudy,en,CLOUDY,31.5,CELSIUS,37.6,CELSIUS,26.3,CELSIUS,37.6,CELSIUS,31.5,CELSIUS,20.0,RAIN,0.0,MILLIMETERS,0.06860000000000001,MILLIMETERS,1009.34,248.0,WEST_SOUTHWEST,11.0,KILOMETERS_PER_HOUR,21.0,KILOMETERS_PER_HOUR,16.0,KILOMETERS,-0.9,CELSIUS,33.2,CELSIUS,26.0,CELSIUS,0.0,MILLIMETERS,2.1513,MILLIMETERS,,,,2025-06-17 11:00:08.595000+07:00,1100
1164,90524,Khongxedone - Salavan,Khongxedone - Salavan,15.59088,105.804115,2025-06-17T04:01:52.962582963Z,1.0,75.0,3.0,70.0,100.0,Asia/Vientiane,https://maps.gstatic.com/weather/v1/cloudy,Cloudy,en,CLOUDY,30.3,CELSIUS,36.9,CELSIUS,25.6,CELSIUS,36.9,CELSIUS,30.3,CELSIUS,20.0,RAIN,0.0,MILLIMETERS,0.0533,MILLIMETERS,1009.92,225.0,SOUTHWEST,10.0,KILOMETERS_PER_HOUR,18.0,KILOMETERS_PER_HOUR,16.0,KILOMETERS,-1.1,CELSIUS,32.1,CELSIUS,25.8,CELSIUS,0.0,MILLIMETERS,1.1099,MILLIMETERS,,,,2025-06-17 11:00:08.595000+07:00,1100
1165,90526,Lamarm - Sekong ,Lamarm - Sekong ,15.352494,106.722444,2025-06-17T04:01:54.279688020Z,1.0,71.0,3.0,0.0,100.0,Asia/Vientiane,https://maps.gstatic.com/weather/v1/cloudy,Cloudy,en,CLOUDY,30.7,CELSIUS,36.9,CELSIUS,24.6,CELSIUS,36.9,CELSIUS,30.7,CELSIUS,10.0,RAIN,0.0,MILLIMETERS,0.040600000000000004,MILLIMETERS,1009.57,135.0,SOUTHEAST,3.0,KILOMETERS_PER_HOUR,6.0,KILOMETERS_PER_HOUR,16.0,KILOMETERS,-0.5,CELSIUS,31.5,CELSIUS,24.3,CELSIUS,0.0,MILLIMETERS,2.5221,MILLIMETERS,,,,2025-06-17 11:00:08.595000+07:00,1100
1166,90527,"Kaleum Secondary School - Kaleum, Sekong ມັດທະຍົມ ກະລຶມ","Kaleum Secondary School - Kaleum, Sekong ມັດທະຍົມ ກະລຶມ",15.784384,106.906754,2025-06-17T04:01:55.613272859Z,1.0,72.0,3.0,70.0,100.0,Asia/Vientiane,https://maps.gstatic.com/weather/v1/strong_tstorms,Light thunderstorms and rain,en,LIGHT_THUNDERSTORM_RAIN,27.2,CELSIUS,29.8,CELSIUS,21.8,CELSIUS,29.8,CELSIUS,27.2,CELSIUS,35.0,RAIN,0.0,MILLIMETERS,0.20570000000000002,MILLIMETERS,1011.47,248.0,WEST_SOUTHWEST,6.0,KILOMETERS_PER_HOUR,13.0,KILOMETERS_PER_HOUR,16.0,KILOMETERS,-0.6000000000000001,CELSIUS,28.1,CELSIUS,21.2,CELSIUS,0.0,MILLIMETERS,2.7355,MILLIMETERS,,,,2025-06-17 11:00:08.595000+07:00,1100
1167,90528,"Dakcheung Secondary School - Dakcheung, Sekongມັດທະຍົມສົມບູນ ດາກຈຶງ","Dakcheung Secondary School - Dakcheung, Sekongມັດທະຍົມສົມບູນ ດາກຈຶງ",15.467532,107.271451,,,,,,,,,,,,,,,,,,,,,,,,,,,,,,,,,,,,,,,,,,,,,,,404.0,Information is not supported for this location. Please try a different location.,NOT_FOUND,2025-06-17 11:00:08.595000+07:00,1100
1168,90529,Thateng -Sekong,Thateng -Sekong,15.434018,106.382399,2025-06-17T04:01:58.162337174Z,1.0,74.0,3.0,70.0,98.0,Asia/Vientiane,https://maps.gstatic.com/weather/v1/strong_tstorms,Light thunderstorms and rain,en,LIGHT_THUNDERSTORM_RAIN,34.0,CELSIUS,39.9,CELSIUS,28.7,CELSIUS,39.9,CELSIUS,34.0,CELSIUS,35.0,RAIN,0.0,MILLIMETERS,0.20070000000000002,MILLIMETERS,1009.73,270.0,WEST,6.0,KILOMETERS_PER_HOUR,11.0,KILOMETERS_PER_HOUR,16.0,KILOMETERS,-1.2,CELSIUS,35.6,CELSIUS,28.2,CELSIUS,0.0,MILLIMETERS,1.4886,MILLIMETERS,,,,2025-06-17 11:00:08.595000+07:00,1100
1169,90530,Pakse - Champasack,Pakse - Champasack,15.12006,105.80211,2025-06-17T04:01:59.437206910Z,1.0,77.0,3.0,70.0,100.0,Asia/Vientiane,https://maps.gstatic.com/weather/v1/cloudy,Cloudy,en,CLOUDY,30.1,CELSIUS,36.7,CELSIUS,25.6,CELSIUS,36.7,CELSIUS,30.1,CELSIUS,20.0,RAIN,0.0,MILLIMETERS,0.0762,MILLIMETERS,1009.97,180.0,SOUTH,6.0,KILOMETERS_PER_HOUR,14.0,KILOMETERS_PER_HOUR,16.0,KILOMETERS,-1.7,CELSIUS,32.9,CELSIUS,25.6,CELSIUS,0.0,MILLIMETERS,1.7222,MILLIMETERS,,,,2025-06-17 11:00:08.595000+07:00,1100
1175,91254,"Chomphet Secondary School - Sisattanak, Vientiane Capital ມັດທະຍົມສົມບູນ ຈອມເພັດ","Chomphet Secondary School - Sisattanak, Vientiane Capital ມັດທະຍົມສົມບູນ ຈອມເພັດ",17.910254,102.622708,2025-06-17T04:02:00.722855767Z,1.0,69.0,4.0,50.0,95.0,Asia/Vientiane,https://maps.gstatic.com/weather/v1/cloudy,Cloudy,en,CLOUDY,33.1,CELSIUS,42.6,CELSIUS,26.4,CELSIUS,42.6,CELSIUS,33.1,CELSIUS,25.0,RAIN,0.0,MILLIMETERS,0.0,MILLIMETERS,1008.79,225.0,SOUTHWEST,3.0,KILOMETERS_PER_HOUR,5.0,KILOMETERS_PER_HOUR,16.0,KILOMETERS,4.2,CELSIUS,32.8,CELSIUS,25.8,CELSIUS,0.0,MILLIMETERS,4.0006,MILLIMETERS,,,,2025-06-17 11:00:08.595000+07:00,1100
1229,152182,"ParkOu Secondary School - ParkOu, Luangprabang ມັດທະຍົມສົມບູນ ປາກອູ","ParkOu Secondary School - ParkOu, Luangprabang ມັດທະຍົມສົມບູນ ປາກອູ",20.087592,102.256569,2025-06-17T04:02:02.056945832Z,1.0,67.0,3.0,50.0,100.0,Asia/Vientiane,https://maps.gstatic.com/weather/v1/drizzle,Light rain,en,LIGHT_RAIN,30.0,CELSIUS,34.3,CELSIUS,23.2,CELSIUS,34.3,CELSIUS,30.0,CELSIUS,25.0,RAIN,0.0,MILLIMETERS,0.3226,MILLIMETERS,1008.17,235.0,SOUTHWEST,10.0,KILOMETERS_PER_HOUR,19.0,KILOMETERS_PER_HOUR,16.0,KILOMETERS,1.6,CELSIUS,30.7,CELSIUS,24.1,CELSIUS,0.0,MILLIMETERS,13.9144,MILLIMETERS,,,,2025-06-17 11:00:08.595000+07:00,1100
1230,152240,"Phoukhoune Secondary School - Phoukhoune, Luangprabang ມັດທະຍົມ ພູຄູນ","Phoukhoune Secondary School - Phoukhoune, Luangprabang ມັດທະຍົມ ພູຄູນ",19.438824,102.428042,2025-06-17T04:02:03.336261773Z,1.0,74.0,3.0,51.0,100.0,Asia/Vientiane,https://maps.gstatic.com/weather/v1/cloudy,Cloudy,en,CLOUDY,27.9,CELSIUS,30.3,CELSIUS,23.0,CELSIUS,30.3,CELSIUS,27.9,CELSIUS,26.0,RAIN,0.0,MILLIMETERS,0.09910000000000001,MILLIMETERS,1009.64,225.0,SOUTHWEST,8.0,KILOMETERS_PER_HOUR,21.0,KILOMETERS_PER_HOUR,16.0,KILOMETERS,3.7,CELSIUS,27.2,CELSIUS,20.6,CELSIUS,0.0,MILLIMETERS,9.6091,MILLIMETERS,,,,2025-06-17 11:00:08.595000+07:00,1100
1235,152548,"Longsane Secondary School - Longsane , Xaysomboun ມັດທະຍົມສົມບຸນ ລ້ອງຊານ","Longsane Secondary School - Longsane , Xaysomboun ມັດທະຍົມສົມບຸນ ລ້ອງຊານ",18.550145,103.003076,2025-06-17T04:02:04.624548407Z,1.0,67.0,4.0,29.0,95.0,Asia/Vientiane,https://maps.gstatic.com/weather/v1/cloudy,Cloudy,en,CLOUDY,25.9,CELSIUS,30.6,CELSIUS,18.8,CELSIUS,30.6,CELSIUS,25.9,CELSIUS,20.0,RAIN,0.0,MILLIMETERS,0.09910000000000001,MILLIMETERS,1009.51,250.0,WEST_SOUTHWEST,10.0,KILOMETERS_PER_HOUR,26.0,KILOMETERS_PER_HOUR,16.0,KILOMETERS,5.8,CELSIUS,25.5,CELSIUS,19.0,CELSIUS,0.0,MILLIMETERS,4.834,MILLIMETERS,,,,2025-06-17 11:00:08.595000+07:00,1100
1249,153774,Bachiangchaleunsook - Champasack,Bachiangchaleunsook - Champasack,15.060355,105.897898,2025-06-17T04:02:05.932936164Z,1.0,77.0,3.0,70.0,100.0,Asia/Vientiane,https://maps.gstatic.com/weather/v1/cloudy,Cloudy,en,CLOUDY,30.1,CELSIUS,36.7,CELSIUS,25.6,CELSIUS,36.7,CELSIUS,30.1,CELSIUS,20.0,RAIN,0.0,MILLIMETERS,0.0762,MILLIMETERS,1009.97,180.0,SOUTH,6.0,KILOMETERS_PER_HOUR,14.0,KILOMETERS_PER_HOUR,16.0,KILOMETERS,-1.7,CELSIUS,32.9,CELSIUS,25.6,CELSIUS,0.0,MILLIMETERS,1.7222,MILLIMETERS,,,,2025-06-17 11:00:08.595000+07:00,1100
1250,153777,"Dorntalath Secondary School - Champasack, Champasack ມັດທະຍົມ ດອນຕະລາດ","Dorntalath Secondary School - Champasack, Champasack ມັດທະຍົມ ດອນຕະລາດ",14.784126,105.819789,2025-06-17T04:02:07.234413676Z,1.0,85.0,3.0,70.0,100.0,Asia/Vientiane,https://maps.gstatic.com/weather/v1/cloudy,Cloudy,en,CLOUDY,29.0,CELSIUS,35.7,CELSIUS,25.8,CELSIUS,35.7,CELSIUS,29.0,CELSIUS,20.0,RAIN,0.0,MILLIMETERS,0.2743,MILLIMETERS,1010.0,180.0,SOUTH,5.0,KILOMETERS_PER_HOUR,8.0,KILOMETERS_PER_HOUR,16.0,KILOMETERS,-2.4,CELSIUS,32.8,CELSIUS,25.2,CELSIUS,0.0,MILLIMETERS,4.2647,MILLIMETERS,,,,2025-06-17 11:00:08.595000+07:00,1100
1251,153790,Khong - Champasack,Khong - Champasack,14.048226,105.896012,2025-06-17T04:02:08.555716375Z,1.0,80.0,3.0,70.0,100.0,Asia/Vientiane,https://maps.gstatic.com/weather/v1/cloudy,Cloudy,en,CLOUDY,29.6,CELSIUS,36.3,CELSIUS,25.8,CELSIUS,36.3,CELSIUS,29.6,CELSIUS,20.0,RAIN,0.0,MILLIMETERS,0.09910000000000001,MILLIMETERS,1009.96,225.0,SOUTHWEST,6.0,KILOMETERS_PER_HOUR,11.0,KILOMETERS_PER_HOUR,16.0,KILOMETERS,-2.3,CELSIUS,33.8,CELSIUS,25.6,CELSIUS,0.0,MILLIMETERS,9.256,MILLIMETERS,,,,2025-06-17 11:00:08.595000+07:00,1100
1252,153866,Samakkhixay - Attapeu,Samakkhixay - Attapeu,14.812678,106.829211,2025-06-17T04:02:09.871111420Z,1.0,76.0,3.0,0.0,100.0,Asia/Vientiane,https://maps.gstatic.com/weather/v1/cloudy,Cloudy,en,CLOUDY,30.0,CELSIUS,36.1,CELSIUS,25.1,CELSIUS,36.1,CELSIUS,30.0,CELSIUS,10.0,RAIN,0.0,MILLIMETERS,0.050800000000000005,MILLIMETERS,1010.1,248.0,WEST_SOUTHWEST,6.0,KILOMETERS_PER_HOUR,11.0,KILOMETERS_PER_HOUR,16.0,KILOMETERS,-1.5,CELSIUS,32.6,CELSIUS,24.4,CELSIUS,0.0,MILLIMETERS,8.8111,MILLIMETERS,,,,2025-06-17 11:00:08.595000+07:00,1100
1303,156307,UNICEF Lao PDR CO,UNICEF Lao PDR CO,17.9376508179,102.617231896,2025-06-17T04:02:11.129949585Z,1.0,69.0,4.0,50.0,95.0,Asia/Vientiane,https://maps.gstatic.com/weather/v1/cloudy,Cloudy,en,CLOUDY,33.1,CELSIUS,42.6,CELSIUS,26.4,CELSIUS,42.6,CELSIUS,33.1,CELSIUS,25.0,RAIN,0.0,MILLIMETERS,0.0,MILLIMETERS,1008.78,225.0,SOUTHWEST,3.0,KILOMETERS_PER_HOUR,5.0,KILOMETERS_PER_HOUR,16.0,KILOMETERS,4.2,CELSIUS,32.8,CELSIUS,25.8,CELSIUS,0.0,MILLIMETERS,4.0006,MILLIMETERS,,,,2025-06-17 11:00:08.595000+07:00,1100
1084,90402,"Sathit Secondary School - Xaythani, Vientiane Capital ມັດທະຍົມ ສາທິດ","Sathit Secondary School - Xaythani, Vientiane Capital ມັດທະຍົມ ສາທິດ",18.035248,102.63994,2025-06-17T05:00:10.213957747Z,1.0,70.0,4.0,60.0,95.0,Asia/Vientiane,https://maps.gstatic.com/weather/v1/cloudy,Cloudy,en,CLOUDY,32.8,CELSIUS,42.4,CELSIUS,26.6,CELSIUS,42.4,CELSIUS,32.8,CELSIUS,20.0,RAIN,0.0,MILLIMETERS,0.09910000000000001,MILLIMETERS,1008.37,200.0,SOUTH_SOUTHWEST,5.0,KILOMETERS_PER_HOUR,8.0,KILOMETERS_PER_HOUR,16.0,KILOMETERS,0.9,CELSIUS,32.9,CELSIUS,25.8,CELSIUS,0.0,MILLIMETERS,3.9651,MILLIMETERS,,,,2025-06-17 12:00:05.923000+07:00,1200
1085,90410,"Naxaithong Secondary School - Naxaithong, Vientiane Capital ມັດທະຍົມ ນາຊາຍທອງ","Naxaithong Secondary School - Naxaithong, Vientiane Capital ມັດທະຍົມ ນາຊາຍທອງ",18.068595,102.535866,2025-06-17T05:00:11.502209600Z,1.0,70.0,4.0,60.0,95.0,Asia/Vientiane,https://maps.gstatic.com/weather/v1/cloudy,Cloudy,en,CLOUDY,32.9,CELSIUS,42.9,CELSIUS,26.8,CELSIUS,42.9,CELSIUS,32.9,CELSIUS,20.0,RAIN,0.0,MILLIMETERS,0.1448,MILLIMETERS,1008.3,180.0,SOUTH,5.0,KILOMETERS_PER_HOUR,6.0,KILOMETERS_PER_HOUR,16.0,KILOMETERS,1.0,CELSIUS,33.0,CELSIUS,25.9,CELSIUS,0.0,MILLIMETERS,3.7976,MILLIMETERS,,,,2025-06-17 12:00:05.923000+07:00,1200
1086,90411,d83bda1bc98c Phongsaly - Phongsaly,d83bda1bc98c Phongsaly - Phongsaly,21.695,102.085,2025-06-17T05:00:12.793719312Z,1.0,79.0,3.0,40.0,100.0,Asia/Vientiane,https://maps.gstatic.com/weather/v1/drizzle,Light rain,en,LIGHT_RAIN,26.4,CELSIUS,29.2,CELSIUS,22.4,CELSIUS,29.2,CELSIUS,26.4,CELSIUS,40.0,RAIN,0.0,MILLIMETERS,0.39880000000000004,MILLIMETERS,1006.99,225.0,SOUTHWEST,5.0,KILOMETERS_PER_HOUR,14.0,KILOMETERS_PER_HOUR,16.0,KILOMETERS,-2.1,CELSIUS,28.5,CELSIUS,20.3,CELSIUS,0.0,MILLIMETERS,16.5124,MILLIMETERS,,,,2025-06-17 12:00:05.923000+07:00,1200
1087,90412,May - Phongsaly,May - Phongsaly,21.172583,102.722705,2025-06-17T05:00:14.078911643Z,1.0,78.0,3.0,30.0,100.0,Asia/Vientiane,https://maps.gstatic.com/weather/v1/drizzle,Light rain,en,LIGHT_RAIN,24.0,CELSIUS,26.1,CELSIUS,19.9,CELSIUS,26.1,CELSIUS,24.0,CELSIUS,40.0,RAIN,0.0,MILLIMETERS,0.5944,MILLIMETERS,1008.75,230.0,SOUTHWEST,11.0,KILOMETERS_PER_HOUR,23.0,KILOMETERS_PER_HOUR,16.0,KILOMETERS,-0.1,CELSIUS,25.9,CELSIUS,19.5,CELSIUS,0.0,MILLIMETERS,16.685200000000002,MILLIMETERS,,,,2025-06-17 12:00:05.923000+07:00,1200
1088,90413,"Natoon Secondary School - Khua, Phongsaly ມັດທະຍົມສົມບູນ ນາຕູ່ນ","Natoon Secondary School - Khua, Phongsaly ມັດທະຍົມສົມບູນ ນາຕູ່ນ",21.078865,102.505833,2025-06-17T05:00:15.329777202Z,1.0,73.0,3.0,30.0,100.0,Asia/Vientiane,https://maps.gstatic.com/weather/v1/drizzle,Light rain,en,LIGHT_RAIN,25.2,CELSIUS,27.9,CELSIUS,19.8,CELSIUS,27.9,CELSIUS,25.2,CELSIUS,25.0,RAIN,0.0,MILLIMETERS,0.2997,MILLIMETERS,1007.7,245.0,WEST_SOUTHWEST,11.0,KILOMETERS_PER_HOUR,26.0,KILOMETERS_PER_HOUR,16.0,KILOMETERS,-0.4,CELSIUS,26.4,CELSIUS,19.8,CELSIUS,0.0,MILLIMETERS,8.6107,MILLIMETERS,,,,2025-06-17 12:00:05.923000+07:00,1200
1089,90414,"Naxay Secondary School - Samphanh, Phongsaly ມັດທະຍົມສົມບູນ ນາໄຊ","Naxay Secondary School - Samphanh, Phongsaly ມັດທະຍົມສົມບູນ ນາໄຊ",21.346014,102.349329,2025-06-17T05:00:16.577757990Z,1.0,86.0,4.0,30.0,100.0,Asia/Vientiane,https://maps.gstatic.com/weather/v1/drizzle,Light rain,en,LIGHT_RAIN,15.9,CELSIUS,18.0,CELSIUS,13.4,CELSIUS,18.0,CELSIUS,15.9,CELSIUS,40.0,RAIN,0.0,MILLIMETERS,0.2997,MILLIMETERS,1008.05,250.0,WEST_SOUTHWEST,10.0,KILOMETERS_PER_HOUR,24.0,KILOMETERS_PER_HOUR,16.0,KILOMETERS,-1.2,CELSIUS,17.1,CELSIUS,10.8,CELSIUS,0.0,MILLIMETERS,13.625,MILLIMETERS,,,,2025-06-17 12:00:05.923000+07:00,1200
1090,90419,"Long Secondary School - Long, LuangNamtha ມັດທະຍົມສົມບູນ ເມືອງລອງ","Long Secondary School - Long, LuangNamtha ມັດທະຍົມສົມບູນ ເມືອງລອງ",20.962029,100.82109,2025-06-17T05:00:17.870017910Z,1.0,77.0,4.0,20.0,100.0,Asia/Vientiane,https://maps.gstatic.com/weather/v1/drizzle,Light rain,en,LIGHT_RAIN,26.4,CELSIUS,29.0,CELSIUS,21.9,CELSIUS,29.0,CELSIUS,26.4,CELSIUS,25.0,RAIN,0.0,MILLIMETERS,0.34800000000000003,MILLIMETERS,1008.39,225.0,SOUTHWEST,8.0,KILOMETERS_PER_HOUR,14.0,KILOMETERS_PER_HOUR,16.0,KILOMETERS,-0.9,CELSIUS,27.3,CELSIUS,21.9,CELSIUS,0.0,MILLIMETERS,8.8368,MILLIMETERS,,,,2025-06-17 12:00:05.923000+07:00,1200
1091,90421,"Sing Secondary School - Sing, LuangNamtha ມັດທະຍົມສົມບູນ ເມືອງສິງ","Sing Secondary School - Sing, LuangNamtha ມັດທະຍົມສົມບູນ ເມືອງສິງ",21.190223,101.144937,2025-06-17T05:00:19.144452261Z,1.0,77.0,4.0,20.0,100.0,Asia/Vientiane,https://maps.gstatic.com/weather/v1/drizzle,Light rain,en,LIGHT_RAIN,26.4,CELSIUS,29.0,CELSIUS,21.9,CELSIUS,29.0,CELSIUS,26.4,CELSIUS,25.0,RAIN,0.0,MILLIMETERS,0.34800000000000003,MILLIMETERS,1008.39,225.0,SOUTHWEST,8.0,KILOMETERS_PER_HOUR,14.0,KILOMETERS_PER_HOUR,16.0,KILOMETERS,-0.9,CELSIUS,27.3,CELSIUS,21.9,CELSIUS,0.0,MILLIMETERS,8.8368,MILLIMETERS,,,,2025-06-17 12:00:05.923000+07:00,1200
1092,90422,Nalae - Louangnamtha,Nalae - Louangnamtha,20.536617,101.447461,2025-06-17T05:00:20.408597965Z,1.0,68.0,4.0,60.0,100.0,Asia/Vientiane,https://maps.gstatic.com/weather/v1/cloudy,Cloudy,en,CLOUDY,28.6,CELSIUS,31.7,CELSIUS,21.9,CELSIUS,31.7,CELSIUS,28.6,CELSIUS,20.0,RAIN,0.0,MILLIMETERS,0.1041,MILLIMETERS,1008.04,225.0,SOUTHWEST,10.0,KILOMETERS_PER_HOUR,18.0,KILOMETERS_PER_HOUR,16.0,KILOMETERS,0.7000000000000001,CELSIUS,29.2,CELSIUS,22.9,CELSIUS,0.0,MILLIMETERS,7.6325,MILLIMETERS,,,,2025-06-17 12:00:05.923000+07:00,1200
1093,90424,"La Secondary School - La, Oudomxai ມັດທະຍົມສົມບູນ ເມືອງຫລາ","La Secondary School - La, Oudomxai ມັດທະຍົມສົມບູນ ເມືອງຫລາ",20.870865,102.110246,2025-06-17T05:00:21.690470359Z,1.0,73.0,3.0,30.0,100.0,Asia/Vientiane,https://maps.gstatic.com/weather/v1/drizzle,Light rain,en,LIGHT_RAIN,25.9,CELSIUS,28.5,CELSIUS,20.5,CELSIUS,28.5,CELSIUS,25.9,CELSIUS,25.0,RAIN,0.0,MILLIMETERS,0.2997,MILLIMETERS,1007.7,245.0,WEST_SOUTHWEST,11.0,KILOMETERS_PER_HOUR,26.0,KILOMETERS_PER_HOUR,16.0,KILOMETERS,-0.4,CELSIUS,27.1,CELSIUS,20.5,CELSIUS,0.0,MILLIMETERS,8.6107,MILLIMETERS,,,,2025-06-17 12:00:05.923000+07:00,1200
1094,90425,"Namor Secondary School - Namor, Oudomxay ມັດທະຍົມ ເມືອງນາໝໍ້","Namor Secondary School - Namor, Oudomxay ມັດທະຍົມ ເມືອງນາໝໍ້",20.914061,101.764456,2025-06-17T05:00:22.983470120Z,1.0,69.0,4.0,30.0,100.0,Asia/Vientiane,https://maps.gstatic.com/weather/v1/cloudy,Cloudy,en,CLOUDY,27.2,CELSIUS,30.3,CELSIUS,20.6,CELSIUS,30.3,CELSIUS,27.2,CELSIUS,25.0,RAIN,0.0,MILLIMETERS,0.2134,MILLIMETERS,1007.99,225.0,SOUTHWEST,10.0,KILOMETERS_PER_HOUR,18.0,KILOMETERS_PER_HOUR,16.0,KILOMETERS,0.6000000000000001,CELSIUS,27.8,CELSIUS,20.8,CELSIUS,0.0,MILLIMETERS,7.3051,MILLIMETERS,,,,2025-06-17 12:00:05.923000+07:00,1200
1095,90426,Nga - Oudomxai,Nga - Oudomxai,20.282849,101.973769,2025-06-17T05:00:24.277353341Z,1.0,72.0,3.0,40.0,100.0,Asia/Vientiane,https://maps.gstatic.com/weather/v1/drizzle,Light rain,en,LIGHT_RAIN,29.7,CELSIUS,33.9,CELSIUS,24.0,CELSIUS,33.9,CELSIUS,29.7,CELSIUS,25.0,RAIN,0.0,MILLIMETERS,0.39880000000000004,MILLIMETERS,1007.63,205.0,SOUTH_SOUTHWEST,14.0,KILOMETERS_PER_HOUR,27.0,KILOMETERS_PER_HOUR,16.0,KILOMETERS,1.6,CELSIUS,28.8,CELSIUS,24.4,CELSIUS,0.0,MILLIMETERS,15.5221,MILLIMETERS,,,,2025-06-17 12:00:05.923000+07:00,1200
1096,90427,Beng - Oudomxai,Beng - Oudomxai,20.296295,101.639666,2025-06-17T05:00:25.565560964Z,1.0,68.0,4.0,60.0,100.0,Asia/Vientiane,https://maps.gstatic.com/weather/v1/cloudy,Cloudy,en,CLOUDY,28.6,CELSIUS,31.7,CELSIUS,21.9,CELSIUS,31.7,CELSIUS,28.6,CELSIUS,20.0,RAIN,0.0,MILLIMETERS,0.1041,MILLIMETERS,1008.04,225.0,SOUTHWEST,10.0,KILOMETERS_PER_HOUR,18.0,KILOMETERS_PER_HOUR,16.0,KILOMETERS,0.7000000000000001,CELSIUS,29.2,CELSIUS,22.9,CELSIUS,0.0,MILLIMETERS,7.6325,MILLIMETERS,,,,2025-06-17 12:00:05.923000+07:00,1200
1097,90428,"Hoon Secondary School - Hoon, Oudomxay ມັດທະຍົມ ເມືອງຮຸນ","Hoon Secondary School - Hoon, Oudomxay ມັດທະຍົມ ເມືອງຮຸນ",20.146431,101.467765,2025-06-17T05:00:26.859649848Z,1.0,68.0,4.0,60.0,100.0,Asia/Vientiane,https://maps.gstatic.com/weather/v1/cloudy,Cloudy,en,CLOUDY,28.6,CELSIUS,31.7,CELSIUS,21.9,CELSIUS,31.7,CELSIUS,28.6,CELSIUS,20.0,RAIN,0.0,MILLIMETERS,0.1041,MILLIMETERS,1008.04,225.0,SOUTHWEST,10.0,KILOMETERS_PER_HOUR,18.0,KILOMETERS_PER_HOUR,16.0,KILOMETERS,0.7000000000000001,CELSIUS,29.2,CELSIUS,22.9,CELSIUS,0.0,MILLIMETERS,7.6325,MILLIMETERS,,,,2025-06-17 12:00:05.923000+07:00,1200
1098,90430,"Nampook Secondary School - Huoixai, Bokeo ມັດທະຍົມສົມບູນ ນ້ຳປຸກ","Nampook Secondary School - Huoixai, Bokeo ມັດທະຍົມສົມບູນ ນ້ຳປຸກ",20.217811,100.565439,2025-06-17T05:00:28.154898827Z,1.0,70.0,3.0,40.0,100.0,Asia/Vientiane,https://maps.gstatic.com/weather/v1/drizzle,Light rain,en,LIGHT_RAIN,29.9,CELSIUS,34.7,CELSIUS,23.7,CELSIUS,34.7,CELSIUS,29.9,CELSIUS,20.0,RAIN,0.0,MILLIMETERS,0.2311,MILLIMETERS,1007.44,203.0,SOUTH_SOUTHWEST,8.0,KILOMETERS_PER_HOUR,14.0,KILOMETERS_PER_HOUR,16.0,KILOMETERS,-0.1,CELSIUS,30.6,CELSIUS,24.2,CELSIUS,0.0,MILLIMETERS,26.4287,MILLIMETERS,,,,2025-06-17 12:00:05.923000+07:00,1200
1099,90432,Meung - Bokeo,Meung - Bokeo,20.565749,100.592003,2025-06-17T05:00:29.428200730Z,1.0,71.0,4.0,30.0,100.0,Asia/Vientiane,https://maps.gstatic.com/weather/v1/cloudy,Cloudy,en,CLOUDY,25.9,CELSIUS,29.5,CELSIUS,20.3,CELSIUS,29.5,CELSIUS,25.9,CELSIUS,25.0,RAIN,0.0,MILLIMETERS,0.23370000000000002,MILLIMETERS,1007.99,203.0,SOUTH_SOUTHWEST,8.0,KILOMETERS_PER_HOUR,14.0,KILOMETERS_PER_HOUR,16.0,KILOMETERS,0.0,CELSIUS,26.5,CELSIUS,20.4,CELSIUS,0.0,MILLIMETERS,13.2538,MILLIMETERS,,,,2025-06-17 12:00:05.923000+07:00,1200
1100,90433,Pha Oudom - Bokeo,Pha Oudom - Bokeo,20.086216,100.831707,2025-06-17T05:00:30.689766199Z,1.0,79.0,4.0,30.0,100.0,Asia/Vientiane,https://maps.gstatic.com/weather/v1/drizzle,Light rain,en,LIGHT_RAIN,22.9,CELSIUS,26.0,CELSIUS,18.7,CELSIUS,26.0,CELSIUS,22.9,CELSIUS,40.0,RAIN,0.0,MILLIMETERS,0.6833,MILLIMETERS,1008.99,248.0,WEST_SOUTHWEST,6.0,KILOMETERS_PER_HOUR,13.0,KILOMETERS_PER_HOUR,16.0,KILOMETERS,-1.2,CELSIUS,24.9,CELSIUS,18.8,CELSIUS,0.0,MILLIMETERS,13.0177,MILLIMETERS,,,,2025-06-17 12:00:05.923000+07:00,1200
1101,90435,"Santiphab Secondary School - Luangprabang, Luangprabang ມັດທະຍົມ ສັນຕິພາບ","Santiphab Secondary School - Luangprabang, Luangprabang ມັດທະຍົມ ສັນຕິພາບ",19.880332,102.139832,2025-06-17T05:00:31.944155523Z,1.0,62.0,4.0,50.0,100.0,Asia/Vientiane,https://maps.gstatic.com/weather/v1/cloudy,Cloudy,en,CLOUDY,31.0,CELSIUS,35.5,CELSIUS,22.9,CELSIUS,35.5,CELSIUS,31.0,CELSIUS,25.0,RAIN,0.0,MILLIMETERS,0.3099,MILLIMETERS,1007.42,225.0,SOUTHWEST,10.0,KILOMETERS_PER_HOUR,19.0,KILOMETERS_PER_HOUR,16.0,KILOMETERS,0.2,CELSIUS,30.8,CELSIUS,24.2,CELSIUS,0.0,MILLIMETERS,14.0921,MILLIMETERS,,,,2025-06-17 12:00:05.923000+07:00,1200
1102,90437,"PakXeng Secondary School - PakXeng, Luangprabang ມັດທະຍົມສົມບູນ ປາກແຊງ","PakXeng Secondary School - PakXeng, Luangprabang ມັດທະຍົມສົມບູນ ປາກແຊງ",20.174492,102.675657,2025-06-17T05:00:33.187799327Z,1.0,77.0,4.0,40.0,100.0,Asia/Vientiane,https://maps.gstatic.com/weather/v1/drizzle,Light rain,en,LIGHT_RAIN,23.3,CELSIUS,25.8,CELSIUS,19.0,CELSIUS,25.8,CELSIUS,23.3,CELSIUS,25.0,RAIN,0.0,MILLIMETERS,0.4801,MILLIMETERS,1008.29,235.0,SOUTHWEST,8.0,KILOMETERS_PER_HOUR,18.0,KILOMETERS_PER_HOUR,16.0,KILOMETERS,2.0,CELSIUS,22.1,CELSIUS,18.0,CELSIUS,0.0,MILLIMETERS,17.041,MILLIMETERS,,,,2025-06-17 12:00:05.923000+07:00,1200
1103,90438,"Phonxay Secpondary School - Phonxay, Luangprabang ມັດທະຍົມສົມບູນ ເມືອງໂພນໄຊ","Phonxay Secpondary School - Phonxay, Luangprabang ມັດທະຍົມສົມບູນ ເມືອງໂພນໄຊ",19.958916,102.572347,,,,,,,,,,,,,,,,,,,,,,,,,,,,,,,,,,,,,,,,,,,,,,,404.0,Information is not supported for this location. Please try a different location.,NOT_FOUND,2025-06-17 12:00:05.923000+07:00,1200
1104,90440,"Vangxieng Secondary School - Phonthong, Luangprabang ມັດທະຍົມ ວັງຊຽງ","Vangxieng Secondary School - Phonthong, Luangprabang ມັດທະຍົມ ວັງຊຽງ",20.737745,103.073231,2025-06-17T05:00:35.735217981Z,1.0,78.0,3.0,30.0,100.0,Asia/Vientiane,https://maps.gstatic.com/weather/v1/drizzle,Light rain,en,LIGHT_RAIN,24.6,CELSIUS,26.8,CELSIUS,20.6,CELSIUS,26.8,CELSIUS,24.6,CELSIUS,40.0,RAIN,0.0,MILLIMETERS,0.5944,MILLIMETERS,1008.74,230.0,SOUTHWEST,11.0,KILOMETERS_PER_HOUR,23.0,KILOMETERS_PER_HOUR,16.0,KILOMETERS,-0.2,CELSIUS,26.6,CELSIUS,20.2,CELSIUS,0.0,MILLIMETERS,16.685200000000002,MILLIMETERS,,,,2025-06-17 12:00:05.923000+07:00,1200
1105,90441,"Kiwkachum Secondary School - XiengNgeun, Luangprabang ມັດທະຍົມ ກິ່ວກະຈຳ","Kiwkachum Secondary School - XiengNgeun, Luangprabang ມັດທະຍົມ ກິ່ວກະຈຳ",19.555,102.234,2025-06-17T05:00:37.009361443Z,1.0,80.0,4.0,70.0,100.0,Asia/Vientiane,https://maps.gstatic.com/weather/v1/strong_tstorms,Light thunderstorms and rain,en,LIGHT_THUNDERSTORM_RAIN,26.6,CELSIUS,28.8,CELSIUS,22.9,CELSIUS,28.8,CELSIUS,26.6,CELSIUS,50.0,RAIN,0.0,MILLIMETERS,0.20070000000000002,MILLIMETERS,1009.49,225.0,SOUTHWEST,10.0,KILOMETERS_PER_HOUR,29.0,KILOMETERS_PER_HOUR,16.0,KILOMETERS,1.9000000000000001,CELSIUS,27.5,CELSIUS,20.6,CELSIUS,0.0,MILLIMETERS,8.8395,MILLIMETERS,,,,2025-06-17 12:00:05.923000+07:00,1200
1106,90442,"Nan Secondary School - Nan, Luangprabang ມັດທະຍົມ ເມືອງນານ","Nan Secondary School - Nan, Luangprabang ມັດທະຍົມ ເມືອງນານ",19.498539,101.883867,2025-06-17T05:00:38.262135840Z,1.0,78.0,4.0,70.0,100.0,Asia/Vientiane,https://maps.gstatic.com/weather/v1/strong_tstorms,Light thunderstorms and rain,en,LIGHT_THUNDERSTORM_RAIN,23.1,CELSIUS,26.2,CELSIUS,18.9,CELSIUS,26.2,CELSIUS,23.1,CELSIUS,75.0,RAIN,0.0,MILLIMETERS,1.6383,MILLIMETERS,1008.99,203.0,SOUTH_SOUTHWEST,6.0,KILOMETERS_PER_HOUR,11.0,KILOMETERS_PER_HOUR,15.0,KILOMETERS,-0.9,CELSIUS,24.5,CELSIUS,19.1,CELSIUS,0.0,MILLIMETERS,18.9055,MILLIMETERS,,,,2025-06-17 12:00:05.923000+07:00,1200
1107,90447,Xamneua - Houaphan,Xamneua - Houaphan,20.413807,104.050733,2025-06-17T05:00:39.538288574Z,1.0,66.0,4.0,70.0,100.0,Asia/Vientiane,https://maps.gstatic.com/weather/v1/drizzle,Light rain,en,LIGHT_RAIN,27.4,CELSIUS,29.4,CELSIUS,20.3,CELSIUS,29.4,CELSIUS,27.4,CELSIUS,25.0,RAIN,0.0,MILLIMETERS,0.20070000000000002,MILLIMETERS,1007.64,285.0,WEST_NORTHWEST,8.0,KILOMETERS_PER_HOUR,21.0,KILOMETERS_PER_HOUR,16.0,KILOMETERS,2.3,CELSIUS,25.6,CELSIUS,20.3,CELSIUS,0.0,MILLIMETERS,6.4645,MILLIMETERS,,,,2025-06-17 12:00:05.923000+07:00,1200
1108,90449,"BouamNgam Secondary School - Huameuang, Houaphan  ມັດທະຍົມ ບວມງາມ","BouamNgam Secondary School - Huameuang, Houaphan  ມັດທະຍົມ ບວມງາມ",20.199501,103.875166,2025-06-17T05:00:40.826319495Z,1.0,69.0,4.0,70.0,100.0,Asia/Vientiane,https://maps.gstatic.com/weather/v1/drizzle,Light rain,en,LIGHT_RAIN,25.6,CELSIUS,27.4,CELSIUS,19.4,CELSIUS,27.4,CELSIUS,25.6,CELSIUS,25.0,RAIN,0.0,MILLIMETERS,0.39880000000000004,MILLIMETERS,1008.96,230.0,SOUTHWEST,11.0,KILOMETERS_PER_HOUR,27.0,KILOMETERS_PER_HOUR,16.0,KILOMETERS,3.0,CELSIUS,23.8,CELSIUS,19.1,CELSIUS,0.0,MILLIMETERS,8.4154,MILLIMETERS,,,,2025-06-17 12:00:05.923000+07:00,1200
1109,90450,Xamtay - Houaphan,Xamtay - Houaphan,19.999194,104.64011,2025-06-17T05:00:42.139587690Z,1.0,58.0,4.0,70.0,99.0,Asia/Vientiane,https://maps.gstatic.com/weather/v1/cloudy,Cloudy,en,CLOUDY,27.6,CELSIUS,29.6,CELSIUS,18.5,CELSIUS,29.6,CELSIUS,27.6,CELSIUS,25.0,RAIN,0.0,MILLIMETERS,0.17020000000000002,MILLIMETERS,1007.92,250.0,WEST_SOUTHWEST,11.0,KILOMETERS_PER_HOUR,22.0,KILOMETERS_PER_HOUR,16.0,KILOMETERS,3.0,CELSIUS,25.9,CELSIUS,19.1,CELSIUS,0.0,MILLIMETERS,3.1345,MILLIMETERS,,,,2025-06-17 12:00:05.923000+07:00,1200
1110,90451,"Add Secondary School - Add, Houaphan ມັດທະຍົມ ແອດ","Add Secondary School - Add, Houaphan ມັດທະຍົມ ແອດ",20.820542,104.004618,,,,,,,,,,,,,,,,,,,,,,,,,,,,,,,,,,,,,,,,,,,,,,,404.0,Information is not supported for this location. Please try a different location.,NOT_FOUND,2025-06-17 12:00:05.923000+07:00,1200
1111,90452,Xon - Houaphan,Xon - Houaphan,20.466813,103.34797,2025-06-17T05:00:44.655495590Z,1.0,69.0,4.0,70.0,100.0,Asia/Vientiane,https://maps.gstatic.com/weather/v1/drizzle,Light rain,en,LIGHT_RAIN,23.0,CELSIUS,24.8,CELSIUS,16.8,CELSIUS,24.8,CELSIUS,23.0,CELSIUS,25.0,RAIN,0.0,MILLIMETERS,0.39880000000000004,MILLIMETERS,1008.95,230.0,SOUTHWEST,11.0,KILOMETERS_PER_HOUR,27.0,KILOMETERS_PER_HOUR,16.0,KILOMETERS,3.0,CELSIUS,21.2,CELSIUS,16.5,CELSIUS,0.0,MILLIMETERS,8.4154,MILLIMETERS,,,,2025-06-17 12:00:05.923000+07:00,1200
1112,90453,Xiengkhor - Houaphan,Xiengkhor - Houaphan,20.813892,104.146676,,,,,,,,,,,,,,,,,,,,,,,,,,,,,,,,,,,,,,,,,,,,,,,404.0,Information is not supported for this location. Please try a different location.,NOT_FOUND,2025-06-17 12:00:05.923000+07:00,1200
1113,90454," Viengthong Secondary School - Hiem, Houaphan ມັດທະຍົມ ວຽງທອງ"," Viengthong Secondary School - Hiem, Houaphan ມັດທະຍົມ ວຽງທອງ",20.099855,103.380396,2025-06-17T05:00:47.182834629Z,1.0,69.0,4.0,70.0,100.0,Asia/Vientiane,https://maps.gstatic.com/weather/v1/drizzle,Light rain,en,LIGHT_RAIN,23.0,CELSIUS,24.8,CELSIUS,16.8,CELSIUS,24.8,CELSIUS,23.0,CELSIUS,25.0,RAIN,0.0,MILLIMETERS,0.39880000000000004,MILLIMETERS,1008.95,230.0,SOUTHWEST,11.0,KILOMETERS_PER_HOUR,27.0,KILOMETERS_PER_HOUR,16.0,KILOMETERS,3.0,CELSIUS,21.2,CELSIUS,16.5,CELSIUS,0.0,MILLIMETERS,8.4154,MILLIMETERS,,,,2025-06-17 12:00:05.923000+07:00,1200
1114,90455,"Sopbao Secondary School - Sopbao, Houaphan ມັດທະຍົມ ສົບເບົາ","Sopbao Secondary School - Sopbao, Houaphan ມັດທະຍົມ ສົບເບົາ",20.710206,104.384946,2025-06-17T05:00:48.482379760Z,1.0,66.0,4.0,70.0,100.0,Asia/Vientiane,https://maps.gstatic.com/weather/v1/drizzle,Light rain,en,LIGHT_RAIN,23.5,CELSIUS,25.5,CELSIUS,16.4,CELSIUS,25.5,CELSIUS,23.5,CELSIUS,25.0,RAIN,0.0,MILLIMETERS,0.20070000000000002,MILLIMETERS,1007.64,285.0,WEST_NORTHWEST,8.0,KILOMETERS_PER_HOUR,21.0,KILOMETERS_PER_HOUR,16.0,KILOMETERS,2.3,CELSIUS,21.7,CELSIUS,16.4,CELSIUS,0.0,MILLIMETERS,6.4645,MILLIMETERS,,,,2025-06-17 12:00:05.923000+07:00,1200
1115,90456,"Kuan Secondary School - Kuan, Houaphan ມັດທະຍົມສົມບູນ ກັວນ","Kuan Secondary School - Kuan, Houaphan ມັດທະຍົມສົມບູນ ກັວນ",19.835863,104.561303,2025-06-17T05:00:49.772179205Z,1.0,58.0,4.0,70.0,99.0,Asia/Vientiane,https://maps.gstatic.com/weather/v1/cloudy,Cloudy,en,CLOUDY,28.9,CELSIUS,30.9,CELSIUS,19.8,CELSIUS,30.9,CELSIUS,28.9,CELSIUS,25.0,RAIN,0.0,MILLIMETERS,0.17020000000000002,MILLIMETERS,1007.91,250.0,WEST_SOUTHWEST,11.0,KILOMETERS_PER_HOUR,22.0,KILOMETERS_PER_HOUR,16.0,KILOMETERS,3.0,CELSIUS,27.2,CELSIUS,20.4,CELSIUS,0.0,MILLIMETERS,3.1345,MILLIMETERS,,,,2025-06-17 12:00:05.923000+07:00,1200
1116,90457,"Khob Secondary School - Khob, Xayabouli ມັດທະຍົມ ເມືອງຄອບ","Khob Secondary School - Khob, Xayabouli ມັດທະຍົມ ເມືອງຄອບ",19.699713,100.5572,2025-06-17T05:00:51.035315702Z,1.0,74.0,3.0,60.0,100.0,Asia/Vientiane,https://maps.gstatic.com/weather/v1/strong_tstorms,Light thunderstorms and rain,en,LIGHT_THUNDERSTORM_RAIN,28.4,CELSIUS,32.2,CELSIUS,23.3,CELSIUS,32.2,CELSIUS,28.4,CELSIUS,75.0,RAIN,0.0,MILLIMETERS,2.1438,MILLIMETERS,1008.85,203.0,SOUTH_SOUTHWEST,10.0,KILOMETERS_PER_HOUR,18.0,KILOMETERS_PER_HOUR,16.0,KILOMETERS,0.5,CELSIUS,28.9,CELSIUS,23.7,CELSIUS,0.0,MILLIMETERS,12.0142,MILLIMETERS,,,,2025-06-17 12:00:05.923000+07:00,1200
1117,90458,"Hongsa Secondary School - Hongsa, Xaignabouly ມັດທະຍົມສົມບູນ ຫົງສາ","Hongsa Secondary School - Hongsa, Xaignabouly ມັດທະຍົມສົມບູນ ຫົງສາ",19.70693,101.342893,2025-06-17T05:00:52.291439096Z,1.0,78.0,4.0,70.0,100.0,Asia/Vientiane,https://maps.gstatic.com/weather/v1/strong_tstorms,Light thunderstorms and rain,en,LIGHT_THUNDERSTORM_RAIN,24.4,CELSIUS,27.5,CELSIUS,20.2,CELSIUS,27.5,CELSIUS,24.4,CELSIUS,75.0,RAIN,0.0,MILLIMETERS,1.6383,MILLIMETERS,1008.99,203.0,SOUTH_SOUTHWEST,6.0,KILOMETERS_PER_HOUR,11.0,KILOMETERS_PER_HOUR,15.0,KILOMETERS,-0.9,CELSIUS,25.8,CELSIUS,20.4,CELSIUS,0.0,MILLIMETERS,18.9055,MILLIMETERS,,,,2025-06-17 12:00:05.923000+07:00,1200
1118,90459,Phiang - Xaignabouly,Phiang - Xaignabouly,19.094645,101.529558,2025-06-17T05:00:53.603119222Z,1.0,66.0,3.0,70.0,100.0,Asia/Vientiane,https://maps.gstatic.com/weather/v1/cloudy,Cloudy,en,CLOUDY,29.5,CELSIUS,33.2,CELSIUS,22.7,CELSIUS,33.2,CELSIUS,29.5,CELSIUS,20.0,RAIN,0.0,MILLIMETERS,0.22610000000000002,MILLIMETERS,1008.07,203.0,SOUTH_SOUTHWEST,6.0,KILOMETERS_PER_HOUR,11.0,KILOMETERS_PER_HOUR,16.0,KILOMETERS,-0.1,CELSIUS,30.9,CELSIUS,23.7,CELSIUS,0.0,MILLIMETERS,4.544,MILLIMETERS,,,,2025-06-17 12:00:05.923000+07:00,1200
1119,90460,Parklai - Xaignabouly,Parklai - Xaignabouly,18.220795,101.405717,2025-06-17T05:00:54.859503496Z,1.0,64.0,3.0,1.0,100.0,Asia/Vientiane,https://maps.gstatic.com/weather/v1/cloudy,Cloudy,en,CLOUDY,30.5,CELSIUS,35.6,CELSIUS,22.4,CELSIUS,35.6,CELSIUS,30.5,CELSIUS,10.0,RAIN,0.0,MILLIMETERS,0.0,MILLIMETERS,1007.98,225.0,SOUTHWEST,10.0,KILOMETERS_PER_HOUR,16.0,KILOMETERS_PER_HOUR,16.0,KILOMETERS,0.4,CELSIUS,31.7,CELSIUS,24.4,CELSIUS,0.0,MILLIMETERS,1.4197,MILLIMETERS,,,,2025-06-17 12:00:05.923000+07:00,1200
1120,90463,"Ekaphab Secondary School - Xayabury, Xayabury ມັດທະຍົມ ເອກະພາບ","Ekaphab Secondary School - Xayabury, Xayabury ມັດທະຍົມ ເອກະພາບ",19.237566,101.714751,2025-06-17T05:00:56.133583687Z,1.0,71.0,3.0,70.0,100.0,Asia/Vientiane,https://maps.gstatic.com/weather/v1/strong_tstorms,Light thunderstorms and rain,en,LIGHT_THUNDERSTORM_RAIN,29.2,CELSIUS,33.4,CELSIUS,23.4,CELSIUS,33.4,CELSIUS,29.2,CELSIUS,35.0,RAIN,0.0,MILLIMETERS,0.2464,MILLIMETERS,1008.13,203.0,SOUTH_SOUTHWEST,8.0,KILOMETERS_PER_HOUR,14.0,KILOMETERS_PER_HOUR,16.0,KILOMETERS,-0.9,CELSIUS,30.7,CELSIUS,24.8,CELSIUS,0.0,MILLIMETERS,7.1805,MILLIMETERS,,,,2025-06-17 12:00:05.923000+07:00,1200
1121,90465,Xienghone - Xaignabouly ,Xienghone - Xaignabouly ,19.631763,100.814901,2025-06-17T05:00:57.412849566Z,1.0,78.0,4.0,70.0,100.0,Asia/Vientiane,https://maps.gstatic.com/weather/v1/strong_tstorms,Light thunderstorms and rain,en,LIGHT_THUNDERSTORM_RAIN,24.6,CELSIUS,27.9,CELSIUS,20.3,CELSIUS,27.9,CELSIUS,24.6,CELSIUS,45.0,RAIN,0.0,MILLIMETERS,0.9855,MILLIMETERS,1008.99,225.0,SOUTHWEST,10.0,KILOMETERS_PER_HOUR,16.0,KILOMETERS_PER_HOUR,16.0,KILOMETERS,-0.2,CELSIUS,25.0,CELSIUS,20.2,CELSIUS,0.0,MILLIMETERS,15.0292,MILLIMETERS,,,,2025-06-17 12:00:05.923000+07:00,1200
1122,90466,"Kenethao Secondary School - Kenethao, Xayabury ມັດທະຍົມສົມບຸນ ແກ່ນທ້າວ","Kenethao Secondary School - Kenethao, Xayabury ມັດທະຍົມສົມບຸນ ແກ່ນທ້າວ",17.740569,101.403471,2025-06-17T05:00:58.671742474Z,1.0,65.0,4.0,70.0,100.0,Asia/Vientiane,https://maps.gstatic.com/weather/v1/strong_tstorms,Light thunderstorms and rain,en,LIGHT_THUNDERSTORM_RAIN,31.3,CELSIUS,36.9,CELSIUS,24.2,CELSIUS,36.9,CELSIUS,31.3,CELSIUS,40.0,RAIN,0.0,MILLIMETERS,0.4318,MILLIMETERS,1007.23,203.0,SOUTH_SOUTHWEST,8.0,KILOMETERS_PER_HOUR,15.0,KILOMETERS_PER_HOUR,16.0,KILOMETERS,-0.7000000000000001,CELSIUS,33.0,CELSIUS,25.2,CELSIUS,0.0,MILLIMETERS,1.1963,MILLIMETERS,,,,2025-06-17 12:00:05.923000+07:00,1200
1123,90468,Pek - Xiengkhouang,Pek - Xiengkhouang,19.444636,103.205788,2025-06-17T05:00:59.962862814Z,1.0,65.0,4.0,70.0,95.0,Asia/Vientiane,https://maps.gstatic.com/weather/v1/drizzle,Light rain,en,LIGHT_RAIN,28.2,CELSIUS,30.6,CELSIUS,21.1,CELSIUS,30.6,CELSIUS,28.2,CELSIUS,25.0,RAIN,0.0,MILLIMETERS,0.2997,MILLIMETERS,1009.23,235.0,SOUTHWEST,13.0,KILOMETERS_PER_HOUR,28.0,KILOMETERS_PER_HOUR,16.0,KILOMETERS,1.0,CELSIUS,27.2,CELSIUS,20.1,CELSIUS,0.0,MILLIMETERS,10.1272,MILLIMETERS,,,,2025-06-17 12:00:05.923000+07:00,1200
1124,90469,Nonghed - Xiengkhouang,Nonghed - Xiengkhouang,19.49661,103.986121,,,,,,,,,,,,,,,,,,,,,,,,,,,,,,,,,,,,,,,,,,,,,,,404.0,Information is not supported for this location. Please try a different location.,NOT_FOUND,2025-06-17 12:00:05.923000+07:00,1200
1125,90471,"Napa Secondary School - Kham, Xiengkhouang ມັດທະຍົມ ນາປາ","Napa Secondary School - Kham, Xiengkhouang ມັດທະຍົມ ນາປາ",19.590573,103.662369,2025-06-17T05:01:02.478799688Z,1.0,59.0,4.0,70.0,99.0,Asia/Vientiane,https://maps.gstatic.com/weather/v1/drizzle,Light rain,en,LIGHT_RAIN,30.0,CELSIUS,32.9,CELSIUS,21.1,CELSIUS,32.9,CELSIUS,30.0,CELSIUS,25.0,RAIN,0.0,MILLIMETERS,0.39880000000000004,MILLIMETERS,1008.04,245.0,WEST_SOUTHWEST,8.0,KILOMETERS_PER_HOUR,14.0,KILOMETERS_PER_HOUR,16.0,KILOMETERS,2.6,CELSIUS,28.6,CELSIUS,20.9,CELSIUS,0.0,MILLIMETERS,6.4339,MILLIMETERS,,,,2025-06-17 12:00:05.923000+07:00,1200
1126,90472,"Chomphet Seconbdary School - Khoune, Xiengkhuang ມັດທະຍົມ ຈອມເພັດ","Chomphet Seconbdary School - Khoune, Xiengkhuang ມັດທະຍົມ ຈອມເພັດ",19.340999,103.371433,2025-06-17T05:01:03.732692996Z,1.0,65.0,4.0,70.0,95.0,Asia/Vientiane,https://maps.gstatic.com/weather/v1/drizzle,Light rain,en,LIGHT_RAIN,28.2,CELSIUS,30.6,CELSIUS,21.1,CELSIUS,30.6,CELSIUS,28.2,CELSIUS,26.0,RAIN,0.0,MILLIMETERS,0.2997,MILLIMETERS,1009.23,235.0,SOUTHWEST,13.0,KILOMETERS_PER_HOUR,28.0,KILOMETERS_PER_HOUR,16.0,KILOMETERS,1.0,CELSIUS,27.2,CELSIUS,20.1,CELSIUS,0.0,MILLIMETERS,10.1272,MILLIMETERS,,,,2025-06-17 12:00:05.923000+07:00,1200
1127,90475,Phonhong - Vientiane,Phonhong - Vientiane,18.350024,102.42424,2025-06-17T05:01:04.985725081Z,1.0,69.0,4.0,40.0,95.0,Asia/Vientiane,https://maps.gstatic.com/weather/v1/cloudy,Cloudy,en,CLOUDY,32.4,CELSIUS,40.9,CELSIUS,25.9,CELSIUS,40.9,CELSIUS,32.4,CELSIUS,20.0,RAIN,0.0,MILLIMETERS,0.09910000000000001,MILLIMETERS,1008.07,235.0,SOUTHWEST,8.0,KILOMETERS_PER_HOUR,16.0,KILOMETERS_PER_HOUR,16.0,KILOMETERS,2.3,CELSIUS,32.2,CELSIUS,24.9,CELSIUS,0.0,MILLIMETERS,12.1362,MILLIMETERS,,,,2025-06-17 12:00:05.923000+07:00,1200
1128,90476,"Kasy Secondary School - Kasy, Vientiane Province ມັດທະຍົມສົມບູນ ກາສີ","Kasy Secondary School - Kasy, Vientiane Province ມັດທະຍົມສົມບູນ ກາສີ",19.225034,102.25219,2025-06-17T05:01:06.275581618Z,1.0,70.0,4.0,61.0,100.0,Asia/Vientiane,https://maps.gstatic.com/weather/v1/drizzle,Light rain,en,LIGHT_RAIN,30.1,CELSIUS,35.3,CELSIUS,24.1,CELSIUS,35.3,CELSIUS,30.1,CELSIUS,26.0,RAIN,0.0,MILLIMETERS,0.20070000000000002,MILLIMETERS,1008.9,210.0,SOUTH_SOUTHWEST,8.0,KILOMETERS_PER_HOUR,21.0,KILOMETERS_PER_HOUR,16.0,KILOMETERS,2.7,CELSIUS,28.9,CELSIUS,22.1,CELSIUS,0.0,MILLIMETERS,14.6712,MILLIMETERS,,,,2025-06-17 12:00:05.923000+07:00,1200
1129,90477,"Xanakharm Secondary School - Xanakharm, Vieniane Province ມັດທະຍົມສົບຸນ ຊະນະຄາມ","Xanakharm Secondary School - Xanakharm, Vieniane Province ມັດທະຍົມສົບຸນ ຊະນະຄາມ",17.910218,101.670662,2025-06-17T05:01:07.557122140Z,1.0,65.0,4.0,70.0,100.0,Asia/Vientiane,https://maps.gstatic.com/weather/v1/strong_tstorms,Light thunderstorms and rain,en,LIGHT_THUNDERSTORM_RAIN,31.3,CELSIUS,36.8,CELSIUS,24.1,CELSIUS,36.8,CELSIUS,31.3,CELSIUS,35.0,RAIN,0.0,MILLIMETERS,0.221,MILLIMETERS,1007.98,180.0,SOUTH,5.0,KILOMETERS_PER_HOUR,11.0,KILOMETERS_PER_HOUR,16.0,KILOMETERS,0.5,CELSIUS,32.0,CELSIUS,25.1,CELSIUS,0.0,MILLIMETERS,2.2962,MILLIMETERS,,,,2025-06-17 12:00:05.923000+07:00,1200
1130,90478,Mad - Vientiane,Mad - Vientiane,18.448868,101.76322,2025-06-17T05:01:08.814880461Z,1.0,64.0,3.0,1.0,100.0,Asia/Vientiane,https://maps.gstatic.com/weather/v1/cloudy,Cloudy,en,CLOUDY,31.2,CELSIUS,36.3,CELSIUS,23.1,CELSIUS,36.3,CELSIUS,31.2,CELSIUS,10.0,RAIN,0.0,MILLIMETERS,0.0,MILLIMETERS,1007.98,225.0,SOUTHWEST,10.0,KILOMETERS_PER_HOUR,16.0,KILOMETERS_PER_HOUR,16.0,KILOMETERS,0.5,CELSIUS,32.3,CELSIUS,25.0,CELSIUS,0.0,MILLIMETERS,1.4197,MILLIMETERS,,,,2025-06-17 12:00:05.923000+07:00,1200
1131,90479,"Phonmi Secondary School - Viengkham, Vientiane Province ມັດທະຍົມສົມບຸນ ໂພນໝີ","Phonmi Secondary School - Viengkham, Vientiane Province ມັດທະຍົມສົມບຸນ ໂພນໝີ",18.48451,102.485942,2025-06-17T05:01:10.123962554Z,1.0,69.0,4.0,40.0,95.0,Asia/Vientiane,https://maps.gstatic.com/weather/v1/cloudy,Cloudy,en,CLOUDY,32.4,CELSIUS,40.9,CELSIUS,25.9,CELSIUS,40.9,CELSIUS,32.4,CELSIUS,20.0,RAIN,0.0,MILLIMETERS,0.09910000000000001,MILLIMETERS,1008.07,235.0,SOUTHWEST,8.0,KILOMETERS_PER_HOUR,16.0,KILOMETERS_PER_HOUR,16.0,KILOMETERS,2.3,CELSIUS,32.2,CELSIUS,24.9,CELSIUS,0.0,MILLIMETERS,12.1362,MILLIMETERS,,,,2025-06-17 12:00:05.923000+07:00,1200
1132,90482,"KeoKou Secondary School - KeoOudom, Vientiane Province ມັດທະຍົມສົມບູນ ແກ້ວກູ່","KeoKou Secondary School - KeoOudom, Vientiane Province ມັດທະຍົມສົມບູນ ແກ້ວກູ່",18.554884,102.502844,2025-06-17T05:01:11.405853838Z,1.0,69.0,4.0,40.0,95.0,Asia/Vientiane,https://maps.gstatic.com/weather/v1/cloudy,Cloudy,en,CLOUDY,32.4,CELSIUS,40.9,CELSIUS,25.9,CELSIUS,40.9,CELSIUS,32.4,CELSIUS,20.0,RAIN,0.0,MILLIMETERS,0.09910000000000001,MILLIMETERS,1008.07,235.0,SOUTHWEST,8.0,KILOMETERS_PER_HOUR,16.0,KILOMETERS_PER_HOUR,16.0,KILOMETERS,2.3,CELSIUS,32.2,CELSIUS,24.9,CELSIUS,0.0,MILLIMETERS,12.1362,MILLIMETERS,,,,2025-06-17 12:00:05.923000+07:00,1200
1133,90485,Meun - Vientiane,Meun - Vientiane,18.28379,101.941138,2025-06-17T05:01:12.698112879Z,1.0,66.0,4.0,40.0,95.0,Asia/Vientiane,https://maps.gstatic.com/weather/v1/cloudy,Cloudy,en,CLOUDY,32.9,CELSIUS,41.3,CELSIUS,25.8,CELSIUS,41.3,CELSIUS,32.9,CELSIUS,20.0,RAIN,0.0,MILLIMETERS,0.0,MILLIMETERS,1008.35,235.0,SOUTHWEST,10.0,KILOMETERS_PER_HOUR,19.0,KILOMETERS_PER_HOUR,16.0,KILOMETERS,1.7,CELSIUS,32.9,CELSIUS,25.3,CELSIUS,0.0,MILLIMETERS,6.6905,MILLIMETERS,,,,2025-06-17 12:00:05.923000+07:00,1200
1134,90487,"Thaphabath Secondary School - Thaphabath, Bolikhamxai","Thaphabath Secondary School - Thaphabath, Bolikhamxai",18.356826,103.198076,2025-06-17T05:01:13.972417533Z,1.0,70.0,4.0,50.0,95.0,Asia/Vientiane,https://maps.gstatic.com/weather/v1/drizzle,Light rain,en,LIGHT_RAIN,32.1,CELSIUS,40.3,CELSIUS,25.8,CELSIUS,40.3,CELSIUS,32.1,CELSIUS,26.0,RAIN,0.0,MILLIMETERS,0.09910000000000001,MILLIMETERS,1008.67,195.0,SOUTH_SOUTHWEST,6.0,KILOMETERS_PER_HOUR,11.0,KILOMETERS_PER_HOUR,16.0,KILOMETERS,2.1,CELSIUS,31.4,CELSIUS,25.5,CELSIUS,0.0,MILLIMETERS,6.0861,MILLIMETERS,,,,2025-06-17 12:00:05.923000+07:00,1200
1135,90488,Pakkading - Bolikhamxai ,Pakkading - Bolikhamxai ,18.109902,104.281265,2025-06-17T05:01:15.254015593Z,1.0,77.0,4.0,50.0,95.0,Asia/Vientiane,https://maps.gstatic.com/weather/v1/cloudy,Cloudy,en,CLOUDY,29.7,CELSIUS,35.8,CELSIUS,25.2,CELSIUS,35.8,CELSIUS,29.7,CELSIUS,25.0,RAIN,0.0,MILLIMETERS,0.0076,MILLIMETERS,1009.55,180.0,SOUTH,8.0,KILOMETERS_PER_HOUR,23.0,KILOMETERS_PER_HOUR,16.0,KILOMETERS,1.3,CELSIUS,28.9,CELSIUS,24.2,CELSIUS,0.0,MILLIMETERS,17.6962,MILLIMETERS,,,,2025-06-17 12:00:05.923000+07:00,1200
1136,90490,"Nakhonxay Secondary School - Khamkeuth, - Borikhamxai ມັດທະຍົມ ນະຄອນໄຊ","Nakhonxay Secondary School - Khamkeuth, - Borikhamxai ມັດທະຍົມ ນະຄອນໄຊ",18.185553,104.983958,2025-06-17T05:01:16.541419168Z,1.0,76.0,3.0,40.0,100.0,Asia/Vientiane,https://maps.gstatic.com/weather/v1/cloudy,Cloudy,en,CLOUDY,27.5,CELSIUS,31.3,CELSIUS,22.7,CELSIUS,31.3,CELSIUS,27.5,CELSIUS,25.0,RAIN,0.0,MILLIMETERS,0.2388,MILLIMETERS,1009.91,220.0,SOUTHWEST,14.0,KILOMETERS_PER_HOUR,29.0,KILOMETERS_PER_HOUR,16.0,KILOMETERS,0.30000000000000004,CELSIUS,27.2,CELSIUS,21.6,CELSIUS,0.0,MILLIMETERS,1.9231,MILLIMETERS,,,,2025-06-17 12:00:05.923000+07:00,1200
1137,90491,Viengthong - Bolikhamxai,Viengthong - Bolikhamxai,18.512354,104.442835,2025-06-17T05:01:17.832197832Z,1.0,73.0,4.0,40.0,95.0,Asia/Vientiane,https://maps.gstatic.com/weather/v1/cloudy,Cloudy,en,CLOUDY,29.0,CELSIUS,33.3,CELSIUS,23.6,CELSIUS,33.3,CELSIUS,29.0,CELSIUS,20.0,RAIN,0.0,MILLIMETERS,0.09910000000000001,MILLIMETERS,1009.31,220.0,SOUTHWEST,11.0,KILOMETERS_PER_HOUR,24.0,KILOMETERS_PER_HOUR,16.0,KILOMETERS,0.5,CELSIUS,28.5,CELSIUS,22.7,CELSIUS,0.0,MILLIMETERS,4.4707,MILLIMETERS,,,,2025-06-17 12:00:05.923000+07:00,1200
1138,90492,"NamOn Secondary School - Xaychamphone, Borikhamxai ມັດທະຍົມ ນຳ້ອ້ອນ","NamOn Secondary School - Xaychamphone, Borikhamxai ມັດທະຍົມ ນຳ້ອ້ອນ",18.577559,104.981947,2025-06-17T05:01:19.118711246Z,1.0,76.0,3.0,40.0,100.0,Asia/Vientiane,https://maps.gstatic.com/weather/v1/cloudy,Cloudy,en,CLOUDY,27.5,CELSIUS,31.3,CELSIUS,22.7,CELSIUS,31.3,CELSIUS,27.5,CELSIUS,25.0,RAIN,0.0,MILLIMETERS,0.2388,MILLIMETERS,1009.91,220.0,SOUTHWEST,14.0,KILOMETERS_PER_HOUR,29.0,KILOMETERS_PER_HOUR,16.0,KILOMETERS,0.30000000000000004,CELSIUS,27.2,CELSIUS,21.6,CELSIUS,0.0,MILLIMETERS,1.9231,MILLIMETERS,,,,2025-06-17 12:00:05.923000+07:00,1200
1139,90493,Thakhek - Khammouan ,Thakhek - Khammouan ,17.392668,104.807495,2025-06-17T05:01:20.406775899Z,1.0,68.0,3.0,70.0,96.0,Asia/Vientiane,https://maps.gstatic.com/weather/v1/drizzle,Light rain,en,LIGHT_RAIN,32.7,CELSIUS,41.4,CELSIUS,26.0,CELSIUS,41.4,CELSIUS,32.7,CELSIUS,25.0,RAIN,0.0,MILLIMETERS,0.39880000000000004,MILLIMETERS,1008.72,225.0,SOUTHWEST,8.0,KILOMETERS_PER_HOUR,18.0,KILOMETERS_PER_HOUR,16.0,KILOMETERS,2.3,CELSIUS,32.0,CELSIUS,24.7,CELSIUS,0.0,MILLIMETERS,10.5514,MILLIMETERS,,,,2025-06-17 12:00:05.923000+07:00,1200
1140,90494,Mahaxay - Khammouan,Mahaxay - Khammouan,17.457352,105.160169,2025-06-17T05:01:21.651022877Z,1.0,69.0,3.0,70.0,100.0,Asia/Vientiane,https://maps.gstatic.com/weather/v1/drizzle,Light rain,en,LIGHT_RAIN,30.7,CELSIUS,36.3,CELSIUS,24.3,CELSIUS,36.3,CELSIUS,30.7,CELSIUS,25.0,RAIN,0.0,MILLIMETERS,0.221,MILLIMETERS,1009.67,230.0,SOUTHWEST,11.0,KILOMETERS_PER_HOUR,27.0,KILOMETERS_PER_HOUR,16.0,KILOMETERS,2.6,CELSIUS,29.5,CELSIUS,23.0,CELSIUS,0.0,MILLIMETERS,5.2326,MILLIMETERS,,,,2025-06-17 12:00:05.923000+07:00,1200
1141,90495,Nongbok - Khammouan,Nongbok - Khammouan,16.962416,104.81156,2025-06-17T05:01:22.938872576Z,1.0,67.0,3.0,70.0,100.0,Asia/Vientiane,https://maps.gstatic.com/weather/v1/cloudy,Cloudy,en,CLOUDY,32.6,CELSIUS,40.7,CELSIUS,25.6,CELSIUS,40.7,CELSIUS,32.6,CELSIUS,20.0,RAIN,0.0,MILLIMETERS,0.09910000000000001,MILLIMETERS,1007.98,225.0,SOUTHWEST,11.0,KILOMETERS_PER_HOUR,19.0,KILOMETERS_PER_HOUR,16.0,KILOMETERS,0.8,CELSIUS,33.0,CELSIUS,25.9,CELSIUS,0.0,MILLIMETERS,0.8866,MILLIMETERS,,,,2025-06-17 12:00:05.923000+07:00,1200
1142,90497,Nhommalath - Khammouan ,Nhommalath - Khammouan ,17.614203,105.170282,2025-06-17T05:01:24.264550363Z,1.0,69.0,3.0,70.0,100.0,Asia/Vientiane,https://maps.gstatic.com/weather/v1/drizzle,Light rain,en,LIGHT_RAIN,30.7,CELSIUS,36.3,CELSIUS,24.3,CELSIUS,36.3,CELSIUS,30.7,CELSIUS,25.0,RAIN,0.0,MILLIMETERS,0.221,MILLIMETERS,1009.67,230.0,SOUTHWEST,11.0,KILOMETERS_PER_HOUR,27.0,KILOMETERS_PER_HOUR,16.0,KILOMETERS,2.6,CELSIUS,29.5,CELSIUS,23.0,CELSIUS,0.0,MILLIMETERS,5.2326,MILLIMETERS,,,,2025-06-17 12:00:05.923000+07:00,1200
1143,90500,"Xebangfay Secondary School - Xebangfay, Khammouane ມັດທະຍົມສົມບູນ ເຊບັ້ງໄຟ","Xebangfay Secondary School - Xebangfay, Khammouane ມັດທະຍົມສົມບູນ ເຊບັ້ງໄຟ",17.086149,104.981631,2025-06-17T05:01:25.534862929Z,1.0,77.0,4.0,70.0,95.0,Asia/Vientiane,https://maps.gstatic.com/weather/v1/strong_tstorms,Light thunderstorms and rain,en,LIGHT_THUNDERSTORM_RAIN,30.4,CELSIUS,37.7,CELSIUS,25.9,CELSIUS,37.7,CELSIUS,30.4,CELSIUS,45.0,RAIN,0.0,MILLIMETERS,0.9728,MILLIMETERS,1009.17,200.0,SOUTH_SOUTHWEST,10.0,KILOMETERS_PER_HOUR,21.0,KILOMETERS_PER_HOUR,16.0,KILOMETERS,0.1,CELSIUS,32.3,CELSIUS,24.6,CELSIUS,0.0,MILLIMETERS,5.8269,MILLIMETERS,,,,2025-06-17 12:00:05.923000+07:00,1200
1144,90501,"Sivilay Secondary School - Xaybouathong, Khammouane ມັດທະຍົມສົມບູນ ສີວິໄລ","Sivilay Secondary School - Xaybouathong, Khammouane ມັດທະຍົມສົມບູນ ສີວິໄລ",17.171532,105.4273,2025-06-17T05:01:26.813762485Z,1.0,70.0,4.0,70.0,95.0,Asia/Vientiane,https://maps.gstatic.com/weather/v1/strong_tstorms,Light thunderstorms and rain,en,LIGHT_THUNDERSTORM_RAIN,30.9,CELSIUS,37.2,CELSIUS,24.8,CELSIUS,37.2,CELSIUS,30.9,CELSIUS,40.0,RAIN,0.0,MILLIMETERS,0.7188,MILLIMETERS,1009.38,235.0,SOUTHWEST,13.0,KILOMETERS_PER_HOUR,32.0,KILOMETERS_PER_HOUR,16.0,KILOMETERS,0.30000000000000004,CELSIUS,31.8,CELSIUS,24.3,CELSIUS,0.0,MILLIMETERS,3.7974,MILLIMETERS,,,,2025-06-17 12:00:05.923000+07:00,1200
1145,90503,Kaysone Phomvihane - Sav,Kaysone Phomvihane - Sav,16.5702,104.75036,2025-06-17T05:01:28.074320625Z,1.0,70.0,3.0,70.0,100.0,Asia/Vientiane,https://maps.gstatic.com/weather/v1/cloudy,Cloudy,en,CLOUDY,32.1,CELSIUS,40.5,CELSIUS,25.5,CELSIUS,40.5,CELSIUS,32.1,CELSIUS,20.0,RAIN,0.0,MILLIMETERS,0.1041,MILLIMETERS,1007.98,248.0,WEST_SOUTHWEST,14.0,KILOMETERS_PER_HOUR,26.0,KILOMETERS_PER_HOUR,16.0,KILOMETERS,0.30000000000000004,CELSIUS,32.7,CELSIUS,26.5,CELSIUS,0.0,MILLIMETERS,0.11410000000000001,MILLIMETERS,,,,2025-06-17 12:00:05.923000+07:00,1200
1146,90504,"Lianxay Secondary School - Artsaphangthong, Savannakhet ມັດທະຍົມ ຫລຽນໄຊ","Lianxay Secondary School - Artsaphangthong, Savannakhet ມັດທະຍົມ ຫລຽນໄຊ",16.692124,105.409764,,,,,,,,,,,,,,,,,,,,,,,,,,,,,,,,,,,,,,,,,,,,,,,404.0,Information is not supported for this location. Please try a different location.,NOT_FOUND,2025-06-17 12:00:05.923000+07:00,1200
1147,90505,Sepone - Savannakhet,Sepone - Savannakhet,16.696651,106.209138,2025-06-17T05:01:30.610429019Z,1.0,66.0,4.0,70.0,100.0,Asia/Vientiane,https://maps.gstatic.com/weather/v1/cloudy,Cloudy,en,CLOUDY,28.0,CELSIUS,32.1,CELSIUS,21.0,CELSIUS,32.1,CELSIUS,28.0,CELSIUS,15.0,RAIN,0.0,MILLIMETERS,0.22610000000000002,MILLIMETERS,1009.43,225.0,SOUTHWEST,14.0,KILOMETERS_PER_HOUR,29.0,KILOMETERS_PER_HOUR,16.0,KILOMETERS,0.0,CELSIUS,29.0,CELSIUS,22.2,CELSIUS,0.0,MILLIMETERS,1.6128,MILLIMETERS,,,,2025-06-17 12:00:05.923000+07:00,1200
1148,90506,Nong - Savannakhet,Nong - Savannakhet,16.373875,106.495685,2025-06-17T05:01:31.904814701Z,1.0,74.0,3.0,70.0,100.0,Asia/Vientiane,https://maps.gstatic.com/weather/v1/cloudy,Cloudy,en,CLOUDY,28.9,CELSIUS,35.0,CELSIUS,23.3,CELSIUS,35.0,CELSIUS,28.9,CELSIUS,20.0,RAIN,0.0,MILLIMETERS,0.1245,MILLIMETERS,1009.11,225.0,SOUTHWEST,11.0,KILOMETERS_PER_HOUR,19.0,KILOMETERS_PER_HOUR,16.0,KILOMETERS,-0.6000000000000001,CELSIUS,30.1,CELSIUS,23.5,CELSIUS,0.0,MILLIMETERS,1.3236,MILLIMETERS,,,,2025-06-17 12:00:05.923000+07:00,1200
1149,90508,Champhone - SAVA,Champhone - SAVA,16.489147,105.031659,2025-06-17T05:01:33.167045538Z,1.0,70.0,3.0,70.0,100.0,Asia/Vientiane,https://maps.gstatic.com/weather/v1/cloudy,Cloudy,en,CLOUDY,32.0,CELSIUS,40.0,CELSIUS,25.5,CELSIUS,40.0,CELSIUS,32.0,CELSIUS,20.0,RAIN,0.0,MILLIMETERS,0.09910000000000001,MILLIMETERS,1007.99,225.0,SOUTHWEST,14.0,KILOMETERS_PER_HOUR,26.0,KILOMETERS_PER_HOUR,16.0,KILOMETERS,-0.1,CELSIUS,33.0,CELSIUS,26.2,CELSIUS,0.0,MILLIMETERS,0.4041,MILLIMETERS,,,,2025-06-17 12:00:05.923000+07:00,1200
1150,90509,Xaybuly - Savannakhet,Xaybuly - Savannakhet,17.075181,104.87732,2025-06-17T05:01:34.459282064Z,1.0,77.0,4.0,70.0,95.0,Asia/Vientiane,https://maps.gstatic.com/weather/v1/strong_tstorms,Light thunderstorms and rain,en,LIGHT_THUNDERSTORM_RAIN,30.4,CELSIUS,37.7,CELSIUS,25.9,CELSIUS,37.7,CELSIUS,30.4,CELSIUS,44.0,RAIN,0.0,MILLIMETERS,0.9728,MILLIMETERS,1009.17,200.0,SOUTH_SOUTHWEST,10.0,KILOMETERS_PER_HOUR,21.0,KILOMETERS_PER_HOUR,16.0,KILOMETERS,0.1,CELSIUS,32.3,CELSIUS,24.6,CELSIUS,0.0,MILLIMETERS,5.8269,MILLIMETERS,,,,2025-06-17 12:00:05.923000+07:00,1200
1151,90510,"Artsaphone Secondary School - Artsaphone, Savannakhet ມັດທະຍົມສົມບູນ ອາດສະພອນ","Artsaphone Secondary School - Artsaphone, Savannakhet ມັດທະຍົມສົມບູນ ອາດສະພອນ",16.844674,105.33638,2025-06-17T05:01:35.834059702Z,1.0,77.0,4.0,70.0,95.0,Asia/Vientiane,https://maps.gstatic.com/weather/v1/strong_tstorms,Light thunderstorms and rain,en,LIGHT_THUNDERSTORM_RAIN,30.4,CELSIUS,37.7,CELSIUS,25.9,CELSIUS,37.7,CELSIUS,30.4,CELSIUS,44.0,RAIN,0.0,MILLIMETERS,0.9728,MILLIMETERS,1009.17,200.0,SOUTH_SOUTHWEST,10.0,KILOMETERS_PER_HOUR,21.0,KILOMETERS_PER_HOUR,16.0,KILOMETERS,0.1,CELSIUS,32.3,CELSIUS,24.6,CELSIUS,0.0,MILLIMETERS,5.8269,MILLIMETERS,,,,2025-06-17 12:00:05.923000+07:00,1200
1152,90512,"Phin Secondary School - Phin, Savannakhet ມັດທະຍົມ ພີນ","Phin Secondary School - Phin, Savannakhet ມັດທະຍົມ ພີນ",16.527879,106.021922,2025-06-17T05:01:37.126937249Z,1.0,74.0,3.0,70.0,100.0,Asia/Vientiane,https://maps.gstatic.com/weather/v1/cloudy,Cloudy,en,CLOUDY,28.3,CELSIUS,34.4,CELSIUS,22.6,CELSIUS,34.4,CELSIUS,28.3,CELSIUS,20.0,RAIN,0.0,MILLIMETERS,0.1245,MILLIMETERS,1009.11,225.0,SOUTHWEST,11.0,KILOMETERS_PER_HOUR,19.0,KILOMETERS_PER_HOUR,16.0,KILOMETERS,-0.5,CELSIUS,29.4,CELSIUS,22.8,CELSIUS,0.0,MILLIMETERS,1.3236,MILLIMETERS,,,,2025-06-17 12:00:05.923000+07:00,1200
1153,90513,Songkhone - Savannakhet,Songkhone - Savannakhet,16.237196,105.1965,2025-06-17T05:01:38.413051974Z,1.0,70.0,3.0,70.0,100.0,Asia/Vientiane,https://maps.gstatic.com/weather/v1/cloudy,Cloudy,en,CLOUDY,31.9,CELSIUS,39.7,CELSIUS,25.8,CELSIUS,39.7,CELSIUS,31.9,CELSIUS,20.0,RAIN,0.0,MILLIMETERS,0.09910000000000001,MILLIMETERS,1008.0,225.0,SOUTHWEST,13.0,KILOMETERS_PER_HOUR,24.0,KILOMETERS_PER_HOUR,16.0,KILOMETERS,0.0,CELSIUS,32.6,CELSIUS,26.4,CELSIUS,0.0,MILLIMETERS,0.1293,MILLIMETERS,,,,2025-06-17 12:00:05.923000+07:00,1200
1154,90514,"Beungxang Secondary School - Xonbuly, Savannakhet ມັດທະຍົມ ບຶງຊ້າງ","Beungxang Secondary School - Xonbuly, Savannakhet ມັດທະຍົມ ບຶງຊ້າງ",16.388527,105.375363,2025-06-17T05:01:39.689795168Z,1.0,70.0,3.0,70.0,100.0,Asia/Vientiane,https://maps.gstatic.com/weather/v1/cloudy,Cloudy,en,CLOUDY,31.7,CELSIUS,39.3,CELSIUS,25.8,CELSIUS,39.3,CELSIUS,31.7,CELSIUS,20.0,RAIN,0.0,MILLIMETERS,0.09910000000000001,MILLIMETERS,1008.67,225.0,SOUTHWEST,14.0,KILOMETERS_PER_HOUR,26.0,KILOMETERS_PER_HOUR,16.0,KILOMETERS,-0.6000000000000001,CELSIUS,32.9,CELSIUS,26.3,CELSIUS,0.0,MILLIMETERS,0.6199,MILLIMETERS,,,,2025-06-17 12:00:05.923000+07:00,1200
1155,90515,Vilabuly - Savannakhet,Vilabuly - Savannakhet,16.971649,105.944661,2025-06-17T05:01:40.940335262Z,1.0,70.0,4.0,70.0,95.0,Asia/Vientiane,https://maps.gstatic.com/weather/v1/strong_tstorms,Light thunderstorms and rain,en,LIGHT_THUNDERSTORM_RAIN,30.9,CELSIUS,37.3,CELSIUS,24.8,CELSIUS,37.3,CELSIUS,30.9,CELSIUS,40.0,RAIN,0.0,MILLIMETERS,0.7188,MILLIMETERS,1009.38,235.0,SOUTHWEST,13.0,KILOMETERS_PER_HOUR,32.0,KILOMETERS_PER_HOUR,16.0,KILOMETERS,0.30000000000000004,CELSIUS,31.8,CELSIUS,24.3,CELSIUS,0.0,MILLIMETERS,3.7974,MILLIMETERS,,,,2025-06-17 12:00:05.923000+07:00,1200
1156,90516,"Phoummachedy Secondary School - Xayphouthong, Savannakhet ມັດທະຍົມ ພູມມະເຈດີ","Phoummachedy Secondary School - Xayphouthong, Savannakhet ມັດທະຍົມ ພູມມະເຈດີ",16.367044,105.005653,2025-06-17T05:01:42.199802096Z,1.0,70.0,3.0,70.0,100.0,Asia/Vientiane,https://maps.gstatic.com/weather/v1/cloudy,Cloudy,en,CLOUDY,31.9,CELSIUS,39.7,CELSIUS,25.8,CELSIUS,39.7,CELSIUS,31.9,CELSIUS,20.0,RAIN,0.0,MILLIMETERS,0.09910000000000001,MILLIMETERS,1008.0,225.0,SOUTHWEST,13.0,KILOMETERS_PER_HOUR,24.0,KILOMETERS_PER_HOUR,16.0,KILOMETERS,0.0,CELSIUS,32.6,CELSIUS,26.4,CELSIUS,0.0,MILLIMETERS,0.1293,MILLIMETERS,,,,2025-06-17 12:00:05.923000+07:00,1200
1157,90517,Phalanxay - Savannakhet,Phalanxay - Savannakhet,16.661353,105.58791,2025-06-17T05:01:43.524637018Z,1.0,70.0,4.0,70.0,95.0,Asia/Vientiane,https://maps.gstatic.com/weather/v1/strong_tstorms,Light thunderstorms and rain,en,LIGHT_THUNDERSTORM_RAIN,30.9,CELSIUS,37.3,CELSIUS,24.8,CELSIUS,37.3,CELSIUS,30.9,CELSIUS,40.0,RAIN,0.0,MILLIMETERS,0.7188,MILLIMETERS,1009.38,235.0,SOUTHWEST,13.0,KILOMETERS_PER_HOUR,32.0,KILOMETERS_PER_HOUR,16.0,KILOMETERS,0.30000000000000004,CELSIUS,31.8,CELSIUS,24.3,CELSIUS,0.0,MILLIMETERS,3.7974,MILLIMETERS,,,,2025-06-17 12:00:05.923000+07:00,1200
1158,90518,"Saravane Secondary School -Saravane, Saravane ມັດທະຍົມສົມບູນ ສາລະວັນ","Saravane Secondary School -Saravane, Saravane ມັດທະຍົມສົມບູນ ສາລະວັນ",15.707906,106.422189,2025-06-17T05:01:44.814320351Z,1.0,76.0,3.0,70.0,100.0,Asia/Vientiane,https://maps.gstatic.com/weather/v1/strong_tstorms,Light thunderstorms and rain,en,LIGHT_THUNDERSTORM_RAIN,30.0,CELSIUS,36.4,CELSIUS,25.3,CELSIUS,36.4,CELSIUS,30.0,CELSIUS,35.0,RAIN,0.0,MILLIMETERS,0.4572,MILLIMETERS,1009.24,270.0,WEST,8.0,KILOMETERS_PER_HOUR,15.0,KILOMETERS_PER_HOUR,16.0,KILOMETERS,-1.6,CELSIUS,31.7,CELSIUS,24.3,CELSIUS,0.0,MILLIMETERS,1.8391,MILLIMETERS,,,,2025-06-17 12:00:05.923000+07:00,1200
1159,90520,"Toomlarn Secondary School - Toomlarn, Saravane ມັດທະຍົມສົມບູນ ຕຸ້ມລານ","Toomlarn Secondary School - Toomlarn, Saravane ມັດທະຍົມສົມບູນ ຕຸ້ມລານ",15.994499,106.192399,2025-06-17T05:01:46.074265913Z,1.0,74.0,3.0,70.0,100.0,Asia/Vientiane,https://maps.gstatic.com/weather/v1/cloudy,Cloudy,en,CLOUDY,28.3,CELSIUS,34.4,CELSIUS,22.6,CELSIUS,34.4,CELSIUS,28.3,CELSIUS,20.0,RAIN,0.0,MILLIMETERS,0.1245,MILLIMETERS,1009.11,225.0,SOUTHWEST,11.0,KILOMETERS_PER_HOUR,19.0,KILOMETERS_PER_HOUR,16.0,KILOMETERS,-0.5,CELSIUS,29.4,CELSIUS,22.8,CELSIUS,0.0,MILLIMETERS,1.3236,MILLIMETERS,,,,2025-06-17 12:00:05.923000+07:00,1200
1160,90521,"Lakhonesy Secondary School - Lakhonepheng, Saravane ມັດທະຍົມສົມບູນ ລະຄອນສີ","Lakhonesy Secondary School - Lakhonepheng, Saravane ມັດທະຍົມສົມບູນ ລະຄອນສີ",15.891245,105.567119,2025-06-17T05:01:47.356221160Z,1.0,75.0,3.0,70.0,100.0,Asia/Vientiane,https://maps.gstatic.com/weather/v1/cloudy,Cloudy,en,CLOUDY,30.7,CELSIUS,37.8,CELSIUS,26.1,CELSIUS,37.8,CELSIUS,30.7,CELSIUS,20.0,RAIN,0.0,MILLIMETERS,0.094,MILLIMETERS,1008.97,225.0,SOUTHWEST,10.0,KILOMETERS_PER_HOUR,18.0,KILOMETERS_PER_HOUR,16.0,KILOMETERS,-1.0,CELSIUS,32.1,CELSIUS,25.8,CELSIUS,0.0,MILLIMETERS,1.2039,MILLIMETERS,,,,2025-06-17 12:00:05.923000+07:00,1200
1161,90522,Lao Ngarm - Salavan,Lao Ngarm - Salavan,15.461092,106.16172,2025-06-17T05:01:48.650678929Z,1.0,75.0,3.0,70.0,100.0,Asia/Vientiane,https://maps.gstatic.com/weather/v1/cloudy,Cloudy,en,CLOUDY,31.7,CELSIUS,38.4,CELSIUS,26.7,CELSIUS,38.4,CELSIUS,31.7,CELSIUS,25.0,RAIN,0.0,MILLIMETERS,0.13720000000000002,MILLIMETERS,1009.15,248.0,WEST_SOUTHWEST,11.0,KILOMETERS_PER_HOUR,21.0,KILOMETERS_PER_HOUR,16.0,KILOMETERS,-1.2,CELSIUS,33.2,CELSIUS,26.0,CELSIUS,0.0,MILLIMETERS,2.2047,MILLIMETERS,,,,2025-06-17 12:00:05.923000+07:00,1200
1162,90524,Khongxedone - Salavan,Khongxedone - Salavan,15.59088,105.804115,2025-06-17T05:01:49.937629104Z,1.0,75.0,3.0,70.0,100.0,Asia/Vientiane,https://maps.gstatic.com/weather/v1/cloudy,Cloudy,en,CLOUDY,30.7,CELSIUS,37.8,CELSIUS,26.1,CELSIUS,37.8,CELSIUS,30.7,CELSIUS,20.0,RAIN,0.0,MILLIMETERS,0.094,MILLIMETERS,1008.97,225.0,SOUTHWEST,10.0,KILOMETERS_PER_HOUR,18.0,KILOMETERS_PER_HOUR,16.0,KILOMETERS,-1.0,CELSIUS,32.1,CELSIUS,25.8,CELSIUS,0.0,MILLIMETERS,1.2039,MILLIMETERS,,,,2025-06-17 12:00:05.923000+07:00,1200
1163,90526,Lamarm - Sekong ,Lamarm - Sekong ,15.352494,106.722444,2025-06-17T05:01:51.227315177Z,1.0,69.0,3.0,2.0,100.0,Asia/Vientiane,https://maps.gstatic.com/weather/v1/cloudy,Cloudy,en,CLOUDY,31.2,CELSIUS,37.7,CELSIUS,25.0,CELSIUS,37.7,CELSIUS,31.2,CELSIUS,10.0,RAIN,0.0,MILLIMETERS,0.0864,MILLIMETERS,1008.58,270.0,WEST,3.0,KILOMETERS_PER_HOUR,6.0,KILOMETERS_PER_HOUR,16.0,KILOMETERS,-0.30000000000000004,CELSIUS,31.5,CELSIUS,24.3,CELSIUS,0.0,MILLIMETERS,2.4028,MILLIMETERS,,,,2025-06-17 12:00:05.923000+07:00,1200
1164,90527,"Kaleum Secondary School - Kaleum, Sekong ມັດທະຍົມ ກະລຶມ","Kaleum Secondary School - Kaleum, Sekong ມັດທະຍົມ ກະລຶມ",15.784384,106.906754,2025-06-17T05:01:52.518408486Z,1.0,74.0,3.0,70.0,100.0,Asia/Vientiane,https://maps.gstatic.com/weather/v1/strong_tstorms,Light thunderstorms and rain,en,LIGHT_THUNDERSTORM_RAIN,27.4,CELSIUS,30.3,CELSIUS,22.3,CELSIUS,30.3,CELSIUS,27.4,CELSIUS,35.0,RAIN,0.0,MILLIMETERS,0.3861,MILLIMETERS,1011.44,248.0,WEST_SOUTHWEST,8.0,KILOMETERS_PER_HOUR,13.0,KILOMETERS_PER_HOUR,16.0,KILOMETERS,-0.7000000000000001,CELSIUS,28.1,CELSIUS,21.2,CELSIUS,0.0,MILLIMETERS,2.9489,MILLIMETERS,,,,2025-06-17 12:00:05.923000+07:00,1200
1165,90528,"Dakcheung Secondary School - Dakcheung, Sekongມັດທະຍົມສົມບູນ ດາກຈຶງ","Dakcheung Secondary School - Dakcheung, Sekongມັດທະຍົມສົມບູນ ດາກຈຶງ",15.467532,107.271451,,,,,,,,,,,,,,,,,,,,,,,,,,,,,,,,,,,,,,,,,,,,,,,404.0,Information is not supported for this location. Please try a different location.,NOT_FOUND,2025-06-17 12:00:05.923000+07:00,1200
1166,90529,Thateng -Sekong,Thateng -Sekong,15.434018,106.382399,2025-06-17T05:01:55.018823028Z,1.0,76.0,3.0,70.0,100.0,Asia/Vientiane,https://maps.gstatic.com/weather/v1/strong_tstorms,Light thunderstorms and rain,en,LIGHT_THUNDERSTORM_RAIN,33.9,CELSIUS,40.3,CELSIUS,29.2,CELSIUS,40.3,CELSIUS,33.9,CELSIUS,35.0,RAIN,0.0,MILLIMETERS,0.4572,MILLIMETERS,1009.23,270.0,WEST,8.0,KILOMETERS_PER_HOUR,15.0,KILOMETERS_PER_HOUR,16.0,KILOMETERS,-1.6,CELSIUS,35.6,CELSIUS,28.2,CELSIUS,0.0,MILLIMETERS,1.8391,MILLIMETERS,,,,2025-06-17 12:00:05.923000+07:00,1200
1167,90530,Pakse - Champasack,Pakse - Champasack,15.12006,105.80211,2025-06-17T05:01:56.275833525Z,1.0,77.0,3.0,70.0,100.0,Asia/Vientiane,https://maps.gstatic.com/weather/v1/cloudy,Cloudy,en,CLOUDY,30.5,CELSIUS,37.9,CELSIUS,26.1,CELSIUS,37.9,CELSIUS,30.5,CELSIUS,20.0,RAIN,0.0,MILLIMETERS,0.09910000000000001,MILLIMETERS,1009.0,180.0,SOUTH,6.0,KILOMETERS_PER_HOUR,14.0,KILOMETERS_PER_HOUR,16.0,KILOMETERS,-1.7,CELSIUS,32.9,CELSIUS,25.6,CELSIUS,0.0,MILLIMETERS,1.8213000000000001,MILLIMETERS,,,,2025-06-17 12:00:05.923000+07:00,1200
1173,91254,"Chomphet Secondary School - Sisattanak, Vientiane Capital ມັດທະຍົມສົມບູນ ຈອມເພັດ","Chomphet Secondary School - Sisattanak, Vientiane Capital ມັດທະຍົມສົມບູນ ຈອມເພັດ",17.910254,102.622708,2025-06-17T05:01:57.556861337Z,1.0,70.0,4.0,60.0,95.0,Asia/Vientiane,https://maps.gstatic.com/weather/v1/cloudy,Cloudy,en,CLOUDY,32.8,CELSIUS,42.4,CELSIUS,26.5,CELSIUS,42.4,CELSIUS,32.8,CELSIUS,20.0,RAIN,0.0,MILLIMETERS,0.09910000000000001,MILLIMETERS,1008.32,200.0,SOUTH_SOUTHWEST,5.0,KILOMETERS_PER_HOUR,8.0,KILOMETERS_PER_HOUR,16.0,KILOMETERS,0.9,CELSIUS,32.9,CELSIUS,25.8,CELSIUS,0.0,MILLIMETERS,3.9651,MILLIMETERS,,,,2025-06-17 12:00:05.923000+07:00,1200
1226,152182,"ParkOu Secondary School - ParkOu, Luangprabang ມັດທະຍົມສົມບູນ ປາກອູ","ParkOu Secondary School - ParkOu, Luangprabang ມັດທະຍົມສົມບູນ ປາກອູ",20.087592,102.256569,2025-06-17T05:01:58.852692932Z,1.0,63.0,4.0,51.0,100.0,Asia/Vientiane,https://maps.gstatic.com/weather/v1/cloudy,Cloudy,en,CLOUDY,30.7,CELSIUS,35.2,CELSIUS,22.9,CELSIUS,35.2,CELSIUS,30.7,CELSIUS,25.0,RAIN,0.0,MILLIMETERS,0.3124,MILLIMETERS,1007.44,225.0,SOUTHWEST,10.0,KILOMETERS_PER_HOUR,19.0,KILOMETERS_PER_HOUR,16.0,KILOMETERS,0.0,CELSIUS,30.7,CELSIUS,24.1,CELSIUS,0.0,MILLIMETERS,13.828,MILLIMETERS,,,,2025-06-17 12:00:05.923000+07:00,1200
1227,152240,"Phoukhoune Secondary School - Phoukhoune, Luangprabang ມັດທະຍົມ ພູຄູນ","Phoukhoune Secondary School - Phoukhoune, Luangprabang ມັດທະຍົມ ພູຄູນ",19.438824,102.428042,2025-06-17T05:02:00.139733303Z,1.0,81.0,4.0,70.0,100.0,Asia/Vientiane,https://maps.gstatic.com/weather/v1/strong_tstorms,Light thunderstorms and rain,en,LIGHT_THUNDERSTORM_RAIN,26.5,CELSIUS,28.8,CELSIUS,22.9,CELSIUS,28.8,CELSIUS,26.5,CELSIUS,50.0,RAIN,0.0,MILLIMETERS,0.20070000000000002,MILLIMETERS,1009.48,225.0,SOUTHWEST,10.0,KILOMETERS_PER_HOUR,29.0,KILOMETERS_PER_HOUR,16.0,KILOMETERS,1.8,CELSIUS,27.5,CELSIUS,20.6,CELSIUS,0.0,MILLIMETERS,8.8395,MILLIMETERS,,,,2025-06-17 12:00:05.923000+07:00,1200
1232,152548,"Longsane Secondary School - Longsane , Xaysomboun ມັດທະຍົມສົມບຸນ ລ້ອງຊານ","Longsane Secondary School - Longsane , Xaysomboun ມັດທະຍົມສົມບຸນ ລ້ອງຊານ",18.550145,103.003076,2025-06-17T05:02:01.410470053Z,1.0,66.0,4.0,2.0,95.0,Asia/Vientiane,https://maps.gstatic.com/weather/v1/cloudy,Cloudy,en,CLOUDY,26.3,CELSIUS,31.3,CELSIUS,19.1,CELSIUS,31.3,CELSIUS,26.3,CELSIUS,10.0,RAIN,0.0,MILLIMETERS,0.0483,MILLIMETERS,1009.04,255.0,WEST_SOUTHWEST,11.0,KILOMETERS_PER_HOUR,29.0,KILOMETERS_PER_HOUR,16.0,KILOMETERS,2.3,CELSIUS,25.6,CELSIUS,19.0,CELSIUS,0.0,MILLIMETERS,4.6816,MILLIMETERS,,,,2025-06-17 12:00:05.923000+07:00,1200
1247,153774,Bachiangchaleunsook - Champasack,Bachiangchaleunsook - Champasack,15.060355,105.897898,2025-06-17T05:02:02.688033611Z,1.0,77.0,3.0,70.0,100.0,Asia/Vientiane,https://maps.gstatic.com/weather/v1/cloudy,Cloudy,en,CLOUDY,30.5,CELSIUS,37.9,CELSIUS,26.1,CELSIUS,37.9,CELSIUS,30.5,CELSIUS,20.0,RAIN,0.0,MILLIMETERS,0.09910000000000001,MILLIMETERS,1009.0,180.0,SOUTH,6.0,KILOMETERS_PER_HOUR,14.0,KILOMETERS_PER_HOUR,16.0,KILOMETERS,-1.7,CELSIUS,32.9,CELSIUS,25.6,CELSIUS,0.0,MILLIMETERS,1.8213000000000001,MILLIMETERS,,,,2025-06-17 12:00:05.923000+07:00,1200
1248,153777,"Dorntalath Secondary School - Champasack, Champasack ມັດທະຍົມ ດອນຕະລາດ","Dorntalath Secondary School - Champasack, Champasack ມັດທະຍົມ ດອນຕະລາດ",14.784126,105.819789,2025-06-17T05:02:03.969518345Z,1.0,80.0,3.0,70.0,100.0,Asia/Vientiane,https://maps.gstatic.com/weather/v1/cloudy,Cloudy,en,CLOUDY,30.0,CELSIUS,37.3,CELSIUS,26.0,CELSIUS,37.3,CELSIUS,30.0,CELSIUS,20.0,RAIN,0.0,MILLIMETERS,0.09910000000000001,MILLIMETERS,1009.97,180.0,SOUTH,5.0,KILOMETERS_PER_HOUR,8.0,KILOMETERS_PER_HOUR,16.0,KILOMETERS,-2.1,CELSIUS,32.8,CELSIUS,25.2,CELSIUS,0.0,MILLIMETERS,4.3638,MILLIMETERS,,,,2025-06-17 12:00:05.923000+07:00,1200
1249,153790,Khong - Champasack,Khong - Champasack,14.048226,105.896012,2025-06-17T05:02:05.286012716Z,1.0,75.0,3.0,70.0,100.0,Asia/Vientiane,https://maps.gstatic.com/weather/v1/cloudy,Cloudy,en,CLOUDY,30.7,CELSIUS,37.9,CELSIUS,26.1,CELSIUS,37.9,CELSIUS,30.7,CELSIUS,20.0,RAIN,0.0,MILLIMETERS,0.10160000000000001,MILLIMETERS,1008.99,248.0,WEST_SOUTHWEST,5.0,KILOMETERS_PER_HOUR,11.0,KILOMETERS_PER_HOUR,16.0,KILOMETERS,-2.0,CELSIUS,33.8,CELSIUS,25.6,CELSIUS,0.0,MILLIMETERS,9.2585,MILLIMETERS,,,,2025-06-17 12:00:05.923000+07:00,1200
1250,153866,Samakkhixay - Attapeu,Samakkhixay - Attapeu,14.812678,106.829211,2025-06-17T05:02:06.545031121Z,1.0,72.0,3.0,0.0,100.0,Asia/Vientiane,https://maps.gstatic.com/weather/v1/cloudy,Cloudy,en,CLOUDY,31.0,CELSIUS,37.7,CELSIUS,25.5,CELSIUS,37.7,CELSIUS,31.0,CELSIUS,10.0,RAIN,0.0,MILLIMETERS,0.0787,MILLIMETERS,1009.11,225.0,SOUTHWEST,8.0,KILOMETERS_PER_HOUR,13.0,KILOMETERS_PER_HOUR,16.0,KILOMETERS,-1.2,CELSIUS,32.6,CELSIUS,24.4,CELSIUS,0.0,MILLIMETERS,8.6942,MILLIMETERS,,,,2025-06-17 12:00:05.923000+07:00,1200
1301,156307,UNICEF Lao PDR CO,UNICEF Lao PDR CO,17.9376508179,102.617231896,2025-06-17T05:02:07.821826568Z,1.0,70.0,4.0,60.0,95.0,Asia/Vientiane,https://maps.gstatic.com/weather/v1/cloudy,Cloudy,en,CLOUDY,32.8,CELSIUS,42.4,CELSIUS,26.5,CELSIUS,42.4,CELSIUS,32.8,CELSIUS,20.0,RAIN,0.0,MILLIMETERS,0.09910000000000001,MILLIMETERS,1008.32,200.0,SOUTH_SOUTHWEST,5.0,KILOMETERS_PER_HOUR,8.0,KILOMETERS_PER_HOUR,16.0,KILOMETERS,0.9,CELSIUS,32.9,CELSIUS,25.8,CELSIUS,0.0,MILLIMETERS,3.9651,MILLIMETERS,,,,2025-06-17 12:00:05.923000+07:00,1200
1084,90402,"Sathit Secondary School - Xaythani, Vientiane Capital ມັດທະຍົມ ສາທິດ","Sathit Secondary School - Xaythani, Vientiane Capital ມັດທະຍົມ ສາທິດ",18.035248,102.63994,2025-06-17T06:00:12.218174100Z,1.0,71.0,3.0,60.0,90.0,Asia/Vientiane,https://maps.gstatic.com/weather/v1/cloudy,Cloudy,en,CLOUDY,32.5,CELSIUS,41.7,CELSIUS,26.4,CELSIUS,41.7,CELSIUS,32.5,CELSIUS,20.0,RAIN,0.0,MILLIMETERS,0.09910000000000001,MILLIMETERS,1006.87,180.0,SOUTH,6.0,KILOMETERS_PER_HOUR,11.0,KILOMETERS_PER_HOUR,16.0,KILOMETERS,1.7,CELSIUS,32.9,CELSIUS,25.8,CELSIUS,0.0,MILLIMETERS,3.9296,MILLIMETERS,,,,2025-06-17 13:00:07.961000+07:00,1300
1085,90410,"Naxaithong Secondary School - Naxaithong, Vientiane Capital ມັດທະຍົມ ນາຊາຍທອງ","Naxaithong Secondary School - Naxaithong, Vientiane Capital ມັດທະຍົມ ນາຊາຍທອງ",18.068595,102.535866,2025-06-17T06:00:13.519542159Z,1.0,72.0,3.0,60.0,92.0,Asia/Vientiane,https://maps.gstatic.com/weather/v1/cloudy,Cloudy,en,CLOUDY,32.5,CELSIUS,42.3,CELSIUS,26.8,CELSIUS,42.3,CELSIUS,32.5,CELSIUS,20.0,RAIN,0.0,MILLIMETERS,0.1194,MILLIMETERS,1006.79,180.0,SOUTH,5.0,KILOMETERS_PER_HOUR,11.0,KILOMETERS_PER_HOUR,16.0,KILOMETERS,1.6,CELSIUS,33.0,CELSIUS,25.9,CELSIUS,0.0,MILLIMETERS,3.7163,MILLIMETERS,,,,2025-06-17 13:00:07.961000+07:00,1300
1086,90411,d83bda1bc98c Phongsaly - Phongsaly,d83bda1bc98c Phongsaly - Phongsaly,21.695,102.085,2025-06-17T06:00:14.821178573Z,1.0,80.0,3.0,40.0,100.0,Asia/Vientiane,https://maps.gstatic.com/weather/v1/drizzle,Light rain,en,LIGHT_RAIN,26.3,CELSIUS,28.9,CELSIUS,22.3,CELSIUS,28.9,CELSIUS,26.3,CELSIUS,40.0,RAIN,0.0,MILLIMETERS,0.5918,MILLIMETERS,1006.49,225.0,SOUTHWEST,3.0,KILOMETERS_PER_HOUR,10.0,KILOMETERS_PER_HOUR,16.0,KILOMETERS,-1.6,CELSIUS,27.9,CELSIUS,20.3,CELSIUS,0.0,MILLIMETERS,16.9366,MILLIMETERS,,,,2025-06-17 13:00:07.961000+07:00,1300
1087,90412,May - Phongsaly,May - Phongsaly,21.172583,102.722705,2025-06-17T06:00:16.100651292Z,1.0,73.0,3.0,30.0,100.0,Asia/Vientiane,https://maps.gstatic.com/weather/v1/drizzle,Light rain,en,LIGHT_RAIN,25.4,CELSIUS,27.8,CELSIUS,20.0,CELSIUS,27.8,CELSIUS,25.4,CELSIUS,25.0,RAIN,0.0,MILLIMETERS,0.5766,MILLIMETERS,1007.9,240.0,WEST_SOUTHWEST,13.0,KILOMETERS_PER_HOUR,27.0,KILOMETERS_PER_HOUR,16.0,KILOMETERS,-0.5,CELSIUS,25.9,CELSIUS,19.5,CELSIUS,0.0,MILLIMETERS,16.7614,MILLIMETERS,,,,2025-06-17 13:00:07.961000+07:00,1300
1088,90413,"Natoon Secondary School - Khua, Phongsaly ມັດທະຍົມສົມບູນ ນາຕູ່ນ","Natoon Secondary School - Khua, Phongsaly ມັດທະຍົມສົມບູນ ນາຕູ່ນ",21.078865,102.505833,2025-06-17T06:00:17.364839279Z,1.0,75.0,3.0,60.0,100.0,Asia/Vientiane,https://maps.gstatic.com/weather/v1/drizzle,Light rain,en,LIGHT_RAIN,25.3,CELSIUS,28.2,CELSIUS,20.4,CELSIUS,28.2,CELSIUS,25.3,CELSIUS,25.0,RAIN,0.0,MILLIMETERS,0.20070000000000002,MILLIMETERS,1006.98,225.0,SOUTHWEST,10.0,KILOMETERS_PER_HOUR,21.0,KILOMETERS_PER_HOUR,16.0,KILOMETERS,-1.1,CELSIUS,26.4,CELSIUS,19.8,CELSIUS,0.0,MILLIMETERS,8.5117,MILLIMETERS,,,,2025-06-17 13:00:07.961000+07:00,1300
1089,90414,"Naxay Secondary School - Samphanh, Phongsaly ມັດທະຍົມສົມບູນ ນາໄຊ","Naxay Secondary School - Samphanh, Phongsaly ມັດທະຍົມສົມບູນ ນາໄຊ",21.346014,102.349329,2025-06-17T06:00:18.617229988Z,1.0,91.0,3.0,60.0,100.0,Asia/Vientiane,https://maps.gstatic.com/weather/v1/strong_tstorms,Light thunderstorms and rain,en,LIGHT_THUNDERSTORM_RAIN,15.9,CELSIUS,18.2,CELSIUS,14.3,CELSIUS,18.2,CELSIUS,15.9,CELSIUS,45.0,RAIN,0.0,MILLIMETERS,0.8026000000000001,MILLIMETERS,1007.45,225.0,SOUTHWEST,8.0,KILOMETERS_PER_HOUR,21.0,KILOMETERS_PER_HOUR,13.0,KILOMETERS,-0.2,CELSIUS,16.1,CELSIUS,10.8,CELSIUS,0.0,MILLIMETERS,14.1304,MILLIMETERS,,,,2025-06-17 13:00:07.961000+07:00,1300
1090,90419,"Long Secondary School - Long, LuangNamtha ມັດທະຍົມສົມບູນ ເມືອງລອງ","Long Secondary School - Long, LuangNamtha ມັດທະຍົມສົມບູນ ເມືອງລອງ",20.962029,100.82109,2025-06-17T06:00:19.905736314Z,1.0,75.0,3.0,20.0,100.0,Asia/Vientiane,https://maps.gstatic.com/weather/v1/drizzle,Light rain,en,LIGHT_RAIN,27.2,CELSIUS,30.2,CELSIUS,22.1,CELSIUS,30.2,CELSIUS,27.2,CELSIUS,25.0,RAIN,0.0,MILLIMETERS,0.381,MILLIMETERS,1008.0,225.0,SOUTHWEST,8.0,KILOMETERS_PER_HOUR,14.0,KILOMETERS_PER_HOUR,16.0,KILOMETERS,-0.1,CELSIUS,27.3,CELSIUS,21.9,CELSIUS,0.0,MILLIMETERS,8.7962,MILLIMETERS,,,,2025-06-17 13:00:07.961000+07:00,1300
1091,90421,"Sing Secondary School - Sing, LuangNamtha ມັດທະຍົມສົມບູນ ເມືອງສິງ","Sing Secondary School - Sing, LuangNamtha ມັດທະຍົມສົມບູນ ເມືອງສິງ",21.190223,101.144937,2025-06-17T06:00:21.217093696Z,1.0,75.0,3.0,20.0,100.0,Asia/Vientiane,https://maps.gstatic.com/weather/v1/drizzle,Light rain,en,LIGHT_RAIN,27.2,CELSIUS,30.2,CELSIUS,22.1,CELSIUS,30.2,CELSIUS,27.2,CELSIUS,25.0,RAIN,0.0,MILLIMETERS,0.381,MILLIMETERS,1008.0,225.0,SOUTHWEST,8.0,KILOMETERS_PER_HOUR,14.0,KILOMETERS_PER_HOUR,16.0,KILOMETERS,-0.1,CELSIUS,27.3,CELSIUS,21.9,CELSIUS,0.0,MILLIMETERS,8.7962,MILLIMETERS,,,,2025-06-17 13:00:07.961000+07:00,1300
1092,90422,Nalae - Louangnamtha,Nalae - Louangnamtha,20.536617,101.447461,2025-06-17T06:00:22.490260522Z,1.0,65.0,3.0,60.0,100.0,Asia/Vientiane,https://maps.gstatic.com/weather/v1/cloudy,Cloudy,en,CLOUDY,29.2,CELSIUS,32.4,CELSIUS,21.9,CELSIUS,32.4,CELSIUS,29.2,CELSIUS,25.0,RAIN,0.0,MILLIMETERS,0.1041,MILLIMETERS,1007.53,225.0,SOUTHWEST,10.0,KILOMETERS_PER_HOUR,18.0,KILOMETERS_PER_HOUR,16.0,KILOMETERS,0.9,CELSIUS,29.2,CELSIUS,22.9,CELSIUS,0.0,MILLIMETERS,6.1542,MILLIMETERS,,,,2025-06-17 13:00:07.961000+07:00,1300
1093,90424,"La Secondary School - La, Oudomxai ມັດທະຍົມສົມບູນ ເມືອງຫລາ","La Secondary School - La, Oudomxai ມັດທະຍົມສົມບູນ ເມືອງຫລາ",20.870865,102.110246,2025-06-17T06:00:23.780618723Z,1.0,75.0,3.0,60.0,100.0,Asia/Vientiane,https://maps.gstatic.com/weather/v1/drizzle,Light rain,en,LIGHT_RAIN,25.9,CELSIUS,28.8,CELSIUS,21.1,CELSIUS,28.8,CELSIUS,25.9,CELSIUS,25.0,RAIN,0.0,MILLIMETERS,0.20070000000000002,MILLIMETERS,1006.97,225.0,SOUTHWEST,10.0,KILOMETERS_PER_HOUR,21.0,KILOMETERS_PER_HOUR,16.0,KILOMETERS,-1.2,CELSIUS,27.1,CELSIUS,20.5,CELSIUS,0.0,MILLIMETERS,8.5117,MILLIMETERS,,,,2025-06-17 13:00:07.961000+07:00,1300
1094,90425,"Namor Secondary School - Namor, Oudomxay ມັດທະຍົມ ເມືອງນາໝໍ້","Namor Secondary School - Namor, Oudomxay ມັດທະຍົມ ເມືອງນາໝໍ້",20.914061,101.764456,2025-06-17T06:00:25.067757203Z,1.0,65.0,3.0,30.0,100.0,Asia/Vientiane,https://maps.gstatic.com/weather/v1/drizzle,Light rain,en,LIGHT_RAIN,27.9,CELSIUS,31.0,CELSIUS,20.6,CELSIUS,31.0,CELSIUS,27.9,CELSIUS,35.0,RAIN,0.0,MILLIMETERS,0.2083,MILLIMETERS,1007.0,225.0,SOUTHWEST,10.0,KILOMETERS_PER_HOUR,18.0,KILOMETERS_PER_HOUR,16.0,KILOMETERS,0.7000000000000001,CELSIUS,27.8,CELSIUS,20.8,CELSIUS,0.0,MILLIMETERS,7.267,MILLIMETERS,,,,2025-06-17 13:00:07.961000+07:00,1300
1095,90426,Nga - Oudomxai,Nga - Oudomxai,20.282849,101.973769,2025-06-17T06:00:26.364383580Z,1.0,70.0,3.0,70.0,100.0,Asia/Vientiane,https://maps.gstatic.com/weather/v1/cloudy,Cloudy,en,CLOUDY,30.4,CELSIUS,35.0,CELSIUS,24.2,CELSIUS,35.0,CELSIUS,30.4,CELSIUS,25.0,RAIN,0.0,MILLIMETERS,0.2997,MILLIMETERS,1006.43,205.0,SOUTH_SOUTHWEST,13.0,KILOMETERS_PER_HOUR,27.0,KILOMETERS_PER_HOUR,16.0,KILOMETERS,1.6,CELSIUS,29.7,CELSIUS,24.4,CELSIUS,0.0,MILLIMETERS,15.202,MILLIMETERS,,,,2025-06-17 13:00:07.961000+07:00,1300
1096,90427,Beng - Oudomxai,Beng - Oudomxai,20.296295,101.639666,2025-06-17T06:00:27.634931680Z,1.0,65.0,3.0,60.0,100.0,Asia/Vientiane,https://maps.gstatic.com/weather/v1/cloudy,Cloudy,en,CLOUDY,29.2,CELSIUS,32.4,CELSIUS,21.9,CELSIUS,32.4,CELSIUS,29.2,CELSIUS,25.0,RAIN,0.0,MILLIMETERS,0.1041,MILLIMETERS,1007.53,225.0,SOUTHWEST,10.0,KILOMETERS_PER_HOUR,18.0,KILOMETERS_PER_HOUR,16.0,KILOMETERS,0.9,CELSIUS,29.2,CELSIUS,22.9,CELSIUS,0.0,MILLIMETERS,6.1542,MILLIMETERS,,,,2025-06-17 13:00:07.961000+07:00,1300
1097,90428,"Hoon Secondary School - Hoon, Oudomxay ມັດທະຍົມ ເມືອງຮຸນ","Hoon Secondary School - Hoon, Oudomxay ມັດທະຍົມ ເມືອງຮຸນ",20.146431,101.467765,2025-06-17T06:00:28.946081296Z,1.0,65.0,3.0,60.0,100.0,Asia/Vientiane,https://maps.gstatic.com/weather/v1/cloudy,Cloudy,en,CLOUDY,29.2,CELSIUS,32.4,CELSIUS,21.9,CELSIUS,32.4,CELSIUS,29.2,CELSIUS,25.0,RAIN,0.0,MILLIMETERS,0.1041,MILLIMETERS,1007.53,225.0,SOUTHWEST,10.0,KILOMETERS_PER_HOUR,18.0,KILOMETERS_PER_HOUR,16.0,KILOMETERS,0.9,CELSIUS,29.2,CELSIUS,22.9,CELSIUS,0.0,MILLIMETERS,6.1542,MILLIMETERS,,,,2025-06-17 13:00:07.961000+07:00,1300
1098,90430,"Nampook Secondary School - Huoixai, Bokeo ມັດທະຍົມສົມບູນ ນ້ຳປຸກ","Nampook Secondary School - Huoixai, Bokeo ມັດທະຍົມສົມບູນ ນ້ຳປຸກ",20.217811,100.565439,2025-06-17T06:00:30.199946559Z,1.0,67.0,3.0,50.0,100.0,Asia/Vientiane,https://maps.gstatic.com/weather/v1/drizzle,Light rain,en,LIGHT_RAIN,30.5,CELSIUS,35.5,CELSIUS,23.5,CELSIUS,35.5,CELSIUS,30.5,CELSIUS,25.0,RAIN,0.0,MILLIMETERS,0.27690000000000003,MILLIMETERS,1006.99,203.0,SOUTH_SOUTHWEST,8.0,KILOMETERS_PER_HOUR,16.0,KILOMETERS_PER_HOUR,16.0,KILOMETERS,-0.1,CELSIUS,30.6,CELSIUS,24.2,CELSIUS,0.0,MILLIMETERS,26.6065,MILLIMETERS,,,,2025-06-17 13:00:07.961000+07:00,1300
1099,90432,Meung - Bokeo,Meung - Bokeo,20.565749,100.592003,2025-06-17T06:00:31.492038013Z,1.0,66.0,3.0,40.0,100.0,Asia/Vientiane,https://maps.gstatic.com/weather/v1/drizzle,Light rain,en,LIGHT_RAIN,27.0,CELSIUS,30.7,CELSIUS,20.1,CELSIUS,30.7,CELSIUS,27.0,CELSIUS,35.0,RAIN,0.0,MILLIMETERS,0.21080000000000002,MILLIMETERS,1007.2,203.0,SOUTH_SOUTHWEST,8.0,KILOMETERS_PER_HOUR,14.0,KILOMETERS_PER_HOUR,16.0,KILOMETERS,0.5,CELSIUS,26.5,CELSIUS,20.4,CELSIUS,0.0,MILLIMETERS,13.3147,MILLIMETERS,,,,2025-06-17 13:00:07.961000+07:00,1300
1100,90433,Pha Oudom - Bokeo,Pha Oudom - Bokeo,20.086216,100.831707,2025-06-17T06:00:32.794765913Z,1.0,75.0,3.0,40.0,100.0,Asia/Vientiane,https://maps.gstatic.com/weather/v1/drizzle,Light rain,en,LIGHT_RAIN,23.4,CELSIUS,26.3,CELSIUS,18.7,CELSIUS,26.3,CELSIUS,23.4,CELSIUS,40.0,RAIN,0.0,MILLIMETERS,0.7518,MILLIMETERS,1008.2,248.0,WEST_SOUTHWEST,6.0,KILOMETERS_PER_HOUR,13.0,KILOMETERS_PER_HOUR,16.0,KILOMETERS,-1.3,CELSIUS,24.9,CELSIUS,18.8,CELSIUS,0.0,MILLIMETERS,13.3275,MILLIMETERS,,,,2025-06-17 13:00:07.961000+07:00,1300
1101,90435,"Santiphab Secondary School - Luangprabang, Luangprabang ມັດທະຍົມ ສັນຕິພາບ","Santiphab Secondary School - Luangprabang, Luangprabang ມັດທະຍົມ ສັນຕິພາບ",19.880332,102.139832,2025-06-17T06:00:34.082766950Z,1.0,60.0,3.0,70.0,100.0,Asia/Vientiane,https://maps.gstatic.com/weather/v1/drizzle,Light rain,en,LIGHT_RAIN,31.7,CELSIUS,36.7,CELSIUS,23.0,CELSIUS,36.7,CELSIUS,31.7,CELSIUS,25.0,RAIN,0.0,MILLIMETERS,0.20070000000000002,MILLIMETERS,1006.02,225.0,SOUTHWEST,11.0,KILOMETERS_PER_HOUR,23.0,KILOMETERS_PER_HOUR,16.0,KILOMETERS,3.0,CELSIUS,30.9,CELSIUS,24.2,CELSIUS,0.0,MILLIMETERS,13.894,MILLIMETERS,,,,2025-06-17 13:00:07.961000+07:00,1300
1102,90437,"PakXeng Secondary School - PakXeng, Luangprabang ມັດທະຍົມສົມບູນ ປາກແຊງ","PakXeng Secondary School - PakXeng, Luangprabang ມັດທະຍົມສົມບູນ ປາກແຊງ",20.174492,102.675657,2025-06-17T06:00:35.373338134Z,1.0,71.0,3.0,40.0,100.0,Asia/Vientiane,https://maps.gstatic.com/weather/v1/cloudy,Cloudy,en,CLOUDY,24.9,CELSIUS,28.0,CELSIUS,19.1,CELSIUS,28.0,CELSIUS,24.9,CELSIUS,25.0,RAIN,0.0,MILLIMETERS,0.381,MILLIMETERS,1006.74,245.0,WEST_SOUTHWEST,8.0,KILOMETERS_PER_HOUR,21.0,KILOMETERS_PER_HOUR,16.0,KILOMETERS,3.1,CELSIUS,23.3,CELSIUS,18.0,CELSIUS,0.0,MILLIMETERS,17.102,MILLIMETERS,,,,2025-06-17 13:00:07.961000+07:00,1300
1103,90438,"Phonxay Secpondary School - Phonxay, Luangprabang ມັດທະຍົມສົມບູນ ເມືອງໂພນໄຊ","Phonxay Secpondary School - Phonxay, Luangprabang ມັດທະຍົມສົມບູນ ເມືອງໂພນໄຊ",19.958916,102.572347,,,,,,,,,,,,,,,,,,,,,,,,,,,,,,,,,,,,,,,,,,,,,,,404.0,Information is not supported for this location. Please try a different location.,NOT_FOUND,2025-06-17 13:00:07.961000+07:00,1300
1104,90440,"Vangxieng Secondary School - Phonthong, Luangprabang ມັດທະຍົມ ວັງຊຽງ","Vangxieng Secondary School - Phonthong, Luangprabang ມັດທະຍົມ ວັງຊຽງ",20.737745,103.073231,2025-06-17T06:00:37.929195151Z,1.0,73.0,3.0,30.0,100.0,Asia/Vientiane,https://maps.gstatic.com/weather/v1/drizzle,Light rain,en,LIGHT_RAIN,26.1,CELSIUS,28.4,CELSIUS,20.6,CELSIUS,28.4,CELSIUS,26.1,CELSIUS,25.0,RAIN,0.0,MILLIMETERS,0.5766,MILLIMETERS,1007.9,240.0,WEST_SOUTHWEST,13.0,KILOMETERS_PER_HOUR,27.0,KILOMETERS_PER_HOUR,16.0,KILOMETERS,-0.5,CELSIUS,26.6,CELSIUS,20.2,CELSIUS,0.0,MILLIMETERS,16.7614,MILLIMETERS,,,,2025-06-17 13:00:07.961000+07:00,1300
1105,90441,"Kiwkachum Secondary School - XiengNgeun, Luangprabang ມັດທະຍົມ ກິ່ວກະຈຳ","Kiwkachum Secondary School - XiengNgeun, Luangprabang ມັດທະຍົມ ກິ່ວກະຈຳ",19.555,102.234,2025-06-17T06:00:39.201067289Z,1.0,97.0,3.0,70.0,100.0,Asia/Vientiane,https://maps.gstatic.com/weather/v1/strong_tstorms,Light thunderstorms and rain,en,LIGHT_THUNDERSTORM_RAIN,23.9,CELSIUS,26.4,CELSIUS,23.7,CELSIUS,26.4,CELSIUS,23.9,CELSIUS,50.0,RAIN,0.0,MILLIMETERS,1.4427,MILLIMETERS,1008.76,195.0,SOUTH_SOUTHWEST,8.0,KILOMETERS_PER_HOUR,18.0,KILOMETERS_PER_HOUR,7.0,KILOMETERS,-0.8,CELSIUS,27.5,CELSIUS,20.6,CELSIUS,0.0,MILLIMETERS,8.6134,MILLIMETERS,,,,2025-06-17 13:00:07.961000+07:00,1300
1106,90442,"Nan Secondary School - Nan, Luangprabang ມັດທະຍົມ ເມືອງນານ","Nan Secondary School - Nan, Luangprabang ມັດທະຍົມ ເມືອງນານ",19.498539,101.883867,2025-06-17T06:00:40.496528112Z,1.0,78.0,3.0,70.0,100.0,Asia/Vientiane,https://maps.gstatic.com/weather/v1/strong_tstorms,Light thunderstorms and rain,en,LIGHT_THUNDERSTORM_RAIN,23.4,CELSIUS,26.8,CELSIUS,18.8,CELSIUS,26.8,CELSIUS,23.4,CELSIUS,75.0,RAIN,0.0,MILLIMETERS,1.9609,MILLIMETERS,1008.4,203.0,SOUTH_SOUTHWEST,6.0,KILOMETERS_PER_HOUR,11.0,KILOMETERS_PER_HOUR,16.0,KILOMETERS,-0.9,CELSIUS,24.5,CELSIUS,19.1,CELSIUS,0.0,MILLIMETERS,19.3094,MILLIMETERS,,,,2025-06-17 13:00:07.961000+07:00,1300
1107,90447,Xamneua - Houaphan,Xamneua - Houaphan,20.413807,104.050733,2025-06-17T06:00:41.762415573Z,1.0,61.0,3.0,70.0,95.0,Asia/Vientiane,https://maps.gstatic.com/weather/v1/cloudy,Cloudy,en,CLOUDY,29.1,CELSIUS,31.7,CELSIUS,20.9,CELSIUS,31.7,CELSIUS,29.1,CELSIUS,25.0,RAIN,0.0,MILLIMETERS,0.2997,MILLIMETERS,1006.24,270.0,WEST,6.0,KILOMETERS_PER_HOUR,22.0,KILOMETERS_PER_HOUR,16.0,KILOMETERS,3.7,CELSIUS,27.3,CELSIUS,20.3,CELSIUS,0.0,MILLIMETERS,6.7642,MILLIMETERS,,,,2025-06-17 13:00:07.961000+07:00,1300
1108,90449,"BouamNgam Secondary School - Huameuang, Houaphan  ມັດທະຍົມ ບວມງາມ","BouamNgam Secondary School - Huameuang, Houaphan  ມັດທະຍົມ ບວມງາມ",20.199501,103.875166,2025-06-17T06:00:43.072986461Z,1.0,66.0,3.0,70.0,95.0,Asia/Vientiane,https://maps.gstatic.com/weather/v1/drizzle,Light rain,en,LIGHT_RAIN,26.7,CELSIUS,28.7,CELSIUS,19.8,CELSIUS,28.7,CELSIUS,26.7,CELSIUS,25.0,RAIN,0.0,MILLIMETERS,0.2997,MILLIMETERS,1007.63,245.0,WEST_SOUTHWEST,11.0,KILOMETERS_PER_HOUR,27.0,KILOMETERS_PER_HOUR,16.0,KILOMETERS,3.6,CELSIUS,25.6,CELSIUS,19.1,CELSIUS,0.0,MILLIMETERS,8.3341,MILLIMETERS,,,,2025-06-17 13:00:07.961000+07:00,1300
1109,90450,Xamtay - Houaphan,Xamtay - Houaphan,19.999194,104.64011,2025-06-17T06:00:44.346737127Z,1.0,56.0,3.0,70.0,100.0,Asia/Vientiane,https://maps.gstatic.com/weather/v1/drizzle,Light rain,en,LIGHT_RAIN,28.8,CELSIUS,31.4,CELSIUS,19.1,CELSIUS,31.4,CELSIUS,28.8,CELSIUS,25.0,RAIN,0.0,MILLIMETERS,0.2235,MILLIMETERS,1006.73,250.0,WEST_SOUTHWEST,10.0,KILOMETERS_PER_HOUR,16.0,KILOMETERS_PER_HOUR,16.0,KILOMETERS,4.3,CELSIUS,27.5,CELSIUS,19.1,CELSIUS,0.0,MILLIMETERS,3.3047,MILLIMETERS,,,,2025-06-17 13:00:07.961000+07:00,1300
1110,90451,"Add Secondary School - Add, Houaphan ມັດທະຍົມ ແອດ","Add Secondary School - Add, Houaphan ມັດທະຍົມ ແອດ",20.820542,104.004618,,,,,,,,,,,,,,,,,,,,,,,,,,,,,,,,,,,,,,,,,,,,,,,404.0,Information is not supported for this location. Please try a different location.,NOT_FOUND,2025-06-17 13:00:07.961000+07:00,1300
1111,90452,Xon - Houaphan,Xon - Houaphan,20.466813,103.34797,2025-06-17T06:00:46.895117911Z,1.0,66.0,3.0,70.0,95.0,Asia/Vientiane,https://maps.gstatic.com/weather/v1/drizzle,Light rain,en,LIGHT_RAIN,24.1,CELSIUS,26.2,CELSIUS,17.2,CELSIUS,26.2,CELSIUS,24.1,CELSIUS,25.0,RAIN,0.0,MILLIMETERS,0.2997,MILLIMETERS,1007.63,245.0,WEST_SOUTHWEST,11.0,KILOMETERS_PER_HOUR,27.0,KILOMETERS_PER_HOUR,16.0,KILOMETERS,3.6,CELSIUS,23.0,CELSIUS,16.5,CELSIUS,0.0,MILLIMETERS,8.3341,MILLIMETERS,,,,2025-06-17 13:00:07.961000+07:00,1300
1112,90453,Xiengkhor - Houaphan,Xiengkhor - Houaphan,20.813892,104.146676,,,,,,,,,,,,,,,,,,,,,,,,,,,,,,,,,,,,,,,,,,,,,,,404.0,Information is not supported for this location. Please try a different location.,NOT_FOUND,2025-06-17 13:00:07.961000+07:00,1300
1113,90454," Viengthong Secondary School - Hiem, Houaphan ມັດທະຍົມ ວຽງທອງ"," Viengthong Secondary School - Hiem, Houaphan ມັດທະຍົມ ວຽງທອງ",20.099855,103.380396,2025-06-17T06:00:49.403494764Z,1.0,66.0,3.0,70.0,95.0,Asia/Vientiane,https://maps.gstatic.com/weather/v1/drizzle,Light rain,en,LIGHT_RAIN,24.1,CELSIUS,26.2,CELSIUS,17.2,CELSIUS,26.2,CELSIUS,24.1,CELSIUS,25.0,RAIN,0.0,MILLIMETERS,0.2997,MILLIMETERS,1007.63,245.0,WEST_SOUTHWEST,11.0,KILOMETERS_PER_HOUR,27.0,KILOMETERS_PER_HOUR,16.0,KILOMETERS,3.6,CELSIUS,23.0,CELSIUS,16.5,CELSIUS,0.0,MILLIMETERS,8.3341,MILLIMETERS,,,,2025-06-17 13:00:07.961000+07:00,1300
1114,90455,"Sopbao Secondary School - Sopbao, Houaphan ມັດທະຍົມ ສົບເບົາ","Sopbao Secondary School - Sopbao, Houaphan ມັດທະຍົມ ສົບເບົາ",20.710206,104.384946,2025-06-17T06:00:50.689770741Z,1.0,61.0,3.0,70.0,95.0,Asia/Vientiane,https://maps.gstatic.com/weather/v1/cloudy,Cloudy,en,CLOUDY,25.2,CELSIUS,27.8,CELSIUS,17.0,CELSIUS,27.8,CELSIUS,25.2,CELSIUS,25.0,RAIN,0.0,MILLIMETERS,0.2997,MILLIMETERS,1006.23,270.0,WEST,6.0,KILOMETERS_PER_HOUR,22.0,KILOMETERS_PER_HOUR,16.0,KILOMETERS,3.7,CELSIUS,23.4,CELSIUS,16.4,CELSIUS,0.0,MILLIMETERS,6.7642,MILLIMETERS,,,,2025-06-17 13:00:07.961000+07:00,1300
1115,90456,"Kuan Secondary School - Kuan, Houaphan ມັດທະຍົມສົມບູນ ກັວນ","Kuan Secondary School - Kuan, Houaphan ມັດທະຍົມສົມບູນ ກັວນ",19.835863,104.561303,2025-06-17T06:00:51.951539419Z,1.0,56.0,3.0,70.0,100.0,Asia/Vientiane,https://maps.gstatic.com/weather/v1/drizzle,Light rain,en,LIGHT_RAIN,30.1,CELSIUS,32.7,CELSIUS,20.4,CELSIUS,32.7,CELSIUS,30.1,CELSIUS,25.0,RAIN,0.0,MILLIMETERS,0.2235,MILLIMETERS,1006.73,250.0,WEST_SOUTHWEST,10.0,KILOMETERS_PER_HOUR,16.0,KILOMETERS_PER_HOUR,16.0,KILOMETERS,4.3,CELSIUS,28.8,CELSIUS,20.4,CELSIUS,0.0,MILLIMETERS,3.3047,MILLIMETERS,,,,2025-06-17 13:00:07.961000+07:00,1300
1116,90457,"Khob Secondary School - Khob, Xayabouli ມັດທະຍົມ ເມືອງຄອບ","Khob Secondary School - Khob, Xayabouli ມັດທະຍົມ ເມືອງຄອບ",19.699713,100.5572,2025-06-17T06:00:53.236442712Z,1.0,74.0,3.0,70.0,100.0,Asia/Vientiane,https://maps.gstatic.com/weather/v1/strong_tstorms,Light thunderstorms and rain,en,LIGHT_THUNDERSTORM_RAIN,28.7,CELSIUS,32.9,CELSIUS,23.4,CELSIUS,32.9,CELSIUS,28.7,CELSIUS,75.0,RAIN,0.0,MILLIMETERS,2.3749000000000002,MILLIMETERS,1007.88,203.0,SOUTH_SOUTHWEST,10.0,KILOMETERS_PER_HOUR,18.0,KILOMETERS_PER_HOUR,16.0,KILOMETERS,0.6000000000000001,CELSIUS,28.9,CELSIUS,23.7,CELSIUS,0.0,MILLIMETERS,13.3579,MILLIMETERS,,,,2025-06-17 13:00:07.961000+07:00,1300
1117,90458,"Hongsa Secondary School - Hongsa, Xaignabouly ມັດທະຍົມສົມບູນ ຫົງສາ","Hongsa Secondary School - Hongsa, Xaignabouly ມັດທະຍົມສົມບູນ ຫົງສາ",19.70693,101.342893,2025-06-17T06:00:54.529494973Z,1.0,78.0,3.0,70.0,100.0,Asia/Vientiane,https://maps.gstatic.com/weather/v1/strong_tstorms,Light thunderstorms and rain,en,LIGHT_THUNDERSTORM_RAIN,24.7,CELSIUS,28.1,CELSIUS,20.1,CELSIUS,28.1,CELSIUS,24.7,CELSIUS,74.0,RAIN,0.0,MILLIMETERS,1.9609,MILLIMETERS,1008.4,203.0,SOUTH_SOUTHWEST,6.0,KILOMETERS_PER_HOUR,11.0,KILOMETERS_PER_HOUR,16.0,KILOMETERS,-0.9,CELSIUS,25.8,CELSIUS,20.4,CELSIUS,0.0,MILLIMETERS,19.3094,MILLIMETERS,,,,2025-06-17 13:00:07.961000+07:00,1300
1118,90459,Phiang - Xaignabouly,Phiang - Xaignabouly,19.094645,101.529558,2025-06-17T06:00:55.798853330Z,1.0,65.0,3.0,70.0,100.0,Asia/Vientiane,https://maps.gstatic.com/weather/v1/strong_tstorms,Light thunderstorms and rain,en,LIGHT_THUNDERSTORM_RAIN,29.9,CELSIUS,33.9,CELSIUS,22.4,CELSIUS,33.9,CELSIUS,29.9,CELSIUS,35.0,RAIN,0.0,MILLIMETERS,0.127,MILLIMETERS,1007.89,225.0,SOUTHWEST,8.0,KILOMETERS_PER_HOUR,15.0,KILOMETERS_PER_HOUR,16.0,KILOMETERS,-0.6000000000000001,CELSIUS,30.9,CELSIUS,23.7,CELSIUS,0.0,MILLIMETERS,4.6456,MILLIMETERS,,,,2025-06-17 13:00:07.961000+07:00,1300
1119,90460,Parklai - Xaignabouly,Parklai - Xaignabouly,18.220795,101.405717,2025-06-17T06:00:57.085826249Z,1.0,62.0,3.0,60.0,100.0,Asia/Vientiane,https://maps.gstatic.com/weather/v1/strong_tstorms,Light thunderstorms and rain,en,LIGHT_THUNDERSTORM_RAIN,30.4,CELSIUS,35.0,CELSIUS,22.4,CELSIUS,35.0,CELSIUS,30.4,CELSIUS,36.0,RAIN,0.0,MILLIMETERS,0.0,MILLIMETERS,1006.99,225.0,SOUTHWEST,8.0,KILOMETERS_PER_HOUR,18.0,KILOMETERS_PER_HOUR,16.0,KILOMETERS,-0.30000000000000004,CELSIUS,31.7,CELSIUS,24.4,CELSIUS,0.0,MILLIMETERS,1.4197,MILLIMETERS,,,,2025-06-17 13:00:07.961000+07:00,1300
1120,90463,"Ekaphab Secondary School - Xayabury, Xayabury ມັດທະຍົມ ເອກະພາບ","Ekaphab Secondary School - Xayabury, Xayabury ມັດທະຍົມ ເອກະພາບ",19.237566,101.714751,2025-06-17T06:00:58.379923503Z,1.0,70.0,3.0,70.0,100.0,Asia/Vientiane,https://maps.gstatic.com/weather/v1/cloudy,Cloudy,en,CLOUDY,29.8,CELSIUS,34.6,CELSIUS,23.4,CELSIUS,34.6,CELSIUS,29.8,CELSIUS,25.0,RAIN,0.0,MILLIMETERS,0.3277,MILLIMETERS,1007.81,203.0,SOUTH_SOUTHWEST,8.0,KILOMETERS_PER_HOUR,14.0,KILOMETERS_PER_HOUR,16.0,KILOMETERS,-0.9,CELSIUS,30.7,CELSIUS,24.8,CELSIUS,0.0,MILLIMETERS,7.3177,MILLIMETERS,,,,2025-06-17 13:00:07.961000+07:00,1300
1121,90465,Xienghone - Xaignabouly ,Xienghone - Xaignabouly ,19.631763,100.814901,2025-06-17T06:00:59.643264733Z,1.0,77.0,3.0,70.0,100.0,Asia/Vientiane,https://maps.gstatic.com/weather/v1/strong_tstorms,Light thunderstorms and rain,en,LIGHT_THUNDERSTORM_RAIN,25.1,CELSIUS,28.6,CELSIUS,20.3,CELSIUS,28.6,CELSIUS,25.1,CELSIUS,45.0,RAIN,0.0,MILLIMETERS,1.1557,MILLIMETERS,1008.39,248.0,WEST_SOUTHWEST,10.0,KILOMETERS_PER_HOUR,16.0,KILOMETERS_PER_HOUR,16.0,KILOMETERS,0.1,CELSIUS,25.0,CELSIUS,20.2,CELSIUS,0.0,MILLIMETERS,13.8379,MILLIMETERS,,,,2025-06-17 13:00:07.961000+07:00,1300
1122,90466,"Kenethao Secondary School - Kenethao, Xayabury ມັດທະຍົມສົມບຸນ ແກ່ນທ້າວ","Kenethao Secondary School - Kenethao, Xayabury ມັດທະຍົມສົມບຸນ ແກ່ນທ້າວ",17.740569,101.403471,2025-06-17T06:01:00.962612114Z,1.0,70.0,3.0,70.0,100.0,Asia/Vientiane,https://maps.gstatic.com/weather/v1/strong_tstorms,Light thunderstorms and rain,en,LIGHT_THUNDERSTORM_RAIN,30.9,CELSIUS,37.1,CELSIUS,24.8,CELSIUS,37.1,CELSIUS,30.9,CELSIUS,46.0,RAIN,0.0,MILLIMETERS,0.5385,MILLIMETERS,1006.98,180.0,SOUTH,10.0,KILOMETERS_PER_HOUR,18.0,KILOMETERS_PER_HOUR,16.0,KILOMETERS,-1.7,CELSIUS,33.0,CELSIUS,25.2,CELSIUS,0.0,MILLIMETERS,1.7348000000000001,MILLIMETERS,,,,2025-06-17 13:00:07.961000+07:00,1300
1123,90468,Pek - Xiengkhouang,Pek - Xiengkhouang,19.444636,103.205788,2025-06-17T06:01:02.220733412Z,1.0,80.0,3.0,70.0,95.0,Asia/Vientiane,https://maps.gstatic.com/weather/v1/strong_tstorms,Thunderstorm,en,THUNDERSTORM,24.9,CELSIUS,27.0,CELSIUS,21.2,CELSIUS,27.0,CELSIUS,24.9,CELSIUS,54.0,RAIN,0.0,MILLIMETERS,0.2972,MILLIMETERS,1009.17,200.0,SOUTH_SOUTHWEST,14.0,KILOMETERS_PER_HOUR,37.0,KILOMETERS_PER_HOUR,16.0,KILOMETERS,-2.1,CELSIUS,28.2,CELSIUS,20.1,CELSIUS,0.0,MILLIMETERS,9.8377,MILLIMETERS,,,,2025-06-17 13:00:07.961000+07:00,1300
1124,90469,Nonghed - Xiengkhouang,Nonghed - Xiengkhouang,19.49661,103.986121,,,,,,,,,,,,,,,,,,,,,,,,,,,,,,,,,,,,,,,,,,,,,,,404.0,Information is not supported for this location. Please try a different location.,NOT_FOUND,2025-06-17 13:00:07.961000+07:00,1300
1125,90471,"Napa Secondary School - Kham, Xiengkhouang ມັດທະຍົມ ນາປາ","Napa Secondary School - Kham, Xiengkhouang ມັດທະຍົມ ນາປາ",19.590573,103.662369,2025-06-17T06:01:04.728139105Z,1.0,55.0,3.0,50.0,100.0,Asia/Vientiane,https://maps.gstatic.com/weather/v1/cloudy,Cloudy,en,CLOUDY,31.5,CELSIUS,34.9,CELSIUS,21.2,CELSIUS,34.9,CELSIUS,31.5,CELSIUS,26.0,RAIN,0.0,MILLIMETERS,0.2591,MILLIMETERS,1006.26,245.0,WEST_SOUTHWEST,8.0,KILOMETERS_PER_HOUR,13.0,KILOMETERS_PER_HOUR,16.0,KILOMETERS,4.1,CELSIUS,30.0,CELSIUS,20.9,CELSIUS,0.0,MILLIMETERS,6.5127,MILLIMETERS,,,,2025-06-17 13:00:07.961000+07:00,1300
1126,90472,"Chomphet Seconbdary School - Khoune, Xiengkhuang ມັດທະຍົມ ຈອມເພັດ","Chomphet Seconbdary School - Khoune, Xiengkhuang ມັດທະຍົມ ຈອມເພັດ",19.340999,103.371433,2025-06-17T06:01:06.020663844Z,1.0,80.0,3.0,70.0,95.0,Asia/Vientiane,https://maps.gstatic.com/weather/v1/strong_tstorms,Thunderstorm,en,THUNDERSTORM,24.9,CELSIUS,27.0,CELSIUS,21.2,CELSIUS,27.0,CELSIUS,24.9,CELSIUS,54.0,RAIN,0.0,MILLIMETERS,0.2972,MILLIMETERS,1009.17,200.0,SOUTH_SOUTHWEST,14.0,KILOMETERS_PER_HOUR,37.0,KILOMETERS_PER_HOUR,16.0,KILOMETERS,-2.1,CELSIUS,28.2,CELSIUS,20.1,CELSIUS,0.0,MILLIMETERS,9.8377,MILLIMETERS,,,,2025-06-17 13:00:07.961000+07:00,1300
1127,90475,Phonhong - Vientiane,Phonhong - Vientiane,18.350024,102.42424,2025-06-17T06:01:07.300125370Z,1.0,68.0,3.0,50.0,90.0,Asia/Vientiane,https://maps.gstatic.com/weather/v1/cloudy,Cloudy,en,CLOUDY,32.6,CELSIUS,41.1,CELSIUS,26.0,CELSIUS,41.1,CELSIUS,32.6,CELSIUS,25.0,RAIN,0.0,MILLIMETERS,0.09910000000000001,MILLIMETERS,1006.48,215.0,SOUTHWEST,8.0,KILOMETERS_PER_HOUR,22.0,KILOMETERS_PER_HOUR,16.0,KILOMETERS,3.3,CELSIUS,32.4,CELSIUS,24.9,CELSIUS,0.0,MILLIMETERS,11.6511,MILLIMETERS,,,,2025-06-17 13:00:07.961000+07:00,1300
1128,90476,"Kasy Secondary School - Kasy, Vientiane Province ມັດທະຍົມສົມບູນ ກາສີ","Kasy Secondary School - Kasy, Vientiane Province ມັດທະຍົມສົມບູນ ກາສີ",19.225034,102.25219,2025-06-17T06:01:08.599567247Z,1.0,96.0,3.0,90.0,100.0,Asia/Vientiane,https://maps.gstatic.com/weather/v1/strong_tstorms,Thunderstorm,en,THUNDERSTORM,25.4,CELSIUS,29.0,CELSIUS,24.8,CELSIUS,29.0,CELSIUS,25.4,CELSIUS,55.0,RAIN,0.0,MILLIMETERS,0.39880000000000004,MILLIMETERS,1008.69,270.0,WEST,6.0,KILOMETERS_PER_HOUR,19.0,KILOMETERS_PER_HOUR,8.0,KILOMETERS,-1.1,CELSIUS,30.2,CELSIUS,22.1,CELSIUS,0.0,MILLIMETERS,14.4629,MILLIMETERS,,,,2025-06-17 13:00:07.961000+07:00,1300
1129,90477,"Xanakharm Secondary School - Xanakharm, Vieniane Province ມັດທະຍົມສົບຸນ ຊະນະຄາມ","Xanakharm Secondary School - Xanakharm, Vieniane Province ມັດທະຍົມສົບຸນ ຊະນະຄາມ",17.910218,101.670662,2025-06-17T06:01:09.874752205Z,1.0,65.0,3.0,70.0,100.0,Asia/Vientiane,https://maps.gstatic.com/weather/v1/strong_tstorms,Light thunderstorms and rain,en,LIGHT_THUNDERSTORM_RAIN,31.4,CELSIUS,37.1,CELSIUS,24.4,CELSIUS,37.1,CELSIUS,31.4,CELSIUS,46.0,RAIN,0.0,MILLIMETERS,0.28190000000000004,MILLIMETERS,1006.98,158.0,SOUTH_SOUTHEAST,6.0,KILOMETERS_PER_HOUR,11.0,KILOMETERS_PER_HOUR,16.0,KILOMETERS,0.0,CELSIUS,32.0,CELSIUS,25.1,CELSIUS,0.0,MILLIMETERS,2.5781,MILLIMETERS,,,,2025-06-17 13:00:07.961000+07:00,1300
1130,90478,Mad - Vientiane,Mad - Vientiane,18.448868,101.76322,2025-06-17T06:01:11.150648714Z,1.0,62.0,3.0,60.0,100.0,Asia/Vientiane,https://maps.gstatic.com/weather/v1/strong_tstorms,Light thunderstorms and rain,en,LIGHT_THUNDERSTORM_RAIN,31.0,CELSIUS,35.6,CELSIUS,23.1,CELSIUS,35.6,CELSIUS,31.0,CELSIUS,36.0,RAIN,0.0,MILLIMETERS,0.0,MILLIMETERS,1006.98,225.0,SOUTHWEST,8.0,KILOMETERS_PER_HOUR,18.0,KILOMETERS_PER_HOUR,16.0,KILOMETERS,-0.30000000000000004,CELSIUS,32.3,CELSIUS,25.0,CELSIUS,0.0,MILLIMETERS,1.4197,MILLIMETERS,,,,2025-06-17 13:00:07.961000+07:00,1300
1131,90479,"Phonmi Secondary School - Viengkham, Vientiane Province ມັດທະຍົມສົມບຸນ ໂພນໝີ","Phonmi Secondary School - Viengkham, Vientiane Province ມັດທະຍົມສົມບຸນ ໂພນໝີ",18.48451,102.485942,2025-06-17T06:01:12.441728599Z,1.0,68.0,3.0,50.0,90.0,Asia/Vientiane,https://maps.gstatic.com/weather/v1/cloudy,Cloudy,en,CLOUDY,32.6,CELSIUS,41.1,CELSIUS,26.0,CELSIUS,41.1,CELSIUS,32.6,CELSIUS,26.0,RAIN,0.0,MILLIMETERS,0.09910000000000001,MILLIMETERS,1006.48,215.0,SOUTHWEST,8.0,KILOMETERS_PER_HOUR,22.0,KILOMETERS_PER_HOUR,16.0,KILOMETERS,3.3,CELSIUS,32.4,CELSIUS,24.9,CELSIUS,0.0,MILLIMETERS,11.6511,MILLIMETERS,,,,2025-06-17 13:00:07.961000+07:00,1300
1132,90482,"KeoKou Secondary School - KeoOudom, Vientiane Province ມັດທະຍົມສົມບູນ ແກ້ວກູ່","KeoKou Secondary School - KeoOudom, Vientiane Province ມັດທະຍົມສົມບູນ ແກ້ວກູ່",18.554884,102.502844,2025-06-17T06:01:13.734033416Z,1.0,68.0,3.0,50.0,90.0,Asia/Vientiane,https://maps.gstatic.com/weather/v1/cloudy,Cloudy,en,CLOUDY,32.6,CELSIUS,41.1,CELSIUS,26.0,CELSIUS,41.1,CELSIUS,32.6,CELSIUS,26.0,RAIN,0.0,MILLIMETERS,0.09910000000000001,MILLIMETERS,1006.48,215.0,SOUTHWEST,8.0,KILOMETERS_PER_HOUR,22.0,KILOMETERS_PER_HOUR,16.0,KILOMETERS,3.3,CELSIUS,32.4,CELSIUS,24.9,CELSIUS,0.0,MILLIMETERS,11.6511,MILLIMETERS,,,,2025-06-17 13:00:07.961000+07:00,1300
1133,90485,Meun - Vientiane,Meun - Vientiane,18.28379,101.941138,2025-06-17T06:01:15.002010332Z,1.0,70.0,3.0,50.0,95.0,Asia/Vientiane,https://maps.gstatic.com/weather/v1/cloudy,Cloudy,en,CLOUDY,32.2,CELSIUS,40.6,CELSIUS,26.0,CELSIUS,40.6,CELSIUS,32.2,CELSIUS,20.0,RAIN,0.0,MILLIMETERS,0.0,MILLIMETERS,1006.78,205.0,SOUTH_SOUTHWEST,8.0,KILOMETERS_PER_HOUR,21.0,KILOMETERS_PER_HOUR,16.0,KILOMETERS,1.8,CELSIUS,33.0,CELSIUS,25.3,CELSIUS,0.0,MILLIMETERS,6.4898,MILLIMETERS,,,,2025-06-17 13:00:07.961000+07:00,1300
1134,90487,"Thaphabath Secondary School - Thaphabath, Bolikhamxai","Thaphabath Secondary School - Thaphabath, Bolikhamxai",18.356826,103.198076,2025-06-17T06:01:16.255771196Z,1.0,75.0,3.0,50.0,95.0,Asia/Vientiane,https://maps.gstatic.com/weather/v1/strong_tstorms,Light thunderstorms and rain,en,LIGHT_THUNDERSTORM_RAIN,30.5,CELSIUS,37.5,CELSIUS,25.7,CELSIUS,37.5,CELSIUS,30.5,CELSIUS,50.0,RAIN,0.0,MILLIMETERS,0.2743,MILLIMETERS,1007.7,0.0,NORTH,2.0,KILOMETERS_PER_HOUR,2.0,KILOMETERS_PER_HOUR,16.0,KILOMETERS,0.6000000000000001,CELSIUS,32.1,CELSIUS,25.5,CELSIUS,0.0,MILLIMETERS,6.1801,MILLIMETERS,,,,2025-06-17 13:00:07.961000+07:00,1300
1135,90488,Pakkading - Bolikhamxai ,Pakkading - Bolikhamxai ,18.109902,104.281265,2025-06-17T06:01:17.535978054Z,1.0,69.0,3.0,60.0,95.0,Asia/Vientiane,https://maps.gstatic.com/weather/v1/cloudy,Cloudy,en,CLOUDY,31.4,CELSIUS,38.4,CELSIUS,25.1,CELSIUS,38.4,CELSIUS,31.4,CELSIUS,20.0,RAIN,0.0,MILLIMETERS,0.09910000000000001,MILLIMETERS,1008.15,200.0,SOUTH_SOUTHWEST,10.0,KILOMETERS_PER_HOUR,23.0,KILOMETERS_PER_HOUR,16.0,KILOMETERS,3.5,CELSIUS,29.8,CELSIUS,24.2,CELSIUS,0.0,MILLIMETERS,17.6962,MILLIMETERS,,,,2025-06-17 13:00:07.961000+07:00,1300
1136,90490,"Nakhonxay Secondary School - Khamkeuth, - Borikhamxai ມັດທະຍົມ ນະຄອນໄຊ","Nakhonxay Secondary School - Khamkeuth, - Borikhamxai ມັດທະຍົມ ນະຄອນໄຊ",18.185553,104.983958,2025-06-17T06:01:18.827998053Z,1.0,67.0,3.0,40.0,100.0,Asia/Vientiane,https://maps.gstatic.com/weather/v1/cloudy,Cloudy,en,CLOUDY,29.0,CELSIUS,33.0,CELSIUS,22.2,CELSIUS,33.0,CELSIUS,29.0,CELSIUS,20.0,RAIN,0.0,MILLIMETERS,0.1981,MILLIMETERS,1008.71,220.0,SOUTHWEST,14.0,KILOMETERS_PER_HOUR,31.0,KILOMETERS_PER_HOUR,16.0,KILOMETERS,2.0,CELSIUS,27.6,CELSIUS,21.6,CELSIUS,0.0,MILLIMETERS,1.9205,MILLIMETERS,,,,2025-06-17 13:00:07.961000+07:00,1300
1137,90491,Viengthong - Bolikhamxai,Viengthong - Bolikhamxai,18.512354,104.442835,2025-06-17T06:01:20.123855049Z,1.0,66.0,3.0,60.0,96.0,Asia/Vientiane,https://maps.gstatic.com/weather/v1/cloudy,Cloudy,en,CLOUDY,30.4,CELSIUS,35.1,CELSIUS,23.3,CELSIUS,35.1,CELSIUS,30.4,CELSIUS,20.0,RAIN,0.0,MILLIMETERS,0.1194,MILLIMETERS,1008.12,230.0,SOUTHWEST,13.0,KILOMETERS_PER_HOUR,27.0,KILOMETERS_PER_HOUR,16.0,KILOMETERS,2.3,CELSIUS,29.1,CELSIUS,22.7,CELSIUS,0.0,MILLIMETERS,4.1888,MILLIMETERS,,,,2025-06-17 13:00:07.961000+07:00,1300
1138,90492,"NamOn Secondary School - Xaychamphone, Borikhamxai ມັດທະຍົມ ນຳ້ອ້ອນ","NamOn Secondary School - Xaychamphone, Borikhamxai ມັດທະຍົມ ນຳ້ອ້ອນ",18.577559,104.981947,2025-06-17T06:01:21.385751166Z,1.0,67.0,3.0,40.0,100.0,Asia/Vientiane,https://maps.gstatic.com/weather/v1/cloudy,Cloudy,en,CLOUDY,29.0,CELSIUS,33.0,CELSIUS,22.2,CELSIUS,33.0,CELSIUS,29.0,CELSIUS,20.0,RAIN,0.0,MILLIMETERS,0.1981,MILLIMETERS,1008.71,220.0,SOUTHWEST,14.0,KILOMETERS_PER_HOUR,31.0,KILOMETERS_PER_HOUR,16.0,KILOMETERS,2.0,CELSIUS,27.6,CELSIUS,21.6,CELSIUS,0.0,MILLIMETERS,1.9205,MILLIMETERS,,,,2025-06-17 13:00:07.961000+07:00,1300
1139,90493,Thakhek - Khammouan ,Thakhek - Khammouan ,17.392668,104.807495,2025-06-17T06:01:22.668857665Z,1.0,64.0,3.0,70.0,100.0,Asia/Vientiane,https://maps.gstatic.com/weather/v1/drizzle,Light rain,en,LIGHT_RAIN,33.5,CELSIUS,42.4,CELSIUS,25.8,CELSIUS,42.4,CELSIUS,33.5,CELSIUS,25.0,RAIN,0.0,MILLIMETERS,0.39880000000000004,MILLIMETERS,1007.25,240.0,WEST_SOUTHWEST,10.0,KILOMETERS_PER_HOUR,24.0,KILOMETERS_PER_HOUR,16.0,KILOMETERS,4.4,CELSIUS,32.7,CELSIUS,24.7,CELSIUS,0.0,MILLIMETERS,10.4498,MILLIMETERS,,,,2025-06-17 13:00:07.961000+07:00,1300
1140,90494,Mahaxay - Khammouan,Mahaxay - Khammouan,17.457352,105.160169,2025-06-17T06:01:23.925733670Z,1.0,65.0,3.0,70.0,100.0,Asia/Vientiane,https://maps.gstatic.com/weather/v1/drizzle,Light rain,en,LIGHT_RAIN,31.5,CELSIUS,37.3,CELSIUS,24.1,CELSIUS,37.3,CELSIUS,31.5,CELSIUS,25.0,RAIN,0.0,MILLIMETERS,0.20070000000000002,MILLIMETERS,1008.27,235.0,SOUTHWEST,13.0,KILOMETERS_PER_HOUR,32.0,KILOMETERS_PER_HOUR,16.0,KILOMETERS,3.9,CELSIUS,30.9,CELSIUS,23.0,CELSIUS,0.0,MILLIMETERS,4.8542,MILLIMETERS,,,,2025-06-17 13:00:07.961000+07:00,1300
1141,90495,Nongbok - Khammouan,Nongbok - Khammouan,16.962416,104.81156,2025-06-17T06:01:25.214751695Z,1.0,64.0,3.0,70.0,100.0,Asia/Vientiane,https://maps.gstatic.com/weather/v1/cloudy,Cloudy,en,CLOUDY,33.7,CELSIUS,43.0,CELSIUS,25.9,CELSIUS,43.0,CELSIUS,33.7,CELSIUS,20.0,RAIN,0.0,MILLIMETERS,0.09910000000000001,MILLIMETERS,1006.98,225.0,SOUTHWEST,11.0,KILOMETERS_PER_HOUR,21.0,KILOMETERS_PER_HOUR,16.0,KILOMETERS,0.7000000000000001,CELSIUS,33.0,CELSIUS,25.9,CELSIUS,0.0,MILLIMETERS,0.8866,MILLIMETERS,,,,2025-06-17 13:00:07.961000+07:00,1300
1142,90497,Nhommalath - Khammouan ,Nhommalath - Khammouan ,17.614203,105.170282,2025-06-17T06:01:26.520904449Z,1.0,65.0,3.0,70.0,100.0,Asia/Vientiane,https://maps.gstatic.com/weather/v1/drizzle,Light rain,en,LIGHT_RAIN,31.5,CELSIUS,37.3,CELSIUS,24.1,CELSIUS,37.3,CELSIUS,31.5,CELSIUS,25.0,RAIN,0.0,MILLIMETERS,0.20070000000000002,MILLIMETERS,1008.27,235.0,SOUTHWEST,13.0,KILOMETERS_PER_HOUR,32.0,KILOMETERS_PER_HOUR,16.0,KILOMETERS,3.9,CELSIUS,30.9,CELSIUS,23.0,CELSIUS,0.0,MILLIMETERS,4.8542,MILLIMETERS,,,,2025-06-17 13:00:07.961000+07:00,1300
1143,90500,"Xebangfay Secondary School - Xebangfay, Khammouane ມັດທະຍົມສົມບູນ ເຊບັ້ງໄຟ","Xebangfay Secondary School - Xebangfay, Khammouane ມັດທະຍົມສົມບູນ ເຊບັ້ງໄຟ",17.086149,104.981631,2025-06-17T06:01:27.809828871Z,1.0,72.0,3.0,70.0,95.0,Asia/Vientiane,https://maps.gstatic.com/weather/v1/drizzle,Light rain,en,LIGHT_RAIN,31.5,CELSIUS,39.3,CELSIUS,25.8,CELSIUS,39.3,CELSIUS,31.5,CELSIUS,25.0,RAIN,0.0,MILLIMETERS,1.0465,MILLIMETERS,1007.94,210.0,SOUTH_SOUTHWEST,11.0,KILOMETERS_PER_HOUR,26.0,KILOMETERS_PER_HOUR,16.0,KILOMETERS,2.7,CELSIUS,32.3,CELSIUS,24.6,CELSIUS,0.0,MILLIMETERS,6.274,MILLIMETERS,,,,2025-06-17 13:00:07.961000+07:00,1300
1144,90501,"Sivilay Secondary School - Xaybouathong, Khammouane ມັດທະຍົມສົມບູນ ສີວິໄລ","Sivilay Secondary School - Xaybouathong, Khammouane ມັດທະຍົມສົມບູນ ສີວິໄລ",17.171532,105.4273,2025-06-17T06:01:29.112891695Z,1.0,65.0,3.0,70.0,95.0,Asia/Vientiane,https://maps.gstatic.com/weather/v1/drizzle,Light rain,en,LIGHT_RAIN,32.0,CELSIUS,38.5,CELSIUS,24.5,CELSIUS,38.5,CELSIUS,32.0,CELSIUS,25.0,RAIN,0.0,MILLIMETERS,0.6299,MILLIMETERS,1008.33,230.0,SOUTHWEST,13.0,KILOMETERS_PER_HOUR,29.0,KILOMETERS_PER_HOUR,16.0,KILOMETERS,3.1,CELSIUS,31.8,CELSIUS,24.3,CELSIUS,0.0,MILLIMETERS,3.7872,MILLIMETERS,,,,2025-06-17 13:00:07.961000+07:00,1300
1145,90503,Kaysone Phomvihane - Sav,Kaysone Phomvihane - Sav,16.5702,104.75036,2025-06-17T06:01:30.399950353Z,1.0,65.0,3.0,68.0,100.0,Asia/Vientiane,https://maps.gstatic.com/weather/v1/cloudy,Cloudy,en,CLOUDY,32.9,CELSIUS,41.1,CELSIUS,25.8,CELSIUS,41.1,CELSIUS,32.9,CELSIUS,20.0,RAIN,0.0,MILLIMETERS,0.1067,MILLIMETERS,1006.97,248.0,WEST_SOUTHWEST,13.0,KILOMETERS_PER_HOUR,26.0,KILOMETERS_PER_HOUR,16.0,KILOMETERS,0.2,CELSIUS,32.7,CELSIUS,26.5,CELSIUS,0.0,MILLIMETERS,0.22080000000000002,MILLIMETERS,,,,2025-06-17 13:00:07.961000+07:00,1300
1146,90504,"Lianxay Secondary School - Artsaphangthong, Savannakhet ມັດທະຍົມ ຫລຽນໄຊ","Lianxay Secondary School - Artsaphangthong, Savannakhet ມັດທະຍົມ ຫລຽນໄຊ",16.692124,105.409764,,,,,,,,,,,,,,,,,,,,,,,,,,,,,,,,,,,,,,,,,,,,,,,404.0,Information is not supported for this location. Please try a different location.,NOT_FOUND,2025-06-17 13:00:07.961000+07:00,1300
1147,90505,Sepone - Savannakhet,Sepone - Savannakhet,16.696651,106.209138,2025-06-17T06:01:32.907344353Z,1.0,64.0,3.0,70.0,100.0,Asia/Vientiane,https://maps.gstatic.com/weather/v1/cloudy,Cloudy,en,CLOUDY,28.6,CELSIUS,33.1,CELSIUS,21.0,CELSIUS,33.1,CELSIUS,28.6,CELSIUS,15.0,RAIN,0.0,MILLIMETERS,0.22610000000000002,MILLIMETERS,1008.97,248.0,WEST_SOUTHWEST,14.0,KILOMETERS_PER_HOUR,26.0,KILOMETERS_PER_HOUR,16.0,KILOMETERS,-0.30000000000000004,CELSIUS,29.0,CELSIUS,22.2,CELSIUS,0.0,MILLIMETERS,1.7094,MILLIMETERS,,,,2025-06-17 13:00:07.961000+07:00,1300
1148,90506,Nong - Savannakhet,Nong - Savannakhet,16.373875,106.495685,2025-06-17T06:01:34.206601778Z,1.0,70.0,3.0,70.0,100.0,Asia/Vientiane,https://maps.gstatic.com/weather/v1/cloudy,Cloudy,en,CLOUDY,29.4,CELSIUS,35.2,CELSIUS,23.5,CELSIUS,35.2,CELSIUS,29.4,CELSIUS,20.0,RAIN,0.0,MILLIMETERS,0.1295,MILLIMETERS,1008.86,248.0,WEST_SOUTHWEST,10.0,KILOMETERS_PER_HOUR,19.0,KILOMETERS_PER_HOUR,16.0,KILOMETERS,-0.7000000000000001,CELSIUS,30.1,CELSIUS,23.5,CELSIUS,0.0,MILLIMETERS,1.3439,MILLIMETERS,,,,2025-06-17 13:00:07.961000+07:00,1300
1149,90508,Champhone - SAVA,Champhone - SAVA,16.489147,105.031659,2025-06-17T06:01:35.475222872Z,1.0,65.0,3.0,70.0,100.0,Asia/Vientiane,https://maps.gstatic.com/weather/v1/cloudy,Cloudy,en,CLOUDY,32.7,CELSIUS,40.3,CELSIUS,25.7,CELSIUS,40.3,CELSIUS,32.7,CELSIUS,20.0,RAIN,0.0,MILLIMETERS,0.09910000000000001,MILLIMETERS,1007.6,225.0,SOUTHWEST,13.0,KILOMETERS_PER_HOUR,26.0,KILOMETERS_PER_HOUR,16.0,KILOMETERS,-0.30000000000000004,CELSIUS,33.0,CELSIUS,26.2,CELSIUS,0.0,MILLIMETERS,0.4041,MILLIMETERS,,,,2025-06-17 13:00:07.961000+07:00,1300
1150,90509,Xaybuly - Savannakhet,Xaybuly - Savannakhet,17.075181,104.87732,2025-06-17T06:01:36.762219842Z,1.0,72.0,3.0,70.0,95.0,Asia/Vientiane,https://maps.gstatic.com/weather/v1/drizzle,Light rain,en,LIGHT_RAIN,31.5,CELSIUS,39.3,CELSIUS,25.8,CELSIUS,39.3,CELSIUS,31.5,CELSIUS,25.0,RAIN,0.0,MILLIMETERS,1.0465,MILLIMETERS,1007.94,210.0,SOUTH_SOUTHWEST,11.0,KILOMETERS_PER_HOUR,26.0,KILOMETERS_PER_HOUR,16.0,KILOMETERS,2.7,CELSIUS,32.3,CELSIUS,24.6,CELSIUS,0.0,MILLIMETERS,6.274,MILLIMETERS,,,,2025-06-17 13:00:07.961000+07:00,1300
1151,90510,"Artsaphone Secondary School - Artsaphone, Savannakhet ມັດທະຍົມສົມບູນ ອາດສະພອນ","Artsaphone Secondary School - Artsaphone, Savannakhet ມັດທະຍົມສົມບູນ ອາດສະພອນ",16.844674,105.33638,2025-06-17T06:01:38.061814556Z,1.0,72.0,3.0,70.0,95.0,Asia/Vientiane,https://maps.gstatic.com/weather/v1/drizzle,Light rain,en,LIGHT_RAIN,31.5,CELSIUS,39.3,CELSIUS,25.8,CELSIUS,39.3,CELSIUS,31.5,CELSIUS,25.0,RAIN,0.0,MILLIMETERS,1.0465,MILLIMETERS,1007.94,210.0,SOUTH_SOUTHWEST,11.0,KILOMETERS_PER_HOUR,26.0,KILOMETERS_PER_HOUR,16.0,KILOMETERS,2.7,CELSIUS,32.3,CELSIUS,24.6,CELSIUS,0.0,MILLIMETERS,6.274,MILLIMETERS,,,,2025-06-17 13:00:07.961000+07:00,1300
1152,90512,"Phin Secondary School - Phin, Savannakhet ມັດທະຍົມ ພີນ","Phin Secondary School - Phin, Savannakhet ມັດທະຍົມ ພີນ",16.527879,106.021922,2025-06-17T06:01:39.361665597Z,1.0,70.0,3.0,70.0,100.0,Asia/Vientiane,https://maps.gstatic.com/weather/v1/cloudy,Cloudy,en,CLOUDY,28.7,CELSIUS,34.5,CELSIUS,22.9,CELSIUS,34.5,CELSIUS,28.7,CELSIUS,20.0,RAIN,0.0,MILLIMETERS,0.1295,MILLIMETERS,1008.86,248.0,WEST_SOUTHWEST,10.0,KILOMETERS_PER_HOUR,19.0,KILOMETERS_PER_HOUR,16.0,KILOMETERS,-0.7000000000000001,CELSIUS,29.4,CELSIUS,22.8,CELSIUS,0.0,MILLIMETERS,1.3439,MILLIMETERS,,,,2025-06-17 13:00:07.961000+07:00,1300
1153,90513,Songkhone - Savannakhet,Songkhone - Savannakhet,16.237196,105.1965,2025-06-17T06:01:40.643369735Z,1.0,70.0,3.0,70.0,100.0,Asia/Vientiane,https://maps.gstatic.com/weather/v1/cloudy,Cloudy,en,CLOUDY,32.6,CELSIUS,41.6,CELSIUS,26.1,CELSIUS,41.6,CELSIUS,32.6,CELSIUS,20.0,RAIN,0.0,MILLIMETERS,0.09910000000000001,MILLIMETERS,1007.96,225.0,SOUTHWEST,13.0,KILOMETERS_PER_HOUR,26.0,KILOMETERS_PER_HOUR,16.0,KILOMETERS,0.0,CELSIUS,32.6,CELSIUS,26.4,CELSIUS,0.0,MILLIMETERS,0.22840000000000002,MILLIMETERS,,,,2025-06-17 13:00:07.961000+07:00,1300
1154,90514,"Beungxang Secondary School - Xonbuly, Savannakhet ມັດທະຍົມ ບຶງຊ້າງ","Beungxang Secondary School - Xonbuly, Savannakhet ມັດທະຍົມ ບຶງຊ້າງ",16.388527,105.375363,2025-06-17T06:01:41.931519880Z,1.0,70.0,3.0,70.0,100.0,Asia/Vientiane,https://maps.gstatic.com/weather/v1/cloudy,Cloudy,en,CLOUDY,32.3,CELSIUS,40.8,CELSIUS,26.2,CELSIUS,40.8,CELSIUS,32.3,CELSIUS,20.0,RAIN,0.0,MILLIMETERS,0.09910000000000001,MILLIMETERS,1007.97,225.0,SOUTHWEST,13.0,KILOMETERS_PER_HOUR,26.0,KILOMETERS_PER_HOUR,16.0,KILOMETERS,-0.6000000000000001,CELSIUS,32.9,CELSIUS,26.3,CELSIUS,0.0,MILLIMETERS,0.7139,MILLIMETERS,,,,2025-06-17 13:00:07.961000+07:00,1300
1155,90515,Vilabuly - Savannakhet,Vilabuly - Savannakhet,16.971649,105.944661,2025-06-17T06:01:43.198395995Z,1.0,65.0,3.0,70.0,95.0,Asia/Vientiane,https://maps.gstatic.com/weather/v1/drizzle,Light rain,en,LIGHT_RAIN,32.0,CELSIUS,38.5,CELSIUS,24.5,CELSIUS,38.5,CELSIUS,32.0,CELSIUS,25.0,RAIN,0.0,MILLIMETERS,0.6299,MILLIMETERS,1008.32,230.0,SOUTHWEST,13.0,KILOMETERS_PER_HOUR,29.0,KILOMETERS_PER_HOUR,16.0,KILOMETERS,3.1,CELSIUS,31.8,CELSIUS,24.3,CELSIUS,0.0,MILLIMETERS,3.7872,MILLIMETERS,,,,2025-06-17 13:00:07.961000+07:00,1300
1156,90516,"Phoummachedy Secondary School - Xayphouthong, Savannakhet ມັດທະຍົມ ພູມມະເຈດີ","Phoummachedy Secondary School - Xayphouthong, Savannakhet ມັດທະຍົມ ພູມມະເຈດີ",16.367044,105.005653,2025-06-17T06:01:44.452547280Z,1.0,70.0,3.0,70.0,100.0,Asia/Vientiane,https://maps.gstatic.com/weather/v1/cloudy,Cloudy,en,CLOUDY,32.6,CELSIUS,41.6,CELSIUS,26.1,CELSIUS,41.6,CELSIUS,32.6,CELSIUS,20.0,RAIN,0.0,MILLIMETERS,0.09910000000000001,MILLIMETERS,1007.95,225.0,SOUTHWEST,13.0,KILOMETERS_PER_HOUR,26.0,KILOMETERS_PER_HOUR,16.0,KILOMETERS,0.0,CELSIUS,32.6,CELSIUS,26.4,CELSIUS,0.0,MILLIMETERS,0.22840000000000002,MILLIMETERS,,,,2025-06-17 13:00:07.961000+07:00,1300
1157,90517,Phalanxay - Savannakhet,Phalanxay - Savannakhet,16.661353,105.58791,2025-06-17T06:01:45.735788535Z,1.0,65.0,3.0,70.0,95.0,Asia/Vientiane,https://maps.gstatic.com/weather/v1/drizzle,Light rain,en,LIGHT_RAIN,32.0,CELSIUS,38.5,CELSIUS,24.5,CELSIUS,38.5,CELSIUS,32.0,CELSIUS,25.0,RAIN,0.0,MILLIMETERS,0.6299,MILLIMETERS,1008.32,230.0,SOUTHWEST,13.0,KILOMETERS_PER_HOUR,29.0,KILOMETERS_PER_HOUR,16.0,KILOMETERS,3.1,CELSIUS,31.8,CELSIUS,24.3,CELSIUS,0.0,MILLIMETERS,3.7872,MILLIMETERS,,,,2025-06-17 13:00:07.961000+07:00,1300
1158,90518,"Saravane Secondary School -Saravane, Saravane ມັດທະຍົມສົມບູນ ສາລະວັນ","Saravane Secondary School -Saravane, Saravane ມັດທະຍົມສົມບູນ ສາລະວັນ",15.707906,106.422189,2025-06-17T06:01:46.996246603Z,1.0,78.0,2.0,70.0,100.0,Asia/Vientiane,https://maps.gstatic.com/weather/v1/strong_tstorms,Light thunderstorms and rain,en,LIGHT_THUNDERSTORM_RAIN,30.1,CELSIUS,37.1,CELSIUS,25.7,CELSIUS,37.1,CELSIUS,30.1,CELSIUS,35.0,RAIN,0.0,MILLIMETERS,0.5309,MILLIMETERS,1008.72,248.0,WEST_SOUTHWEST,8.0,KILOMETERS_PER_HOUR,16.0,KILOMETERS_PER_HOUR,16.0,KILOMETERS,-1.6,CELSIUS,31.7,CELSIUS,24.3,CELSIUS,0.0,MILLIMETERS,2.2379000000000002,MILLIMETERS,,,,2025-06-17 13:00:07.961000+07:00,1300
1159,90520,"Toomlarn Secondary School - Toomlarn, Saravane ມັດທະຍົມສົມບູນ ຕຸ້ມລານ","Toomlarn Secondary School - Toomlarn, Saravane ມັດທະຍົມສົມບູນ ຕຸ້ມລານ",15.994499,106.192399,2025-06-17T06:01:48.263046514Z,1.0,70.0,3.0,70.0,100.0,Asia/Vientiane,https://maps.gstatic.com/weather/v1/cloudy,Cloudy,en,CLOUDY,28.7,CELSIUS,34.5,CELSIUS,22.9,CELSIUS,34.5,CELSIUS,28.7,CELSIUS,20.0,RAIN,0.0,MILLIMETERS,0.1295,MILLIMETERS,1008.86,248.0,WEST_SOUTHWEST,10.0,KILOMETERS_PER_HOUR,19.0,KILOMETERS_PER_HOUR,16.0,KILOMETERS,-0.7000000000000001,CELSIUS,29.4,CELSIUS,22.8,CELSIUS,0.0,MILLIMETERS,1.3439,MILLIMETERS,,,,2025-06-17 13:00:07.961000+07:00,1300
1160,90521,"Lakhonesy Secondary School - Lakhonepheng, Saravane ມັດທະຍົມສົມບູນ ລະຄອນສີ","Lakhonesy Secondary School - Lakhonepheng, Saravane ມັດທະຍົມສົມບູນ ລະຄອນສີ",15.891245,105.567119,2025-06-17T06:01:49.551319878Z,1.0,75.0,3.0,70.0,100.0,Asia/Vientiane,https://maps.gstatic.com/weather/v1/cloudy,Cloudy,en,CLOUDY,31.2,CELSIUS,39.4,CELSIUS,26.5,CELSIUS,39.4,CELSIUS,31.2,CELSIUS,20.0,RAIN,0.0,MILLIMETERS,0.094,MILLIMETERS,1007.97,225.0,SOUTHWEST,8.0,KILOMETERS_PER_HOUR,18.0,KILOMETERS_PER_HOUR,16.0,KILOMETERS,-0.9,CELSIUS,32.1,CELSIUS,25.8,CELSIUS,0.0,MILLIMETERS,1.2979,MILLIMETERS,,,,2025-06-17 13:00:07.961000+07:00,1300
1161,90522,Lao Ngarm - Salavan,Lao Ngarm - Salavan,15.461092,106.16172,2025-06-17T06:01:50.816574669Z,1.0,77.0,2.0,70.0,100.0,Asia/Vientiane,https://maps.gstatic.com/weather/v1/cloudy,Cloudy,en,CLOUDY,31.9,CELSIUS,39.5,CELSIUS,27.2,CELSIUS,39.5,CELSIUS,31.9,CELSIUS,25.0,RAIN,0.0,MILLIMETERS,0.1905,MILLIMETERS,1008.31,248.0,WEST_SOUTHWEST,10.0,KILOMETERS_PER_HOUR,21.0,KILOMETERS_PER_HOUR,16.0,KILOMETERS,-1.3,CELSIUS,33.2,CELSIUS,26.0,CELSIUS,0.0,MILLIMETERS,2.3419,MILLIMETERS,,,,2025-06-17 13:00:07.961000+07:00,1300
1162,90524,Khongxedone - Salavan,Khongxedone - Salavan,15.59088,105.804115,2025-06-17T06:01:52.098732457Z,1.0,75.0,3.0,70.0,100.0,Asia/Vientiane,https://maps.gstatic.com/weather/v1/cloudy,Cloudy,en,CLOUDY,31.2,CELSIUS,39.4,CELSIUS,26.5,CELSIUS,39.4,CELSIUS,31.2,CELSIUS,20.0,RAIN,0.0,MILLIMETERS,0.094,MILLIMETERS,1007.97,225.0,SOUTHWEST,8.0,KILOMETERS_PER_HOUR,18.0,KILOMETERS_PER_HOUR,16.0,KILOMETERS,-0.9,CELSIUS,32.1,CELSIUS,25.8,CELSIUS,0.0,MILLIMETERS,1.2979,MILLIMETERS,,,,2025-06-17 13:00:07.961000+07:00,1300
1163,90526,Lamarm - Sekong ,Lamarm - Sekong ,15.352494,106.722444,2025-06-17T06:01:53.385633280Z,1.0,72.0,2.0,70.0,100.0,Asia/Vientiane,https://maps.gstatic.com/weather/v1/cloudy,Cloudy,en,CLOUDY,31.2,CELSIUS,38.5,CELSIUS,25.4,CELSIUS,38.5,CELSIUS,31.2,CELSIUS,21.0,RAIN,0.0,MILLIMETERS,0.0864,MILLIMETERS,1007.99,0.0,NORTH,3.0,KILOMETERS_PER_HOUR,6.0,KILOMETERS_PER_HOUR,16.0,KILOMETERS,-0.2,CELSIUS,31.4,CELSIUS,24.3,CELSIUS,0.0,MILLIMETERS,2.2555,MILLIMETERS,,,,2025-06-17 13:00:07.961000+07:00,1300
1164,90527,"Kaleum Secondary School - Kaleum, Sekong ມັດທະຍົມ ກະລຶມ","Kaleum Secondary School - Kaleum, Sekong ມັດທະຍົມ ກະລຶມ",15.784384,106.906754,2025-06-17T06:01:54.643403819Z,1.0,77.0,3.0,70.0,100.0,Asia/Vientiane,https://maps.gstatic.com/weather/v1/strong_tstorms,Light thunderstorms and rain,en,LIGHT_THUNDERSTORM_RAIN,27.2,CELSIUS,30.3,CELSIUS,22.8,CELSIUS,30.3,CELSIUS,27.2,CELSIUS,35.0,RAIN,0.0,MILLIMETERS,0.4597,MILLIMETERS,1010.46,248.0,WEST_SOUTHWEST,6.0,KILOMETERS_PER_HOUR,14.0,KILOMETERS_PER_HOUR,16.0,KILOMETERS,-0.7000000000000001,CELSIUS,27.9,CELSIUS,21.2,CELSIUS,0.0,MILLIMETERS,3.2003,MILLIMETERS,,,,2025-06-17 13:00:07.961000+07:00,1300
1165,90528,"Dakcheung Secondary School - Dakcheung, Sekongມັດທະຍົມສົມບູນ ດາກຈຶງ","Dakcheung Secondary School - Dakcheung, Sekongມັດທະຍົມສົມບູນ ດາກຈຶງ",15.467532,107.271451,,,,,,,,,,,,,,,,,,,,,,,,,,,,,,,,,,,,,,,,,,,,,,,404.0,Information is not supported for this location. Please try a different location.,NOT_FOUND,2025-06-17 13:00:07.961000+07:00,1300
1166,90529,Thateng -Sekong,Thateng -Sekong,15.434018,106.382399,2025-06-17T06:01:57.191303408Z,1.0,78.0,2.0,70.0,100.0,Asia/Vientiane,https://maps.gstatic.com/weather/v1/strong_tstorms,Light thunderstorms and rain,en,LIGHT_THUNDERSTORM_RAIN,34.0,CELSIUS,41.0,CELSIUS,29.6,CELSIUS,41.0,CELSIUS,34.0,CELSIUS,35.0,RAIN,0.0,MILLIMETERS,0.5309,MILLIMETERS,1008.72,248.0,WEST_SOUTHWEST,8.0,KILOMETERS_PER_HOUR,16.0,KILOMETERS_PER_HOUR,16.0,KILOMETERS,-1.6,CELSIUS,35.6,CELSIUS,28.2,CELSIUS,0.0,MILLIMETERS,2.2379000000000002,MILLIMETERS,,,,2025-06-17 13:00:07.961000+07:00,1300
1167,90530,Pakse - Champasack,Pakse - Champasack,15.12006,105.80211,2025-06-17T06:01:58.460645565Z,1.0,75.0,2.0,68.0,100.0,Asia/Vientiane,https://maps.gstatic.com/weather/v1/cloudy,Cloudy,en,CLOUDY,31.2,CELSIUS,39.2,CELSIUS,26.5,CELSIUS,39.2,CELSIUS,31.2,CELSIUS,20.0,RAIN,0.0,MILLIMETERS,0.09910000000000001,MILLIMETERS,1008.28,203.0,SOUTH_SOUTHWEST,6.0,KILOMETERS_PER_HOUR,11.0,KILOMETERS_PER_HOUR,16.0,KILOMETERS,-1.6,CELSIUS,32.9,CELSIUS,25.6,CELSIUS,0.0,MILLIMETERS,1.9204,MILLIMETERS,,,,2025-06-17 13:00:07.961000+07:00,1300
1173,91254,"Chomphet Secondary School - Sisattanak, Vientiane Capital ມັດທະຍົມສົມບູນ ຈອມເພັດ","Chomphet Secondary School - Sisattanak, Vientiane Capital ມັດທະຍົມສົມບູນ ຈອມເພັດ",17.910254,102.622708,2025-06-17T06:01:59.746585582Z,1.0,71.0,3.0,60.0,90.0,Asia/Vientiane,https://maps.gstatic.com/weather/v1/cloudy,Cloudy,en,CLOUDY,32.5,CELSIUS,41.7,CELSIUS,26.4,CELSIUS,41.7,CELSIUS,32.5,CELSIUS,20.0,RAIN,0.0,MILLIMETERS,0.09910000000000001,MILLIMETERS,1006.83,180.0,SOUTH,6.0,KILOMETERS_PER_HOUR,11.0,KILOMETERS_PER_HOUR,16.0,KILOMETERS,1.7,CELSIUS,32.9,CELSIUS,25.8,CELSIUS,0.0,MILLIMETERS,3.9296,MILLIMETERS,,,,2025-06-17 13:00:07.961000+07:00,1300
1224,152182,"ParkOu Secondary School - ParkOu, Luangprabang ມັດທະຍົມສົມບູນ ປາກອູ","ParkOu Secondary School - ParkOu, Luangprabang ມັດທະຍົມສົມບູນ ປາກອູ",20.087592,102.256569,2025-06-17T06:02:01.040820805Z,1.0,62.0,3.0,70.0,100.0,Asia/Vientiane,https://maps.gstatic.com/weather/v1/cloudy,Cloudy,en,CLOUDY,31.5,CELSIUS,36.5,CELSIUS,23.2,CELSIUS,36.5,CELSIUS,31.5,CELSIUS,25.0,RAIN,0.0,MILLIMETERS,0.20070000000000002,MILLIMETERS,1006.06,225.0,SOUTHWEST,11.0,KILOMETERS_PER_HOUR,23.0,KILOMETERS_PER_HOUR,16.0,KILOMETERS,3.1,CELSIUS,30.7,CELSIUS,24.1,CELSIUS,0.0,MILLIMETERS,13.6299,MILLIMETERS,,,,2025-06-17 13:00:07.961000+07:00,1300
1225,152240,"Phoukhoune Secondary School - Phoukhoune, Luangprabang ມັດທະຍົມ ພູຄູນ","Phoukhoune Secondary School - Phoukhoune, Luangprabang ມັດທະຍົມ ພູຄູນ",19.438824,102.428042,2025-06-17T06:02:02.333857326Z,1.0,97.0,3.0,70.0,100.0,Asia/Vientiane,https://maps.gstatic.com/weather/v1/strong_tstorms,Light thunderstorms and rain,en,LIGHT_THUNDERSTORM_RAIN,23.9,CELSIUS,26.4,CELSIUS,23.7,CELSIUS,26.4,CELSIUS,23.9,CELSIUS,49.0,RAIN,0.0,MILLIMETERS,1.4427,MILLIMETERS,1008.74,195.0,SOUTH_SOUTHWEST,8.0,KILOMETERS_PER_HOUR,18.0,KILOMETERS_PER_HOUR,7.0,KILOMETERS,-0.8,CELSIUS,27.5,CELSIUS,20.6,CELSIUS,0.0,MILLIMETERS,8.6134,MILLIMETERS,,,,2025-06-17 13:00:07.961000+07:00,1300
1230,152548,"Longsane Secondary School - Longsane , Xaysomboun ມັດທະຍົມສົມບຸນ ລ້ອງຊານ","Longsane Secondary School - Longsane , Xaysomboun ມັດທະຍົມສົມບຸນ ລ້ອງຊານ",18.550145,103.003076,2025-06-17T06:02:03.640517378Z,1.0,69.0,3.0,60.0,95.0,Asia/Vientiane,https://maps.gstatic.com/weather/v1/cloudy,Cloudy,en,CLOUDY,25.9,CELSIUS,31.2,CELSIUS,19.6,CELSIUS,31.2,CELSIUS,25.9,CELSIUS,20.0,RAIN,0.0,MILLIMETERS,0.0,MILLIMETERS,1007.79,245.0,WEST_SOUTHWEST,10.0,KILOMETERS_PER_HOUR,27.0,KILOMETERS_PER_HOUR,16.0,KILOMETERS,2.2,CELSIUS,26.3,CELSIUS,19.0,CELSIUS,0.0,MILLIMETERS,4.4911,MILLIMETERS,,,,2025-06-17 13:00:07.961000+07:00,1300
1246,153774,Bachiangchaleunsook - Champasack,Bachiangchaleunsook - Champasack,15.060355,105.897898,2025-06-17T06:02:04.930911854Z,1.0,75.0,2.0,68.0,100.0,Asia/Vientiane,https://maps.gstatic.com/weather/v1/cloudy,Cloudy,en,CLOUDY,31.2,CELSIUS,39.3,CELSIUS,26.5,CELSIUS,39.3,CELSIUS,31.2,CELSIUS,20.0,RAIN,0.0,MILLIMETERS,0.09910000000000001,MILLIMETERS,1008.28,203.0,SOUTH_SOUTHWEST,6.0,KILOMETERS_PER_HOUR,11.0,KILOMETERS_PER_HOUR,16.0,KILOMETERS,-1.6,CELSIUS,32.9,CELSIUS,25.6,CELSIUS,0.0,MILLIMETERS,1.9204,MILLIMETERS,,,,2025-06-17 13:00:07.961000+07:00,1300
1247,153777,"Dorntalath Secondary School - Champasack, Champasack ມັດທະຍົມ ດອນຕະລາດ","Dorntalath Secondary School - Champasack, Champasack ມັດທະຍົມ ດອນຕະລາດ",14.784126,105.819789,2025-06-17T06:02:06.188829401Z,1.0,75.0,2.0,68.0,100.0,Asia/Vientiane,https://maps.gstatic.com/weather/v1/cloudy,Cloudy,en,CLOUDY,30.9,CELSIUS,38.4,CELSIUS,26.1,CELSIUS,38.4,CELSIUS,30.9,CELSIUS,20.0,RAIN,0.0,MILLIMETERS,0.09910000000000001,MILLIMETERS,1008.96,203.0,SOUTH_SOUTHWEST,5.0,KILOMETERS_PER_HOUR,8.0,KILOMETERS_PER_HOUR,16.0,KILOMETERS,-1.9000000000000001,CELSIUS,32.8,CELSIUS,25.2,CELSIUS,0.0,MILLIMETERS,4.4629,MILLIMETERS,,,,2025-06-17 13:00:07.961000+07:00,1300
1248,153790,Khong - Champasack,Khong - Champasack,14.048226,105.896012,2025-06-17T06:02:07.475877737Z,1.0,70.0,2.0,70.0,100.0,Asia/Vientiane,https://maps.gstatic.com/weather/v1/cloudy,Cloudy,en,CLOUDY,31.8,CELSIUS,39.4,CELSIUS,25.9,CELSIUS,39.4,CELSIUS,31.8,CELSIUS,20.0,RAIN,0.0,MILLIMETERS,0.10160000000000001,MILLIMETERS,1008.78,248.0,WEST_SOUTHWEST,5.0,KILOMETERS_PER_HOUR,11.0,KILOMETERS_PER_HOUR,16.0,KILOMETERS,-1.5,CELSIUS,33.8,CELSIUS,25.6,CELSIUS,0.0,MILLIMETERS,9.256,MILLIMETERS,,,,2025-06-17 13:00:07.961000+07:00,1300
1249,153866,Samakkhixay - Attapeu,Samakkhixay - Attapeu,14.812678,106.829211,2025-06-17T06:02:08.731044818Z,1.0,71.0,2.0,0.0,100.0,Asia/Vientiane,https://maps.gstatic.com/weather/v1/cloudy,Cloudy,en,CLOUDY,31.7,CELSIUS,39.5,CELSIUS,25.6,CELSIUS,39.5,CELSIUS,31.7,CELSIUS,10.0,RAIN,0.0,MILLIMETERS,0.1143,MILLIMETERS,1008.25,225.0,SOUTHWEST,8.0,KILOMETERS_PER_HOUR,16.0,KILOMETERS_PER_HOUR,16.0,KILOMETERS,-0.9,CELSIUS,32.6,CELSIUS,24.4,CELSIUS,0.0,MILLIMETERS,8.6002,MILLIMETERS,,,,2025-06-17 13:00:07.961000+07:00,1300
1300,156307,UNICEF Lao PDR CO,UNICEF Lao PDR CO,17.9376508179,102.617231896,2025-06-17T06:02:09.971793331Z,1.0,71.0,3.0,60.0,90.0,Asia/Vientiane,https://maps.gstatic.com/weather/v1/cloudy,Cloudy,en,CLOUDY,32.5,CELSIUS,41.7,CELSIUS,26.4,CELSIUS,41.7,CELSIUS,32.5,CELSIUS,20.0,RAIN,0.0,MILLIMETERS,0.09910000000000001,MILLIMETERS,1006.83,180.0,SOUTH,6.0,KILOMETERS_PER_HOUR,11.0,KILOMETERS_PER_HOUR,16.0,KILOMETERS,1.7,CELSIUS,32.9,CELSIUS,25.8,CELSIUS,0.0,MILLIMETERS,3.9296,MILLIMETERS,,,,2025-06-17 13:00:07.961000+07:00,1300
1083,90402,"Sathit Secondary School - Xaythani, Vientiane Capital ມັດທະຍົມ ສາທິດ","Sathit Secondary School - Xaythani, Vientiane Capital ມັດທະຍົມ ສາທິດ",18.035248,102.63994,2025-06-17T07:00:08.203632619Z,1.0,70.0,2.0,70.0,95.0,Asia/Vientiane,https://maps.gstatic.com/weather/v1/cloudy,Cloudy,en,CLOUDY,32.7,CELSIUS,42.3,CELSIUS,26.6,CELSIUS,42.3,CELSIUS,32.7,CELSIUS,20.0,RAIN,0.0,MILLIMETERS,0.0,MILLIMETERS,1005.7,200.0,SOUTH_SOUTHWEST,6.0,KILOMETERS_PER_HOUR,10.0,KILOMETERS_PER_HOUR,16.0,KILOMETERS,1.9000000000000001,CELSIUS,33.0,CELSIUS,25.8,CELSIUS,0.0,MILLIMETERS,3.795,MILLIMETERS,,,,2025-06-17 14:00:03.881000+07:00,1400
1084,90410,"Naxaithong Secondary School - Naxaithong, Vientiane Capital ມັດທະຍົມ ນາຊາຍທອງ","Naxaithong Secondary School - Naxaithong, Vientiane Capital ມັດທະຍົມ ນາຊາຍທອງ",18.068595,102.535866,2025-06-17T07:00:09.485034422Z,1.0,74.0,2.0,60.0,95.0,Asia/Vientiane,https://maps.gstatic.com/weather/v1/cloudy,Cloudy,en,CLOUDY,32.6,CELSIUS,43.2,CELSIUS,27.3,CELSIUS,43.2,CELSIUS,32.6,CELSIUS,20.0,RAIN,0.0,MILLIMETERS,0.020300000000000002,MILLIMETERS,1005.68,180.0,SOUTH,5.0,KILOMETERS_PER_HOUR,10.0,KILOMETERS_PER_HOUR,16.0,KILOMETERS,1.6,CELSIUS,33.0,CELSIUS,25.9,CELSIUS,0.0,MILLIMETERS,3.5359,MILLIMETERS,,,,2025-06-17 14:00:03.881000+07:00,1400
1085,90411,d83bda1bc98c Phongsaly - Phongsaly,d83bda1bc98c Phongsaly - Phongsaly,21.695,102.085,2025-06-17T07:00:10.779564158Z,1.0,87.0,2.0,60.0,100.0,Asia/Vientiane,https://maps.gstatic.com/weather/v1/strong_tstorms,Light thunderstorms and rain,en,LIGHT_THUNDERSTORM_RAIN,24.9,CELSIUS,27.4,CELSIUS,22.6,CELSIUS,27.4,CELSIUS,24.9,CELSIUS,50.0,RAIN,0.0,MILLIMETERS,0.5537000000000001,MILLIMETERS,1005.97,180.0,SOUTH,2.0,KILOMETERS_PER_HOUR,5.0,KILOMETERS_PER_HOUR,14.0,KILOMETERS,0.5,CELSIUS,26.6,CELSIUS,20.3,CELSIUS,0.0,MILLIMETERS,17.498,MILLIMETERS,,,,2025-06-17 14:00:03.881000+07:00,1400
1086,90412,May - Phongsaly,May - Phongsaly,21.172583,102.722705,2025-06-17T07:00:12.064614697Z,1.0,80.0,2.0,70.0,100.0,Asia/Vientiane,https://maps.gstatic.com/weather/v1/drizzle,Light rain,en,LIGHT_RAIN,24.6,CELSIUS,27.0,CELSIUS,20.8,CELSIUS,27.0,CELSIUS,24.6,CELSIUS,25.0,RAIN,0.0,MILLIMETERS,0.2997,MILLIMETERS,1006.79,255.0,WEST_SOUTHWEST,8.0,KILOMETERS_PER_HOUR,18.0,KILOMETERS_PER_HOUR,16.0,KILOMETERS,3.6,CELSIUS,25.5,CELSIUS,19.5,CELSIUS,0.0,MILLIMETERS,16.7233,MILLIMETERS,,,,2025-06-17 14:00:03.881000+07:00,1400
1087,90413,"Natoon Secondary School - Khua, Phongsaly ມັດທະຍົມສົມບູນ ນາຕູ່ນ","Natoon Secondary School - Khua, Phongsaly ມັດທະຍົມສົມບູນ ນາຕູ່ນ",21.078865,102.505833,2025-06-17T07:00:13.354563427Z,1.0,81.0,2.0,60.0,100.0,Asia/Vientiane,https://maps.gstatic.com/weather/v1/strong_tstorms,Light thunderstorms and rain,en,LIGHT_THUNDERSTORM_RAIN,24.7,CELSIUS,27.8,CELSIUS,21.0,CELSIUS,27.8,CELSIUS,24.7,CELSIUS,45.0,RAIN,0.0,MILLIMETERS,0.39880000000000004,MILLIMETERS,1006.06,180.0,SOUTH,6.0,KILOMETERS_PER_HOUR,13.0,KILOMETERS_PER_HOUR,16.0,KILOMETERS,2.0,CELSIUS,25.4,CELSIUS,19.8,CELSIUS,0.0,MILLIMETERS,8.4101,MILLIMETERS,,,,2025-06-17 14:00:03.881000+07:00,1400
1088,90414,"Naxay Secondary School - Samphanh, Phongsaly ມັດທະຍົມສົມບູນ ນາໄຊ","Naxay Secondary School - Samphanh, Phongsaly ມັດທະຍົມສົມບູນ ນາໄຊ",21.346014,102.349329,2025-06-17T07:00:14.642299296Z,1.0,97.0,2.0,50.0,100.0,Asia/Vientiane,https://maps.gstatic.com/weather/v1/strong_tstorms,Light thunderstorms and rain,en,LIGHT_THUNDERSTORM_RAIN,14.5,CELSIUS,17.0,CELSIUS,13.9,CELSIUS,17.0,CELSIUS,14.5,CELSIUS,45.0,RAIN,0.0,MILLIMETERS,0.9271,MILLIMETERS,1006.88,200.0,SOUTH_SOUTHWEST,5.0,KILOMETERS_PER_HOUR,13.0,KILOMETERS_PER_HOUR,8.0,KILOMETERS,0.0,CELSIUS,16.0,CELSIUS,10.8,CELSIUS,0.0,MILLIMETERS,14.5698,MILLIMETERS,,,,2025-06-17 14:00:03.881000+07:00,1400
1089,90419,"Long Secondary School - Long, LuangNamtha ມັດທະຍົມສົມບູນ ເມືອງລອງ","Long Secondary School - Long, LuangNamtha ມັດທະຍົມສົມບູນ ເມືອງລອງ",20.962029,100.82109,2025-06-17T07:00:15.908894472Z,1.0,75.0,2.0,30.0,100.0,Asia/Vientiane,https://maps.gstatic.com/weather/v1/drizzle,Light rain,en,LIGHT_RAIN,27.1,CELSIUS,29.9,CELSIUS,21.9,CELSIUS,29.9,CELSIUS,27.1,CELSIUS,35.0,RAIN,0.0,MILLIMETERS,0.35050000000000003,MILLIMETERS,1007.39,225.0,SOUTHWEST,8.0,KILOMETERS_PER_HOUR,14.0,KILOMETERS_PER_HOUR,16.0,KILOMETERS,-0.2,CELSIUS,27.3,CELSIUS,21.9,CELSIUS,0.0,MILLIMETERS,8.6641,MILLIMETERS,,,,2025-06-17 14:00:03.881000+07:00,1400
1090,90421,"Sing Secondary School - Sing, LuangNamtha ມັດທະຍົມສົມບູນ ເມືອງສິງ","Sing Secondary School - Sing, LuangNamtha ມັດທະຍົມສົມບູນ ເມືອງສິງ",21.190223,101.144937,2025-06-17T07:00:17.178267855Z,1.0,75.0,2.0,30.0,100.0,Asia/Vientiane,https://maps.gstatic.com/weather/v1/drizzle,Light rain,en,LIGHT_RAIN,27.1,CELSIUS,29.9,CELSIUS,21.9,CELSIUS,29.9,CELSIUS,27.1,CELSIUS,35.0,RAIN,0.0,MILLIMETERS,0.35050000000000003,MILLIMETERS,1007.39,225.0,SOUTHWEST,8.0,KILOMETERS_PER_HOUR,14.0,KILOMETERS_PER_HOUR,16.0,KILOMETERS,-0.2,CELSIUS,27.3,CELSIUS,21.9,CELSIUS,0.0,MILLIMETERS,8.6641,MILLIMETERS,,,,2025-06-17 14:00:03.881000+07:00,1400
1091,90422,Nalae - Louangnamtha,Nalae - Louangnamtha,20.536617,101.447461,2025-06-17T07:00:18.459806020Z,1.0,68.0,2.0,60.0,100.0,Asia/Vientiane,https://maps.gstatic.com/weather/v1/strong_tstorms,Light thunderstorms and rain,en,LIGHT_THUNDERSTORM_RAIN,28.8,CELSIUS,32.1,CELSIUS,22.1,CELSIUS,32.1,CELSIUS,28.8,CELSIUS,35.0,RAIN,0.0,MILLIMETERS,0.1626,MILLIMETERS,1006.58,225.0,SOUTHWEST,10.0,KILOMETERS_PER_HOUR,16.0,KILOMETERS_PER_HOUR,16.0,KILOMETERS,-0.1,CELSIUS,29.2,CELSIUS,22.9,CELSIUS,0.0,MILLIMETERS,5.0468,MILLIMETERS,,,,2025-06-17 14:00:03.881000+07:00,1400
1092,90424,"La Secondary School - La, Oudomxai ມັດທະຍົມສົມບູນ ເມືອງຫລາ","La Secondary School - La, Oudomxai ມັດທະຍົມສົມບູນ ເມືອງຫລາ",20.870865,102.110246,2025-06-17T07:00:19.771331398Z,1.0,81.0,2.0,60.0,100.0,Asia/Vientiane,https://maps.gstatic.com/weather/v1/strong_tstorms,Light thunderstorms and rain,en,LIGHT_THUNDERSTORM_RAIN,25.4,CELSIUS,28.5,CELSIUS,21.7,CELSIUS,28.5,CELSIUS,25.4,CELSIUS,45.0,RAIN,0.0,MILLIMETERS,0.39880000000000004,MILLIMETERS,1006.05,180.0,SOUTH,6.0,KILOMETERS_PER_HOUR,13.0,KILOMETERS_PER_HOUR,16.0,KILOMETERS,2.1,CELSIUS,26.0,CELSIUS,20.5,CELSIUS,0.0,MILLIMETERS,8.4101,MILLIMETERS,,,,2025-06-17 14:00:03.881000+07:00,1400
1093,90425,"Namor Secondary School - Namor, Oudomxay ມັດທະຍົມ ເມືອງນາໝໍ້","Namor Secondary School - Namor, Oudomxay ມັດທະຍົມ ເມືອງນາໝໍ້",20.914061,101.764456,2025-06-17T07:00:21.059207876Z,1.0,68.0,2.0,40.0,100.0,Asia/Vientiane,https://maps.gstatic.com/weather/v1/drizzle,Light rain,en,LIGHT_RAIN,27.2,CELSIUS,30.3,CELSIUS,20.5,CELSIUS,30.3,CELSIUS,27.2,CELSIUS,65.0,RAIN,0.0,MILLIMETERS,0.5029,MILLIMETERS,1006.68,225.0,SOUTHWEST,8.0,KILOMETERS_PER_HOUR,14.0,KILOMETERS_PER_HOUR,16.0,KILOMETERS,-0.4,CELSIUS,27.9,CELSIUS,20.8,CELSIUS,0.0,MILLIMETERS,7.554,MILLIMETERS,,,,2025-06-17 14:00:03.881000+07:00,1400
1094,90426,Nga - Oudomxai,Nga - Oudomxai,20.282849,101.973769,2025-06-17T07:00:22.335562919Z,1.0,74.0,2.0,60.0,95.0,Asia/Vientiane,https://maps.gstatic.com/weather/v1/drizzle,Light rain,en,LIGHT_RAIN,29.5,CELSIUS,33.8,CELSIUS,24.3,CELSIUS,33.8,CELSIUS,29.5,CELSIUS,25.0,RAIN,0.0,MILLIMETERS,0.1067,MILLIMETERS,1005.62,235.0,SOUTHWEST,13.0,KILOMETERS_PER_HOUR,24.0,KILOMETERS_PER_HOUR,16.0,KILOMETERS,4.2,CELSIUS,30.7,CELSIUS,24.4,CELSIUS,0.0,MILLIMETERS,14.9099,MILLIMETERS,,,,2025-06-17 14:00:03.881000+07:00,1400
1095,90427,Beng - Oudomxai,Beng - Oudomxai,20.296295,101.639666,2025-06-17T07:00:23.634071890Z,1.0,68.0,2.0,60.0,100.0,Asia/Vientiane,https://maps.gstatic.com/weather/v1/strong_tstorms,Light thunderstorms and rain,en,LIGHT_THUNDERSTORM_RAIN,28.8,CELSIUS,32.1,CELSIUS,22.1,CELSIUS,32.1,CELSIUS,28.8,CELSIUS,35.0,RAIN,0.0,MILLIMETERS,0.1626,MILLIMETERS,1006.58,225.0,SOUTHWEST,10.0,KILOMETERS_PER_HOUR,16.0,KILOMETERS_PER_HOUR,16.0,KILOMETERS,-0.1,CELSIUS,29.2,CELSIUS,22.9,CELSIUS,0.0,MILLIMETERS,5.0468,MILLIMETERS,,,,2025-06-17 14:00:03.881000+07:00,1400
1096,90428,"Hoon Secondary School - Hoon, Oudomxay ມັດທະຍົມ ເມືອງຮຸນ","Hoon Secondary School - Hoon, Oudomxay ມັດທະຍົມ ເມືອງຮຸນ",20.146431,101.467765,2025-06-17T07:00:24.908660788Z,1.0,68.0,2.0,60.0,100.0,Asia/Vientiane,https://maps.gstatic.com/weather/v1/strong_tstorms,Light thunderstorms and rain,en,LIGHT_THUNDERSTORM_RAIN,28.8,CELSIUS,32.1,CELSIUS,22.1,CELSIUS,32.1,CELSIUS,28.8,CELSIUS,35.0,RAIN,0.0,MILLIMETERS,0.1626,MILLIMETERS,1006.58,225.0,SOUTHWEST,10.0,KILOMETERS_PER_HOUR,16.0,KILOMETERS_PER_HOUR,16.0,KILOMETERS,-0.1,CELSIUS,29.2,CELSIUS,22.9,CELSIUS,0.0,MILLIMETERS,5.0468,MILLIMETERS,,,,2025-06-17 14:00:03.881000+07:00,1400
1097,90430,"Nampook Secondary School - Huoixai, Bokeo ມັດທະຍົມສົມບູນ ນ້ຳປຸກ","Nampook Secondary School - Huoixai, Bokeo ມັດທະຍົມສົມບູນ ນ້ຳປຸກ",20.217811,100.565439,2025-06-17T07:00:26.221795166Z,1.0,70.0,2.0,50.0,100.0,Asia/Vientiane,https://maps.gstatic.com/weather/v1/strong_tstorms,Light thunderstorms and rain,en,LIGHT_THUNDERSTORM_RAIN,30.2,CELSIUS,35.4,CELSIUS,23.7,CELSIUS,35.4,CELSIUS,30.2,CELSIUS,40.0,RAIN,0.0,MILLIMETERS,0.3759,MILLIMETERS,1005.99,203.0,SOUTH_SOUTHWEST,8.0,KILOMETERS_PER_HOUR,14.0,KILOMETERS_PER_HOUR,16.0,KILOMETERS,-0.1,CELSIUS,30.5,CELSIUS,24.2,CELSIUS,0.0,MILLIMETERS,26.5709,MILLIMETERS,,,,2025-06-17 14:00:03.881000+07:00,1400
1098,90432,Meung - Bokeo,Meung - Bokeo,20.565749,100.592003,2025-06-17T07:00:27.510785317Z,1.0,71.0,2.0,40.0,100.0,Asia/Vientiane,https://maps.gstatic.com/weather/v1/drizzle,Light rain,en,LIGHT_RAIN,26.5,CELSIUS,30.6,CELSIUS,20.2,CELSIUS,30.6,CELSIUS,26.5,CELSIUS,45.0,RAIN,0.0,MILLIMETERS,0.3658,MILLIMETERS,1006.31,203.0,SOUTH_SOUTHWEST,6.0,KILOMETERS_PER_HOUR,14.0,KILOMETERS_PER_HOUR,16.0,KILOMETERS,0.0,CELSIUS,27.0,CELSIUS,20.4,CELSIUS,0.0,MILLIMETERS,13.4392,MILLIMETERS,,,,2025-06-17 14:00:03.881000+07:00,1400
1099,90433,Pha Oudom - Bokeo,Pha Oudom - Bokeo,20.086216,100.831707,2025-06-17T07:00:28.797429206Z,1.0,75.0,2.0,40.0,100.0,Asia/Vientiane,https://maps.gstatic.com/weather/v1/drizzle,Light rain,en,LIGHT_RAIN,23.6,CELSIUS,26.7,CELSIUS,18.6,CELSIUS,26.7,CELSIUS,23.6,CELSIUS,25.0,RAIN,0.0,MILLIMETERS,0.6706000000000001,MILLIMETERS,1007.2,248.0,WEST_SOUTHWEST,8.0,KILOMETERS_PER_HOUR,13.0,KILOMETERS_PER_HOUR,16.0,KILOMETERS,-1.3,CELSIUS,24.9,CELSIUS,18.8,CELSIUS,0.0,MILLIMETERS,13.4926,MILLIMETERS,,,,2025-06-17 14:00:03.881000+07:00,1400
1100,90434,Paktha - Bokeo,Paktha - Bokeo,20.105423,100.597269,2025-06-17T07:00:30.059187993Z,1.0,70.0,2.0,50.0,100.0,Asia/Vientiane,https://maps.gstatic.com/weather/v1/strong_tstorms,Light thunderstorms and rain,en,LIGHT_THUNDERSTORM_RAIN,30.2,CELSIUS,35.4,CELSIUS,23.7,CELSIUS,35.4,CELSIUS,30.2,CELSIUS,40.0,RAIN,0.0,MILLIMETERS,0.3759,MILLIMETERS,1005.99,203.0,SOUTH_SOUTHWEST,8.0,KILOMETERS_PER_HOUR,14.0,KILOMETERS_PER_HOUR,16.0,KILOMETERS,-0.1,CELSIUS,30.5,CELSIUS,24.2,CELSIUS,0.0,MILLIMETERS,26.5709,MILLIMETERS,,,,2025-06-17 14:00:03.881000+07:00,1400
1101,90435,"Santiphab Secondary School - Luangprabang, Luangprabang ມັດທະຍົມ ສັນຕິພາບ","Santiphab Secondary School - Luangprabang, Luangprabang ມັດທະຍົມ ສັນຕິພາບ",19.880332,102.139832,2025-06-17T07:00:31.456531579Z,1.0,66.0,2.0,70.0,95.0,Asia/Vientiane,https://maps.gstatic.com/weather/v1/drizzle,Light rain,en,LIGHT_RAIN,31.0,CELSIUS,36.5,CELSIUS,23.9,CELSIUS,36.5,CELSIUS,31.0,CELSIUS,25.0,RAIN,0.0,MILLIMETERS,0.09910000000000001,MILLIMETERS,1005.25,245.0,WEST_SOUTHWEST,13.0,KILOMETERS_PER_HOUR,27.0,KILOMETERS_PER_HOUR,16.0,KILOMETERS,5.2,CELSIUS,32.0,CELSIUS,24.2,CELSIUS,0.0,MILLIMETERS,12.0424,MILLIMETERS,,,,2025-06-17 14:00:03.881000+07:00,1400
1102,90437,"PakXeng Secondary School - PakXeng, Luangprabang ມັດທະຍົມສົມບູນ ປາກແຊງ","PakXeng Secondary School - PakXeng, Luangprabang ມັດທະຍົມສົມບູນ ປາກແຊງ",20.174492,102.675657,2025-06-17T07:00:32.729504729Z,1.0,68.0,2.0,70.0,97.0,Asia/Vientiane,https://maps.gstatic.com/weather/v1/cloudy,Cloudy,en,CLOUDY,25.8,CELSIUS,29.4,CELSIUS,19.3,CELSIUS,29.4,CELSIUS,25.8,CELSIUS,20.0,RAIN,0.0,MILLIMETERS,0.20070000000000002,MILLIMETERS,1005.31,250.0,WEST_SOUTHWEST,11.0,KILOMETERS_PER_HOUR,29.0,KILOMETERS_PER_HOUR,16.0,KILOMETERS,5.7,CELSIUS,25.1,CELSIUS,18.0,CELSIUS,0.0,MILLIMETERS,16.8353,MILLIMETERS,,,,2025-06-17 14:00:03.881000+07:00,1400
1103,90438,"Phonxay Secpondary School - Phonxay, Luangprabang ມັດທະຍົມສົມບູນ ເມືອງໂພນໄຊ","Phonxay Secpondary School - Phonxay, Luangprabang ມັດທະຍົມສົມບູນ ເມືອງໂພນໄຊ",19.958916,102.572347,,,,,,,,,,,,,,,,,,,,,,,,,,,,,,,,,,,,,,,,,,,,,,,404.0,Information is not supported for this location. Please try a different location.,NOT_FOUND,2025-06-17 14:00:03.881000+07:00,1400
1104,90440,"Vangxieng Secondary School - Phonthong, Luangprabang ມັດທະຍົມ ວັງຊຽງ","Vangxieng Secondary School - Phonthong, Luangprabang ມັດທະຍົມ ວັງຊຽງ",20.737745,103.073231,2025-06-17T07:00:35.237252509Z,1.0,80.0,2.0,70.0,100.0,Asia/Vientiane,https://maps.gstatic.com/weather/v1/drizzle,Light rain,en,LIGHT_RAIN,25.2,CELSIUS,27.7,CELSIUS,21.5,CELSIUS,27.7,CELSIUS,25.2,CELSIUS,25.0,RAIN,0.0,MILLIMETERS,0.2997,MILLIMETERS,1006.78,255.0,WEST_SOUTHWEST,8.0,KILOMETERS_PER_HOUR,18.0,KILOMETERS_PER_HOUR,16.0,KILOMETERS,3.6,CELSIUS,26.2,CELSIUS,20.2,CELSIUS,0.0,MILLIMETERS,16.7233,MILLIMETERS,,,,2025-06-17 14:00:03.881000+07:00,1400
1105,90441,"Kiwkachum Secondary School - XiengNgeun, Luangprabang ມັດທະຍົມ ກິ່ວກະຈຳ","Kiwkachum Secondary School - XiengNgeun, Luangprabang ມັດທະຍົມ ກິ່ວກະຈຳ",19.555,102.234,2025-06-17T07:00:36.508998249Z,1.0,92.0,2.0,70.0,98.0,Asia/Vientiane,https://maps.gstatic.com/weather/v1/strong_tstorms,Light thunderstorms and rain,en,LIGHT_THUNDERSTORM_RAIN,25.6,CELSIUS,28.1,CELSIUS,24.2,CELSIUS,28.1,CELSIUS,25.6,CELSIUS,35.0,RAIN,0.0,MILLIMETERS,1.7958,MILLIMETERS,1007.79,200.0,SOUTH_SOUTHWEST,10.0,KILOMETERS_PER_HOUR,23.0,KILOMETERS_PER_HOUR,15.0,KILOMETERS,2.4,CELSIUS,27.5,CELSIUS,20.6,CELSIUS,0.0,MILLIMETERS,9.7108,MILLIMETERS,,,,2025-06-17 14:00:03.881000+07:00,1400
1106,90442,"Nan Secondary School - Nan, Luangprabang ມັດທະຍົມ ເມືອງນານ","Nan Secondary School - Nan, Luangprabang ມັດທະຍົມ ເມືອງນານ",19.498539,101.883867,2025-06-17T07:00:37.761492402Z,1.0,77.0,2.0,70.0,100.0,Asia/Vientiane,https://maps.gstatic.com/weather/v1/strong_tstorms,Light thunderstorms and rain,en,LIGHT_THUNDERSTORM_RAIN,23.7,CELSIUS,27.2,CELSIUS,19.0,CELSIUS,27.2,CELSIUS,23.7,CELSIUS,40.0,RAIN,0.0,MILLIMETERS,1.6434,MILLIMETERS,1007.5,203.0,SOUTH_SOUTHWEST,5.0,KILOMETERS_PER_HOUR,11.0,KILOMETERS_PER_HOUR,16.0,KILOMETERS,-0.8,CELSIUS,24.5,CELSIUS,19.1,CELSIUS,0.0,MILLIMETERS,19.3399,MILLIMETERS,,,,2025-06-17 14:00:03.881000+07:00,1400
1107,90447,Xamneua - Houaphan,Xamneua - Houaphan,20.413807,104.050733,2025-06-17T07:00:39.038766755Z,1.0,62.0,2.0,70.0,95.0,Asia/Vientiane,https://maps.gstatic.com/weather/v1/cloudy,Cloudy,en,CLOUDY,29.4,CELSIUS,32.3,CELSIUS,21.2,CELSIUS,32.3,CELSIUS,29.4,CELSIUS,25.0,RAIN,0.0,MILLIMETERS,0.20070000000000002,MILLIMETERS,1005.09,250.0,WEST_SOUTHWEST,6.0,KILOMETERS_PER_HOUR,16.0,KILOMETERS_PER_HOUR,16.0,KILOMETERS,5.4,CELSIUS,29.3,CELSIUS,20.3,CELSIUS,0.0,MILLIMETERS,6.8735,MILLIMETERS,,,,2025-06-17 14:00:03.881000+07:00,1400
1108,90449,"BouamNgam Secondary School - Huameuang, Houaphan  ມັດທະຍົມ ບວມງາມ","BouamNgam Secondary School - Huameuang, Houaphan  ມັດທະຍົມ ບວມງາມ",20.199501,103.875166,2025-06-17T07:00:40.336920619Z,1.0,68.0,2.0,60.0,100.0,Asia/Vientiane,https://maps.gstatic.com/weather/v1/cloudy,Cloudy,en,CLOUDY,27.5,CELSIUS,30.3,CELSIUS,21.0,CELSIUS,30.3,CELSIUS,27.5,CELSIUS,25.0,RAIN,0.0,MILLIMETERS,0.2997,MILLIMETERS,1006.19,245.0,WEST_SOUTHWEST,11.0,KILOMETERS_PER_HOUR,31.0,KILOMETERS_PER_HOUR,16.0,KILOMETERS,5.0,CELSIUS,26.9,CELSIUS,19.1,CELSIUS,0.0,MILLIMETERS,8.235,MILLIMETERS,,,,2025-06-17 14:00:03.881000+07:00,1400
1109,90450,Xamtay - Houaphan,Xamtay - Houaphan,19.999194,104.64011,2025-06-17T07:00:41.621131348Z,1.0,57.0,2.0,70.0,100.0,Asia/Vientiane,https://maps.gstatic.com/weather/v1/cloudy,Cloudy,en,CLOUDY,29.2,CELSIUS,32.3,CELSIUS,19.9,CELSIUS,32.3,CELSIUS,29.2,CELSIUS,25.0,RAIN,0.0,MILLIMETERS,0.3708,MILLIMETERS,1005.4,250.0,WEST_SOUTHWEST,10.0,KILOMETERS_PER_HOUR,13.0,KILOMETERS_PER_HOUR,16.0,KILOMETERS,5.1,CELSIUS,29.0,CELSIUS,19.1,CELSIUS,0.0,MILLIMETERS,3.6755,MILLIMETERS,,,,2025-06-17 14:00:03.881000+07:00,1400
1110,90451,"Add Secondary School - Add, Houaphan ມັດທະຍົມ ແອດ","Add Secondary School - Add, Houaphan ມັດທະຍົມ ແອດ",20.820542,104.004618,,,,,,,,,,,,,,,,,,,,,,,,,,,,,,,,,,,,,,,,,,,,,,,404.0,Information is not supported for this location. Please try a different location.,NOT_FOUND,2025-06-17 14:00:03.881000+07:00,1400
1111,90452,Xon - Houaphan,Xon - Houaphan,20.466813,103.34797,2025-06-17T07:00:44.140511343Z,1.0,68.0,2.0,60.0,100.0,Asia/Vientiane,https://maps.gstatic.com/weather/v1/cloudy,Cloudy,en,CLOUDY,24.9,CELSIUS,27.7,CELSIUS,18.4,CELSIUS,27.7,CELSIUS,24.9,CELSIUS,25.0,RAIN,0.0,MILLIMETERS,0.2997,MILLIMETERS,1006.19,245.0,WEST_SOUTHWEST,11.0,KILOMETERS_PER_HOUR,31.0,KILOMETERS_PER_HOUR,16.0,KILOMETERS,5.0,CELSIUS,24.3,CELSIUS,16.5,CELSIUS,0.0,MILLIMETERS,8.235,MILLIMETERS,,,,2025-06-17 14:00:03.881000+07:00,1400
1112,90453,Xiengkhor - Houaphan,Xiengkhor - Houaphan,20.813892,104.146676,,,,,,,,,,,,,,,,,,,,,,,,,,,,,,,,,,,,,,,,,,,,,,,404.0,Information is not supported for this location. Please try a different location.,NOT_FOUND,2025-06-17 14:00:03.881000+07:00,1400
1113,90454," Viengthong Secondary School - Hiem, Houaphan ມັດທະຍົມ ວຽງທອງ"," Viengthong Secondary School - Hiem, Houaphan ມັດທະຍົມ ວຽງທອງ",20.099855,103.380396,2025-06-17T07:00:46.655059990Z,1.0,68.0,2.0,60.0,100.0,Asia/Vientiane,https://maps.gstatic.com/weather/v1/cloudy,Cloudy,en,CLOUDY,24.9,CELSIUS,27.7,CELSIUS,18.4,CELSIUS,27.7,CELSIUS,24.9,CELSIUS,25.0,RAIN,0.0,MILLIMETERS,0.2997,MILLIMETERS,1006.19,245.0,WEST_SOUTHWEST,11.0,KILOMETERS_PER_HOUR,31.0,KILOMETERS_PER_HOUR,16.0,KILOMETERS,5.0,CELSIUS,24.3,CELSIUS,16.5,CELSIUS,0.0,MILLIMETERS,8.235,MILLIMETERS,,,,2025-06-17 14:00:03.881000+07:00,1400
1114,90455,"Sopbao Secondary School - Sopbao, Houaphan ມັດທະຍົມ ສົບເບົາ","Sopbao Secondary School - Sopbao, Houaphan ມັດທະຍົມ ສົບເບົາ",20.710206,104.384946,2025-06-17T07:00:47.925975448Z,1.0,62.0,2.0,70.0,95.0,Asia/Vientiane,https://maps.gstatic.com/weather/v1/cloudy,Cloudy,en,CLOUDY,25.5,CELSIUS,28.4,CELSIUS,17.3,CELSIUS,28.4,CELSIUS,25.5,CELSIUS,25.0,RAIN,0.0,MILLIMETERS,0.20070000000000002,MILLIMETERS,1005.09,250.0,WEST_SOUTHWEST,6.0,KILOMETERS_PER_HOUR,16.0,KILOMETERS_PER_HOUR,16.0,KILOMETERS,5.4,CELSIUS,25.4,CELSIUS,16.4,CELSIUS,0.0,MILLIMETERS,6.8735,MILLIMETERS,,,,2025-06-17 14:00:03.881000+07:00,1400
1115,90456,"Kuan Secondary School - Kuan, Houaphan ມັດທະຍົມສົມບູນ ກັວນ","Kuan Secondary School - Kuan, Houaphan ມັດທະຍົມສົມບູນ ກັວນ",19.835863,104.561303,2025-06-17T07:00:49.194764898Z,1.0,57.0,2.0,70.0,100.0,Asia/Vientiane,https://maps.gstatic.com/weather/v1/cloudy,Cloudy,en,CLOUDY,30.5,CELSIUS,33.6,CELSIUS,21.2,CELSIUS,33.6,CELSIUS,30.5,CELSIUS,25.0,RAIN,0.0,MILLIMETERS,0.3708,MILLIMETERS,1005.4,250.0,WEST_SOUTHWEST,10.0,KILOMETERS_PER_HOUR,13.0,KILOMETERS_PER_HOUR,16.0,KILOMETERS,5.1,CELSIUS,30.3,CELSIUS,20.4,CELSIUS,0.0,MILLIMETERS,3.6755,MILLIMETERS,,,,2025-06-17 14:00:03.881000+07:00,1400
1116,90457,"Khob Secondary School - Khob, Xayabouli ມັດທະຍົມ ເມືອງຄອບ","Khob Secondary School - Khob, Xayabouli ມັດທະຍົມ ເມືອງຄອບ",19.699713,100.5572,2025-06-17T07:00:50.469184971Z,1.0,74.0,2.0,70.0,100.0,Asia/Vientiane,https://maps.gstatic.com/weather/v1/strong_tstorms,Light thunderstorms and rain,en,LIGHT_THUNDERSTORM_RAIN,28.3,CELSIUS,32.0,CELSIUS,23.4,CELSIUS,32.0,CELSIUS,28.3,CELSIUS,45.0,RAIN,0.0,MILLIMETERS,2.0879,MILLIMETERS,1007.73,180.0,SOUTH,11.0,KILOMETERS_PER_HOUR,19.0,KILOMETERS_PER_HOUR,16.0,KILOMETERS,-0.1,CELSIUS,28.9,CELSIUS,23.7,CELSIUS,0.0,MILLIMETERS,14.379,MILLIMETERS,,,,2025-06-17 14:00:03.881000+07:00,1400
1117,90458,"Hongsa Secondary School - Hongsa, Xaignabouly ມັດທະຍົມສົມບູນ ຫົງສາ","Hongsa Secondary School - Hongsa, Xaignabouly ມັດທະຍົມສົມບູນ ຫົງສາ",19.70693,101.342893,2025-06-17T07:00:51.753231427Z,1.0,77.0,2.0,70.0,100.0,Asia/Vientiane,https://maps.gstatic.com/weather/v1/strong_tstorms,Light thunderstorms and rain,en,LIGHT_THUNDERSTORM_RAIN,25.0,CELSIUS,28.5,CELSIUS,20.3,CELSIUS,28.5,CELSIUS,25.0,CELSIUS,40.0,RAIN,0.0,MILLIMETERS,1.6434,MILLIMETERS,1007.5,203.0,SOUTH_SOUTHWEST,5.0,KILOMETERS_PER_HOUR,11.0,KILOMETERS_PER_HOUR,16.0,KILOMETERS,-0.8,CELSIUS,25.8,CELSIUS,20.4,CELSIUS,0.0,MILLIMETERS,19.3399,MILLIMETERS,,,,2025-06-17 14:00:03.881000+07:00,1400
1118,90459,Phiang - Xaignabouly,Phiang - Xaignabouly,19.094645,101.529558,2025-06-17T07:00:53.021508460Z,1.0,65.0,2.0,70.0,100.0,Asia/Vientiane,https://maps.gstatic.com/weather/v1/strong_tstorms,Light thunderstorms and rain,en,LIGHT_THUNDERSTORM_RAIN,29.7,CELSIUS,33.4,CELSIUS,22.6,CELSIUS,33.4,CELSIUS,29.7,CELSIUS,40.0,RAIN,0.0,MILLIMETERS,0.27940000000000004,MILLIMETERS,1007.06,203.0,SOUTH_SOUTHWEST,10.0,KILOMETERS_PER_HOUR,18.0,KILOMETERS_PER_HOUR,16.0,KILOMETERS,-1.2,CELSIUS,30.9,CELSIUS,23.7,CELSIUS,0.0,MILLIMETERS,4.8005,MILLIMETERS,,,,2025-06-17 14:00:03.881000+07:00,1400
1119,90460,Parklai - Xaignabouly,Parklai - Xaignabouly,18.220795,101.405717,2025-06-17T07:00:54.282375101Z,1.0,65.0,2.0,70.0,100.0,Asia/Vientiane,https://maps.gstatic.com/weather/v1/strong_tstorms,Light thunderstorms and rain,en,LIGHT_THUNDERSTORM_RAIN,30.0,CELSIUS,34.6,CELSIUS,22.7,CELSIUS,34.6,CELSIUS,30.0,CELSIUS,70.0,RAIN,0.0,MILLIMETERS,0.2921,MILLIMETERS,1006.13,225.0,SOUTHWEST,8.0,KILOMETERS_PER_HOUR,14.0,KILOMETERS_PER_HOUR,16.0,KILOMETERS,-0.8,CELSIUS,31.7,CELSIUS,24.4,CELSIUS,0.0,MILLIMETERS,1.5594000000000001,MILLIMETERS,,,,2025-06-17 14:00:03.881000+07:00,1400
1120,90463,"Ekaphab Secondary School - Xayabury, Xayabury ມັດທະຍົມ ເອກະພາບ","Ekaphab Secondary School - Xayabury, Xayabury ມັດທະຍົມ ເອກະພາບ",19.237566,101.714751,2025-06-17T07:00:55.562589814Z,1.0,66.0,2.0,69.0,100.0,Asia/Vientiane,https://maps.gstatic.com/weather/v1/cloudy,Cloudy,en,CLOUDY,30.5,CELSIUS,35.3,CELSIUS,23.2,CELSIUS,35.3,CELSIUS,30.5,CELSIUS,20.0,RAIN,0.0,MILLIMETERS,0.2286,MILLIMETERS,1006.11,203.0,SOUTH_SOUTHWEST,8.0,KILOMETERS_PER_HOUR,14.0,KILOMETERS_PER_HOUR,16.0,KILOMETERS,0.0,CELSIUS,30.5,CELSIUS,24.8,CELSIUS,0.0,MILLIMETERS,7.0764,MILLIMETERS,,,,2025-06-17 14:00:03.881000+07:00,1400
1121,90465,Xienghone - Xaignabouly ,Xienghone - Xaignabouly ,19.631763,100.814901,2025-06-17T07:00:56.844916111Z,1.0,76.0,2.0,70.0,100.0,Asia/Vientiane,https://maps.gstatic.com/weather/v1/strong_tstorms,Light thunderstorms and rain,en,LIGHT_THUNDERSTORM_RAIN,25.1,CELSIUS,28.4,CELSIUS,20.2,CELSIUS,28.4,CELSIUS,25.1,CELSIUS,40.0,RAIN,0.0,MILLIMETERS,1.0439,MILLIMETERS,1007.54,248.0,WEST_SOUTHWEST,10.0,KILOMETERS_PER_HOUR,16.0,KILOMETERS_PER_HOUR,16.0,KILOMETERS,0.1,CELSIUS,25.1,CELSIUS,20.2,CELSIUS,0.0,MILLIMETERS,12.6187,MILLIMETERS,,,,2025-06-17 14:00:03.881000+07:00,1400
1122,90466,"Kenethao Secondary School - Kenethao, Xayabury ມັດທະຍົມສົມບຸນ ແກ່ນທ້າວ","Kenethao Secondary School - Kenethao, Xayabury ມັດທະຍົມສົມບຸນ ແກ່ນທ້າວ",17.740569,101.403471,2025-06-17T07:00:58.109261324Z,1.0,75.0,2.0,70.0,100.0,Asia/Vientiane,https://maps.gstatic.com/weather/v1/strong_tstorms,Thunderstorm,en,THUNDERSTORM,30.0,CELSIUS,36.1,CELSIUS,24.9,CELSIUS,36.1,CELSIUS,30.0,CELSIUS,75.0,RAIN,0.0,MILLIMETERS,1.0414,MILLIMETERS,1006.1,203.0,SOUTH_SOUTHWEST,10.0,KILOMETERS_PER_HOUR,18.0,KILOMETERS_PER_HOUR,15.0,KILOMETERS,-2.4,CELSIUS,33.0,CELSIUS,25.2,CELSIUS,0.0,MILLIMETERS,2.6746,MILLIMETERS,,,,2025-06-17 14:00:03.881000+07:00,1400
1123,90468,Pek - Xiengkhouang,Pek - Xiengkhouang,19.444636,103.205788,2025-06-17T07:00:59.386163210Z,1.0,75.0,2.0,70.0,100.0,Asia/Vientiane,https://maps.gstatic.com/weather/v1/drizzle,Light rain,en,LIGHT_RAIN,25.7,CELSIUS,27.7,CELSIUS,20.9,CELSIUS,27.7,CELSIUS,25.7,CELSIUS,25.0,RAIN,0.0,MILLIMETERS,2.7254,MILLIMETERS,1008.04,215.0,SOUTHWEST,11.0,KILOMETERS_PER_HOUR,26.0,KILOMETERS_PER_HOUR,16.0,KILOMETERS,2.0,CELSIUS,28.2,CELSIUS,20.1,CELSIUS,0.0,MILLIMETERS,12.0627,MILLIMETERS,,,,2025-06-17 14:00:03.881000+07:00,1400
1124,90472,"Chomphet Seconbdary School - Khoune, Xiengkhuang ມັດທະຍົມ ຈອມເພັດ","Chomphet Seconbdary School - Khoune, Xiengkhuang ມັດທະຍົມ ຈອມເພັດ",19.340999,103.371433,2025-06-17T07:01:00.649587200Z,1.0,75.0,2.0,70.0,100.0,Asia/Vientiane,https://maps.gstatic.com/weather/v1/drizzle,Light rain,en,LIGHT_RAIN,25.7,CELSIUS,27.7,CELSIUS,20.9,CELSIUS,27.7,CELSIUS,25.7,CELSIUS,25.0,RAIN,0.0,MILLIMETERS,2.7254,MILLIMETERS,1008.04,215.0,SOUTHWEST,11.0,KILOMETERS_PER_HOUR,26.0,KILOMETERS_PER_HOUR,16.0,KILOMETERS,2.0,CELSIUS,28.2,CELSIUS,20.1,CELSIUS,0.0,MILLIMETERS,12.0627,MILLIMETERS,,,,2025-06-17 14:00:03.881000+07:00,1400
1125,90474,"Lardkhai Secondary School - Phaxay, Xiengkhouang ມັດທະຍົມ ລາດຄ້າຍ","Lardkhai Secondary School - Phaxay, Xiengkhouang ມັດທະຍົມ ລາດຄ້າຍ",19.29915,103.133374,2025-06-17T07:01:01.901627489Z,1.0,75.0,2.0,70.0,100.0,Asia/Vientiane,https://maps.gstatic.com/weather/v1/drizzle,Light rain,en,LIGHT_RAIN,25.7,CELSIUS,27.7,CELSIUS,20.9,CELSIUS,27.7,CELSIUS,25.7,CELSIUS,25.0,RAIN,0.0,MILLIMETERS,2.7254,MILLIMETERS,1008.04,215.0,SOUTHWEST,11.0,KILOMETERS_PER_HOUR,26.0,KILOMETERS_PER_HOUR,16.0,KILOMETERS,2.0,CELSIUS,28.2,CELSIUS,20.1,CELSIUS,0.0,MILLIMETERS,12.0627,MILLIMETERS,,,,2025-06-17 14:00:03.881000+07:00,1400
1126,90475,Phonhong - Vientiane,Phonhong - Vientiane,18.350024,102.42424,2025-06-17T07:01:03.278911122Z,1.0,77.0,2.0,70.0,95.0,Asia/Vientiane,https://maps.gstatic.com/weather/v1/strong_tstorms,Light thunderstorms and rain,en,LIGHT_THUNDERSTORM_RAIN,31.8,CELSIUS,41.7,CELSIUS,27.2,CELSIUS,41.7,CELSIUS,31.8,CELSIUS,50.0,RAIN,0.0,MILLIMETERS,0.09910000000000001,MILLIMETERS,1005.67,225.0,SOUTHWEST,8.0,KILOMETERS_PER_HOUR,18.0,KILOMETERS_PER_HOUR,16.0,KILOMETERS,3.0,CELSIUS,33.1,CELSIUS,24.9,CELSIUS,0.0,MILLIMETERS,11.2651,MILLIMETERS,,,,2025-06-17 14:00:03.881000+07:00,1400
1127,90476,"Kasy Secondary School - Kasy, Vientiane Province ມັດທະຍົມສົມບູນ ກາສີ","Kasy Secondary School - Kasy, Vientiane Province ມັດທະຍົມສົມບູນ ກາສີ",19.225034,102.25219,2025-06-17T07:01:04.574207701Z,1.0,100.0,2.0,70.0,100.0,Asia/Vientiane,https://maps.gstatic.com/weather/v1/strong_tstorms,Light thunderstorms and rain,en,LIGHT_THUNDERSTORM_RAIN,24.8,CELSIUS,28.4,CELSIUS,24.8,CELSIUS,28.4,CELSIUS,24.8,CELSIUS,50.0,RAIN,0.0,MILLIMETERS,4.4018,MILLIMETERS,1007.71,0.0,NORTH,2.0,KILOMETERS_PER_HOUR,10.0,KILOMETERS_PER_HOUR,5.0,KILOMETERS,2.4,CELSIUS,30.2,CELSIUS,22.1,CELSIUS,0.0,MILLIMETERS,18.2398,MILLIMETERS,,,,2025-06-17 14:00:03.881000+07:00,1400
1128,90477,"Xanakharm Secondary School - Xanakharm, Vieniane Province ມັດທະຍົມສົບຸນ ຊະນະຄາມ","Xanakharm Secondary School - Xanakharm, Vieniane Province ມັດທະຍົມສົບຸນ ຊະນະຄາມ",17.910218,101.670662,2025-06-17T07:01:05.869737567Z,1.0,68.0,2.0,90.0,100.0,Asia/Vientiane,https://maps.gstatic.com/weather/v1/strong_tstorms,Light thunderstorms and rain,en,LIGHT_THUNDERSTORM_RAIN,31.0,CELSIUS,36.8,CELSIUS,24.4,CELSIUS,36.8,CELSIUS,31.0,CELSIUS,75.0,RAIN,0.0,MILLIMETERS,0.8153,MILLIMETERS,1006.0,203.0,SOUTH_SOUTHWEST,6.0,KILOMETERS_PER_HOUR,13.0,KILOMETERS_PER_HOUR,16.0,KILOMETERS,-0.1,CELSIUS,32.0,CELSIUS,25.1,CELSIUS,0.0,MILLIMETERS,3.1927,MILLIMETERS,,,,2025-06-17 14:00:03.881000+07:00,1400
1129,90478,Mad - Vientiane,Mad - Vientiane,18.448868,101.76322,2025-06-17T07:01:07.152661464Z,1.0,65.0,2.0,70.0,100.0,Asia/Vientiane,https://maps.gstatic.com/weather/v1/strong_tstorms,Light thunderstorms and rain,en,LIGHT_THUNDERSTORM_RAIN,30.6,CELSIUS,35.3,CELSIUS,23.3,CELSIUS,35.3,CELSIUS,30.6,CELSIUS,70.0,RAIN,0.0,MILLIMETERS,0.2921,MILLIMETERS,1006.13,225.0,SOUTHWEST,8.0,KILOMETERS_PER_HOUR,14.0,KILOMETERS_PER_HOUR,16.0,KILOMETERS,-0.8,CELSIUS,32.3,CELSIUS,25.0,CELSIUS,0.0,MILLIMETERS,1.5594000000000001,MILLIMETERS,,,,2025-06-17 14:00:03.881000+07:00,1400
1130,90479,"Phonmi Secondary School - Viengkham, Vientiane Province ມັດທະຍົມສົມບຸນ ໂພນໝີ","Phonmi Secondary School - Viengkham, Vientiane Province ມັດທະຍົມສົມບຸນ ໂພນໝີ",18.48451,102.485942,2025-06-17T07:01:08.442690746Z,1.0,77.0,2.0,70.0,95.0,Asia/Vientiane,https://maps.gstatic.com/weather/v1/strong_tstorms,Light thunderstorms and rain,en,LIGHT_THUNDERSTORM_RAIN,31.8,CELSIUS,41.6,CELSIUS,27.2,CELSIUS,41.6,CELSIUS,31.8,CELSIUS,50.0,RAIN,0.0,MILLIMETERS,0.09910000000000001,MILLIMETERS,1005.67,225.0,SOUTHWEST,8.0,KILOMETERS_PER_HOUR,18.0,KILOMETERS_PER_HOUR,16.0,KILOMETERS,3.0,CELSIUS,33.1,CELSIUS,24.9,CELSIUS,0.0,MILLIMETERS,11.2651,MILLIMETERS,,,,2025-06-17 14:00:03.881000+07:00,1400
1131,90482,"KeoKou Secondary School - KeoOudom, Vientiane Province ມັດທະຍົມສົມບູນ ແກ້ວກູ່","KeoKou Secondary School - KeoOudom, Vientiane Province ມັດທະຍົມສົມບູນ ແກ້ວກູ່",18.554884,102.502844,2025-06-17T07:01:09.714050977Z,1.0,77.0,2.0,70.0,95.0,Asia/Vientiane,https://maps.gstatic.com/weather/v1/strong_tstorms,Light thunderstorms and rain,en,LIGHT_THUNDERSTORM_RAIN,31.8,CELSIUS,41.6,CELSIUS,27.2,CELSIUS,41.6,CELSIUS,31.8,CELSIUS,50.0,RAIN,0.0,MILLIMETERS,0.09910000000000001,MILLIMETERS,1005.67,225.0,SOUTHWEST,8.0,KILOMETERS_PER_HOUR,18.0,KILOMETERS_PER_HOUR,16.0,KILOMETERS,3.0,CELSIUS,33.1,CELSIUS,24.9,CELSIUS,0.0,MILLIMETERS,11.2651,MILLIMETERS,,,,2025-06-17 14:00:03.881000+07:00,1400
1132,90485,Meun - Vientiane,Meun - Vientiane,18.28379,101.941138,2025-06-17T07:01:11.001056971Z,1.0,74.0,2.0,61.0,95.0,Asia/Vientiane,https://maps.gstatic.com/weather/v1/drizzle,Light rain,en,LIGHT_RAIN,31.9,CELSIUS,40.9,CELSIUS,26.7,CELSIUS,40.9,CELSIUS,31.9,CELSIUS,26.0,RAIN,0.0,MILLIMETERS,0.0838,MILLIMETERS,1005.87,195.0,SOUTH_SOUTHWEST,6.0,KILOMETERS_PER_HOUR,16.0,KILOMETERS_PER_HOUR,16.0,KILOMETERS,2.1,CELSIUS,33.0,CELSIUS,25.3,CELSIUS,0.0,MILLIMETERS,6.2891,MILLIMETERS,,,,2025-06-17 14:00:03.881000+07:00,1400
1133,90487,"Thaphabath Secondary School - Thaphabath, Bolikhamxai","Thaphabath Secondary School - Thaphabath, Bolikhamxai",18.356826,103.198076,2025-06-17T07:01:12.291691675Z,1.0,76.0,2.0,60.0,99.0,Asia/Vientiane,https://maps.gstatic.com/weather/v1/strong_tstorms,Light thunderstorms and rain,en,LIGHT_THUNDERSTORM_RAIN,30.8,CELSIUS,38.4,CELSIUS,26.0,CELSIUS,38.4,CELSIUS,30.8,CELSIUS,40.0,RAIN,0.0,MILLIMETERS,1.6967,MILLIMETERS,1006.34,0.0,NORTH,3.0,KILOMETERS_PER_HOUR,7.0,KILOMETERS_PER_HOUR,16.0,KILOMETERS,0.5,CELSIUS,32.2,CELSIUS,25.5,CELSIUS,0.0,MILLIMETERS,7.6761,MILLIMETERS,,,,2025-06-17 14:00:03.881000+07:00,1400
1134,90488,Pakkading - Bolikhamxai ,Pakkading - Bolikhamxai ,18.109902,104.281265,2025-06-17T07:01:13.588862995Z,1.0,65.0,2.0,60.0,95.0,Asia/Vientiane,https://maps.gstatic.com/weather/v1/cloudy,Cloudy,en,CLOUDY,31.8,CELSIUS,38.0,CELSIUS,24.3,CELSIUS,38.0,CELSIUS,31.8,CELSIUS,20.0,RAIN,0.0,MILLIMETERS,0.0,MILLIMETERS,1006.75,215.0,SOUTHWEST,8.0,KILOMETERS_PER_HOUR,24.0,KILOMETERS_PER_HOUR,16.0,KILOMETERS,3.6,CELSIUS,31.6,CELSIUS,24.2,CELSIUS,0.0,MILLIMETERS,17.5971,MILLIMETERS,,,,2025-06-17 14:00:03.881000+07:00,1400
1135,90490,"Nakhonxay Secondary School - Khamkeuth, - Borikhamxai ມັດທະຍົມ ນະຄອນໄຊ","Nakhonxay Secondary School - Khamkeuth, - Borikhamxai ມັດທະຍົມ ນະຄອນໄຊ",18.185553,104.983958,2025-06-17T07:01:14.858985665Z,1.0,65.0,2.0,50.0,100.0,Asia/Vientiane,https://maps.gstatic.com/weather/v1/cloudy,Cloudy,en,CLOUDY,29.1,CELSIUS,32.9,CELSIUS,21.8,CELSIUS,32.9,CELSIUS,29.1,CELSIUS,20.0,RAIN,0.0,MILLIMETERS,0.0381,MILLIMETERS,1007.32,230.0,SOUTHWEST,13.0,KILOMETERS_PER_HOUR,31.0,KILOMETERS_PER_HOUR,16.0,KILOMETERS,4.1,CELSIUS,29.1,CELSIUS,21.6,CELSIUS,0.0,MILLIMETERS,1.7579,MILLIMETERS,,,,2025-06-17 14:00:03.881000+07:00,1400
1136,90491,Viengthong - Bolikhamxai,Viengthong - Bolikhamxai,18.512354,104.442835,2025-06-17T07:01:16.145634123Z,1.0,67.0,2.0,60.0,100.0,Asia/Vientiane,https://maps.gstatic.com/weather/v1/drizzle,Light rain,en,LIGHT_RAIN,29.9,CELSIUS,34.4,CELSIUS,23.2,CELSIUS,34.4,CELSIUS,29.9,CELSIUS,25.0,RAIN,0.0,MILLIMETERS,0.09910000000000001,MILLIMETERS,1007.01,235.0,SOUTHWEST,11.0,KILOMETERS_PER_HOUR,27.0,KILOMETERS_PER_HOUR,16.0,KILOMETERS,3.0,CELSIUS,30.6,CELSIUS,22.7,CELSIUS,0.0,MILLIMETERS,4.1685,MILLIMETERS,,,,2025-06-17 14:00:03.881000+07:00,1400
1137,90492,"NamOn Secondary School - Xaychamphone, Borikhamxai ມັດທະຍົມ ນຳ້ອ້ອນ","NamOn Secondary School - Xaychamphone, Borikhamxai ມັດທະຍົມ ນຳ້ອ້ອນ",18.577559,104.981947,2025-06-17T07:01:17.439014143Z,1.0,65.0,2.0,50.0,100.0,Asia/Vientiane,https://maps.gstatic.com/weather/v1/cloudy,Cloudy,en,CLOUDY,29.1,CELSIUS,32.9,CELSIUS,21.8,CELSIUS,32.9,CELSIUS,29.1,CELSIUS,20.0,RAIN,0.0,MILLIMETERS,0.0381,MILLIMETERS,1007.31,230.0,SOUTHWEST,13.0,KILOMETERS_PER_HOUR,31.0,KILOMETERS_PER_HOUR,16.0,KILOMETERS,4.1,CELSIUS,29.1,CELSIUS,21.6,CELSIUS,0.0,MILLIMETERS,1.7579,MILLIMETERS,,,,2025-06-17 14:00:03.881000+07:00,1400
1138,90493,Thakhek - Khammouan ,Thakhek - Khammouan ,17.392668,104.807495,2025-06-17T07:01:18.696486936Z,1.0,62.0,2.0,70.0,100.0,Asia/Vientiane,https://maps.gstatic.com/weather/v1/drizzle,Light rain,en,LIGHT_RAIN,32.8,CELSIUS,40.0,CELSIUS,24.7,CELSIUS,40.0,CELSIUS,32.8,CELSIUS,25.0,RAIN,0.0,MILLIMETERS,0.20070000000000002,MILLIMETERS,1005.94,225.0,SOUTHWEST,10.0,KILOMETERS_PER_HOUR,22.0,KILOMETERS_PER_HOUR,16.0,KILOMETERS,2.0,CELSIUS,33.7,CELSIUS,24.7,CELSIUS,0.0,MILLIMETERS,10.211,MILLIMETERS,,,,2025-06-17 14:00:03.881000+07:00,1400
1139,90494,Mahaxay - Khammouan,Mahaxay - Khammouan,17.457352,105.160169,2025-06-17T07:01:19.973187999Z,1.0,61.0,2.0,70.0,100.0,Asia/Vientiane,https://maps.gstatic.com/weather/v1/cloudy,Cloudy,en,CLOUDY,31.3,CELSIUS,36.0,CELSIUS,23.1,CELSIUS,36.0,CELSIUS,31.3,CELSIUS,25.0,RAIN,0.0,MILLIMETERS,0.2997,MILLIMETERS,1006.88,230.0,SOUTHWEST,13.0,KILOMETERS_PER_HOUR,31.0,KILOMETERS_PER_HOUR,16.0,KILOMETERS,2.8,CELSIUS,31.5,CELSIUS,23.0,CELSIUS,0.0,MILLIMETERS,4.6738,MILLIMETERS,,,,2025-06-17 14:00:03.881000+07:00,1400
1140,90495,Nongbok - Khammouan,Nongbok - Khammouan,16.962416,104.81156,2025-06-17T07:01:21.247745786Z,1.0,62.0,2.0,68.0,100.0,Asia/Vientiane,https://maps.gstatic.com/weather/v1/cloudy,Cloudy,en,CLOUDY,33.6,CELSIUS,41.9,CELSIUS,25.4,CELSIUS,41.9,CELSIUS,33.6,CELSIUS,20.0,RAIN,0.0,MILLIMETERS,0.1499,MILLIMETERS,1005.98,225.0,SOUTHWEST,11.0,KILOMETERS_PER_HOUR,19.0,KILOMETERS_PER_HOUR,16.0,KILOMETERS,0.8,CELSIUS,33.7,CELSIUS,25.9,CELSIUS,0.0,MILLIMETERS,0.9374,MILLIMETERS,,,,2025-06-17 14:00:03.881000+07:00,1400
1141,90497,Nhommalath - Khammouan ,Nhommalath - Khammouan ,17.614203,105.170282,2025-06-17T07:01:22.535542025Z,1.0,61.0,2.0,70.0,100.0,Asia/Vientiane,https://maps.gstatic.com/weather/v1/cloudy,Cloudy,en,CLOUDY,31.3,CELSIUS,36.0,CELSIUS,23.1,CELSIUS,36.0,CELSIUS,31.3,CELSIUS,25.0,RAIN,0.0,MILLIMETERS,0.2997,MILLIMETERS,1006.88,230.0,SOUTHWEST,13.0,KILOMETERS_PER_HOUR,31.0,KILOMETERS_PER_HOUR,16.0,KILOMETERS,2.8,CELSIUS,31.5,CELSIUS,23.0,CELSIUS,0.0,MILLIMETERS,4.6738,MILLIMETERS,,,,2025-06-17 14:00:03.881000+07:00,1400
1142,90500,"Xebangfay Secondary School - Xebangfay, Khammouane ມັດທະຍົມສົມບູນ ເຊບັ້ງໄຟ","Xebangfay Secondary School - Xebangfay, Khammouane ມັດທະຍົມສົມບູນ ເຊບັ້ງໄຟ",17.086149,104.981631,2025-06-17T07:01:23.833060612Z,1.0,64.0,2.0,70.0,97.0,Asia/Vientiane,https://maps.gstatic.com/weather/v1/cloudy,Cloudy,en,CLOUDY,31.9,CELSIUS,38.3,CELSIUS,24.4,CELSIUS,38.3,CELSIUS,31.9,CELSIUS,25.0,RAIN,0.0,MILLIMETERS,0.2997,MILLIMETERS,1006.47,210.0,SOUTH_SOUTHWEST,11.0,KILOMETERS_PER_HOUR,26.0,KILOMETERS_PER_HOUR,16.0,KILOMETERS,1.0,CELSIUS,32.3,CELSIUS,24.6,CELSIUS,0.0,MILLIMETERS,6.025,MILLIMETERS,,,,2025-06-17 14:00:03.881000+07:00,1400
1143,90501,"Sivilay Secondary School - Xaybouathong, Khammouane ມັດທະຍົມສົມບູນ ສີວິໄລ","Sivilay Secondary School - Xaybouathong, Khammouane ມັດທະຍົມສົມບູນ ສີວິໄລ",17.171532,105.4273,2025-06-17T07:01:25.106212451Z,1.0,59.0,2.0,70.0,99.0,Asia/Vientiane,https://maps.gstatic.com/weather/v1/drizzle,Light rain,en,LIGHT_RAIN,31.8,CELSIUS,36.6,CELSIUS,22.9,CELSIUS,36.6,CELSIUS,31.8,CELSIUS,25.0,RAIN,0.0,MILLIMETERS,0.39880000000000004,MILLIMETERS,1006.93,220.0,SOUTHWEST,13.0,KILOMETERS_PER_HOUR,26.0,KILOMETERS_PER_HOUR,16.0,KILOMETERS,1.6,CELSIUS,31.8,CELSIUS,24.3,CELSIUS,0.0,MILLIMETERS,3.6856,MILLIMETERS,,,,2025-06-17 14:00:03.881000+07:00,1400
1144,90503,Kaysone Phomvihane - Sav,Kaysone Phomvihane - Sav,16.5702,104.75036,2025-06-17T07:01:26.383099234Z,1.0,65.0,2.0,0.0,100.0,Asia/Vientiane,https://maps.gstatic.com/weather/v1/cloudy,Cloudy,en,CLOUDY,33.2,CELSIUS,41.6,CELSIUS,25.3,CELSIUS,41.6,CELSIUS,33.2,CELSIUS,10.0,RAIN,0.0,MILLIMETERS,0.1067,MILLIMETERS,1005.98,225.0,SOUTHWEST,13.0,KILOMETERS_PER_HOUR,21.0,KILOMETERS_PER_HOUR,16.0,KILOMETERS,0.7000000000000001,CELSIUS,32.9,CELSIUS,26.5,CELSIUS,0.0,MILLIMETERS,0.3275,MILLIMETERS,,,,2025-06-17 14:00:03.881000+07:00,1400
1145,90504,"Lianxay Secondary School - Artsaphangthong, Savannakhet ມັດທະຍົມ ຫລຽນໄຊ","Lianxay Secondary School - Artsaphangthong, Savannakhet ມັດທະຍົມ ຫລຽນໄຊ",16.692124,105.409764,,,,,,,,,,,,,,,,,,,,,,,,,,,,,,,,,,,,,,,,,,,,,,,404.0,Information is not supported for this location. Please try a different location.,NOT_FOUND,2025-06-17 14:00:03.881000+07:00,1400
1146,90505,Sepone - Savannakhet,Sepone - Savannakhet,16.696651,106.209138,2025-06-17T07:01:28.913867801Z,1.0,64.0,2.0,70.0,100.0,Asia/Vientiane,https://maps.gstatic.com/weather/v1/cloudy,Cloudy,en,CLOUDY,28.8,CELSIUS,33.4,CELSIUS,20.9,CELSIUS,33.4,CELSIUS,28.8,CELSIUS,25.0,RAIN,0.0,MILLIMETERS,0.22610000000000002,MILLIMETERS,1007.98,248.0,WEST_SOUTHWEST,13.0,KILOMETERS_PER_HOUR,26.0,KILOMETERS_PER_HOUR,16.0,KILOMETERS,-0.2,CELSIUS,29.0,CELSIUS,22.2,CELSIUS,0.0,MILLIMETERS,1.806,MILLIMETERS,,,,2025-06-17 14:00:03.881000+07:00,1400
1147,90506,Nong - Savannakhet,Nong - Savannakhet,16.373875,106.495685,2025-06-17T07:01:30.217294220Z,1.0,69.0,2.0,70.0,100.0,Asia/Vientiane,https://maps.gstatic.com/weather/v1/cloudy,Cloudy,en,CLOUDY,29.2,CELSIUS,34.8,CELSIUS,23.1,CELSIUS,34.8,CELSIUS,29.2,CELSIUS,25.0,RAIN,0.0,MILLIMETERS,0.1245,MILLIMETERS,1008.11,225.0,SOUTHWEST,10.0,KILOMETERS_PER_HOUR,18.0,KILOMETERS_PER_HOUR,16.0,KILOMETERS,-0.9,CELSIUS,30.1,CELSIUS,23.5,CELSIUS,0.0,MILLIMETERS,1.3592,MILLIMETERS,,,,2025-06-17 14:00:03.881000+07:00,1400
1148,90508,Champhone - SAVA,Champhone - SAVA,16.489147,105.031659,2025-06-17T07:01:31.510672578Z,1.0,65.0,2.0,70.0,100.0,Asia/Vientiane,https://maps.gstatic.com/weather/v1/cloudy,Cloudy,en,CLOUDY,32.6,CELSIUS,40.1,CELSIUS,25.4,CELSIUS,40.1,CELSIUS,32.6,CELSIUS,25.0,RAIN,0.0,MILLIMETERS,0.09910000000000001,MILLIMETERS,1006.0,225.0,SOUTHWEST,13.0,KILOMETERS_PER_HOUR,24.0,KILOMETERS_PER_HOUR,16.0,KILOMETERS,-0.1,CELSIUS,32.7,CELSIUS,26.2,CELSIUS,0.0,MILLIMETERS,0.4041,MILLIMETERS,,,,2025-06-17 14:00:03.881000+07:00,1400
1149,90509,Xaybuly - Savannakhet,Xaybuly - Savannakhet,17.075181,104.87732,2025-06-17T07:01:32.768230697Z,1.0,64.0,2.0,70.0,97.0,Asia/Vientiane,https://maps.gstatic.com/weather/v1/cloudy,Cloudy,en,CLOUDY,31.9,CELSIUS,38.3,CELSIUS,24.4,CELSIUS,38.3,CELSIUS,31.9,CELSIUS,25.0,RAIN,0.0,MILLIMETERS,0.2997,MILLIMETERS,1006.47,210.0,SOUTH_SOUTHWEST,11.0,KILOMETERS_PER_HOUR,26.0,KILOMETERS_PER_HOUR,16.0,KILOMETERS,1.0,CELSIUS,32.3,CELSIUS,24.6,CELSIUS,0.0,MILLIMETERS,6.025,MILLIMETERS,,,,2025-06-17 14:00:03.881000+07:00,1400
1150,90510,"Artsaphone Secondary School - Artsaphone, Savannakhet ມັດທະຍົມສົມບູນ ອາດສະພອນ","Artsaphone Secondary School - Artsaphone, Savannakhet ມັດທະຍົມສົມບູນ ອາດສະພອນ",16.844674,105.33638,2025-06-17T07:01:34.067965165Z,1.0,64.0,2.0,70.0,97.0,Asia/Vientiane,https://maps.gstatic.com/weather/v1/cloudy,Cloudy,en,CLOUDY,31.9,CELSIUS,38.3,CELSIUS,24.4,CELSIUS,38.3,CELSIUS,31.9,CELSIUS,25.0,RAIN,0.0,MILLIMETERS,0.2997,MILLIMETERS,1006.47,210.0,SOUTH_SOUTHWEST,11.0,KILOMETERS_PER_HOUR,26.0,KILOMETERS_PER_HOUR,16.0,KILOMETERS,1.0,CELSIUS,32.3,CELSIUS,24.6,CELSIUS,0.0,MILLIMETERS,6.025,MILLIMETERS,,,,2025-06-17 14:00:03.881000+07:00,1400
1151,90512,"Phin Secondary School - Phin, Savannakhet ມັດທະຍົມ ພີນ","Phin Secondary School - Phin, Savannakhet ມັດທະຍົມ ພີນ",16.527879,106.021922,2025-06-17T07:01:35.357426946Z,1.0,69.0,2.0,70.0,100.0,Asia/Vientiane,https://maps.gstatic.com/weather/v1/cloudy,Cloudy,en,CLOUDY,28.6,CELSIUS,34.1,CELSIUS,22.5,CELSIUS,34.1,CELSIUS,28.6,CELSIUS,25.0,RAIN,0.0,MILLIMETERS,0.1245,MILLIMETERS,1008.11,225.0,SOUTHWEST,10.0,KILOMETERS_PER_HOUR,18.0,KILOMETERS_PER_HOUR,16.0,KILOMETERS,-0.8,CELSIUS,29.4,CELSIUS,22.8,CELSIUS,0.0,MILLIMETERS,1.3592,MILLIMETERS,,,,2025-06-17 14:00:03.881000+07:00,1400
1152,90513,Songkhone - Savannakhet,Songkhone - Savannakhet,16.237196,105.1965,2025-06-17T07:01:36.612438340Z,1.0,65.0,2.0,70.0,100.0,Asia/Vientiane,https://maps.gstatic.com/weather/v1/strong_tstorms,Light thunderstorms and rain,en,LIGHT_THUNDERSTORM_RAIN,32.7,CELSIUS,40.5,CELSIUS,25.7,CELSIUS,40.5,CELSIUS,32.7,CELSIUS,35.0,RAIN,0.0,MILLIMETERS,0.1143,MILLIMETERS,1006.75,203.0,SOUTH_SOUTHWEST,13.0,KILOMETERS_PER_HOUR,24.0,KILOMETERS_PER_HOUR,16.0,KILOMETERS,0.30000000000000004,CELSIUS,32.6,CELSIUS,26.4,CELSIUS,0.0,MILLIMETERS,0.3427,MILLIMETERS,,,,2025-06-17 14:00:03.881000+07:00,1400
1153,90514,"Beungxang Secondary School - Xonbuly, Savannakhet ມັດທະຍົມ ບຶງຊ້າງ","Beungxang Secondary School - Xonbuly, Savannakhet ມັດທະຍົມ ບຶງຊ້າງ",16.388527,105.375363,2025-06-17T07:01:37.898357884Z,1.0,70.0,2.0,70.0,100.0,Asia/Vientiane,https://maps.gstatic.com/weather/v1/cloudy,Cloudy,en,CLOUDY,32.1,CELSIUS,40.3,CELSIUS,25.8,CELSIUS,40.3,CELSIUS,32.1,CELSIUS,20.0,RAIN,0.0,MILLIMETERS,0.10160000000000001,MILLIMETERS,1006.97,225.0,SOUTHWEST,13.0,KILOMETERS_PER_HOUR,22.0,KILOMETERS_PER_HOUR,16.0,KILOMETERS,-0.6000000000000001,CELSIUS,32.7,CELSIUS,26.3,CELSIUS,0.0,MILLIMETERS,0.8104,MILLIMETERS,,,,2025-06-17 14:00:03.881000+07:00,1400
1154,90515,Vilabuly - Savannakhet,Vilabuly - Savannakhet,16.971649,105.944661,2025-06-17T07:01:39.165819197Z,1.0,59.0,2.0,70.0,99.0,Asia/Vientiane,https://maps.gstatic.com/weather/v1/drizzle,Light rain,en,LIGHT_RAIN,31.8,CELSIUS,36.6,CELSIUS,22.9,CELSIUS,36.6,CELSIUS,31.8,CELSIUS,25.0,RAIN,0.0,MILLIMETERS,0.39880000000000004,MILLIMETERS,1006.92,220.0,SOUTHWEST,13.0,KILOMETERS_PER_HOUR,26.0,KILOMETERS_PER_HOUR,16.0,KILOMETERS,1.6,CELSIUS,31.8,CELSIUS,24.3,CELSIUS,0.0,MILLIMETERS,3.6856,MILLIMETERS,,,,2025-06-17 14:00:03.881000+07:00,1400
1155,90516,"Phoummachedy Secondary School - Xayphouthong, Savannakhet ມັດທະຍົມ ພູມມະເຈດີ","Phoummachedy Secondary School - Xayphouthong, Savannakhet ມັດທະຍົມ ພູມມະເຈດີ",16.367044,105.005653,2025-06-17T07:01:40.432540675Z,1.0,65.0,2.0,70.0,100.0,Asia/Vientiane,https://maps.gstatic.com/weather/v1/strong_tstorms,Light thunderstorms and rain,en,LIGHT_THUNDERSTORM_RAIN,32.7,CELSIUS,40.5,CELSIUS,25.7,CELSIUS,40.5,CELSIUS,32.7,CELSIUS,35.0,RAIN,0.0,MILLIMETERS,0.1143,MILLIMETERS,1006.75,203.0,SOUTH_SOUTHWEST,13.0,KILOMETERS_PER_HOUR,24.0,KILOMETERS_PER_HOUR,16.0,KILOMETERS,0.30000000000000004,CELSIUS,32.6,CELSIUS,26.4,CELSIUS,0.0,MILLIMETERS,0.3427,MILLIMETERS,,,,2025-06-17 14:00:03.881000+07:00,1400
1156,90517,Phalanxay - Savannakhet,Phalanxay - Savannakhet,16.661353,105.58791,2025-06-17T07:01:41.693600193Z,1.0,59.0,2.0,70.0,99.0,Asia/Vientiane,https://maps.gstatic.com/weather/v1/drizzle,Light rain,en,LIGHT_RAIN,31.8,CELSIUS,36.6,CELSIUS,22.9,CELSIUS,36.6,CELSIUS,31.8,CELSIUS,25.0,RAIN,0.0,MILLIMETERS,0.39880000000000004,MILLIMETERS,1006.92,220.0,SOUTHWEST,13.0,KILOMETERS_PER_HOUR,26.0,KILOMETERS_PER_HOUR,16.0,KILOMETERS,1.6,CELSIUS,31.8,CELSIUS,24.3,CELSIUS,0.0,MILLIMETERS,3.6856,MILLIMETERS,,,,2025-06-17 14:00:03.881000+07:00,1400
1157,90518,"Saravane Secondary School -Saravane, Saravane ມັດທະຍົມສົມບູນ ສາລະວັນ","Saravane Secondary School -Saravane, Saravane ມັດທະຍົມສົມບູນ ສາລະວັນ",15.707906,106.422189,2025-06-17T07:01:42.967616440Z,1.0,75.0,2.0,68.0,100.0,Asia/Vientiane,https://maps.gstatic.com/weather/v1/cloudy,Cloudy,en,CLOUDY,30.6,CELSIUS,37.5,CELSIUS,25.3,CELSIUS,37.5,CELSIUS,30.6,CELSIUS,20.0,RAIN,0.0,MILLIMETERS,0.4572,MILLIMETERS,1007.72,248.0,WEST_SOUTHWEST,6.0,KILOMETERS_PER_HOUR,14.0,KILOMETERS_PER_HOUR,16.0,KILOMETERS,-1.1,CELSIUS,31.7,CELSIUS,24.3,CELSIUS,0.0,MILLIMETERS,2.5884,MILLIMETERS,,,,2025-06-17 14:00:03.881000+07:00,1400
1158,90520,"Toomlarn Secondary School - Toomlarn, Saravane ມັດທະຍົມສົມບູນ ຕຸ້ມລານ","Toomlarn Secondary School - Toomlarn, Saravane ມັດທະຍົມສົມບູນ ຕຸ້ມລານ",15.994499,106.192399,2025-06-17T07:01:44.221170753Z,1.0,69.0,2.0,70.0,100.0,Asia/Vientiane,https://maps.gstatic.com/weather/v1/cloudy,Cloudy,en,CLOUDY,28.6,CELSIUS,34.1,CELSIUS,22.5,CELSIUS,34.1,CELSIUS,28.6,CELSIUS,25.0,RAIN,0.0,MILLIMETERS,0.1245,MILLIMETERS,1008.11,225.0,SOUTHWEST,10.0,KILOMETERS_PER_HOUR,18.0,KILOMETERS_PER_HOUR,16.0,KILOMETERS,-0.8,CELSIUS,29.4,CELSIUS,22.8,CELSIUS,0.0,MILLIMETERS,1.3592,MILLIMETERS,,,,2025-06-17 14:00:03.881000+07:00,1400
1159,90521,"Lakhonesy Secondary School - Lakhonepheng, Saravane ມັດທະຍົມສົມບູນ ລະຄອນສີ","Lakhonesy Secondary School - Lakhonepheng, Saravane ມັດທະຍົມສົມບູນ ລະຄອນສີ",15.891245,105.567119,2025-06-17T07:01:45.482328362Z,1.0,75.0,2.0,70.0,100.0,Asia/Vientiane,https://maps.gstatic.com/weather/v1/cloudy,Cloudy,en,CLOUDY,31.6,CELSIUS,40.2,CELSIUS,26.1,CELSIUS,40.2,CELSIUS,31.6,CELSIUS,20.0,RAIN,0.0,MILLIMETERS,0.09910000000000001,MILLIMETERS,1006.97,225.0,SOUTHWEST,8.0,KILOMETERS_PER_HOUR,14.0,KILOMETERS_PER_HOUR,16.0,KILOMETERS,-0.5,CELSIUS,32.1,CELSIUS,25.8,CELSIUS,0.0,MILLIMETERS,1.397,MILLIMETERS,,,,2025-06-17 14:00:03.881000+07:00,1400
1160,90522,Lao Ngarm - Salavan,Lao Ngarm - Salavan,15.461092,106.16172,2025-06-17T07:01:46.775554862Z,1.0,73.0,2.0,70.0,100.0,Asia/Vientiane,https://maps.gstatic.com/weather/v1/drizzle,Light rain,en,LIGHT_RAIN,32.2,CELSIUS,39.3,CELSIUS,26.9,CELSIUS,39.3,CELSIUS,32.2,CELSIUS,25.0,RAIN,0.0,MILLIMETERS,0.20320000000000002,MILLIMETERS,1007.32,248.0,WEST_SOUTHWEST,10.0,KILOMETERS_PER_HOUR,18.0,KILOMETERS_PER_HOUR,16.0,KILOMETERS,-0.9,CELSIUS,33.1,CELSIUS,26.0,CELSIUS,0.0,MILLIMETERS,2.4918,MILLIMETERS,,,,2025-06-17 14:00:03.881000+07:00,1400
1161,90524,Khongxedone - Salavan,Khongxedone - Salavan,15.59088,105.804115,2025-06-17T07:01:48.050738469Z,1.0,75.0,2.0,70.0,100.0,Asia/Vientiane,https://maps.gstatic.com/weather/v1/cloudy,Cloudy,en,CLOUDY,31.6,CELSIUS,40.2,CELSIUS,26.1,CELSIUS,40.2,CELSIUS,31.6,CELSIUS,20.0,RAIN,0.0,MILLIMETERS,0.09910000000000001,MILLIMETERS,1006.97,225.0,SOUTHWEST,8.0,KILOMETERS_PER_HOUR,14.0,KILOMETERS_PER_HOUR,16.0,KILOMETERS,-0.5,CELSIUS,32.1,CELSIUS,25.8,CELSIUS,0.0,MILLIMETERS,1.397,MILLIMETERS,,,,2025-06-17 14:00:03.881000+07:00,1400
1162,90526,Lamarm - Sekong ,Lamarm - Sekong ,15.352494,106.722444,2025-06-17T07:01:49.340854382Z,1.0,72.0,2.0,70.0,100.0,Asia/Vientiane,https://maps.gstatic.com/weather/v1/strong_tstorms,Light thunderstorms and rain,en,LIGHT_THUNDERSTORM_RAIN,31.0,CELSIUS,37.9,CELSIUS,25.2,CELSIUS,37.9,CELSIUS,31.0,CELSIUS,40.0,RAIN,0.0,MILLIMETERS,0.2388,MILLIMETERS,1007.58,0.0,NORTH,3.0,KILOMETERS_PER_HOUR,6.0,KILOMETERS_PER_HOUR,16.0,KILOMETERS,-0.2,CELSIUS,31.2,CELSIUS,24.3,CELSIUS,0.0,MILLIMETERS,2.2682,MILLIMETERS,,,,2025-06-17 14:00:03.881000+07:00,1400
1163,90527,"Kaleum Secondary School - Kaleum, Sekong ມັດທະຍົມ ກະລຶມ","Kaleum Secondary School - Kaleum, Sekong ມັດທະຍົມ ກະລຶມ",15.784384,106.906754,2025-06-17T07:01:50.637608821Z,1.0,77.0,2.0,70.0,100.0,Asia/Vientiane,https://maps.gstatic.com/weather/v1/strong_tstorms,Light thunderstorms and rain,en,LIGHT_THUNDERSTORM_RAIN,27.2,CELSIUS,30.3,CELSIUS,22.6,CELSIUS,30.3,CELSIUS,27.2,CELSIUS,40.0,RAIN,0.0,MILLIMETERS,0.46990000000000004,MILLIMETERS,1010.06,248.0,WEST_SOUTHWEST,6.0,KILOMETERS_PER_HOUR,13.0,KILOMETERS_PER_HOUR,16.0,KILOMETERS,-0.5,CELSIUS,27.7,CELSIUS,21.2,CELSIUS,0.0,MILLIMETERS,3.4619,MILLIMETERS,,,,2025-06-17 14:00:03.881000+07:00,1400
1164,90528,"Dakcheung Secondary School - Dakcheung, Sekongມັດທະຍົມສົມບູນ ດາກຈຶງ","Dakcheung Secondary School - Dakcheung, Sekongມັດທະຍົມສົມບູນ ດາກຈຶງ",15.467532,107.271451,,,,,,,,,,,,,,,,,,,,,,,,,,,,,,,,,,,,,,,,,,,,,,,404.0,Information is not supported for this location. Please try a different location.,NOT_FOUND,2025-06-17 14:00:03.881000+07:00,1400
1165,90529,Thateng -Sekong,Thateng -Sekong,15.434018,106.382399,2025-06-17T07:01:53.146332686Z,1.0,75.0,2.0,68.0,100.0,Asia/Vientiane,https://maps.gstatic.com/weather/v1/cloudy,Cloudy,en,CLOUDY,34.5,CELSIUS,41.4,CELSIUS,29.2,CELSIUS,41.4,CELSIUS,34.5,CELSIUS,20.0,RAIN,0.0,MILLIMETERS,0.4572,MILLIMETERS,1007.72,248.0,WEST_SOUTHWEST,6.0,KILOMETERS_PER_HOUR,14.0,KILOMETERS_PER_HOUR,16.0,KILOMETERS,-1.1,CELSIUS,35.6,CELSIUS,28.2,CELSIUS,0.0,MILLIMETERS,2.5884,MILLIMETERS,,,,2025-06-17 14:00:03.881000+07:00,1400
1166,90530,Pakse - Champasack,Pakse - Champasack,15.12006,105.80211,2025-06-17T07:01:54.420905541Z,1.0,71.0,2.0,0.0,100.0,Asia/Vientiane,https://maps.gstatic.com/weather/v1/cloudy,Cloudy,en,CLOUDY,31.9,CELSIUS,40.1,CELSIUS,26.2,CELSIUS,40.1,CELSIUS,31.9,CELSIUS,10.0,RAIN,0.0,MILLIMETERS,0.09910000000000001,MILLIMETERS,1007.27,203.0,SOUTH_SOUTHWEST,5.0,KILOMETERS_PER_HOUR,11.0,KILOMETERS_PER_HOUR,16.0,KILOMETERS,-1.0,CELSIUS,32.9,CELSIUS,25.6,CELSIUS,0.0,MILLIMETERS,2.0195,MILLIMETERS,,,,2025-06-17 14:00:03.881000+07:00,1400
1172,91254,"Chomphet Secondary School - Sisattanak, Vientiane Capital ມັດທະຍົມສົມບູນ ຈອມເພັດ","Chomphet Secondary School - Sisattanak, Vientiane Capital ມັດທະຍົມສົມບູນ ຈອມເພັດ",17.910254,102.622708,2025-06-17T07:01:55.706885552Z,1.0,70.0,2.0,70.0,95.0,Asia/Vientiane,https://maps.gstatic.com/weather/v1/cloudy,Cloudy,en,CLOUDY,32.7,CELSIUS,42.3,CELSIUS,26.6,CELSIUS,42.3,CELSIUS,32.7,CELSIUS,20.0,RAIN,0.0,MILLIMETERS,0.0,MILLIMETERS,1005.67,200.0,SOUTH_SOUTHWEST,6.0,KILOMETERS_PER_HOUR,10.0,KILOMETERS_PER_HOUR,16.0,KILOMETERS,1.9000000000000001,CELSIUS,33.0,CELSIUS,25.8,CELSIUS,0.0,MILLIMETERS,3.795,MILLIMETERS,,,,2025-06-17 14:00:03.881000+07:00,1400
1226,152182,"ParkOu Secondary School - ParkOu, Luangprabang ມັດທະຍົມສົມບູນ ປາກອູ","ParkOu Secondary School - ParkOu, Luangprabang ມັດທະຍົມສົມບູນ ປາກອູ",20.087592,102.256569,2025-06-17T07:01:56.979086062Z,1.0,67.0,2.0,70.0,95.0,Asia/Vientiane,https://maps.gstatic.com/weather/v1/drizzle,Light rain,en,LIGHT_RAIN,30.9,CELSIUS,36.2,CELSIUS,23.9,CELSIUS,36.2,CELSIUS,30.9,CELSIUS,26.0,RAIN,0.0,MILLIMETERS,0.09910000000000001,MILLIMETERS,1005.3,245.0,WEST_SOUTHWEST,13.0,KILOMETERS_PER_HOUR,28.0,KILOMETERS_PER_HOUR,16.0,KILOMETERS,5.2,CELSIUS,31.8,CELSIUS,24.1,CELSIUS,0.0,MILLIMETERS,11.8621,MILLIMETERS,,,,2025-06-17 14:00:03.881000+07:00,1400
1227,152240,"Phoukhoune Secondary School - Phoukhoune, Luangprabang ມັດທະຍົມ ພູຄູນ","Phoukhoune Secondary School - Phoukhoune, Luangprabang ມັດທະຍົມ ພູຄູນ",19.438824,102.428042,2025-06-17T07:01:58.255524880Z,1.0,92.0,2.0,70.0,98.0,Asia/Vientiane,https://maps.gstatic.com/weather/v1/strong_tstorms,Light thunderstorms and rain,en,LIGHT_THUNDERSTORM_RAIN,25.6,CELSIUS,28.2,CELSIUS,24.2,CELSIUS,28.2,CELSIUS,25.6,CELSIUS,35.0,RAIN,0.0,MILLIMETERS,1.7958,MILLIMETERS,1007.77,200.0,SOUTH_SOUTHWEST,10.0,KILOMETERS_PER_HOUR,23.0,KILOMETERS_PER_HOUR,15.0,KILOMETERS,2.4,CELSIUS,27.5,CELSIUS,20.6,CELSIUS,0.0,MILLIMETERS,9.7108,MILLIMETERS,,,,2025-06-17 14:00:03.881000+07:00,1400
1232,152548,"Longsane Secondary School - Longsane , Xaysomboun ມັດທະຍົມສົມບຸນ ລ້ອງຊານ","Longsane Secondary School - Longsane , Xaysomboun ມັດທະຍົມສົມບຸນ ລ້ອງຊານ",18.550145,103.003076,2025-06-17T07:01:59.549515602Z,1.0,76.0,2.0,60.0,95.0,Asia/Vientiane,https://maps.gstatic.com/weather/v1/cloudy,Cloudy,en,CLOUDY,25.1,CELSIUS,30.8,CELSIUS,20.2,CELSIUS,30.8,CELSIUS,25.1,CELSIUS,20.0,RAIN,0.0,MILLIMETERS,0.0,MILLIMETERS,1006.78,235.0,SOUTHWEST,8.0,KILOMETERS_PER_HOUR,21.0,KILOMETERS_PER_HOUR,16.0,KILOMETERS,2.9,CELSIUS,26.3,CELSIUS,19.0,CELSIUS,0.0,MILLIMETERS,4.392,MILLIMETERS,,,,2025-06-17 14:00:03.881000+07:00,1400
1248,153774,Bachiangchaleunsook - Champasack,Bachiangchaleunsook - Champasack,15.060355,105.897898,2025-06-17T07:02:00.835675704Z,1.0,71.0,2.0,0.0,100.0,Asia/Vientiane,https://maps.gstatic.com/weather/v1/cloudy,Cloudy,en,CLOUDY,31.9,CELSIUS,40.1,CELSIUS,26.2,CELSIUS,40.1,CELSIUS,31.9,CELSIUS,10.0,RAIN,0.0,MILLIMETERS,0.09910000000000001,MILLIMETERS,1007.27,203.0,SOUTH_SOUTHWEST,5.0,KILOMETERS_PER_HOUR,11.0,KILOMETERS_PER_HOUR,16.0,KILOMETERS,-1.0,CELSIUS,32.9,CELSIUS,25.6,CELSIUS,0.0,MILLIMETERS,2.0195,MILLIMETERS,,,,2025-06-17 14:00:03.881000+07:00,1400
1249,153777,"Dorntalath Secondary School - Champasack, Champasack ມັດທະຍົມ ດອນຕະລາດ","Dorntalath Secondary School - Champasack, Champasack ມັດທະຍົມ ດອນຕະລາດ",14.784126,105.819789,2025-06-17T07:02:02.132512084Z,1.0,70.0,2.0,0.0,100.0,Asia/Vientiane,https://maps.gstatic.com/weather/v1/cloudy,Cloudy,en,CLOUDY,31.8,CELSIUS,39.4,CELSIUS,25.8,CELSIUS,39.4,CELSIUS,31.8,CELSIUS,10.0,RAIN,0.0,MILLIMETERS,0.09910000000000001,MILLIMETERS,1007.97,203.0,SOUTH_SOUTHWEST,5.0,KILOMETERS_PER_HOUR,8.0,KILOMETERS_PER_HOUR,16.0,KILOMETERS,-1.0,CELSIUS,32.8,CELSIUS,25.2,CELSIUS,0.0,MILLIMETERS,4.562,MILLIMETERS,,,,2025-06-17 14:00:03.881000+07:00,1400
1250,153790,Khong - Champasack,Khong - Champasack,14.048226,105.896012,2025-06-17T07:02:03.407651195Z,1.0,70.0,2.0,68.0,100.0,Asia/Vientiane,https://maps.gstatic.com/weather/v1/cloudy,Cloudy,en,CLOUDY,32.7,CELSIUS,41.9,CELSIUS,25.9,CELSIUS,41.9,CELSIUS,32.7,CELSIUS,20.0,RAIN,0.0,MILLIMETERS,0.1194,MILLIMETERS,1007.97,248.0,WEST_SOUTHWEST,6.0,KILOMETERS_PER_HOUR,11.0,KILOMETERS_PER_HOUR,16.0,KILOMETERS,-0.9,CELSIUS,33.8,CELSIUS,25.6,CELSIUS,0.0,MILLIMETERS,9.2763,MILLIMETERS,,,,2025-06-17 14:00:03.881000+07:00,1400
1251,153866,Samakkhixay - Attapeu,Samakkhixay - Attapeu,14.812678,106.829211,2025-06-17T07:02:04.674800838Z,1.0,66.0,2.0,0.0,100.0,Asia/Vientiane,https://maps.gstatic.com/weather/v1/cloudy,Cloudy,en,CLOUDY,32.4,CELSIUS,39.8,CELSIUS,25.3,CELSIUS,39.8,CELSIUS,32.4,CELSIUS,10.0,RAIN,0.0,MILLIMETERS,0.1194,MILLIMETERS,1007.26,225.0,SOUTHWEST,8.0,KILOMETERS_PER_HOUR,14.0,KILOMETERS_PER_HOUR,16.0,KILOMETERS,0.1,CELSIUS,32.3,CELSIUS,24.4,CELSIUS,0.0,MILLIMETERS,8.4885,MILLIMETERS,,,,2025-06-17 14:00:03.881000+07:00,1400
1301,156307,UNICEF Lao PDR CO,UNICEF Lao PDR CO,17.9376508179,102.617231896,2025-06-17T07:02:05.934780605Z,1.0,70.0,2.0,70.0,95.0,Asia/Vientiane,https://maps.gstatic.com/weather/v1/cloudy,Cloudy,en,CLOUDY,32.7,CELSIUS,42.3,CELSIUS,26.6,CELSIUS,42.3,CELSIUS,32.7,CELSIUS,20.0,RAIN,0.0,MILLIMETERS,0.0,MILLIMETERS,1005.66,200.0,SOUTH_SOUTHWEST,6.0,KILOMETERS_PER_HOUR,10.0,KILOMETERS_PER_HOUR,16.0,KILOMETERS,1.9000000000000001,CELSIUS,33.0,CELSIUS,25.8,CELSIUS,0.0,MILLIMETERS,3.795,MILLIMETERS,,,,2025-06-17 14:00:03.881000+07:00,1400
1083,90402,"Sathit Secondary School - Xaythani, Vientiane Capital ມັດທະຍົມ ສາທິດ","Sathit Secondary School - Xaythani, Vientiane Capital ມັດທະຍົມ ສາທິດ",18.035248,102.63994,2025-06-17T08:00:12.406648198Z,1.0,67.0,1.0,70.0,95.0,Asia/Vientiane,https://maps.gstatic.com/weather/v1/cloudy,Cloudy,en,CLOUDY,33.1,CELSIUS,42.2,CELSIUS,26.1,CELSIUS,42.2,CELSIUS,33.1,CELSIUS,20.0,RAIN,0.0,MILLIMETERS,0.033,MILLIMETERS,1004.67,215.0,SOUTHWEST,10.0,KILOMETERS_PER_HOUR,16.0,KILOMETERS_PER_HOUR,16.0,KILOMETERS,1.4,CELSIUS,33.0,CELSIUS,25.8,CELSIUS,0.0,MILLIMETERS,3.7289,MILLIMETERS,,,,2025-06-17 15:00:08.255000+07:00,1500
1084,90410,"Naxaithong Secondary School - Naxaithong, Vientiane Capital ມັດທະຍົມ ນາຊາຍທອງ","Naxaithong Secondary School - Naxaithong, Vientiane Capital ມັດທະຍົມ ນາຊາຍທອງ",18.068595,102.535866,2025-06-17T08:00:13.676149288Z,1.0,70.0,1.0,60.0,95.0,Asia/Vientiane,https://maps.gstatic.com/weather/v1/drizzle,Light rain,en,LIGHT_RAIN,32.5,CELSIUS,41.5,CELSIUS,26.4,CELSIUS,41.5,CELSIUS,32.5,CELSIUS,25.0,RAIN,0.0,MILLIMETERS,0.13720000000000002,MILLIMETERS,1004.82,235.0,SOUTHWEST,10.0,KILOMETERS_PER_HOUR,21.0,KILOMETERS_PER_HOUR,16.0,KILOMETERS,0.6000000000000001,CELSIUS,33.0,CELSIUS,25.9,CELSIUS,0.0,MILLIMETERS,3.574,MILLIMETERS,,,,2025-06-17 15:00:08.255000+07:00,1500
1085,90411,d83bda1bc98c Phongsaly - Phongsaly,d83bda1bc98c Phongsaly - Phongsaly,21.695,102.085,2025-06-17T08:00:14.936740681Z,1.0,100.0,1.0,60.0,100.0,Asia/Vientiane,https://maps.gstatic.com/weather/v1/strong_tstorms,Light thunderstorms and rain,en,LIGHT_THUNDERSTORM_RAIN,24.6,CELSIUS,27.8,CELSIUS,24.6,CELSIUS,27.8,CELSIUS,24.6,CELSIUS,45.0,RAIN,0.0,MILLIMETERS,0.8077000000000001,MILLIMETERS,1005.14,205.0,SOUTH_SOUTHWEST,3.0,KILOMETERS_PER_HOUR,8.0,KILOMETERS_PER_HOUR,5.0,KILOMETERS,1.4,CELSIUS,26.6,CELSIUS,20.3,CELSIUS,0.0,MILLIMETERS,17.6453,MILLIMETERS,,,,2025-06-17 15:00:08.255000+07:00,1500
1086,90412,May - Phongsaly,May - Phongsaly,21.172583,102.722705,2025-06-17T08:00:16.232348644Z,1.0,74.0,1.0,50.0,100.0,Asia/Vientiane,https://maps.gstatic.com/weather/v1/cloudy,Cloudy,en,CLOUDY,26.7,CELSIUS,30.2,CELSIUS,21.6,CELSIUS,30.2,CELSIUS,26.7,CELSIUS,20.0,RAIN,0.0,MILLIMETERS,0.20070000000000002,MILLIMETERS,1005.65,245.0,WEST_SOUTHWEST,13.0,KILOMETERS_PER_HOUR,32.0,KILOMETERS_PER_HOUR,16.0,KILOMETERS,7.2,CELSIUS,26.2,CELSIUS,19.5,CELSIUS,0.0,MILLIMETERS,15.5168,MILLIMETERS,,,,2025-06-17 15:00:08.255000+07:00,1500
1087,90413,"Natoon Secondary School - Khua, Phongsaly ມັດທະຍົມສົມບູນ ນາຕູ່ນ","Natoon Secondary School - Khua, Phongsaly ມັດທະຍົມສົມບູນ ນາຕູ່ນ",21.078865,102.505833,2025-06-17T08:00:17.528892966Z,1.0,75.0,1.0,50.0,100.0,Asia/Vientiane,https://maps.gstatic.com/weather/v1/drizzle,Light rain,en,LIGHT_RAIN,25.3,CELSIUS,28.1,CELSIUS,20.3,CELSIUS,28.1,CELSIUS,25.3,CELSIUS,25.0,RAIN,0.0,MILLIMETERS,0.9804,MILLIMETERS,1005.08,205.0,SOUTH_SOUTHWEST,8.0,KILOMETERS_PER_HOUR,23.0,KILOMETERS_PER_HOUR,16.0,KILOMETERS,4.1,CELSIUS,25.4,CELSIUS,19.8,CELSIUS,0.0,MILLIMETERS,8.1281,MILLIMETERS,,,,2025-06-17 15:00:08.255000+07:00,1500
1088,90414,"Naxay Secondary School - Samphanh, Phongsaly ມັດທະຍົມສົມບູນ ນາໄຊ","Naxay Secondary School - Samphanh, Phongsaly ມັດທະຍົມສົມບູນ ນາໄຊ",21.346014,102.349329,2025-06-17T08:00:18.819084679Z,1.0,93.0,1.0,50.0,100.0,Asia/Vientiane,https://maps.gstatic.com/weather/v1/drizzle,Light rain,en,LIGHT_RAIN,15.1,CELSIUS,17.5,CELSIUS,14.0,CELSIUS,17.5,CELSIUS,15.1,CELSIUS,25.0,RAIN,0.0,MILLIMETERS,1.209,MILLIMETERS,1005.59,215.0,SOUTHWEST,6.0,KILOMETERS_PER_HOUR,16.0,KILOMETERS_PER_HOUR,11.0,KILOMETERS,3.4,CELSIUS,16.0,CELSIUS,10.8,CELSIUS,0.0,MILLIMETERS,15.3089,MILLIMETERS,,,,2025-06-17 15:00:08.255000+07:00,1500
1089,90419,"Long Secondary School - Long, LuangNamtha ມັດທະຍົມສົມບູນ ເມືອງລອງ","Long Secondary School - Long, LuangNamtha ມັດທະຍົມສົມບູນ ເມືອງລອງ",20.962029,100.82109,2025-06-17T08:00:20.101229464Z,1.0,75.0,1.0,30.0,100.0,Asia/Vientiane,https://maps.gstatic.com/weather/v1/drizzle,Light rain,en,LIGHT_RAIN,26.3,CELSIUS,28.6,CELSIUS,21.8,CELSIUS,28.6,CELSIUS,26.3,CELSIUS,35.0,RAIN,0.0,MILLIMETERS,0.41400000000000003,MILLIMETERS,1006.38,225.0,SOUTHWEST,10.0,KILOMETERS_PER_HOUR,15.0,KILOMETERS_PER_HOUR,16.0,KILOMETERS,-0.9,CELSIUS,27.2,CELSIUS,21.9,CELSIUS,0.0,MILLIMETERS,8.5625,MILLIMETERS,,,,2025-06-17 15:00:08.255000+07:00,1500
1090,90421,"Sing Secondary School - Sing, LuangNamtha ມັດທະຍົມສົມບູນ ເມືອງສິງ","Sing Secondary School - Sing, LuangNamtha ມັດທະຍົມສົມບູນ ເມືອງສິງ",21.190223,101.144937,2025-06-17T08:00:21.375157867Z,1.0,75.0,1.0,30.0,100.0,Asia/Vientiane,https://maps.gstatic.com/weather/v1/drizzle,Light rain,en,LIGHT_RAIN,26.3,CELSIUS,28.6,CELSIUS,21.8,CELSIUS,28.6,CELSIUS,26.3,CELSIUS,35.0,RAIN,0.0,MILLIMETERS,0.41400000000000003,MILLIMETERS,1006.38,225.0,SOUTHWEST,10.0,KILOMETERS_PER_HOUR,15.0,KILOMETERS_PER_HOUR,16.0,KILOMETERS,-0.9,CELSIUS,27.2,CELSIUS,21.9,CELSIUS,0.0,MILLIMETERS,8.5625,MILLIMETERS,,,,2025-06-17 15:00:08.255000+07:00,1500
1091,90422,Nalae - Louangnamtha,Nalae - Louangnamtha,20.536617,101.447461,2025-06-17T08:00:22.650819988Z,1.0,70.0,1.0,60.0,100.0,Asia/Vientiane,https://maps.gstatic.com/weather/v1/strong_tstorms,Light thunderstorms and rain,en,LIGHT_THUNDERSTORM_RAIN,28.0,CELSIUS,30.9,CELSIUS,22.2,CELSIUS,30.9,CELSIUS,28.0,CELSIUS,35.0,RAIN,0.0,MILLIMETERS,0.3835,MILLIMETERS,1006.04,225.0,SOUTHWEST,8.0,KILOMETERS_PER_HOUR,16.0,KILOMETERS_PER_HOUR,16.0,KILOMETERS,-1.2,CELSIUS,29.2,CELSIUS,22.9,CELSIUS,0.0,MILLIMETERS,4.9121,MILLIMETERS,,,,2025-06-17 15:00:08.255000+07:00,1500
1092,90424,"La Secondary School - La, Oudomxai ມັດທະຍົມສົມບູນ ເມືອງຫລາ","La Secondary School - La, Oudomxai ມັດທະຍົມສົມບູນ ເມືອງຫລາ",20.870865,102.110246,2025-06-17T08:00:23.910447487Z,1.0,75.0,1.0,50.0,100.0,Asia/Vientiane,https://maps.gstatic.com/weather/v1/drizzle,Light rain,en,LIGHT_RAIN,25.9,CELSIUS,28.8,CELSIUS,21.0,CELSIUS,28.8,CELSIUS,25.9,CELSIUS,25.0,RAIN,0.0,MILLIMETERS,0.9804,MILLIMETERS,1005.08,205.0,SOUTH_SOUTHWEST,8.0,KILOMETERS_PER_HOUR,23.0,KILOMETERS_PER_HOUR,16.0,KILOMETERS,4.1,CELSIUS,26.0,CELSIUS,20.5,CELSIUS,0.0,MILLIMETERS,8.1281,MILLIMETERS,,,,2025-06-17 15:00:08.255000+07:00,1500
1093,90425,"Namor Secondary School - Namor, Oudomxay ມັດທະຍົມ ເມືອງນາໝໍ້","Namor Secondary School - Namor, Oudomxay ມັດທະຍົມ ເມືອງນາໝໍ້",20.914061,101.764456,2025-06-17T08:00:25.143930118Z,1.0,75.0,1.0,40.0,100.0,Asia/Vientiane,https://maps.gstatic.com/weather/v1/drizzle,Light rain,en,LIGHT_RAIN,25.6,CELSIUS,28.2,CELSIUS,20.8,CELSIUS,28.2,CELSIUS,25.6,CELSIUS,70.0,RAIN,0.0,MILLIMETERS,1.4173,MILLIMETERS,1006.0,225.0,SOUTHWEST,6.0,KILOMETERS_PER_HOUR,14.0,KILOMETERS_PER_HOUR,16.0,KILOMETERS,-2.2,CELSIUS,27.9,CELSIUS,20.8,CELSIUS,0.0,MILLIMETERS,8.824,MILLIMETERS,,,,2025-06-17 15:00:08.255000+07:00,1500
1094,90426,Nga - Oudomxai,Nga - Oudomxai,20.282849,101.973769,2025-06-17T08:00:26.414324650Z,1.0,76.0,1.0,50.0,100.0,Asia/Vientiane,https://maps.gstatic.com/weather/v1/strong_tstorms,Light thunderstorms and rain,en,LIGHT_THUNDERSTORM_RAIN,28.8,CELSIUS,32.7,CELSIUS,24.1,CELSIUS,32.7,CELSIUS,28.8,CELSIUS,45.0,RAIN,0.0,MILLIMETERS,0.41150000000000003,MILLIMETERS,1005.25,235.0,SOUTHWEST,13.0,KILOMETERS_PER_HOUR,23.0,KILOMETERS_PER_HOUR,16.0,KILOMETERS,2.1,CELSIUS,30.7,CELSIUS,24.4,CELSIUS,0.0,MILLIMETERS,14.2114,MILLIMETERS,,,,2025-06-17 15:00:08.255000+07:00,1500
1095,90427,Beng - Oudomxai,Beng - Oudomxai,20.296295,101.639666,2025-06-17T08:00:27.723736140Z,1.0,70.0,1.0,60.0,100.0,Asia/Vientiane,https://maps.gstatic.com/weather/v1/strong_tstorms,Light thunderstorms and rain,en,LIGHT_THUNDERSTORM_RAIN,28.0,CELSIUS,30.9,CELSIUS,22.2,CELSIUS,30.9,CELSIUS,28.0,CELSIUS,35.0,RAIN,0.0,MILLIMETERS,0.3835,MILLIMETERS,1006.04,225.0,SOUTHWEST,8.0,KILOMETERS_PER_HOUR,16.0,KILOMETERS_PER_HOUR,16.0,KILOMETERS,-1.2,CELSIUS,29.2,CELSIUS,22.9,CELSIUS,0.0,MILLIMETERS,4.9121,MILLIMETERS,,,,2025-06-17 15:00:08.255000+07:00,1500
1096,90428,"Hoon Secondary School - Hoon, Oudomxay ມັດທະຍົມ ເມືອງຮຸນ","Hoon Secondary School - Hoon, Oudomxay ມັດທະຍົມ ເມືອງຮຸນ",20.146431,101.467765,2025-06-17T08:00:28.967370042Z,1.0,70.0,1.0,60.0,100.0,Asia/Vientiane,https://maps.gstatic.com/weather/v1/strong_tstorms,Light thunderstorms and rain,en,LIGHT_THUNDERSTORM_RAIN,28.0,CELSIUS,30.9,CELSIUS,22.2,CELSIUS,30.9,CELSIUS,28.0,CELSIUS,35.0,RAIN,0.0,MILLIMETERS,0.3835,MILLIMETERS,1006.04,225.0,SOUTHWEST,8.0,KILOMETERS_PER_HOUR,16.0,KILOMETERS_PER_HOUR,16.0,KILOMETERS,-1.2,CELSIUS,29.2,CELSIUS,22.9,CELSIUS,0.0,MILLIMETERS,4.9121,MILLIMETERS,,,,2025-06-17 15:00:08.255000+07:00,1500
1097,90430,"Nampook Secondary School - Huoixai, Bokeo ມັດທະຍົມສົມບູນ ນ້ຳປຸກ","Nampook Secondary School - Huoixai, Bokeo ມັດທະຍົມສົມບູນ ນ້ຳປຸກ",20.217811,100.565439,2025-06-17T08:00:30.247164097Z,1.0,75.0,1.0,60.0,100.0,Asia/Vientiane,https://maps.gstatic.com/weather/v1/strong_tstorms,Light thunderstorms and rain,en,LIGHT_THUNDERSTORM_RAIN,29.3,CELSIUS,34.4,CELSIUS,23.9,CELSIUS,34.4,CELSIUS,29.3,CELSIUS,45.0,RAIN,0.0,MILLIMETERS,0.7772,MILLIMETERS,1005.0,225.0,SOUTHWEST,8.0,KILOMETERS_PER_HOUR,14.0,KILOMETERS_PER_HOUR,16.0,KILOMETERS,0.0,CELSIUS,30.5,CELSIUS,24.2,CELSIUS,0.0,MILLIMETERS,26.1441,MILLIMETERS,,,,2025-06-17 15:00:08.255000+07:00,1500
1098,90432,Meung - Bokeo,Meung - Bokeo,20.565749,100.592003,2025-06-17T08:00:31.508346174Z,1.0,75.0,1.0,40.0,100.0,Asia/Vientiane,https://maps.gstatic.com/weather/v1/drizzle,Light rain,en,LIGHT_RAIN,25.3,CELSIUS,28.7,CELSIUS,20.4,CELSIUS,28.7,CELSIUS,25.3,CELSIUS,45.0,RAIN,0.0,MILLIMETERS,0.8357,MILLIMETERS,1005.99,203.0,SOUTH_SOUTHWEST,6.0,KILOMETERS_PER_HOUR,13.0,KILOMETERS_PER_HOUR,16.0,KILOMETERS,-0.6000000000000001,CELSIUS,27.0,CELSIUS,20.4,CELSIUS,0.0,MILLIMETERS,13.6069,MILLIMETERS,,,,2025-06-17 15:00:08.255000+07:00,1500
1099,90433,Pha Oudom - Bokeo,Pha Oudom - Bokeo,20.086216,100.831707,2025-06-17T08:00:32.762666296Z,1.0,75.0,1.0,50.0,100.0,Asia/Vientiane,https://maps.gstatic.com/weather/v1/drizzle,Light rain,en,LIGHT_RAIN,23.5,CELSIUS,26.5,CELSIUS,18.6,CELSIUS,26.5,CELSIUS,23.5,CELSIUS,25.0,RAIN,0.0,MILLIMETERS,0.41910000000000003,MILLIMETERS,1006.2,248.0,WEST_SOUTHWEST,8.0,KILOMETERS_PER_HOUR,13.0,KILOMETERS_PER_HOUR,16.0,KILOMETERS,-1.3,CELSIUS,24.8,CELSIUS,18.8,CELSIUS,0.0,MILLIMETERS,13.2411,MILLIMETERS,,,,2025-06-17 15:00:08.255000+07:00,1500
1100,90434,Paktha - Bokeo,Paktha - Bokeo,20.105423,100.597269,2025-06-17T08:00:34.041824616Z,1.0,75.0,1.0,60.0,100.0,Asia/Vientiane,https://maps.gstatic.com/weather/v1/strong_tstorms,Light thunderstorms and rain,en,LIGHT_THUNDERSTORM_RAIN,29.3,CELSIUS,34.4,CELSIUS,23.9,CELSIUS,34.4,CELSIUS,29.3,CELSIUS,45.0,RAIN,0.0,MILLIMETERS,0.7772,MILLIMETERS,1005.0,225.0,SOUTHWEST,8.0,KILOMETERS_PER_HOUR,14.0,KILOMETERS_PER_HOUR,16.0,KILOMETERS,0.0,CELSIUS,30.5,CELSIUS,24.2,CELSIUS,0.0,MILLIMETERS,26.1441,MILLIMETERS,,,,2025-06-17 15:00:08.255000+07:00,1500
1101,90435,"Santiphab Secondary School - Luangprabang, Luangprabang ມັດທະຍົມ ສັນຕິພາບ","Santiphab Secondary School - Luangprabang, Luangprabang ມັດທະຍົມ ສັນຕິພາບ",19.880332,102.139832,2025-06-17T08:00:35.318717270Z,1.0,69.0,1.0,70.0,100.0,Asia/Vientiane,https://maps.gstatic.com/weather/v1/strong_tstorms,Light thunderstorms and rain,en,LIGHT_THUNDERSTORM_RAIN,30.2,CELSIUS,35.2,CELSIUS,23.9,CELSIUS,35.2,CELSIUS,30.2,CELSIUS,45.0,RAIN,0.0,MILLIMETERS,0.42160000000000003,MILLIMETERS,1004.73,250.0,WEST_SOUTHWEST,13.0,KILOMETERS_PER_HOUR,34.0,KILOMETERS_PER_HOUR,16.0,KILOMETERS,2.5,CELSIUS,32.0,CELSIUS,24.2,CELSIUS,0.0,MILLIMETERS,12.0652,MILLIMETERS,,,,2025-06-17 15:00:08.255000+07:00,1500
1102,90437,"PakXeng Secondary School - PakXeng, Luangprabang ມັດທະຍົມສົມບູນ ປາກແຊງ","PakXeng Secondary School - PakXeng, Luangprabang ມັດທະຍົມສົມບູນ ປາກແຊງ",20.174492,102.675657,2025-06-17T08:00:36.587396084Z,1.0,83.0,1.0,70.0,100.0,Asia/Vientiane,https://maps.gstatic.com/weather/v1/strong_tstorms,Light thunderstorms and rain,en,LIGHT_THUNDERSTORM_RAIN,22.7,CELSIUS,25.5,CELSIUS,19.6,CELSIUS,25.5,CELSIUS,22.7,CELSIUS,50.0,RAIN,0.0,MILLIMETERS,0.061,MILLIMETERS,1005.77,195.0,SOUTH_SOUTHWEST,11.0,KILOMETERS_PER_HOUR,34.0,KILOMETERS_PER_HOUR,13.0,KILOMETERS,2.9,CELSIUS,25.9,CELSIUS,18.0,CELSIUS,0.0,MILLIMETERS,16.0962,MILLIMETERS,,,,2025-06-17 15:00:08.255000+07:00,1500
1103,90438,"Phonxay Secpondary School - Phonxay, Luangprabang ມັດທະຍົມສົມບູນ ເມືອງໂພນໄຊ","Phonxay Secpondary School - Phonxay, Luangprabang ມັດທະຍົມສົມບູນ ເມືອງໂພນໄຊ",19.958916,102.572347,,,,,,,,,,,,,,,,,,,,,,,,,,,,,,,,,,,,,,,,,,,,,,,404.0,Information is not supported for this location. Please try a different location.,NOT_FOUND,2025-06-17 15:00:08.255000+07:00,1500
1104,90440,"Vangxieng Secondary School - Phonthong, Luangprabang ມັດທະຍົມ ວັງຊຽງ","Vangxieng Secondary School - Phonthong, Luangprabang ມັດທະຍົມ ວັງຊຽງ",20.737745,103.073231,2025-06-17T08:00:39.116618978Z,1.0,74.0,1.0,50.0,100.0,Asia/Vientiane,https://maps.gstatic.com/weather/v1/cloudy,Cloudy,en,CLOUDY,27.3,CELSIUS,30.8,CELSIUS,22.3,CELSIUS,30.8,CELSIUS,27.3,CELSIUS,20.0,RAIN,0.0,MILLIMETERS,0.20070000000000002,MILLIMETERS,1005.65,245.0,WEST_SOUTHWEST,13.0,KILOMETERS_PER_HOUR,32.0,KILOMETERS_PER_HOUR,16.0,KILOMETERS,7.1,CELSIUS,26.9,CELSIUS,20.2,CELSIUS,0.0,MILLIMETERS,15.5168,MILLIMETERS,,,,2025-06-17 15:00:08.255000+07:00,1500
1105,90441,"Kiwkachum Secondary School - XiengNgeun, Luangprabang ມັດທະຍົມ ກິ່ວກະຈຳ","Kiwkachum Secondary School - XiengNgeun, Luangprabang ມັດທະຍົມ ກິ່ວກະຈຳ",19.555,102.234,2025-06-17T08:00:40.420418796Z,1.0,83.0,1.0,70.0,100.0,Asia/Vientiane,https://maps.gstatic.com/weather/v1/drizzle,Light rain,en,LIGHT_RAIN,26.5,CELSIUS,28.8,CELSIUS,23.3,CELSIUS,28.8,CELSIUS,26.5,CELSIUS,25.0,RAIN,0.0,MILLIMETERS,0.5004000000000001,MILLIMETERS,1006.73,215.0,SOUTHWEST,10.0,KILOMETERS_PER_HOUR,24.0,KILOMETERS_PER_HOUR,16.0,KILOMETERS,2.6,CELSIUS,27.5,CELSIUS,20.6,CELSIUS,0.0,MILLIMETERS,9.34,MILLIMETERS,,,,2025-06-17 15:00:08.255000+07:00,1500
1106,90442,"Nan Secondary School - Nan, Luangprabang ມັດທະຍົມ ເມືອງນານ","Nan Secondary School - Nan, Luangprabang ມັດທະຍົມ ເມືອງນານ",19.498539,101.883867,2025-06-17T08:00:41.684649522Z,1.0,78.0,1.0,70.0,100.0,Asia/Vientiane,https://maps.gstatic.com/weather/v1/drizzle,Light rain,en,LIGHT_RAIN,23.5,CELSIUS,26.9,CELSIUS,19.0,CELSIUS,26.9,CELSIUS,23.5,CELSIUS,25.0,RAIN,0.0,MILLIMETERS,0.7036,MILLIMETERS,1006.5,203.0,SOUTH_SOUTHWEST,5.0,KILOMETERS_PER_HOUR,11.0,KILOMETERS_PER_HOUR,16.0,KILOMETERS,-0.8,CELSIUS,24.3,CELSIUS,19.1,CELSIUS,0.0,MILLIMETERS,18.268,MILLIMETERS,,,,2025-06-17 15:00:08.255000+07:00,1500
1107,90447,Xamneua - Houaphan,Xamneua - Houaphan,20.413807,104.050733,2025-06-17T08:00:42.956335722Z,1.0,62.0,1.0,70.0,95.0,Asia/Vientiane,https://maps.gstatic.com/weather/v1/drizzle,Light rain,en,LIGHT_RAIN,28.8,CELSIUS,31.1,CELSIUS,20.6,CELSIUS,31.1,CELSIUS,28.8,CELSIUS,25.0,RAIN,0.0,MILLIMETERS,0.20320000000000002,MILLIMETERS,1004.46,225.0,SOUTHWEST,6.0,KILOMETERS_PER_HOUR,16.0,KILOMETERS_PER_HOUR,16.0,KILOMETERS,7.4,CELSIUS,29.4,CELSIUS,20.3,CELSIUS,0.0,MILLIMETERS,6.2055,MILLIMETERS,,,,2025-06-17 15:00:08.255000+07:00,1500
1108,90449,"BouamNgam Secondary School - Huameuang, Houaphan  ມັດທະຍົມ ບວມງາມ","BouamNgam Secondary School - Huameuang, Houaphan  ມັດທະຍົມ ບວມງາມ",20.199501,103.875166,2025-06-17T08:00:44.253212668Z,1.0,70.0,1.0,50.0,100.0,Asia/Vientiane,https://maps.gstatic.com/weather/v1/strong_tstorms,Light thunderstorms and rain,en,LIGHT_THUNDERSTORM_RAIN,26.1,CELSIUS,28.2,CELSIUS,20.2,CELSIUS,28.2,CELSIUS,26.1,CELSIUS,35.0,RAIN,0.0,MILLIMETERS,0.20070000000000002,MILLIMETERS,1005.93,230.0,SOUTHWEST,13.0,KILOMETERS_PER_HOUR,40.0,KILOMETERS_PER_HOUR,16.0,KILOMETERS,7.0,CELSIUS,27.5,CELSIUS,19.1,CELSIUS,0.0,MILLIMETERS,7.8566,MILLIMETERS,,,,2025-06-17 15:00:08.255000+07:00,1500
1109,90450,Xamtay - Houaphan,Xamtay - Houaphan,19.999194,104.64011,2025-06-17T08:00:45.613536196Z,1.0,73.0,1.0,60.0,100.0,Asia/Vientiane,https://maps.gstatic.com/weather/v1/strong_tstorms,Light thunderstorms and rain,en,LIGHT_THUNDERSTORM_RAIN,25.9,CELSIUS,28.6,CELSIUS,20.6,CELSIUS,28.6,CELSIUS,25.9,CELSIUS,50.0,RAIN,0.0,MILLIMETERS,0.20070000000000002,MILLIMETERS,1005.57,230.0,SOUTHWEST,11.0,KILOMETERS_PER_HOUR,18.0,KILOMETERS_PER_HOUR,16.0,KILOMETERS,3.5,CELSIUS,29.2,CELSIUS,19.1,CELSIUS,0.0,MILLIMETERS,3.8762,MILLIMETERS,,,,2025-06-17 15:00:08.255000+07:00,1500
1110,90451,"Add Secondary School - Add, Houaphan ມັດທະຍົມ ແອດ","Add Secondary School - Add, Houaphan ມັດທະຍົມ ແອດ",20.820542,104.004618,,,,,,,,,,,,,,,,,,,,,,,,,,,,,,,,,,,,,,,,,,,,,,,404.0,Information is not supported for this location. Please try a different location.,NOT_FOUND,2025-06-17 15:00:08.255000+07:00,1500
1111,90452,Xon - Houaphan,Xon - Houaphan,20.466813,103.34797,2025-06-17T08:00:48.144168216Z,1.0,70.0,1.0,50.0,100.0,Asia/Vientiane,https://maps.gstatic.com/weather/v1/strong_tstorms,Light thunderstorms and rain,en,LIGHT_THUNDERSTORM_RAIN,23.5,CELSIUS,25.6,CELSIUS,17.6,CELSIUS,25.6,CELSIUS,23.5,CELSIUS,35.0,RAIN,0.0,MILLIMETERS,0.20070000000000002,MILLIMETERS,1005.93,230.0,SOUTHWEST,13.0,KILOMETERS_PER_HOUR,40.0,KILOMETERS_PER_HOUR,16.0,KILOMETERS,7.0,CELSIUS,24.9,CELSIUS,16.5,CELSIUS,0.0,MILLIMETERS,7.8566,MILLIMETERS,,,,2025-06-17 15:00:08.255000+07:00,1500
1112,90453,Xiengkhor - Houaphan,Xiengkhor - Houaphan,20.813892,104.146676,,,,,,,,,,,,,,,,,,,,,,,,,,,,,,,,,,,,,,,,,,,,,,,404.0,Information is not supported for this location. Please try a different location.,NOT_FOUND,2025-06-17 15:00:08.255000+07:00,1500
1113,90454," Viengthong Secondary School - Hiem, Houaphan ມັດທະຍົມ ວຽງທອງ"," Viengthong Secondary School - Hiem, Houaphan ມັດທະຍົມ ວຽງທອງ",20.099855,103.380396,2025-06-17T08:00:50.681575407Z,1.0,70.0,1.0,50.0,100.0,Asia/Vientiane,https://maps.gstatic.com/weather/v1/strong_tstorms,Light thunderstorms and rain,en,LIGHT_THUNDERSTORM_RAIN,23.5,CELSIUS,25.6,CELSIUS,17.6,CELSIUS,25.6,CELSIUS,23.5,CELSIUS,35.0,RAIN,0.0,MILLIMETERS,0.20070000000000002,MILLIMETERS,1005.93,230.0,SOUTHWEST,13.0,KILOMETERS_PER_HOUR,40.0,KILOMETERS_PER_HOUR,16.0,KILOMETERS,7.0,CELSIUS,24.9,CELSIUS,16.5,CELSIUS,0.0,MILLIMETERS,7.8566,MILLIMETERS,,,,2025-06-17 15:00:08.255000+07:00,1500
1114,90455,"Sopbao Secondary School - Sopbao, Houaphan ມັດທະຍົມ ສົບເບົາ","Sopbao Secondary School - Sopbao, Houaphan ມັດທະຍົມ ສົບເບົາ",20.710206,104.384946,2025-06-17T08:00:51.978210502Z,1.0,62.0,1.0,70.0,95.0,Asia/Vientiane,https://maps.gstatic.com/weather/v1/drizzle,Light rain,en,LIGHT_RAIN,24.8,CELSIUS,27.2,CELSIUS,16.7,CELSIUS,27.2,CELSIUS,24.8,CELSIUS,25.0,RAIN,0.0,MILLIMETERS,0.20320000000000002,MILLIMETERS,1004.46,225.0,SOUTHWEST,6.0,KILOMETERS_PER_HOUR,16.0,KILOMETERS_PER_HOUR,16.0,KILOMETERS,7.3,CELSIUS,25.5,CELSIUS,16.4,CELSIUS,0.0,MILLIMETERS,6.2055,MILLIMETERS,,,,2025-06-17 15:00:08.255000+07:00,1500
1115,90456,"Kuan Secondary School - Kuan, Houaphan ມັດທະຍົມສົມບູນ ກັວນ","Kuan Secondary School - Kuan, Houaphan ມັດທະຍົມສົມບູນ ກັວນ",19.835863,104.561303,2025-06-17T08:00:53.277709410Z,1.0,73.0,1.0,60.0,100.0,Asia/Vientiane,https://maps.gstatic.com/weather/v1/strong_tstorms,Light thunderstorms and rain,en,LIGHT_THUNDERSTORM_RAIN,27.2,CELSIUS,29.9,CELSIUS,21.9,CELSIUS,29.9,CELSIUS,27.2,CELSIUS,50.0,RAIN,0.0,MILLIMETERS,0.20070000000000002,MILLIMETERS,1005.58,230.0,SOUTHWEST,11.0,KILOMETERS_PER_HOUR,18.0,KILOMETERS_PER_HOUR,16.0,KILOMETERS,3.5,CELSIUS,30.5,CELSIUS,20.4,CELSIUS,0.0,MILLIMETERS,3.8762,MILLIMETERS,,,,2025-06-17 15:00:08.255000+07:00,1500
1116,90457,"Khob Secondary School - Khob, Xayabouli ມັດທະຍົມ ເມືອງຄອບ","Khob Secondary School - Khob, Xayabouli ມັດທະຍົມ ເມືອງຄອບ",19.699713,100.5572,2025-06-17T08:00:54.542013271Z,1.0,79.0,1.0,70.0,100.0,Asia/Vientiane,https://maps.gstatic.com/weather/v1/strong_tstorms,Light thunderstorms and rain,en,LIGHT_THUNDERSTORM_RAIN,27.7,CELSIUS,31.5,CELSIUS,23.6,CELSIUS,31.5,CELSIUS,27.7,CELSIUS,45.0,RAIN,0.0,MILLIMETERS,1.1506,MILLIMETERS,1006.85,180.0,SOUTH,11.0,KILOMETERS_PER_HOUR,21.0,KILOMETERS_PER_HOUR,16.0,KILOMETERS,-0.8,CELSIUS,28.9,CELSIUS,23.7,CELSIUS,0.0,MILLIMETERS,14.2596,MILLIMETERS,,,,2025-06-17 15:00:08.255000+07:00,1500
1117,90458,"Hongsa Secondary School - Hongsa, Xaignabouly ມັດທະຍົມສົມບູນ ຫົງສາ","Hongsa Secondary School - Hongsa, Xaignabouly ມັດທະຍົມສົມບູນ ຫົງສາ",19.70693,101.342893,2025-06-17T08:00:55.813592106Z,1.0,78.0,1.0,70.0,100.0,Asia/Vientiane,https://maps.gstatic.com/weather/v1/drizzle,Light rain,en,LIGHT_RAIN,24.8,CELSIUS,28.2,CELSIUS,20.3,CELSIUS,28.2,CELSIUS,24.8,CELSIUS,25.0,RAIN,0.0,MILLIMETERS,0.7036,MILLIMETERS,1006.5,203.0,SOUTH_SOUTHWEST,5.0,KILOMETERS_PER_HOUR,11.0,KILOMETERS_PER_HOUR,16.0,KILOMETERS,-0.8,CELSIUS,25.6,CELSIUS,20.4,CELSIUS,0.0,MILLIMETERS,18.268,MILLIMETERS,,,,2025-06-17 15:00:08.255000+07:00,1500
1118,90459,Phiang - Xaignabouly,Phiang - Xaignabouly,19.094645,101.529558,2025-06-17T08:00:57.082788363Z,1.0,70.0,1.0,70.0,100.0,Asia/Vientiane,https://maps.gstatic.com/weather/v1/strong_tstorms,Light thunderstorms and rain,en,LIGHT_THUNDERSTORM_RAIN,28.7,CELSIUS,32.0,CELSIUS,22.7,CELSIUS,32.0,CELSIUS,28.7,CELSIUS,40.0,RAIN,0.0,MILLIMETERS,0.5664,MILLIMETERS,1006.07,203.0,SOUTH_SOUTHWEST,10.0,KILOMETERS_PER_HOUR,18.0,KILOMETERS_PER_HOUR,16.0,KILOMETERS,-1.9000000000000001,CELSIUS,30.6,CELSIUS,23.7,CELSIUS,0.0,MILLIMETERS,5.0113,MILLIMETERS,,,,2025-06-17 15:00:08.255000+07:00,1500
1119,90460,Parklai - Xaignabouly,Parklai - Xaignabouly,18.220795,101.405717,2025-06-17T08:00:58.400674348Z,1.0,68.0,1.0,70.0,100.0,Asia/Vientiane,https://maps.gstatic.com/weather/v1/strong_tstorms,Light thunderstorms and rain,en,LIGHT_THUNDERSTORM_RAIN,29.4,CELSIUS,34.2,CELSIUS,23.0,CELSIUS,34.2,CELSIUS,29.4,CELSIUS,75.0,RAIN,0.0,MILLIMETERS,1.1786,MILLIMETERS,1006.0,225.0,SOUTHWEST,6.0,KILOMETERS_PER_HOUR,13.0,KILOMETERS_PER_HOUR,16.0,KILOMETERS,-0.8,CELSIUS,31.7,CELSIUS,24.4,CELSIUS,0.0,MILLIMETERS,2.2783,MILLIMETERS,,,,2025-06-17 15:00:08.255000+07:00,1500
1120,90463,"Ekaphab Secondary School - Xayabury, Xayabury ມັດທະຍົມ ເອກະພາບ","Ekaphab Secondary School - Xayabury, Xayabury ມັດທະຍົມ ເອກະພາບ",19.237566,101.714751,2025-06-17T08:00:59.714243826Z,1.0,66.0,1.0,1.0,100.0,Asia/Vientiane,https://maps.gstatic.com/weather/v1/cloudy,Cloudy,en,CLOUDY,30.6,CELSIUS,35.3,CELSIUS,23.0,CELSIUS,35.3,CELSIUS,30.6,CELSIUS,10.0,RAIN,0.0,MILLIMETERS,0.127,MILLIMETERS,1005.11,203.0,SOUTH_SOUTHWEST,8.0,KILOMETERS_PER_HOUR,14.0,KILOMETERS_PER_HOUR,16.0,KILOMETERS,0.9,CELSIUS,30.5,CELSIUS,24.8,CELSIUS,0.0,MILLIMETERS,6.0782,MILLIMETERS,,,,2025-06-17 15:00:08.255000+07:00,1500
1121,90465,Xienghone - Xaignabouly ,Xienghone - Xaignabouly ,19.631763,100.814901,2025-06-17T08:01:00.954369922Z,1.0,76.0,1.0,70.0,100.0,Asia/Vientiane,https://maps.gstatic.com/weather/v1/strong_tstorms,Light thunderstorms and rain,en,LIGHT_THUNDERSTORM_RAIN,24.6,CELSIUS,27.6,CELSIUS,20.2,CELSIUS,27.6,CELSIUS,24.6,CELSIUS,35.0,RAIN,0.0,MILLIMETERS,0.6223000000000001,MILLIMETERS,1006.39,225.0,SOUTHWEST,10.0,KILOMETERS_PER_HOUR,16.0,KILOMETERS_PER_HOUR,16.0,KILOMETERS,0.0,CELSIUS,25.1,CELSIUS,20.2,CELSIUS,0.0,MILLIMETERS,11.3106,MILLIMETERS,,,,2025-06-17 15:00:08.255000+07:00,1500
1122,90466,"Kenethao Secondary School - Kenethao, Xayabury ມັດທະຍົມສົມບຸນ ແກ່ນທ້າວ","Kenethao Secondary School - Kenethao, Xayabury ມັດທະຍົມສົມບຸນ ແກ່ນທ້າວ",17.740569,101.403471,2025-06-17T08:01:02.292049604Z,1.0,70.0,1.0,70.0,100.0,Asia/Vientiane,https://maps.gstatic.com/weather/v1/strong_tstorms,Thunderstorm,en,THUNDERSTORM,30.4,CELSIUS,36.0,CELSIUS,24.6,CELSIUS,36.0,CELSIUS,30.4,CELSIUS,75.0,RAIN,0.0,MILLIMETERS,2.5806,MILLIMETERS,1005.98,270.0,WEST,8.0,KILOMETERS_PER_HOUR,16.0,KILOMETERS_PER_HOUR,16.0,KILOMETERS,-2.4,CELSIUS,33.0,CELSIUS,25.2,CELSIUS,0.0,MILLIMETERS,5.0241,MILLIMETERS,,,,2025-06-17 15:00:08.255000+07:00,1500
1123,90468,Pek - Xiengkhouang,Pek - Xiengkhouang,19.444636,103.205788,2025-06-17T08:01:03.561683465Z,1.0,70.0,1.0,70.0,100.0,Asia/Vientiane,https://maps.gstatic.com/weather/v1/cloudy,Cloudy,en,CLOUDY,26.1,CELSIUS,27.9,CELSIUS,20.0,CELSIUS,27.9,CELSIUS,26.1,CELSIUS,25.0,RAIN,0.0,MILLIMETERS,0.4166,MILLIMETERS,1007.05,225.0,SOUTHWEST,11.0,KILOMETERS_PER_HOUR,23.0,KILOMETERS_PER_HOUR,16.0,KILOMETERS,2.9,CELSIUS,28.2,CELSIUS,20.1,CELSIUS,0.0,MILLIMETERS,11.664,MILLIMETERS,,,,2025-06-17 15:00:08.255000+07:00,1500
1124,90469,Nonghed - Xiengkhouang,Nonghed - Xiengkhouang,19.49661,103.986121,,,,,,,,,,,,,,,,,,,,,,,,,,,,,,,,,,,,,,,,,,,,,,,404.0,Information is not supported for this location. Please try a different location.,NOT_FOUND,2025-06-17 15:00:08.255000+07:00,1500
1125,90471,"Napa Secondary School - Kham, Xiengkhouang ມັດທະຍົມ ນາປາ","Napa Secondary School - Kham, Xiengkhouang ມັດທະຍົມ ນາປາ",19.590573,103.662369,2025-06-17T08:01:06.142375362Z,1.0,77.0,1.0,50.0,100.0,Asia/Vientiane,https://maps.gstatic.com/weather/v1/cloudy,Cloudy,en,CLOUDY,26.1,CELSIUS,28.5,CELSIUS,21.7,CELSIUS,28.5,CELSIUS,26.1,CELSIUS,25.0,RAIN,0.0,MILLIMETERS,2.9489,MILLIMETERS,1006.51,340.0,NORTH_NORTHWEST,3.0,KILOMETERS_PER_HOUR,10.0,KILOMETERS_PER_HOUR,16.0,KILOMETERS,2.3,CELSIUS,31.6,CELSIUS,20.9,CELSIUS,0.0,MILLIMETERS,8.6234,MILLIMETERS,,,,2025-06-17 15:00:08.255000+07:00,1500
1126,90472,"Chomphet Seconbdary School - Khoune, Xiengkhuang ມັດທະຍົມ ຈອມເພັດ","Chomphet Seconbdary School - Khoune, Xiengkhuang ມັດທະຍົມ ຈອມເພັດ",19.340999,103.371433,2025-06-17T08:01:07.419086215Z,1.0,70.0,1.0,70.0,100.0,Asia/Vientiane,https://maps.gstatic.com/weather/v1/cloudy,Cloudy,en,CLOUDY,26.1,CELSIUS,27.9,CELSIUS,20.0,CELSIUS,27.9,CELSIUS,26.1,CELSIUS,25.0,RAIN,0.0,MILLIMETERS,0.4166,MILLIMETERS,1007.05,225.0,SOUTHWEST,11.0,KILOMETERS_PER_HOUR,23.0,KILOMETERS_PER_HOUR,16.0,KILOMETERS,2.9,CELSIUS,28.2,CELSIUS,20.1,CELSIUS,0.0,MILLIMETERS,11.664,MILLIMETERS,,,,2025-06-17 15:00:08.255000+07:00,1500
1127,90474,"Lardkhai Secondary School - Phaxay, Xiengkhouang ມັດທະຍົມ ລາດຄ້າຍ","Lardkhai Secondary School - Phaxay, Xiengkhouang ມັດທະຍົມ ລາດຄ້າຍ",19.29915,103.133374,2025-06-17T08:01:08.685620885Z,1.0,70.0,1.0,70.0,100.0,Asia/Vientiane,https://maps.gstatic.com/weather/v1/cloudy,Cloudy,en,CLOUDY,26.1,CELSIUS,27.9,CELSIUS,20.0,CELSIUS,27.9,CELSIUS,26.1,CELSIUS,25.0,RAIN,0.0,MILLIMETERS,0.4166,MILLIMETERS,1007.05,225.0,SOUTHWEST,11.0,KILOMETERS_PER_HOUR,23.0,KILOMETERS_PER_HOUR,16.0,KILOMETERS,2.9,CELSIUS,28.2,CELSIUS,20.1,CELSIUS,0.0,MILLIMETERS,11.664,MILLIMETERS,,,,2025-06-17 15:00:08.255000+07:00,1500
1128,90475,Phonhong - Vientiane,Phonhong - Vientiane,18.350024,102.42424,2025-06-17T08:01:09.945558556Z,1.0,81.0,1.0,90.0,95.0,Asia/Vientiane,https://maps.gstatic.com/weather/v1/strong_tstorms,Thunderstorm,en,THUNDERSTORM,30.1,CELSIUS,37.8,CELSIUS,26.4,CELSIUS,37.8,CELSIUS,30.1,CELSIUS,55.0,RAIN,0.0,MILLIMETERS,1.6104,MILLIMETERS,1005.35,185.0,SOUTH,13.0,KILOMETERS_PER_HOUR,35.0,KILOMETERS_PER_HOUR,11.0,KILOMETERS,3.3,CELSIUS,33.1,CELSIUS,24.9,CELSIUS,0.0,MILLIMETERS,12.111,MILLIMETERS,,,,2025-06-17 15:00:08.255000+07:00,1500
1129,90476,"Kasy Secondary School - Kasy, Vientiane Province ມັດທະຍົມສົມບູນ ກາສີ","Kasy Secondary School - Kasy, Vientiane Province ມັດທະຍົມສົມບູນ ກາສີ",19.225034,102.25219,2025-06-17T08:01:11.186918509Z,1.0,87.0,1.0,70.0,100.0,Asia/Vientiane,https://maps.gstatic.com/weather/v1/strong_tstorms,Light thunderstorms and rain,en,LIGHT_THUNDERSTORM_RAIN,27.9,CELSIUS,33.3,CELSIUS,25.4,CELSIUS,33.3,CELSIUS,27.9,CELSIUS,50.0,RAIN,0.0,MILLIMETERS,1.2649,MILLIMETERS,1006.37,0.0,NORTH,3.0,KILOMETERS_PER_HOUR,10.0,KILOMETERS_PER_HOUR,15.0,KILOMETERS,3.8,CELSIUS,30.2,CELSIUS,22.1,CELSIUS,0.0,MILLIMETERS,16.4999,MILLIMETERS,,,,2025-06-17 15:00:08.255000+07:00,1500
1130,90477,"Xanakharm Secondary School - Xanakharm, Vieniane Province ມັດທະຍົມສົບຸນ ຊະນະຄາມ","Xanakharm Secondary School - Xanakharm, Vieniane Province ມັດທະຍົມສົບຸນ ຊະນະຄາມ",17.910218,101.670662,2025-06-17T08:01:12.440015788Z,1.0,65.0,1.0,90.0,100.0,Asia/Vientiane,https://maps.gstatic.com/weather/v1/strong_tstorms,Thunderstorm,en,THUNDERSTORM,31.4,CELSIUS,37.0,CELSIUS,24.3,CELSIUS,37.0,CELSIUS,31.4,CELSIUS,75.0,RAIN,0.0,MILLIMETERS,2.507,MILLIMETERS,1005.98,248.0,WEST_SOUTHWEST,8.0,KILOMETERS_PER_HOUR,13.0,KILOMETERS_PER_HOUR,16.0,KILOMETERS,0.2,CELSIUS,32.0,CELSIUS,25.1,CELSIUS,0.0,MILLIMETERS,4.9606,MILLIMETERS,,,,2025-06-17 15:00:08.255000+07:00,1500
1131,90478,Mad - Vientiane,Mad - Vientiane,18.448868,101.76322,2025-06-17T08:01:13.724761341Z,1.0,68.0,1.0,70.0,100.0,Asia/Vientiane,https://maps.gstatic.com/weather/v1/strong_tstorms,Light thunderstorms and rain,en,LIGHT_THUNDERSTORM_RAIN,30.0,CELSIUS,34.8,CELSIUS,23.6,CELSIUS,34.8,CELSIUS,30.0,CELSIUS,75.0,RAIN,0.0,MILLIMETERS,1.1786,MILLIMETERS,1006.0,225.0,SOUTHWEST,6.0,KILOMETERS_PER_HOUR,13.0,KILOMETERS_PER_HOUR,16.0,KILOMETERS,-0.9,CELSIUS,32.3,CELSIUS,25.0,CELSIUS,0.0,MILLIMETERS,2.2783,MILLIMETERS,,,,2025-06-17 15:00:08.255000+07:00,1500
1132,90479,"Phonmi Secondary School - Viengkham, Vientiane Province ມັດທະຍົມສົມບຸນ ໂພນໝີ","Phonmi Secondary School - Viengkham, Vientiane Province ມັດທະຍົມສົມບຸນ ໂພນໝີ",18.48451,102.485942,2025-06-17T08:01:15.025286826Z,1.0,81.0,1.0,90.0,95.0,Asia/Vientiane,https://maps.gstatic.com/weather/v1/strong_tstorms,Thunderstorm,en,THUNDERSTORM,30.1,CELSIUS,37.8,CELSIUS,26.4,CELSIUS,37.8,CELSIUS,30.1,CELSIUS,55.0,RAIN,0.0,MILLIMETERS,1.6104,MILLIMETERS,1005.35,185.0,SOUTH,13.0,KILOMETERS_PER_HOUR,35.0,KILOMETERS_PER_HOUR,11.0,KILOMETERS,3.3,CELSIUS,33.1,CELSIUS,24.9,CELSIUS,0.0,MILLIMETERS,12.111,MILLIMETERS,,,,2025-06-17 15:00:08.255000+07:00,1500
1133,90482,"KeoKou Secondary School - KeoOudom, Vientiane Province ມັດທະຍົມສົມບູນ ແກ້ວກູ່","KeoKou Secondary School - KeoOudom, Vientiane Province ມັດທະຍົມສົມບູນ ແກ້ວກູ່",18.554884,102.502844,2025-06-17T08:01:16.308823085Z,1.0,81.0,1.0,90.0,95.0,Asia/Vientiane,https://maps.gstatic.com/weather/v1/strong_tstorms,Thunderstorm,en,THUNDERSTORM,30.1,CELSIUS,37.8,CELSIUS,26.4,CELSIUS,37.8,CELSIUS,30.1,CELSIUS,55.0,RAIN,0.0,MILLIMETERS,1.6104,MILLIMETERS,1005.35,185.0,SOUTH,13.0,KILOMETERS_PER_HOUR,35.0,KILOMETERS_PER_HOUR,11.0,KILOMETERS,3.3,CELSIUS,33.1,CELSIUS,24.9,CELSIUS,0.0,MILLIMETERS,12.111,MILLIMETERS,,,,2025-06-17 15:00:08.255000+07:00,1500
1134,90485,Meun - Vientiane,Meun - Vientiane,18.28379,101.941138,2025-06-17T08:01:17.567806132Z,1.0,87.0,1.0,90.0,99.0,Asia/Vientiane,https://maps.gstatic.com/weather/v1/strong_tstorms,Heavy thunderstorm,en,HEAVY_THUNDERSTORM,28.9,CELSIUS,35.7,CELSIUS,26.3,CELSIUS,35.7,CELSIUS,28.9,CELSIUS,60.0,RAIN,0.0,MILLIMETERS,0.254,MILLIMETERS,1006.08,180.0,SOUTH,2.0,KILOMETERS_PER_HOUR,8.0,KILOMETERS_PER_HOUR,10.0,KILOMETERS,-0.2,CELSIUS,33.0,CELSIUS,25.3,CELSIUS,0.0,MILLIMETERS,6.3424,MILLIMETERS,,,,2025-06-17 15:00:08.255000+07:00,1500
1135,90487,"Thaphabath Secondary School - Thaphabath, Bolikhamxai","Thaphabath Secondary School - Thaphabath, Bolikhamxai",18.356826,103.198076,2025-06-17T08:01:18.835533319Z,1.0,70.0,1.0,70.0,100.0,Asia/Vientiane,https://maps.gstatic.com/weather/v1/drizzle,Light rain,en,LIGHT_RAIN,31.3,CELSIUS,38.0,CELSIUS,25.1,CELSIUS,38.0,CELSIUS,31.3,CELSIUS,25.0,RAIN,0.0,MILLIMETERS,0.5944,MILLIMETERS,1005.27,290.0,WEST_NORTHWEST,5.0,KILOMETERS_PER_HOUR,13.0,KILOMETERS_PER_HOUR,16.0,KILOMETERS,1.4,CELSIUS,32.2,CELSIUS,25.5,CELSIUS,0.0,MILLIMETERS,7.892,MILLIMETERS,,,,2025-06-17 15:00:08.255000+07:00,1500
1136,90488,Pakkading - Bolikhamxai ,Pakkading - Bolikhamxai ,18.109902,104.281265,2025-06-17T08:01:20.150958090Z,1.0,66.0,1.0,70.0,95.0,Asia/Vientiane,https://maps.gstatic.com/weather/v1/strong_tstorms,Light thunderstorms and rain,en,LIGHT_THUNDERSTORM_RAIN,32.4,CELSIUS,40.1,CELSIUS,25.4,CELSIUS,40.1,CELSIUS,32.4,CELSIUS,40.0,RAIN,0.0,MILLIMETERS,0.1905,MILLIMETERS,1006.36,225.0,SOUTHWEST,5.0,KILOMETERS_PER_HOUR,14.0,KILOMETERS_PER_HOUR,16.0,KILOMETERS,4.6,CELSIUS,31.6,CELSIUS,24.2,CELSIUS,0.0,MILLIMETERS,16.604,MILLIMETERS,,,,2025-06-17 15:00:08.255000+07:00,1500
1137,90490,"Nakhonxay Secondary School - Khamkeuth, - Borikhamxai ມັດທະຍົມ ນະຄອນໄຊ","Nakhonxay Secondary School - Khamkeuth, - Borikhamxai ມັດທະຍົມ ນະຄອນໄຊ",18.185553,104.983958,2025-06-17T08:01:21.450922328Z,1.0,66.0,1.0,60.0,100.0,Asia/Vientiane,https://maps.gstatic.com/weather/v1/cloudy,Cloudy,en,CLOUDY,28.5,CELSIUS,31.8,CELSIUS,21.5,CELSIUS,31.8,CELSIUS,28.5,CELSIUS,20.0,RAIN,0.0,MILLIMETERS,0.0,MILLIMETERS,1006.12,225.0,SOUTHWEST,13.0,KILOMETERS_PER_HOUR,29.0,KILOMETERS_PER_HOUR,16.0,KILOMETERS,3.5,CELSIUS,29.1,CELSIUS,21.6,CELSIUS,0.0,MILLIMETERS,1.4988000000000001,MILLIMETERS,,,,2025-06-17 15:00:08.255000+07:00,1500
1138,90491,Viengthong - Bolikhamxai,Viengthong - Bolikhamxai,18.512354,104.442835,2025-06-17T08:01:22.705712576Z,1.0,68.0,1.0,60.0,99.0,Asia/Vientiane,https://maps.gstatic.com/weather/v1/drizzle,Light rain,en,LIGHT_RAIN,29.7,CELSIUS,33.9,CELSIUS,23.2,CELSIUS,33.9,CELSIUS,29.7,CELSIUS,25.0,RAIN,0.0,MILLIMETERS,0.3607,MILLIMETERS,1005.82,230.0,SOUTHWEST,10.0,KILOMETERS_PER_HOUR,24.0,KILOMETERS_PER_HOUR,16.0,KILOMETERS,3.6,CELSIUS,30.6,CELSIUS,22.7,CELSIUS,0.0,MILLIMETERS,4.3489,MILLIMETERS,,,,2025-06-17 15:00:08.255000+07:00,1500
1139,90492,"NamOn Secondary School - Xaychamphone, Borikhamxai ມັດທະຍົມ ນຳ້ອ້ອນ","NamOn Secondary School - Xaychamphone, Borikhamxai ມັດທະຍົມ ນຳ້ອ້ອນ",18.577559,104.981947,2025-06-17T08:01:24.050243033Z,1.0,66.0,1.0,60.0,100.0,Asia/Vientiane,https://maps.gstatic.com/weather/v1/cloudy,Cloudy,en,CLOUDY,28.5,CELSIUS,31.8,CELSIUS,21.5,CELSIUS,31.8,CELSIUS,28.5,CELSIUS,20.0,RAIN,0.0,MILLIMETERS,0.0,MILLIMETERS,1006.12,225.0,SOUTHWEST,13.0,KILOMETERS_PER_HOUR,29.0,KILOMETERS_PER_HOUR,16.0,KILOMETERS,3.5,CELSIUS,29.1,CELSIUS,21.6,CELSIUS,0.0,MILLIMETERS,1.4988000000000001,MILLIMETERS,,,,2025-06-17 15:00:08.255000+07:00,1500
1140,90493,Thakhek - Khammouan ,Thakhek - Khammouan ,17.392668,104.807495,2025-06-17T08:01:25.352499817Z,1.0,66.0,1.0,70.0,100.0,Asia/Vientiane,https://maps.gstatic.com/weather/v1/strong_tstorms,Light thunderstorms and rain,en,LIGHT_THUNDERSTORM_RAIN,34.1,CELSIUS,44.8,CELSIUS,26.8,CELSIUS,44.8,CELSIUS,34.1,CELSIUS,50.0,RAIN,0.0,MILLIMETERS,0.8941,MILLIMETERS,1005.45,270.0,WEST,10.0,KILOMETERS_PER_HOUR,25.0,KILOMETERS_PER_HOUR,16.0,KILOMETERS,2.1,CELSIUS,33.7,CELSIUS,24.7,CELSIUS,0.0,MILLIMETERS,10.9248,MILLIMETERS,,,,2025-06-17 15:00:08.255000+07:00,1500
1141,90494,Mahaxay - Khammouan,Mahaxay - Khammouan,17.457352,105.160169,2025-06-17T08:01:26.627260800Z,1.0,67.0,1.0,70.0,100.0,Asia/Vientiane,https://maps.gstatic.com/weather/v1/strong_tstorms,Light thunderstorms and rain,en,LIGHT_THUNDERSTORM_RAIN,31.9,CELSIUS,39.1,CELSIUS,25.2,CELSIUS,39.1,CELSIUS,31.9,CELSIUS,45.0,RAIN,0.0,MILLIMETERS,0.5131,MILLIMETERS,1006.36,255.0,WEST_SOUTHWEST,11.0,KILOMETERS_PER_HOUR,30.0,KILOMETERS_PER_HOUR,16.0,KILOMETERS,3.0,CELSIUS,31.5,CELSIUS,23.0,CELSIUS,0.0,MILLIMETERS,5.0548,MILLIMETERS,,,,2025-06-17 15:00:08.255000+07:00,1500
1142,90495,Nongbok - Khammouan,Nongbok - Khammouan,16.962416,104.81156,2025-06-17T08:01:27.894208809Z,1.0,62.0,1.0,0.0,100.0,Asia/Vientiane,https://maps.gstatic.com/weather/v1/cloudy,Cloudy,en,CLOUDY,33.6,CELSIUS,41.7,CELSIUS,25.2,CELSIUS,41.7,CELSIUS,33.6,CELSIUS,10.0,RAIN,0.0,MILLIMETERS,0.2388,MILLIMETERS,1004.98,225.0,SOUTHWEST,11.0,KILOMETERS_PER_HOUR,19.0,KILOMETERS_PER_HOUR,16.0,KILOMETERS,1.2,CELSIUS,33.7,CELSIUS,25.9,CELSIUS,0.0,MILLIMETERS,1.0771,MILLIMETERS,,,,2025-06-17 15:00:08.255000+07:00,1500
1143,90497,Nhommalath - Khammouan ,Nhommalath - Khammouan ,17.614203,105.170282,2025-06-17T08:01:29.166407766Z,1.0,67.0,1.0,70.0,100.0,Asia/Vientiane,https://maps.gstatic.com/weather/v1/strong_tstorms,Light thunderstorms and rain,en,LIGHT_THUNDERSTORM_RAIN,31.9,CELSIUS,39.1,CELSIUS,25.2,CELSIUS,39.1,CELSIUS,31.9,CELSIUS,45.0,RAIN,0.0,MILLIMETERS,0.5131,MILLIMETERS,1006.36,255.0,WEST_SOUTHWEST,11.0,KILOMETERS_PER_HOUR,30.0,KILOMETERS_PER_HOUR,16.0,KILOMETERS,3.0,CELSIUS,31.5,CELSIUS,23.0,CELSIUS,0.0,MILLIMETERS,5.0548,MILLIMETERS,,,,2025-06-17 15:00:08.255000+07:00,1500
1144,90500,"Xebangfay Secondary School - Xebangfay, Khammouane ມັດທະຍົມສົມບູນ ເຊບັ້ງໄຟ","Xebangfay Secondary School - Xebangfay, Khammouane ມັດທະຍົມສົມບູນ ເຊບັ້ງໄຟ",17.086149,104.981631,2025-06-17T08:01:30.482316835Z,1.0,69.0,1.0,70.0,100.0,Asia/Vientiane,https://maps.gstatic.com/weather/v1/cloudy,Cloudy,en,CLOUDY,31.1,CELSIUS,37.4,CELSIUS,24.7,CELSIUS,37.4,CELSIUS,31.1,CELSIUS,25.0,RAIN,0.0,MILLIMETERS,0.20070000000000002,MILLIMETERS,1005.3,205.0,SOUTH_SOUTHWEST,11.0,KILOMETERS_PER_HOUR,26.0,KILOMETERS_PER_HOUR,16.0,KILOMETERS,-1.2,CELSIUS,32.3,CELSIUS,24.6,CELSIUS,0.0,MILLIMETERS,5.9641,MILLIMETERS,,,,2025-06-17 15:00:08.255000+07:00,1500
1145,90501,"Sivilay Secondary School - Xaybouathong, Khammouane ມັດທະຍົມສົມບູນ ສີວິໄລ","Sivilay Secondary School - Xaybouathong, Khammouane ມັດທະຍົມສົມບູນ ສີວິໄລ",17.171532,105.4273,2025-06-17T08:01:31.780823379Z,1.0,62.0,1.0,70.0,95.0,Asia/Vientiane,https://maps.gstatic.com/weather/v1/drizzle,Light rain,en,LIGHT_RAIN,34.0,CELSIUS,43.2,CELSIUS,25.8,CELSIUS,43.2,CELSIUS,34.0,CELSIUS,25.0,RAIN,0.0,MILLIMETERS,0.5791000000000001,MILLIMETERS,1005.45,195.0,SOUTH_SOUTHWEST,8.0,KILOMETERS_PER_HOUR,14.0,KILOMETERS_PER_HOUR,16.0,KILOMETERS,2.2,CELSIUS,31.8,CELSIUS,24.3,CELSIUS,0.0,MILLIMETERS,3.7846,MILLIMETERS,,,,2025-06-17 15:00:08.255000+07:00,1500
1146,90503,Kaysone Phomvihane - Sav,Kaysone Phomvihane - Sav,16.5702,104.75036,2025-06-17T08:01:33.148202044Z,1.0,60.0,1.0,0.0,100.0,Asia/Vientiane,https://maps.gstatic.com/weather/v1/cloudy,Cloudy,en,CLOUDY,33.5,CELSIUS,40.9,CELSIUS,25.0,CELSIUS,40.9,CELSIUS,33.5,CELSIUS,10.0,RAIN,0.0,MILLIMETERS,0.012700000000000001,MILLIMETERS,1004.97,225.0,SOUTHWEST,11.0,KILOMETERS_PER_HOUR,21.0,KILOMETERS_PER_HOUR,16.0,KILOMETERS,1.1,CELSIUS,33.2,CELSIUS,26.5,CELSIUS,0.0,MILLIMETERS,0.3402,MILLIMETERS,,,,2025-06-17 15:00:08.255000+07:00,1500
1147,90504,"Lianxay Secondary School - Artsaphangthong, Savannakhet ມັດທະຍົມ ຫລຽນໄຊ","Lianxay Secondary School - Artsaphangthong, Savannakhet ມັດທະຍົມ ຫລຽນໄຊ",16.692124,105.409764,,,,,,,,,,,,,,,,,,,,,,,,,,,,,,,,,,,,,,,,,,,,,,,404.0,Information is not supported for this location. Please try a different location.,NOT_FOUND,2025-06-17 15:00:08.255000+07:00,1500
1148,90505,Sepone - Savannakhet,Sepone - Savannakhet,16.696651,106.209138,2025-06-17T08:01:34.608918414Z,1.0,64.0,1.0,70.0,90.0,Asia/Vientiane,https://maps.gstatic.com/weather/v1/cloudy,Cloudy,en,CLOUDY,28.8,CELSIUS,33.6,CELSIUS,20.9,CELSIUS,33.6,CELSIUS,28.8,CELSIUS,25.0,RAIN,0.0,MILLIMETERS,0.1549,MILLIMETERS,1006.97,225.0,SOUTHWEST,13.0,KILOMETERS_PER_HOUR,24.0,KILOMETERS_PER_HOUR,16.0,KILOMETERS,0.1,CELSIUS,28.8,CELSIUS,22.2,CELSIUS,0.0,MILLIMETERS,1.8466,MILLIMETERS,,,,2025-06-17 15:00:08.255000+07:00,1500
1149,90506,Nong - Savannakhet,Nong - Savannakhet,16.373875,106.495685,2025-06-17T08:01:35.866570860Z,1.0,69.0,1.0,70.0,100.0,Asia/Vientiane,https://maps.gstatic.com/weather/v1/cloudy,Cloudy,en,CLOUDY,29.0,CELSIUS,34.2,CELSIUS,22.9,CELSIUS,34.2,CELSIUS,29.0,CELSIUS,25.0,RAIN,0.0,MILLIMETERS,0.2515,MILLIMETERS,1007.84,203.0,SOUTH_SOUTHWEST,8.0,KILOMETERS_PER_HOUR,16.0,KILOMETERS_PER_HOUR,16.0,KILOMETERS,-0.9,CELSIUS,29.9,CELSIUS,23.5,CELSIUS,0.0,MILLIMETERS,1.5243,MILLIMETERS,,,,2025-06-17 15:00:08.255000+07:00,1500
1150,90508,Champhone - SAVA,Champhone - SAVA,16.489147,105.031659,2025-06-17T08:01:37.189603944Z,1.0,65.0,1.0,70.0,100.0,Asia/Vientiane,https://maps.gstatic.com/weather/v1/cloudy,Cloudy,en,CLOUDY,32.6,CELSIUS,40.2,CELSIUS,25.3,CELSIUS,40.2,CELSIUS,32.6,CELSIUS,25.0,RAIN,0.0,MILLIMETERS,0.1651,MILLIMETERS,1005.97,203.0,SOUTH_SOUTHWEST,11.0,KILOMETERS_PER_HOUR,21.0,KILOMETERS_PER_HOUR,16.0,KILOMETERS,0.2,CELSIUS,32.7,CELSIUS,26.2,CELSIUS,0.0,MILLIMETERS,0.5692,MILLIMETERS,,,,2025-06-17 15:00:08.255000+07:00,1500
1151,90509,Xaybuly - Savannakhet,Xaybuly - Savannakhet,17.075181,104.87732,2025-06-17T08:01:38.450169189Z,1.0,69.0,1.0,70.0,100.0,Asia/Vientiane,https://maps.gstatic.com/weather/v1/cloudy,Cloudy,en,CLOUDY,31.1,CELSIUS,37.4,CELSIUS,24.7,CELSIUS,37.4,CELSIUS,31.1,CELSIUS,25.0,RAIN,0.0,MILLIMETERS,0.20070000000000002,MILLIMETERS,1005.3,205.0,SOUTH_SOUTHWEST,11.0,KILOMETERS_PER_HOUR,26.0,KILOMETERS_PER_HOUR,16.0,KILOMETERS,-1.2,CELSIUS,32.3,CELSIUS,24.6,CELSIUS,0.0,MILLIMETERS,5.9641,MILLIMETERS,,,,2025-06-17 15:00:08.255000+07:00,1500
1152,90510,"Artsaphone Secondary School - Artsaphone, Savannakhet ມັດທະຍົມສົມບູນ ອາດສະພອນ","Artsaphone Secondary School - Artsaphone, Savannakhet ມັດທະຍົມສົມບູນ ອາດສະພອນ",16.844674,105.33638,2025-06-17T08:01:39.710310410Z,1.0,69.0,1.0,70.0,100.0,Asia/Vientiane,https://maps.gstatic.com/weather/v1/cloudy,Cloudy,en,CLOUDY,31.1,CELSIUS,37.4,CELSIUS,24.7,CELSIUS,37.4,CELSIUS,31.1,CELSIUS,25.0,RAIN,0.0,MILLIMETERS,0.20070000000000002,MILLIMETERS,1005.3,205.0,SOUTH_SOUTHWEST,11.0,KILOMETERS_PER_HOUR,26.0,KILOMETERS_PER_HOUR,16.0,KILOMETERS,-1.2,CELSIUS,32.3,CELSIUS,24.6,CELSIUS,0.0,MILLIMETERS,5.9641,MILLIMETERS,,,,2025-06-17 15:00:08.255000+07:00,1500
1153,90512,"Phin Secondary School - Phin, Savannakhet ມັດທະຍົມ ພີນ","Phin Secondary School - Phin, Savannakhet ມັດທະຍົມ ພີນ",16.527879,106.021922,2025-06-17T08:01:40.973993793Z,1.0,69.0,1.0,70.0,100.0,Asia/Vientiane,https://maps.gstatic.com/weather/v1/cloudy,Cloudy,en,CLOUDY,28.3,CELSIUS,33.5,CELSIUS,22.3,CELSIUS,33.5,CELSIUS,28.3,CELSIUS,25.0,RAIN,0.0,MILLIMETERS,0.2515,MILLIMETERS,1007.84,203.0,SOUTH_SOUTHWEST,8.0,KILOMETERS_PER_HOUR,16.0,KILOMETERS_PER_HOUR,16.0,KILOMETERS,-1.0,CELSIUS,29.3,CELSIUS,22.8,CELSIUS,0.0,MILLIMETERS,1.5243,MILLIMETERS,,,,2025-06-17 15:00:08.255000+07:00,1500
1154,90513,Songkhone - Savannakhet,Songkhone - Savannakhet,16.237196,105.1965,2025-06-17T08:01:42.268423822Z,1.0,65.0,1.0,70.0,100.0,Asia/Vientiane,https://maps.gstatic.com/weather/v1/strong_tstorms,Light thunderstorms and rain,en,LIGHT_THUNDERSTORM_RAIN,32.8,CELSIUS,40.8,CELSIUS,25.7,CELSIUS,40.8,CELSIUS,32.8,CELSIUS,35.0,RAIN,0.0,MILLIMETERS,0.40390000000000004,MILLIMETERS,1005.96,203.0,SOUTH_SOUTHWEST,13.0,KILOMETERS_PER_HOUR,21.0,KILOMETERS_PER_HOUR,16.0,KILOMETERS,0.4,CELSIUS,32.7,CELSIUS,26.4,CELSIUS,0.0,MILLIMETERS,0.739,MILLIMETERS,,,,2025-06-17 15:00:08.255000+07:00,1500
1155,90514,"Beungxang Secondary School - Xonbuly, Savannakhet ມັດທະຍົມ ບຶງຊ້າງ","Beungxang Secondary School - Xonbuly, Savannakhet ມັດທະຍົມ ບຶງຊ້າງ",16.388527,105.375363,2025-06-17T08:01:43.536346721Z,1.0,70.0,1.0,70.0,100.0,Asia/Vientiane,https://maps.gstatic.com/weather/v1/cloudy,Cloudy,en,CLOUDY,32.1,CELSIUS,40.2,CELSIUS,25.5,CELSIUS,40.2,CELSIUS,32.1,CELSIUS,20.0,RAIN,0.0,MILLIMETERS,0.1041,MILLIMETERS,1005.97,225.0,SOUTHWEST,11.0,KILOMETERS_PER_HOUR,21.0,KILOMETERS_PER_HOUR,16.0,KILOMETERS,-0.5,CELSIUS,32.6,CELSIUS,26.3,CELSIUS,0.0,MILLIMETERS,0.9145000000000001,MILLIMETERS,,,,2025-06-17 15:00:08.255000+07:00,1500
1156,90515,Vilabuly - Savannakhet,Vilabuly - Savannakhet,16.971649,105.944661,2025-06-17T08:01:44.823066304Z,1.0,62.0,1.0,70.0,95.0,Asia/Vientiane,https://maps.gstatic.com/weather/v1/drizzle,Light rain,en,LIGHT_RAIN,34.0,CELSIUS,43.2,CELSIUS,25.8,CELSIUS,43.2,CELSIUS,34.0,CELSIUS,25.0,RAIN,0.0,MILLIMETERS,0.5791000000000001,MILLIMETERS,1005.45,195.0,SOUTH_SOUTHWEST,8.0,KILOMETERS_PER_HOUR,14.0,KILOMETERS_PER_HOUR,16.0,KILOMETERS,2.2,CELSIUS,31.8,CELSIUS,24.3,CELSIUS,0.0,MILLIMETERS,3.7846,MILLIMETERS,,,,2025-06-17 15:00:08.255000+07:00,1500
1157,90516,"Phoummachedy Secondary School - Xayphouthong, Savannakhet ມັດທະຍົມ ພູມມະເຈດີ","Phoummachedy Secondary School - Xayphouthong, Savannakhet ມັດທະຍົມ ພູມມະເຈດີ",16.367044,105.005653,2025-06-17T08:01:46.104302178Z,1.0,65.0,1.0,70.0,100.0,Asia/Vientiane,https://maps.gstatic.com/weather/v1/strong_tstorms,Light thunderstorms and rain,en,LIGHT_THUNDERSTORM_RAIN,32.8,CELSIUS,40.8,CELSIUS,25.7,CELSIUS,40.8,CELSIUS,32.8,CELSIUS,35.0,RAIN,0.0,MILLIMETERS,0.40390000000000004,MILLIMETERS,1005.96,203.0,SOUTH_SOUTHWEST,13.0,KILOMETERS_PER_HOUR,21.0,KILOMETERS_PER_HOUR,16.0,KILOMETERS,0.4,CELSIUS,32.7,CELSIUS,26.4,CELSIUS,0.0,MILLIMETERS,0.739,MILLIMETERS,,,,2025-06-17 15:00:08.255000+07:00,1500
1158,90517,Phalanxay - Savannakhet,Phalanxay - Savannakhet,16.661353,105.58791,2025-06-17T08:01:47.363337510Z,1.0,62.0,1.0,70.0,95.0,Asia/Vientiane,https://maps.gstatic.com/weather/v1/drizzle,Light rain,en,LIGHT_RAIN,34.0,CELSIUS,43.2,CELSIUS,25.8,CELSIUS,43.2,CELSIUS,34.0,CELSIUS,25.0,RAIN,0.0,MILLIMETERS,0.5791000000000001,MILLIMETERS,1005.45,195.0,SOUTH_SOUTHWEST,8.0,KILOMETERS_PER_HOUR,14.0,KILOMETERS_PER_HOUR,16.0,KILOMETERS,2.2,CELSIUS,31.8,CELSIUS,24.3,CELSIUS,0.0,MILLIMETERS,3.7846,MILLIMETERS,,,,2025-06-17 15:00:08.255000+07:00,1500
1159,90518,"Saravane Secondary School -Saravane, Saravane ມັດທະຍົມສົມບູນ ສາລະວັນ","Saravane Secondary School -Saravane, Saravane ມັດທະຍົມສົມບູນ ສາລະວັນ",15.707906,106.422189,2025-06-17T08:01:48.615746413Z,1.0,71.0,1.0,2.0,100.0,Asia/Vientiane,https://maps.gstatic.com/weather/v1/cloudy,Cloudy,en,CLOUDY,31.0,CELSIUS,37.7,CELSIUS,25.2,CELSIUS,37.7,CELSIUS,31.0,CELSIUS,10.0,RAIN,0.0,MILLIMETERS,0.1448,MILLIMETERS,1006.73,270.0,WEST,6.0,KILOMETERS_PER_HOUR,13.0,KILOMETERS_PER_HOUR,16.0,KILOMETERS,-0.6000000000000001,CELSIUS,31.6,CELSIUS,24.3,CELSIUS,0.0,MILLIMETERS,2.6773000000000002,MILLIMETERS,,,,2025-06-17 15:00:08.255000+07:00,1500
1160,90520,"Toomlarn Secondary School - Toomlarn, Saravane ມັດທະຍົມສົມບູນ ຕຸ້ມລານ","Toomlarn Secondary School - Toomlarn, Saravane ມັດທະຍົມສົມບູນ ຕຸ້ມລານ",15.994499,106.192399,2025-06-17T08:01:48.860910441Z,1.0,69.0,1.0,70.0,100.0,Asia/Vientiane,https://maps.gstatic.com/weather/v1/cloudy,Cloudy,en,CLOUDY,28.3,CELSIUS,33.5,CELSIUS,22.3,CELSIUS,33.5,CELSIUS,28.3,CELSIUS,25.0,RAIN,0.0,MILLIMETERS,0.2515,MILLIMETERS,1007.83,203.0,SOUTH_SOUTHWEST,8.0,KILOMETERS_PER_HOUR,16.0,KILOMETERS_PER_HOUR,16.0,KILOMETERS,-1.0,CELSIUS,29.3,CELSIUS,22.8,CELSIUS,0.0,MILLIMETERS,1.5243,MILLIMETERS,,,,2025-06-17 15:00:08.255000+07:00,1500
1161,90521,"Lakhonesy Secondary School - Lakhonepheng, Saravane ມັດທະຍົມສົມບູນ ລະຄອນສີ","Lakhonesy Secondary School - Lakhonepheng, Saravane ມັດທະຍົມສົມບູນ ລະຄອນສີ",15.891245,105.567119,2025-06-17T08:01:50.134841244Z,1.0,70.0,1.0,70.0,100.0,Asia/Vientiane,https://maps.gstatic.com/weather/v1/cloudy,Cloudy,en,CLOUDY,31.7,CELSIUS,39.2,CELSIUS,26.0,CELSIUS,39.2,CELSIUS,31.7,CELSIUS,20.0,RAIN,0.0,MILLIMETERS,0.1041,MILLIMETERS,1006.0,203.0,SOUTH_SOUTHWEST,6.0,KILOMETERS_PER_HOUR,13.0,KILOMETERS_PER_HOUR,16.0,KILOMETERS,-0.4,CELSIUS,32.1,CELSIUS,25.8,CELSIUS,0.0,MILLIMETERS,1.5011,MILLIMETERS,,,,2025-06-17 15:00:08.255000+07:00,1500
1162,90522,Lao Ngarm - Salavan,Lao Ngarm - Salavan,15.461092,106.16172,2025-06-17T08:01:51.424099890Z,1.0,73.0,1.0,70.0,100.0,Asia/Vientiane,https://maps.gstatic.com/weather/v1/drizzle,Light rain,en,LIGHT_RAIN,32.3,CELSIUS,39.5,CELSIUS,27.0,CELSIUS,39.5,CELSIUS,32.3,CELSIUS,25.0,RAIN,0.0,MILLIMETERS,0.3226,MILLIMETERS,1006.67,248.0,WEST_SOUTHWEST,8.0,KILOMETERS_PER_HOUR,16.0,KILOMETERS_PER_HOUR,16.0,KILOMETERS,-0.6000000000000001,CELSIUS,32.9,CELSIUS,26.0,CELSIUS,0.0,MILLIMETERS,2.8144,MILLIMETERS,,,,2025-06-17 15:00:08.255000+07:00,1500
1163,90524,Khongxedone - Salavan,Khongxedone - Salavan,15.59088,105.804115,2025-06-17T08:01:52.737408930Z,1.0,70.0,1.0,70.0,100.0,Asia/Vientiane,https://maps.gstatic.com/weather/v1/cloudy,Cloudy,en,CLOUDY,31.7,CELSIUS,39.2,CELSIUS,26.0,CELSIUS,39.2,CELSIUS,31.7,CELSIUS,20.0,RAIN,0.0,MILLIMETERS,0.1041,MILLIMETERS,1006.0,203.0,SOUTH_SOUTHWEST,6.0,KILOMETERS_PER_HOUR,13.0,KILOMETERS_PER_HOUR,16.0,KILOMETERS,-0.4,CELSIUS,32.1,CELSIUS,25.8,CELSIUS,0.0,MILLIMETERS,1.5011,MILLIMETERS,,,,2025-06-17 15:00:08.255000+07:00,1500
1164,90526,Lamarm - Sekong ,Lamarm - Sekong ,15.352494,106.722444,2025-06-17T08:01:54.029106977Z,1.0,76.0,1.0,70.0,100.0,Asia/Vientiane,https://maps.gstatic.com/weather/v1/strong_tstorms,Light thunderstorms and rain,en,LIGHT_THUNDERSTORM_RAIN,30.2,CELSIUS,36.9,CELSIUS,25.4,CELSIUS,36.9,CELSIUS,30.2,CELSIUS,45.0,RAIN,0.0,MILLIMETERS,0.7112,MILLIMETERS,1006.98,270.0,WEST,3.0,KILOMETERS_PER_HOUR,5.0,KILOMETERS_PER_HOUR,16.0,KILOMETERS,-0.6000000000000001,CELSIUS,31.2,CELSIUS,24.3,CELSIUS,0.0,MILLIMETERS,2.7787,MILLIMETERS,,,,2025-06-17 15:00:08.255000+07:00,1500
1165,90527,"Kaleum Secondary School - Kaleum, Sekong ມັດທະຍົມ ກະລຶມ","Kaleum Secondary School - Kaleum, Sekong ມັດທະຍົມ ກະລຶມ",15.784384,106.906754,2025-06-17T08:01:55.334899756Z,1.0,77.0,1.0,70.0,100.0,Asia/Vientiane,https://maps.gstatic.com/weather/v1/strong_tstorms,Light thunderstorms and rain,en,LIGHT_THUNDERSTORM_RAIN,26.9,CELSIUS,29.8,CELSIUS,22.6,CELSIUS,29.8,CELSIUS,26.9,CELSIUS,40.0,RAIN,0.0,MILLIMETERS,0.5486,MILLIMETERS,1009.44,270.0,WEST,5.0,KILOMETERS_PER_HOUR,10.0,KILOMETERS_PER_HOUR,16.0,KILOMETERS,-0.6000000000000001,CELSIUS,27.5,CELSIUS,21.2,CELSIUS,0.0,MILLIMETERS,3.8098,MILLIMETERS,,,,2025-06-17 15:00:08.255000+07:00,1500
1166,90528,"Dakcheung Secondary School - Dakcheung, Sekongມັດທະຍົມສົມບູນ ດາກຈຶງ","Dakcheung Secondary School - Dakcheung, Sekongມັດທະຍົມສົມບູນ ດາກຈຶງ",15.467532,107.271451,,,,,,,,,,,,,,,,,,,,,,,,,,,,,,,,,,,,,,,,,,,,,,,404.0,Information is not supported for this location. Please try a different location.,NOT_FOUND,2025-06-17 15:00:08.255000+07:00,1500
1167,90529,Thateng -Sekong,Thateng -Sekong,15.434018,106.382399,2025-06-17T08:01:57.894477909Z,1.0,71.0,1.0,2.0,100.0,Asia/Vientiane,https://maps.gstatic.com/weather/v1/cloudy,Cloudy,en,CLOUDY,34.9,CELSIUS,41.6,CELSIUS,29.1,CELSIUS,41.6,CELSIUS,34.9,CELSIUS,10.0,RAIN,0.0,MILLIMETERS,0.1448,MILLIMETERS,1006.73,270.0,WEST,6.0,KILOMETERS_PER_HOUR,13.0,KILOMETERS_PER_HOUR,16.0,KILOMETERS,-0.6000000000000001,CELSIUS,35.5,CELSIUS,28.2,CELSIUS,0.0,MILLIMETERS,2.6773000000000002,MILLIMETERS,,,,2025-06-17 15:00:08.255000+07:00,1500
1168,90530,Pakse - Champasack,Pakse - Champasack,15.12006,105.80211,2025-06-17T08:01:59.170343035Z,1.0,70.0,1.0,0.0,100.0,Asia/Vientiane,https://maps.gstatic.com/weather/v1/cloudy,Cloudy,en,CLOUDY,32.3,CELSIUS,40.8,CELSIUS,26.0,CELSIUS,40.8,CELSIUS,32.3,CELSIUS,10.0,RAIN,0.0,MILLIMETERS,0.0,MILLIMETERS,1006.04,203.0,SOUTH_SOUTHWEST,5.0,KILOMETERS_PER_HOUR,10.0,KILOMETERS_PER_HOUR,16.0,KILOMETERS,-0.6000000000000001,CELSIUS,32.9,CELSIUS,25.6,CELSIUS,0.0,MILLIMETERS,2.0195,MILLIMETERS,,,,2025-06-17 15:00:08.255000+07:00,1500
1174,91254,"Chomphet Secondary School - Sisattanak, Vientiane Capital ມັດທະຍົມສົມບູນ ຈອມເພັດ","Chomphet Secondary School - Sisattanak, Vientiane Capital ມັດທະຍົມສົມບູນ ຈອມເພັດ",17.910254,102.622708,2025-06-17T08:02:00.439725566Z,1.0,67.0,1.0,71.0,95.0,Asia/Vientiane,https://maps.gstatic.com/weather/v1/cloudy,Cloudy,en,CLOUDY,33.1,CELSIUS,42.1,CELSIUS,26.1,CELSIUS,42.1,CELSIUS,33.1,CELSIUS,21.0,RAIN,0.0,MILLIMETERS,0.033,MILLIMETERS,1004.7,215.0,SOUTHWEST,10.0,KILOMETERS_PER_HOUR,16.0,KILOMETERS_PER_HOUR,16.0,KILOMETERS,1.4,CELSIUS,33.0,CELSIUS,25.8,CELSIUS,0.0,MILLIMETERS,3.7289,MILLIMETERS,,,,2025-06-17 15:00:08.255000+07:00,1500
1228,152182,"ParkOu Secondary School - ParkOu, Luangprabang ມັດທະຍົມສົມບູນ ປາກອູ","ParkOu Secondary School - ParkOu, Luangprabang ມັດທະຍົມສົມບູນ ປາກອູ",20.087592,102.256569,2025-06-17T08:02:01.701278036Z,1.0,63.0,1.0,70.0,100.0,Asia/Vientiane,https://maps.gstatic.com/weather/v1/drizzle,Light rain,en,LIGHT_RAIN,31.9,CELSIUS,37.6,CELSIUS,23.9,CELSIUS,37.6,CELSIUS,31.9,CELSIUS,25.0,RAIN,0.0,MILLIMETERS,0.3785,MILLIMETERS,1004.57,230.0,SOUTHWEST,11.0,KILOMETERS_PER_HOUR,30.0,KILOMETERS_PER_HOUR,16.0,KILOMETERS,4.4,CELSIUS,31.8,CELSIUS,24.1,CELSIUS,0.0,MILLIMETERS,11.8418,MILLIMETERS,,,,2025-06-17 15:00:08.255000+07:00,1500
1229,152240,"Phoukhoune Secondary School - Phoukhoune, Luangprabang ມັດທະຍົມ ພູຄູນ","Phoukhoune Secondary School - Phoukhoune, Luangprabang ມັດທະຍົມ ພູຄູນ",19.438824,102.428042,2025-06-17T08:02:02.945653512Z,1.0,83.0,1.0,70.0,100.0,Asia/Vientiane,https://maps.gstatic.com/weather/v1/drizzle,Light rain,en,LIGHT_RAIN,26.5,CELSIUS,28.8,CELSIUS,23.3,CELSIUS,28.8,CELSIUS,26.5,CELSIUS,25.0,RAIN,0.0,MILLIMETERS,0.5004000000000001,MILLIMETERS,1006.72,215.0,SOUTHWEST,10.0,KILOMETERS_PER_HOUR,24.0,KILOMETERS_PER_HOUR,16.0,KILOMETERS,2.6,CELSIUS,27.5,CELSIUS,20.6,CELSIUS,0.0,MILLIMETERS,9.34,MILLIMETERS,,,,2025-06-17 15:00:08.255000+07:00,1500
1234,152548,"Longsane Secondary School - Longsane , Xaysomboun ມັດທະຍົມສົມບຸນ ລ້ອງຊານ","Longsane Secondary School - Longsane , Xaysomboun ມັດທະຍົມສົມບຸນ ລ້ອງຊານ",18.550145,103.003076,2025-06-17T08:02:04.209728535Z,1.0,60.0,1.0,70.0,100.0,Asia/Vientiane,https://maps.gstatic.com/weather/v1/cloudy,Cloudy,en,CLOUDY,27.6,CELSIUS,33.3,CELSIUS,19.0,CELSIUS,33.3,CELSIUS,27.6,CELSIUS,20.0,RAIN,0.0,MILLIMETERS,0.0,MILLIMETERS,1005.53,240.0,WEST_SOUTHWEST,8.0,KILOMETERS_PER_HOUR,22.0,KILOMETERS_PER_HOUR,16.0,KILOMETERS,4.4,CELSIUS,26.7,CELSIUS,19.0,CELSIUS,0.0,MILLIMETERS,4.0135,MILLIMETERS,,,,2025-06-17 15:00:08.255000+07:00,1500
1250,153774,Bachiangchaleunsook - Champasack,Bachiangchaleunsook - Champasack,15.060355,105.897898,2025-06-17T08:02:05.513875462Z,1.0,70.0,1.0,0.0,100.0,Asia/Vientiane,https://maps.gstatic.com/weather/v1/cloudy,Cloudy,en,CLOUDY,32.3,CELSIUS,40.8,CELSIUS,26.0,CELSIUS,40.8,CELSIUS,32.3,CELSIUS,10.0,RAIN,0.0,MILLIMETERS,0.0,MILLIMETERS,1006.03,203.0,SOUTH_SOUTHWEST,5.0,KILOMETERS_PER_HOUR,10.0,KILOMETERS_PER_HOUR,16.0,KILOMETERS,-0.6000000000000001,CELSIUS,32.9,CELSIUS,25.6,CELSIUS,0.0,MILLIMETERS,2.0195,MILLIMETERS,,,,2025-06-17 15:00:08.255000+07:00,1500
1251,153777,"Dorntalath Secondary School - Champasack, Champasack ມັດທະຍົມ ດອນຕະລາດ","Dorntalath Secondary School - Champasack, Champasack ມັດທະຍົມ ດອນຕະລາດ",14.784126,105.819789,2025-06-17T08:02:06.809748697Z,1.0,70.0,1.0,0.0,100.0,Asia/Vientiane,https://maps.gstatic.com/weather/v1/cloudy,Cloudy,en,CLOUDY,32.1,CELSIUS,40.3,CELSIUS,25.7,CELSIUS,40.3,CELSIUS,32.1,CELSIUS,10.0,RAIN,0.0,MILLIMETERS,0.0,MILLIMETERS,1006.96,203.0,SOUTH_SOUTHWEST,3.0,KILOMETERS_PER_HOUR,6.0,KILOMETERS_PER_HOUR,16.0,KILOMETERS,-0.7000000000000001,CELSIUS,32.8,CELSIUS,25.2,CELSIUS,0.0,MILLIMETERS,4.562,MILLIMETERS,,,,2025-06-17 15:00:08.255000+07:00,1500
1252,153790,Khong - Champasack,Khong - Champasack,14.048226,105.896012,2025-06-17T08:02:08.089205458Z,1.0,65.0,1.0,2.0,100.0,Asia/Vientiane,https://maps.gstatic.com/weather/v1/cloudy,Cloudy,en,CLOUDY,33.1,CELSIUS,41.6,CELSIUS,25.9,CELSIUS,41.6,CELSIUS,33.1,CELSIUS,11.0,RAIN,0.0,MILLIMETERS,0.17270000000000002,MILLIMETERS,1006.96,225.0,SOUTHWEST,6.0,KILOMETERS_PER_HOUR,11.0,KILOMETERS_PER_HOUR,16.0,KILOMETERS,-0.7000000000000001,CELSIUS,33.8,CELSIUS,25.6,CELSIUS,0.0,MILLIMETERS,9.4439,MILLIMETERS,,,,2025-06-17 15:00:08.255000+07:00,1500
1253,153866,Samakkhixay - Attapeu,Samakkhixay - Attapeu,14.812678,106.829211,2025-06-17T08:02:09.336696779Z,1.0,66.0,1.0,3.0,100.0,Asia/Vientiane,https://maps.gstatic.com/weather/v1/cloudy,Cloudy,en,CLOUDY,32.4,CELSIUS,39.9,CELSIUS,25.2,CELSIUS,39.9,CELSIUS,32.4,CELSIUS,11.0,RAIN,0.0,MILLIMETERS,0.16,MILLIMETERS,1006.27,225.0,SOUTHWEST,6.0,KILOMETERS_PER_HOUR,13.0,KILOMETERS_PER_HOUR,16.0,KILOMETERS,0.5,CELSIUS,32.4,CELSIUS,24.4,CELSIUS,0.0,MILLIMETERS,8.3869,MILLIMETERS,,,,2025-06-17 15:00:08.255000+07:00,1500
1302,156307,UNICEF Lao PDR CO,UNICEF Lao PDR CO,17.9376508179,102.617231896,2025-06-17T08:02:10.626432167Z,1.0,67.0,1.0,71.0,95.0,Asia/Vientiane,https://maps.gstatic.com/weather/v1/cloudy,Cloudy,en,CLOUDY,33.1,CELSIUS,42.1,CELSIUS,26.1,CELSIUS,42.1,CELSIUS,33.1,CELSIUS,21.0,RAIN,0.0,MILLIMETERS,0.033,MILLIMETERS,1004.7,215.0,SOUTHWEST,10.0,KILOMETERS_PER_HOUR,16.0,KILOMETERS_PER_HOUR,16.0,KILOMETERS,1.4,CELSIUS,33.0,CELSIUS,25.8,CELSIUS,0.0,MILLIMETERS,3.7289,MILLIMETERS,,,,2025-06-17 15:00:08.255000+07:00,1500
1084,90402,"Sathit Secondary School - Xaythani, Vientiane Capital ມັດທະຍົມ ສາທິດ","Sathit Secondary School - Xaythani, Vientiane Capital ມັດທະຍົມ ສາທິດ",18.035248,102.63994,2025-06-17T09:00:11.581319759Z,1.0,72.0,0.0,90.0,95.0,Asia/Vientiane,https://maps.gstatic.com/weather/v1/strong_tstorms,Thunderstorm,en,THUNDERSTORM,31.4,CELSIUS,39.2,CELSIUS,25.7,CELSIUS,39.2,CELSIUS,31.4,CELSIUS,55.0,RAIN,0.0,MILLIMETERS,0.20320000000000002,MILLIMETERS,1005.47,280.0,WEST,8.0,KILOMETERS_PER_HOUR,21.0,KILOMETERS_PER_HOUR,16.0,KILOMETERS,-1.3,CELSIUS,33.1,CELSIUS,25.8,CELSIUS,0.0,MILLIMETERS,3.833,MILLIMETERS,,,,2025-06-17 16:00:07.468000+07:00,1600
1085,90410,"Naxaithong Secondary School - Naxaithong, Vientiane Capital ມັດທະຍົມ ນາຊາຍທອງ","Naxaithong Secondary School - Naxaithong, Vientiane Capital ມັດທະຍົມ ນາຊາຍທອງ",18.068595,102.535866,2025-06-17T09:00:12.833900113Z,1.0,70.0,0.0,70.0,100.0,Asia/Vientiane,https://maps.gstatic.com/weather/v1/strong_tstorms,Light thunderstorms and rain,en,LIGHT_THUNDERSTORM_RAIN,33.6,CELSIUS,44.5,CELSIUS,27.3,CELSIUS,44.5,CELSIUS,33.6,CELSIUS,40.0,RAIN,0.0,MILLIMETERS,0.34540000000000004,MILLIMETERS,1004.93,220.0,SOUTHWEST,11.0,KILOMETERS_PER_HOUR,21.0,KILOMETERS_PER_HOUR,16.0,KILOMETERS,0.7000000000000001,CELSIUS,33.9,CELSIUS,25.9,CELSIUS,0.0,MILLIMETERS,3.8076,MILLIMETERS,,,,2025-06-17 16:00:07.468000+07:00,1600
1086,90411,d83bda1bc98c Phongsaly - Phongsaly,d83bda1bc98c Phongsaly - Phongsaly,21.695,102.085,2025-06-17T09:00:14.071428934Z,1.0,92.0,0.0,60.0,100.0,Asia/Vientiane,https://maps.gstatic.com/weather/v1/drizzle,Light rain,en,LIGHT_RAIN,25.8,CELSIUS,29.3,CELSIUS,24.3,CELSIUS,29.3,CELSIUS,25.8,CELSIUS,25.0,RAIN,0.0,MILLIMETERS,1.0846,MILLIMETERS,1004.39,205.0,SOUTH_SOUTHWEST,5.0,KILOMETERS_PER_HOUR,8.0,KILOMETERS_PER_HOUR,14.0,KILOMETERS,3.6,CELSIUS,26.6,CELSIUS,20.3,CELSIUS,0.0,MILLIMETERS,17.1576,MILLIMETERS,,,,2025-06-17 16:00:07.468000+07:00,1600
1087,90412,May - Phongsaly,May - Phongsaly,21.172583,102.722705,2025-06-17T09:00:15.332737460Z,1.0,76.0,0.0,50.0,100.0,Asia/Vientiane,https://maps.gstatic.com/weather/v1/drizzle,Light rain,en,LIGHT_RAIN,25.8,CELSIUS,28.6,CELSIUS,21.0,CELSIUS,28.6,CELSIUS,25.8,CELSIUS,25.0,RAIN,0.0,MILLIMETERS,0.09910000000000001,MILLIMETERS,1005.75,235.0,SOUTHWEST,11.0,KILOMETERS_PER_HOUR,31.0,KILOMETERS_PER_HOUR,16.0,KILOMETERS,3.5,CELSIUS,26.7,CELSIUS,19.9,CELSIUS,0.0,MILLIMETERS,13.9217,MILLIMETERS,,,,2025-06-17 16:00:07.468000+07:00,1600
1088,90413,"Natoon Secondary School - Khua, Phongsaly ມັດທະຍົມສົມບູນ ນາຕູ່ນ","Natoon Secondary School - Khua, Phongsaly ມັດທະຍົມສົມບູນ ນາຕູ່ນ",21.078865,102.505833,2025-06-17T09:00:16.612519068Z,1.0,67.0,0.0,40.0,100.0,Asia/Vientiane,https://maps.gstatic.com/weather/v1/cloudy,Cloudy,en,CLOUDY,26.4,CELSIUS,29.3,CELSIUS,19.7,CELSIUS,29.3,CELSIUS,26.4,CELSIUS,25.0,RAIN,0.0,MILLIMETERS,0.09910000000000001,MILLIMETERS,1004.48,235.0,SOUTHWEST,11.0,KILOMETERS_PER_HOUR,29.0,KILOMETERS_PER_HOUR,16.0,KILOMETERS,2.9,CELSIUS,27.0,CELSIUS,19.8,CELSIUS,0.0,MILLIMETERS,6.7668,MILLIMETERS,,,,2025-06-17 16:00:07.468000+07:00,1600
1089,90414,"Naxay Secondary School - Samphanh, Phongsaly ມັດທະຍົມສົມບູນ ນາໄຊ","Naxay Secondary School - Samphanh, Phongsaly ມັດທະຍົມສົມບູນ ນາໄຊ",21.346014,102.349329,2025-06-17T09:00:17.888292675Z,1.0,93.0,0.0,50.0,100.0,Asia/Vientiane,https://maps.gstatic.com/weather/v1/drizzle,Light rain,en,LIGHT_RAIN,15.8,CELSIUS,18.2,CELSIUS,14.7,CELSIUS,18.2,CELSIUS,15.8,CELSIUS,25.0,RAIN,0.0,MILLIMETERS,0.4369,MILLIMETERS,1005.26,235.0,SOUTHWEST,6.0,KILOMETERS_PER_HOUR,10.0,KILOMETERS_PER_HOUR,11.0,KILOMETERS,2.4,CELSIUS,16.0,CELSIUS,10.8,CELSIUS,0.0,MILLIMETERS,13.9196,MILLIMETERS,,,,2025-06-17 16:00:07.468000+07:00,1600
1090,90419,"Long Secondary School - Long, LuangNamtha ມັດທະຍົມສົມບູນ ເມືອງລອງ","Long Secondary School - Long, LuangNamtha ມັດທະຍົມສົມບູນ ເມືອງລອງ",20.962029,100.82109,2025-06-17T09:00:19.198059389Z,1.0,80.0,0.0,30.0,100.0,Asia/Vientiane,https://maps.gstatic.com/weather/v1/drizzle,Light rain,en,LIGHT_RAIN,25.2,CELSIUS,27.3,CELSIUS,21.5,CELSIUS,27.3,CELSIUS,25.2,CELSIUS,35.0,RAIN,0.0,MILLIMETERS,0.4801,MILLIMETERS,1005.4,225.0,SOUTHWEST,8.0,KILOMETERS_PER_HOUR,18.0,KILOMETERS_PER_HOUR,16.0,KILOMETERS,0.30000000000000004,CELSIUS,27.2,CELSIUS,21.9,CELSIUS,0.0,MILLIMETERS,8.466,MILLIMETERS,,,,2025-06-17 16:00:07.468000+07:00,1600
1091,90421,"Sing Secondary School - Sing, LuangNamtha ມັດທະຍົມສົມບູນ ເມືອງສິງ","Sing Secondary School - Sing, LuangNamtha ມັດທະຍົມສົມບູນ ເມືອງສິງ",21.190223,101.144937,2025-06-17T09:00:20.493475147Z,1.0,80.0,0.0,30.0,100.0,Asia/Vientiane,https://maps.gstatic.com/weather/v1/drizzle,Light rain,en,LIGHT_RAIN,25.2,CELSIUS,27.3,CELSIUS,21.5,CELSIUS,27.3,CELSIUS,25.2,CELSIUS,35.0,RAIN,0.0,MILLIMETERS,0.4801,MILLIMETERS,1005.4,225.0,SOUTHWEST,8.0,KILOMETERS_PER_HOUR,18.0,KILOMETERS_PER_HOUR,16.0,KILOMETERS,0.30000000000000004,CELSIUS,27.2,CELSIUS,21.9,CELSIUS,0.0,MILLIMETERS,8.466,MILLIMETERS,,,,2025-06-17 16:00:07.468000+07:00,1600
1092,90424,"La Secondary School - La, Oudomxai ມັດທະຍົມສົມບູນ ເມືອງຫລາ","La Secondary School - La, Oudomxai ມັດທະຍົມສົມບູນ ເມືອງຫລາ",20.870865,102.110246,2025-06-17T09:00:21.728966713Z,1.0,67.0,0.0,40.0,100.0,Asia/Vientiane,https://maps.gstatic.com/weather/v1/cloudy,Cloudy,en,CLOUDY,27.1,CELSIUS,29.9,CELSIUS,20.3,CELSIUS,29.9,CELSIUS,27.1,CELSIUS,25.0,RAIN,0.0,MILLIMETERS,0.09910000000000001,MILLIMETERS,1004.48,235.0,SOUTHWEST,11.0,KILOMETERS_PER_HOUR,29.0,KILOMETERS_PER_HOUR,16.0,KILOMETERS,2.9,CELSIUS,27.6,CELSIUS,20.5,CELSIUS,0.0,MILLIMETERS,6.7668,MILLIMETERS,,,,2025-06-17 16:00:07.468000+07:00,1600
1093,90425,"Namor Secondary School - Namor, Oudomxay ມັດທະຍົມ ເມືອງນາໝໍ້","Namor Secondary School - Namor, Oudomxay ມັດທະຍົມ ເມືອງນາໝໍ້",20.914061,101.764456,2025-06-17T09:00:23.001651914Z,1.0,85.0,0.0,40.0,100.0,Asia/Vientiane,https://maps.gstatic.com/weather/v1/drizzle,Light rain,en,LIGHT_RAIN,24.0,CELSIUS,26.6,CELSIUS,20.8,CELSIUS,26.6,CELSIUS,24.0,CELSIUS,65.0,RAIN,0.0,MILLIMETERS,1.7374,MILLIMETERS,1005.92,203.0,SOUTH_SOUTHWEST,6.0,KILOMETERS_PER_HOUR,11.0,KILOMETERS_PER_HOUR,16.0,KILOMETERS,0.6000000000000001,CELSIUS,27.9,CELSIUS,20.8,CELSIUS,0.0,MILLIMETERS,10.442,MILLIMETERS,,,,2025-06-17 16:00:07.468000+07:00,1600
1094,90426,Nga - Oudomxai,Nga - Oudomxai,20.282849,101.973769,2025-06-17T09:00:24.273059976Z,1.0,66.0,0.0,50.0,100.0,Asia/Vientiane,https://maps.gstatic.com/weather/v1/cloudy,Cloudy,en,CLOUDY,31.2,CELSIUS,36.2,CELSIUS,24.3,CELSIUS,36.2,CELSIUS,31.2,CELSIUS,20.0,RAIN,0.0,MILLIMETERS,0.3835,MILLIMETERS,1004.24,215.0,SOUTHWEST,11.0,KILOMETERS_PER_HOUR,26.0,KILOMETERS_PER_HOUR,16.0,KILOMETERS,2.8,CELSIUS,31.3,CELSIUS,24.4,CELSIUS,0.0,MILLIMETERS,14.2368,MILLIMETERS,,,,2025-06-17 16:00:07.468000+07:00,1600
1095,90427,Beng - Oudomxai,Beng - Oudomxai,20.296295,101.639666,2025-06-17T09:00:25.564356367Z,1.0,75.0,0.0,60.0,100.0,Asia/Vientiane,https://maps.gstatic.com/weather/v1/strong_tstorms,Light thunderstorms and rain,en,LIGHT_THUNDERSTORM_RAIN,26.9,CELSIUS,29.7,CELSIUS,22.2,CELSIUS,29.7,CELSIUS,26.9,CELSIUS,35.0,RAIN,0.0,MILLIMETERS,0.48260000000000003,MILLIMETERS,1005.58,203.0,SOUTH_SOUTHWEST,8.0,KILOMETERS_PER_HOUR,16.0,KILOMETERS_PER_HOUR,16.0,KILOMETERS,0.1,CELSIUS,29.2,CELSIUS,22.9,CELSIUS,0.0,MILLIMETERS,5.1864,MILLIMETERS,,,,2025-06-17 16:00:07.468000+07:00,1600
1096,90428,"Hoon Secondary School - Hoon, Oudomxay ມັດທະຍົມ ເມືອງຮຸນ","Hoon Secondary School - Hoon, Oudomxay ມັດທະຍົມ ເມືອງຮຸນ",20.146431,101.467765,2025-06-17T09:00:26.804256876Z,1.0,75.0,0.0,60.0,100.0,Asia/Vientiane,https://maps.gstatic.com/weather/v1/strong_tstorms,Light thunderstorms and rain,en,LIGHT_THUNDERSTORM_RAIN,26.9,CELSIUS,29.7,CELSIUS,22.2,CELSIUS,29.7,CELSIUS,26.9,CELSIUS,35.0,RAIN,0.0,MILLIMETERS,0.48260000000000003,MILLIMETERS,1005.58,203.0,SOUTH_SOUTHWEST,8.0,KILOMETERS_PER_HOUR,16.0,KILOMETERS_PER_HOUR,16.0,KILOMETERS,0.1,CELSIUS,29.2,CELSIUS,22.9,CELSIUS,0.0,MILLIMETERS,5.1864,MILLIMETERS,,,,2025-06-17 16:00:07.468000+07:00,1600
1097,90430,"Nampook Secondary School - Huoixai, Bokeo ມັດທະຍົມສົມບູນ ນ້ຳປຸກ","Nampook Secondary School - Huoixai, Bokeo ມັດທະຍົມສົມບູນ ນ້ຳປຸກ",20.217811,100.565439,2025-06-17T09:00:28.043452849Z,1.0,78.0,0.0,70.0,100.0,Asia/Vientiane,https://maps.gstatic.com/weather/v1/strong_tstorms,Light thunderstorms and rain,en,LIGHT_THUNDERSTORM_RAIN,28.1,CELSIUS,32.2,CELSIUS,23.8,CELSIUS,32.2,CELSIUS,28.1,CELSIUS,40.0,RAIN,0.0,MILLIMETERS,0.8763000000000001,MILLIMETERS,1005.0,225.0,SOUTHWEST,6.0,KILOMETERS_PER_HOUR,14.0,KILOMETERS_PER_HOUR,16.0,KILOMETERS,-0.1,CELSIUS,30.5,CELSIUS,24.2,CELSIUS,0.0,MILLIMETERS,25.5599,MILLIMETERS,,,,2025-06-17 16:00:07.468000+07:00,1600
1098,90432,Meung - Bokeo,Meung - Bokeo,20.565749,100.592003,2025-06-17T09:00:29.308906923Z,1.0,82.0,1.0,40.0,100.0,Asia/Vientiane,https://maps.gstatic.com/weather/v1/drizzle,Light rain,en,LIGHT_RAIN,23.6,CELSIUS,26.5,CELSIUS,20.4,CELSIUS,26.5,CELSIUS,23.6,CELSIUS,45.0,RAIN,0.0,MILLIMETERS,0.9906,MILLIMETERS,1005.32,203.0,SOUTH_SOUTHWEST,6.0,KILOMETERS_PER_HOUR,11.0,KILOMETERS_PER_HOUR,16.0,KILOMETERS,0.8,CELSIUS,27.0,CELSIUS,20.4,CELSIUS,0.0,MILLIMETERS,13.838,MILLIMETERS,,,,2025-06-17 16:00:07.468000+07:00,1600
1099,90433,Pha Oudom - Bokeo,Pha Oudom - Bokeo,20.086216,100.831707,2025-06-17T09:00:30.581148112Z,1.0,75.0,0.0,50.0,100.0,Asia/Vientiane,https://maps.gstatic.com/weather/v1/strong_tstorms,Light thunderstorms and rain,en,LIGHT_THUNDERSTORM_RAIN,22.9,CELSIUS,25.5,CELSIUS,18.4,CELSIUS,25.5,CELSIUS,22.9,CELSIUS,40.0,RAIN,0.0,MILLIMETERS,0.34800000000000003,MILLIMETERS,1005.54,248.0,WEST_SOUTHWEST,6.0,KILOMETERS_PER_HOUR,14.0,KILOMETERS_PER_HOUR,16.0,KILOMETERS,1.6,CELSIUS,23.6,CELSIUS,18.8,CELSIUS,0.0,MILLIMETERS,12.855,MILLIMETERS,,,,2025-06-17 16:00:07.468000+07:00,1600
1100,90434,Paktha - Bokeo,Paktha - Bokeo,20.105423,100.597269,2025-06-17T09:00:31.852850735Z,1.0,78.0,0.0,70.0,100.0,Asia/Vientiane,https://maps.gstatic.com/weather/v1/strong_tstorms,Light thunderstorms and rain,en,LIGHT_THUNDERSTORM_RAIN,28.1,CELSIUS,32.2,CELSIUS,23.8,CELSIUS,32.2,CELSIUS,28.1,CELSIUS,40.0,RAIN,0.0,MILLIMETERS,0.8763000000000001,MILLIMETERS,1005.0,225.0,SOUTHWEST,6.0,KILOMETERS_PER_HOUR,14.0,KILOMETERS_PER_HOUR,16.0,KILOMETERS,-0.1,CELSIUS,30.5,CELSIUS,24.2,CELSIUS,0.0,MILLIMETERS,25.5599,MILLIMETERS,,,,2025-06-17 16:00:07.468000+07:00,1600
1101,90435,"Santiphab Secondary School - Luangprabang, Luangprabang ມັດທະຍົມ ສັນຕິພາບ","Santiphab Secondary School - Luangprabang, Luangprabang ມັດທະຍົມ ສັນຕິພາບ",19.880332,102.139832,2025-06-17T09:00:33.122112814Z,1.0,57.0,0.0,70.0,100.0,Asia/Vientiane,https://maps.gstatic.com/weather/v1/drizzle,Light rain,en,LIGHT_RAIN,33.1,CELSIUS,38.9,CELSIUS,23.5,CELSIUS,38.9,CELSIUS,33.1,CELSIUS,25.0,RAIN,0.0,MILLIMETERS,0.2896,MILLIMETERS,1003.83,230.0,SOUTHWEST,10.0,KILOMETERS_PER_HOUR,22.0,KILOMETERS_PER_HOUR,16.0,KILOMETERS,3.3,CELSIUS,32.6,CELSIUS,24.2,CELSIUS,0.0,MILLIMETERS,11.620800000000001,MILLIMETERS,,,,2025-06-17 16:00:07.468000+07:00,1600
1102,90437,"PakXeng Secondary School - PakXeng, Luangprabang ມັດທະຍົມສົມບູນ ປາກແຊງ","PakXeng Secondary School - PakXeng, Luangprabang ມັດທະຍົມສົມບູນ ປາກແຊງ",20.174492,102.675657,2025-06-17T09:00:34.381447828Z,1.0,68.0,0.0,60.0,100.0,Asia/Vientiane,https://maps.gstatic.com/weather/v1/strong_tstorms,Light thunderstorms and rain,en,LIGHT_THUNDERSTORM_RAIN,25.9,CELSIUS,29.4,CELSIUS,19.2,CELSIUS,29.4,CELSIUS,25.9,CELSIUS,40.0,RAIN,0.0,MILLIMETERS,0.16,MILLIMETERS,1004.83,235.0,SOUTHWEST,6.0,KILOMETERS_PER_HOUR,18.0,KILOMETERS_PER_HOUR,16.0,KILOMETERS,5.1,CELSIUS,26.8,CELSIUS,18.0,CELSIUS,0.0,MILLIMETERS,15.3139,MILLIMETERS,,,,2025-06-17 16:00:07.468000+07:00,1600
1103,90438,"Phonxay Secpondary School - Phonxay, Luangprabang ມັດທະຍົມສົມບູນ ເມືອງໂພນໄຊ","Phonxay Secpondary School - Phonxay, Luangprabang ມັດທະຍົມສົມບູນ ເມືອງໂພນໄຊ",19.958916,102.572347,,,,,,,,,,,,,,,,,,,,,,,,,,,,,,,,,,,,,,,,,,,,,,,404.0,Information is not supported for this location. Please try a different location.,NOT_FOUND,2025-06-17 16:00:07.468000+07:00,1600
1104,90440,"Vangxieng Secondary School - Phonthong, Luangprabang ມັດທະຍົມ ວັງຊຽງ","Vangxieng Secondary School - Phonthong, Luangprabang ມັດທະຍົມ ວັງຊຽງ",20.737745,103.073231,2025-06-17T09:00:36.903516820Z,1.0,76.0,0.0,50.0,100.0,Asia/Vientiane,https://maps.gstatic.com/weather/v1/drizzle,Light rain,en,LIGHT_RAIN,26.4,CELSIUS,29.2,CELSIUS,21.6,CELSIUS,29.2,CELSIUS,26.4,CELSIUS,25.0,RAIN,0.0,MILLIMETERS,0.09910000000000001,MILLIMETERS,1005.75,235.0,SOUTHWEST,11.0,KILOMETERS_PER_HOUR,30.0,KILOMETERS_PER_HOUR,16.0,KILOMETERS,3.4,CELSIUS,27.4,CELSIUS,20.5,CELSIUS,0.0,MILLIMETERS,13.9217,MILLIMETERS,,,,2025-06-17 16:00:07.468000+07:00,1600
1105,90441,"Kiwkachum Secondary School - XiengNgeun, Luangprabang ມັດທະຍົມ ກິ່ວກະຈຳ","Kiwkachum Secondary School - XiengNgeun, Luangprabang ມັດທະຍົມ ກິ່ວກະຈຳ",19.555,102.234,2025-06-17T09:00:38.177449335Z,1.0,67.0,0.0,70.0,100.0,Asia/Vientiane,https://maps.gstatic.com/weather/v1/drizzle,Light rain,en,LIGHT_RAIN,29.6,CELSIUS,32.4,CELSIUS,22.9,CELSIUS,32.4,CELSIUS,29.6,CELSIUS,25.0,RAIN,0.0,MILLIMETERS,0.40130000000000005,MILLIMETERS,1005.74,215.0,SOUTHWEST,10.0,KILOMETERS_PER_HOUR,26.0,KILOMETERS_PER_HOUR,16.0,KILOMETERS,4.1,CELSIUS,29.4,CELSIUS,20.6,CELSIUS,0.0,MILLIMETERS,9.0403,MILLIMETERS,,,,2025-06-17 16:00:07.468000+07:00,1600
1106,90442,"Nan Secondary School - Nan, Luangprabang ມັດທະຍົມ ເມືອງນານ","Nan Secondary School - Nan, Luangprabang ມັດທະຍົມ ເມືອງນານ",19.498539,101.883867,2025-06-17T09:00:39.451646304Z,1.0,79.0,0.0,70.0,100.0,Asia/Vientiane,https://maps.gstatic.com/weather/v1/drizzle,Light rain,en,LIGHT_RAIN,23.3,CELSIUS,26.6,CELSIUS,18.9,CELSIUS,26.6,CELSIUS,23.3,CELSIUS,25.0,RAIN,0.0,MILLIMETERS,0.3759,MILLIMETERS,1005.9,203.0,SOUTH_SOUTHWEST,5.0,KILOMETERS_PER_HOUR,10.0,KILOMETERS_PER_HOUR,16.0,KILOMETERS,-0.5,CELSIUS,23.8,CELSIUS,19.1,CELSIUS,0.0,MILLIMETERS,16.8456,MILLIMETERS,,,,2025-06-17 16:00:07.468000+07:00,1600
1107,90447,Xamneua - Houaphan,Xamneua - Houaphan,20.413807,104.050733,2025-06-17T09:00:40.713705418Z,1.0,67.0,0.0,70.0,100.0,Asia/Vientiane,https://maps.gstatic.com/weather/v1/drizzle,Light rain,en,LIGHT_RAIN,28.7,CELSIUS,31.8,CELSIUS,21.9,CELSIUS,31.8,CELSIUS,28.7,CELSIUS,25.0,RAIN,0.0,MILLIMETERS,1.143,MILLIMETERS,1005.34,245.0,WEST_SOUTHWEST,5.0,KILOMETERS_PER_HOUR,11.0,KILOMETERS_PER_HOUR,16.0,KILOMETERS,5.3,CELSIUS,30.4,CELSIUS,20.3,CELSIUS,0.0,MILLIMETERS,5.6772,MILLIMETERS,,,,2025-06-17 16:00:07.468000+07:00,1600
1108,90449,"BouamNgam Secondary School - Huameuang, Houaphan  ມັດທະຍົມ ບວມງາມ","BouamNgam Secondary School - Huameuang, Houaphan  ມັດທະຍົມ ບວມງາມ",20.199501,103.875166,2025-06-17T09:00:41.983756879Z,1.0,72.0,0.0,50.0,100.0,Asia/Vientiane,https://maps.gstatic.com/weather/v1/drizzle,Light rain,en,LIGHT_RAIN,26.3,CELSIUS,28.7,CELSIUS,20.9,CELSIUS,28.7,CELSIUS,26.3,CELSIUS,25.0,RAIN,0.0,MILLIMETERS,0.5512,MILLIMETERS,1006.1,215.0,SOUTHWEST,8.0,KILOMETERS_PER_HOUR,22.0,KILOMETERS_PER_HOUR,16.0,KILOMETERS,4.7,CELSIUS,26.9,CELSIUS,19.2,CELSIUS,0.0,MILLIMETERS,6.5891,MILLIMETERS,,,,2025-06-17 16:00:07.468000+07:00,1600
1109,90450,Xamtay - Houaphan,Xamtay - Houaphan,19.999194,104.64011,2025-06-17T09:00:43.252394505Z,1.0,67.0,0.0,40.0,100.0,Asia/Vientiane,https://maps.gstatic.com/weather/v1/drizzle,Light rain,en,LIGHT_RAIN,27.1,CELSIUS,29.9,CELSIUS,20.3,CELSIUS,29.9,CELSIUS,27.1,CELSIUS,25.0,RAIN,0.0,MILLIMETERS,0.8839,MILLIMETERS,1005.97,215.0,SOUTHWEST,5.0,KILOMETERS_PER_HOUR,18.0,KILOMETERS_PER_HOUR,16.0,KILOMETERS,2.8,CELSIUS,29.0,CELSIUS,19.1,CELSIUS,0.0,MILLIMETERS,3.8533,MILLIMETERS,,,,2025-06-17 16:00:07.468000+07:00,1600
1110,90451,"Add Secondary School - Add, Houaphan ມັດທະຍົມ ແອດ","Add Secondary School - Add, Houaphan ມັດທະຍົມ ແອດ",20.820542,104.004618,,,,,,,,,,,,,,,,,,,,,,,,,,,,,,,,,,,,,,,,,,,,,,,404.0,Information is not supported for this location. Please try a different location.,NOT_FOUND,2025-06-17 16:00:07.468000+07:00,1600
1111,90452,Xon - Houaphan,Xon - Houaphan,20.466813,103.34797,2025-06-17T09:00:45.740062527Z,1.0,72.0,0.0,50.0,100.0,Asia/Vientiane,https://maps.gstatic.com/weather/v1/drizzle,Light rain,en,LIGHT_RAIN,23.7,CELSIUS,26.1,CELSIUS,18.3,CELSIUS,26.1,CELSIUS,23.7,CELSIUS,25.0,RAIN,0.0,MILLIMETERS,0.5512,MILLIMETERS,1006.1,215.0,SOUTHWEST,8.0,KILOMETERS_PER_HOUR,22.0,KILOMETERS_PER_HOUR,16.0,KILOMETERS,4.7,CELSIUS,24.3,CELSIUS,16.6,CELSIUS,0.0,MILLIMETERS,6.5891,MILLIMETERS,,,,2025-06-17 16:00:07.468000+07:00,1600
1112,90453,Xiengkhor - Houaphan,Xiengkhor - Houaphan,20.813892,104.146676,,,,,,,,,,,,,,,,,,,,,,,,,,,,,,,,,,,,,,,,,,,,,,,404.0,Information is not supported for this location. Please try a different location.,NOT_FOUND,2025-06-17 16:00:07.468000+07:00,1600
1113,90454," Viengthong Secondary School - Hiem, Houaphan ມັດທະຍົມ ວຽງທອງ"," Viengthong Secondary School - Hiem, Houaphan ມັດທະຍົມ ວຽງທອງ",20.099855,103.380396,2025-06-17T09:00:48.226602467Z,1.0,72.0,0.0,50.0,100.0,Asia/Vientiane,https://maps.gstatic.com/weather/v1/drizzle,Light rain,en,LIGHT_RAIN,23.7,CELSIUS,26.1,CELSIUS,18.3,CELSIUS,26.1,CELSIUS,23.7,CELSIUS,25.0,RAIN,0.0,MILLIMETERS,0.5512,MILLIMETERS,1006.1,215.0,SOUTHWEST,8.0,KILOMETERS_PER_HOUR,22.0,KILOMETERS_PER_HOUR,16.0,KILOMETERS,4.7,CELSIUS,24.3,CELSIUS,16.6,CELSIUS,0.0,MILLIMETERS,6.5891,MILLIMETERS,,,,2025-06-17 16:00:07.468000+07:00,1600
1114,90455,"Sopbao Secondary School - Sopbao, Houaphan ມັດທະຍົມ ສົບເບົາ","Sopbao Secondary School - Sopbao, Houaphan ມັດທະຍົມ ສົບເບົາ",20.710206,104.384946,2025-06-17T09:00:49.484431995Z,1.0,67.0,0.0,70.0,100.0,Asia/Vientiane,https://maps.gstatic.com/weather/v1/drizzle,Light rain,en,LIGHT_RAIN,24.8,CELSIUS,27.9,CELSIUS,18.0,CELSIUS,27.9,CELSIUS,24.8,CELSIUS,25.0,RAIN,0.0,MILLIMETERS,1.143,MILLIMETERS,1005.34,245.0,WEST_SOUTHWEST,5.0,KILOMETERS_PER_HOUR,11.0,KILOMETERS_PER_HOUR,16.0,KILOMETERS,5.3,CELSIUS,26.5,CELSIUS,16.4,CELSIUS,0.0,MILLIMETERS,5.6772,MILLIMETERS,,,,2025-06-17 16:00:07.468000+07:00,1600
1115,90456,"Kuan Secondary School - Kuan, Houaphan ມັດທະຍົມສົມບູນ ກັວນ","Kuan Secondary School - Kuan, Houaphan ມັດທະຍົມສົມບູນ ກັວນ",19.835863,104.561303,2025-06-17T09:00:50.751518788Z,1.0,67.0,0.0,40.0,100.0,Asia/Vientiane,https://maps.gstatic.com/weather/v1/drizzle,Light rain,en,LIGHT_RAIN,28.4,CELSIUS,31.2,CELSIUS,21.6,CELSIUS,31.2,CELSIUS,28.4,CELSIUS,25.0,RAIN,0.0,MILLIMETERS,0.8839,MILLIMETERS,1005.97,215.0,SOUTHWEST,5.0,KILOMETERS_PER_HOUR,18.0,KILOMETERS_PER_HOUR,16.0,KILOMETERS,2.8,CELSIUS,30.3,CELSIUS,20.4,CELSIUS,0.0,MILLIMETERS,3.8533,MILLIMETERS,,,,2025-06-17 16:00:07.468000+07:00,1600
1116,90457,"Khob Secondary School - Khob, Xayabouli ມັດທະຍົມ ເມືອງຄອບ","Khob Secondary School - Khob, Xayabouli ມັດທະຍົມ ເມືອງຄອບ",19.699713,100.5572,2025-06-17T09:00:51.991735685Z,1.0,79.0,0.0,70.0,100.0,Asia/Vientiane,https://maps.gstatic.com/weather/v1/strong_tstorms,Light thunderstorms and rain,en,LIGHT_THUNDERSTORM_RAIN,27.3,CELSIUS,30.8,CELSIUS,23.4,CELSIUS,30.8,CELSIUS,27.3,CELSIUS,40.0,RAIN,0.0,MILLIMETERS,0.8661000000000001,MILLIMETERS,1005.88,180.0,SOUTH,13.0,KILOMETERS_PER_HOUR,21.0,KILOMETERS_PER_HOUR,16.0,KILOMETERS,-1.6,CELSIUS,28.9,CELSIUS,23.7,CELSIUS,0.0,MILLIMETERS,13.8201,MILLIMETERS,,,,2025-06-17 16:00:07.468000+07:00,1600
1117,90458,"Hongsa Secondary School - Hongsa, Xaignabouly ມັດທະຍົມສົມບູນ ຫົງສາ","Hongsa Secondary School - Hongsa, Xaignabouly ມັດທະຍົມສົມບູນ ຫົງສາ",19.70693,101.342893,2025-06-17T09:00:53.278267288Z,1.0,79.0,0.0,70.0,100.0,Asia/Vientiane,https://maps.gstatic.com/weather/v1/drizzle,Light rain,en,LIGHT_RAIN,24.6,CELSIUS,27.9,CELSIUS,20.2,CELSIUS,27.9,CELSIUS,24.6,CELSIUS,25.0,RAIN,0.0,MILLIMETERS,0.3759,MILLIMETERS,1005.9,203.0,SOUTH_SOUTHWEST,5.0,KILOMETERS_PER_HOUR,10.0,KILOMETERS_PER_HOUR,16.0,KILOMETERS,-0.5,CELSIUS,25.1,CELSIUS,20.4,CELSIUS,0.0,MILLIMETERS,16.8456,MILLIMETERS,,,,2025-06-17 16:00:07.468000+07:00,1600
1118,90459,Phiang - Xaignabouly,Phiang - Xaignabouly,19.094645,101.529558,2025-06-17T09:00:54.577312963Z,1.0,73.0,0.0,70.0,100.0,Asia/Vientiane,https://maps.gstatic.com/weather/v1/strong_tstorms,Light thunderstorms and rain,en,LIGHT_THUNDERSTORM_RAIN,27.9,CELSIUS,31.3,CELSIUS,22.6,CELSIUS,31.3,CELSIUS,27.9,CELSIUS,40.0,RAIN,0.0,MILLIMETERS,0.6426000000000001,MILLIMETERS,1005.89,180.0,SOUTH,10.0,KILOMETERS_PER_HOUR,19.0,KILOMETERS_PER_HOUR,16.0,KILOMETERS,-2.7,CELSIUS,30.6,CELSIUS,23.7,CELSIUS,0.0,MILLIMETERS,5.2043,MILLIMETERS,,,,2025-06-17 16:00:07.468000+07:00,1600
1119,90460,Parklai - Xaignabouly,Parklai - Xaignabouly,18.220795,101.405717,2025-06-17T09:00:55.865506659Z,1.0,74.0,0.0,70.0,100.0,Asia/Vientiane,https://maps.gstatic.com/weather/v1/strong_tstorms,Light thunderstorms and rain,en,LIGHT_THUNDERSTORM_RAIN,28.4,CELSIUS,33.0,CELSIUS,23.2,CELSIUS,33.0,CELSIUS,28.4,CELSIUS,74.0,RAIN,0.0,MILLIMETERS,1.458,MILLIMETERS,1006.0,203.0,SOUTH_SOUTHWEST,5.0,KILOMETERS_PER_HOUR,11.0,KILOMETERS_PER_HOUR,16.0,KILOMETERS,-3.3,CELSIUS,31.7,CELSIUS,24.4,CELSIUS,0.0,MILLIMETERS,3.1369,MILLIMETERS,,,,2025-06-17 16:00:07.468000+07:00,1600
1120,90463,"Ekaphab Secondary School - Xayabury, Xayabury ມັດທະຍົມ ເອກະພາບ","Ekaphab Secondary School - Xayabury, Xayabury ມັດທະຍົມ ເອກະພາບ",19.237566,101.714751,2025-06-17T09:00:57.131515608Z,1.0,65.0,0.0,70.0,100.0,Asia/Vientiane,https://maps.gstatic.com/weather/v1/cloudy,Cloudy,en,CLOUDY,30.3,CELSIUS,34.7,CELSIUS,22.7,CELSIUS,34.7,CELSIUS,30.3,CELSIUS,20.0,RAIN,0.0,MILLIMETERS,0.030500000000000003,MILLIMETERS,1004.15,203.0,SOUTH_SOUTHWEST,8.0,KILOMETERS_PER_HOUR,14.0,KILOMETERS_PER_HOUR,16.0,KILOMETERS,0.0,CELSIUS,30.6,CELSIUS,24.8,CELSIUS,0.0,MILLIMETERS,4.7168,MILLIMETERS,,,,2025-06-17 16:00:07.468000+07:00,1600
1121,90465,Xienghone - Xaignabouly ,Xienghone - Xaignabouly ,19.631763,100.814901,2025-06-17T09:00:58.397855964Z,1.0,76.0,0.0,70.0,100.0,Asia/Vientiane,https://maps.gstatic.com/weather/v1/strong_tstorms,Light thunderstorms and rain,en,LIGHT_THUNDERSTORM_RAIN,24.1,CELSIUS,26.8,CELSIUS,19.9,CELSIUS,26.8,CELSIUS,24.1,CELSIUS,40.0,RAIN,0.0,MILLIMETERS,0.5105000000000001,MILLIMETERS,1006.0,225.0,SOUTHWEST,8.0,KILOMETERS_PER_HOUR,16.0,KILOMETERS_PER_HOUR,16.0,KILOMETERS,-0.30000000000000004,CELSIUS,25.1,CELSIUS,20.2,CELSIUS,0.0,MILLIMETERS,10.0126,MILLIMETERS,,,,2025-06-17 16:00:07.468000+07:00,1600
1122,90468,Pek - Xiengkhouang,Pek - Xiengkhouang,19.444636,103.205788,2025-06-17T09:00:59.688500968Z,1.0,65.0,0.0,70.0,100.0,Asia/Vientiane,https://maps.gstatic.com/weather/v1/drizzle,Light rain,en,LIGHT_RAIN,28.4,CELSIUS,30.9,CELSIUS,21.0,CELSIUS,30.9,CELSIUS,28.4,CELSIUS,25.0,RAIN,0.0,MILLIMETERS,0.3962,MILLIMETERS,1006.64,215.0,SOUTHWEST,11.0,KILOMETERS_PER_HOUR,27.0,KILOMETERS_PER_HOUR,16.0,KILOMETERS,3.3,CELSIUS,28.3,CELSIUS,20.1,CELSIUS,0.0,MILLIMETERS,10.8689,MILLIMETERS,,,,2025-06-17 16:00:07.468000+07:00,1600
1123,90469,Nonghed - Xiengkhouang,Nonghed - Xiengkhouang,19.49661,103.986121,,,,,,,,,,,,,,,,,,,,,,,,,,,,,,,,,,,,,,,,,,,,,,,404.0,Information is not supported for this location. Please try a different location.,NOT_FOUND,2025-06-17 16:00:07.468000+07:00,1600
1124,90471,"Napa Secondary School - Kham, Xiengkhouang ມັດທະຍົມ ນາປາ","Napa Secondary School - Kham, Xiengkhouang ມັດທະຍົມ ນາປາ",19.590573,103.662369,2025-06-17T09:01:02.154490715Z,1.0,61.0,0.0,60.0,100.0,Asia/Vientiane,https://maps.gstatic.com/weather/v1/cloudy,Cloudy,en,CLOUDY,30.3,CELSIUS,33.8,CELSIUS,21.9,CELSIUS,33.8,CELSIUS,30.3,CELSIUS,25.0,RAIN,0.0,MILLIMETERS,0.2515,MILLIMETERS,1005.53,270.0,WEST,5.0,KILOMETERS_PER_HOUR,8.0,KILOMETERS_PER_HOUR,16.0,KILOMETERS,5.5,CELSIUS,31.8,CELSIUS,20.9,CELSIUS,0.0,MILLIMETERS,5.8041,MILLIMETERS,,,,2025-06-17 16:00:07.468000+07:00,1600
1125,90472,"Chomphet Seconbdary School - Khoune, Xiengkhuang ມັດທະຍົມ ຈອມເພັດ","Chomphet Seconbdary School - Khoune, Xiengkhuang ມັດທະຍົມ ຈອມເພັດ",19.340999,103.371433,2025-06-17T09:01:03.416310916Z,1.0,65.0,0.0,70.0,100.0,Asia/Vientiane,https://maps.gstatic.com/weather/v1/drizzle,Light rain,en,LIGHT_RAIN,28.4,CELSIUS,30.9,CELSIUS,21.0,CELSIUS,30.9,CELSIUS,28.4,CELSIUS,25.0,RAIN,0.0,MILLIMETERS,0.3962,MILLIMETERS,1006.64,215.0,SOUTHWEST,11.0,KILOMETERS_PER_HOUR,27.0,KILOMETERS_PER_HOUR,16.0,KILOMETERS,3.3,CELSIUS,28.3,CELSIUS,20.1,CELSIUS,0.0,MILLIMETERS,10.8689,MILLIMETERS,,,,2025-06-17 16:00:07.468000+07:00,1600
1126,90474,"Lardkhai Secondary School - Phaxay, Xiengkhouang ມັດທະຍົມ ລາດຄ້າຍ","Lardkhai Secondary School - Phaxay, Xiengkhouang ມັດທະຍົມ ລາດຄ້າຍ",19.29915,103.133374,2025-06-17T09:01:04.695451055Z,1.0,65.0,0.0,70.0,100.0,Asia/Vientiane,https://maps.gstatic.com/weather/v1/drizzle,Light rain,en,LIGHT_RAIN,28.4,CELSIUS,30.9,CELSIUS,21.0,CELSIUS,30.9,CELSIUS,28.4,CELSIUS,25.0,RAIN,0.0,MILLIMETERS,0.3962,MILLIMETERS,1006.64,215.0,SOUTHWEST,11.0,KILOMETERS_PER_HOUR,27.0,KILOMETERS_PER_HOUR,16.0,KILOMETERS,3.3,CELSIUS,28.3,CELSIUS,20.1,CELSIUS,0.0,MILLIMETERS,10.8689,MILLIMETERS,,,,2025-06-17 16:00:07.468000+07:00,1600
1127,90475,Phonhong - Vientiane,Phonhong - Vientiane,18.350024,102.42424,2025-06-17T09:01:05.987994356Z,1.0,76.0,0.0,70.0,100.0,Asia/Vientiane,https://maps.gstatic.com/weather/v1/strong_tstorms,Light thunderstorms and rain,en,LIGHT_THUNDERSTORM_RAIN,32.1,CELSIUS,42.5,CELSIUS,27.3,CELSIUS,42.5,CELSIUS,32.1,CELSIUS,50.0,RAIN,0.0,MILLIMETERS,0.3835,MILLIMETERS,1004.94,180.0,SOUTH,6.0,KILOMETERS_PER_HOUR,10.0,KILOMETERS_PER_HOUR,16.0,KILOMETERS,3.7,CELSIUS,34.3,CELSIUS,24.9,CELSIUS,0.0,MILLIMETERS,4.9482,MILLIMETERS,,,,2025-06-17 16:00:07.468000+07:00,1600
1128,90476,"Kasy Secondary School - Kasy, Vientiane Province ມັດທະຍົມສົມບູນ ກາສີ","Kasy Secondary School - Kasy, Vientiane Province ມັດທະຍົມສົມບູນ ກາສີ",19.225034,102.25219,2025-06-17T09:01:07.255104598Z,1.0,85.0,0.0,70.0,100.0,Asia/Vientiane,https://maps.gstatic.com/weather/v1/strong_tstorms,Light thunderstorms and rain,en,LIGHT_THUNDERSTORM_RAIN,28.2,CELSIUS,33.5,CELSIUS,25.3,CELSIUS,33.5,CELSIUS,28.2,CELSIUS,40.0,RAIN,0.0,MILLIMETERS,1.7145000000000001,MILLIMETERS,1006.04,90.0,EAST,2.0,KILOMETERS_PER_HOUR,3.0,KILOMETERS_PER_HOUR,16.0,KILOMETERS,1.1,CELSIUS,30.2,CELSIUS,22.1,CELSIUS,0.0,MILLIMETERS,17.5896,MILLIMETERS,,,,2025-06-17 16:00:07.468000+07:00,1600
1129,90477,"Xanakharm Secondary School - Xanakharm, Vieniane Province ມັດທະຍົມສົບຸນ ຊະນະຄາມ","Xanakharm Secondary School - Xanakharm, Vieniane Province ມັດທະຍົມສົບຸນ ຊະນະຄາມ",17.910218,101.670662,2025-06-17T09:01:08.542172371Z,1.0,70.0,0.0,90.0,100.0,Asia/Vientiane,https://maps.gstatic.com/weather/v1/strong_tstorms,Light thunderstorms and rain,en,LIGHT_THUNDERSTORM_RAIN,30.4,CELSIUS,35.8,CELSIUS,24.4,CELSIUS,35.8,CELSIUS,30.4,CELSIUS,74.0,RAIN,0.0,MILLIMETERS,3.0404,MILLIMETERS,1005.01,248.0,WEST_SOUTHWEST,6.0,KILOMETERS_PER_HOUR,14.0,KILOMETERS_PER_HOUR,16.0,KILOMETERS,-1.6,CELSIUS,32.0,CELSIUS,25.1,CELSIUS,0.0,MILLIMETERS,7.0612,MILLIMETERS,,,,2025-06-17 16:00:07.468000+07:00,1600
1130,90478,Mad - Vientiane,Mad - Vientiane,18.448868,101.76322,2025-06-17T09:01:09.800624136Z,1.0,74.0,0.0,70.0,100.0,Asia/Vientiane,https://maps.gstatic.com/weather/v1/strong_tstorms,Light thunderstorms and rain,en,LIGHT_THUNDERSTORM_RAIN,29.1,CELSIUS,33.7,CELSIUS,23.9,CELSIUS,33.7,CELSIUS,29.1,CELSIUS,74.0,RAIN,0.0,MILLIMETERS,1.458,MILLIMETERS,1006.0,203.0,SOUTH_SOUTHWEST,5.0,KILOMETERS_PER_HOUR,11.0,KILOMETERS_PER_HOUR,16.0,KILOMETERS,-3.2,CELSIUS,32.3,CELSIUS,25.0,CELSIUS,0.0,MILLIMETERS,3.1369,MILLIMETERS,,,,2025-06-17 16:00:07.468000+07:00,1600
1131,90479,"Phonmi Secondary School - Viengkham, Vientiane Province ມັດທະຍົມສົມບຸນ ໂພນໝີ","Phonmi Secondary School - Viengkham, Vientiane Province ມັດທະຍົມສົມບຸນ ໂພນໝີ",18.48451,102.485942,2025-06-17T09:01:11.072819468Z,1.0,76.0,0.0,70.0,100.0,Asia/Vientiane,https://maps.gstatic.com/weather/v1/strong_tstorms,Light thunderstorms and rain,en,LIGHT_THUNDERSTORM_RAIN,32.1,CELSIUS,42.4,CELSIUS,27.3,CELSIUS,42.4,CELSIUS,32.1,CELSIUS,50.0,RAIN,0.0,MILLIMETERS,0.3835,MILLIMETERS,1004.94,180.0,SOUTH,6.0,KILOMETERS_PER_HOUR,10.0,KILOMETERS_PER_HOUR,16.0,KILOMETERS,3.7,CELSIUS,34.3,CELSIUS,24.9,CELSIUS,0.0,MILLIMETERS,4.9482,MILLIMETERS,,,,2025-06-17 16:00:07.468000+07:00,1600
1132,90482,"KeoKou Secondary School - KeoOudom, Vientiane Province ມັດທະຍົມສົມບູນ ແກ້ວກູ່","KeoKou Secondary School - KeoOudom, Vientiane Province ມັດທະຍົມສົມບູນ ແກ້ວກູ່",18.554884,102.502844,2025-06-17T09:01:12.337181189Z,1.0,76.0,0.0,70.0,100.0,Asia/Vientiane,https://maps.gstatic.com/weather/v1/strong_tstorms,Light thunderstorms and rain,en,LIGHT_THUNDERSTORM_RAIN,32.1,CELSIUS,42.4,CELSIUS,27.3,CELSIUS,42.4,CELSIUS,32.1,CELSIUS,50.0,RAIN,0.0,MILLIMETERS,0.3835,MILLIMETERS,1004.94,180.0,SOUTH,6.0,KILOMETERS_PER_HOUR,10.0,KILOMETERS_PER_HOUR,16.0,KILOMETERS,3.7,CELSIUS,34.3,CELSIUS,24.9,CELSIUS,0.0,MILLIMETERS,4.9482,MILLIMETERS,,,,2025-06-17 16:00:07.468000+07:00,1600
1133,90485,Meun - Vientiane,Meun - Vientiane,18.28379,101.941138,2025-06-17T09:01:13.597693556Z,1.0,82.0,0.0,90.0,100.0,Asia/Vientiane,https://maps.gstatic.com/weather/v1/strong_tstorms,Thunderstorm,en,THUNDERSTORM,31.0,CELSIUS,40.9,CELSIUS,27.6,CELSIUS,40.9,CELSIUS,31.0,CELSIUS,55.0,RAIN,0.0,MILLIMETERS,0.5232,MILLIMETERS,1005.47,170.0,SOUTH,11.0,KILOMETERS_PER_HOUR,24.0,KILOMETERS_PER_HOUR,16.0,KILOMETERS,0.8,CELSIUS,33.6,CELSIUS,25.3,CELSIUS,0.0,MILLIMETERS,2.9845,MILLIMETERS,,,,2025-06-17 16:00:07.468000+07:00,1600
1134,90487,"Thaphabath Secondary School - Thaphabath, Bolikhamxai","Thaphabath Secondary School - Thaphabath, Bolikhamxai",18.356826,103.198076,2025-06-17T09:01:14.883664007Z,1.0,62.0,0.0,70.0,100.0,Asia/Vientiane,https://maps.gstatic.com/weather/v1/cloudy,Cloudy,en,CLOUDY,33.4,CELSIUS,41.5,CELSIUS,25.3,CELSIUS,41.5,CELSIUS,33.4,CELSIUS,25.0,RAIN,0.0,MILLIMETERS,0.09910000000000001,MILLIMETERS,1004.76,155.0,SOUTH_SOUTHEAST,3.0,KILOMETERS_PER_HOUR,5.0,KILOMETERS_PER_HOUR,16.0,KILOMETERS,2.8,CELSIUS,33.4,CELSIUS,25.5,CELSIUS,0.0,MILLIMETERS,6.3781,MILLIMETERS,,,,2025-06-17 16:00:07.468000+07:00,1600
1135,90488,Pakkading - Bolikhamxai ,Pakkading - Bolikhamxai ,18.109902,104.281265,2025-06-17T09:01:16.174179232Z,1.0,71.0,0.0,70.0,100.0,Asia/Vientiane,https://maps.gstatic.com/weather/v1/drizzle,Light rain,en,LIGHT_RAIN,31.1,CELSIUS,37.8,CELSIUS,25.1,CELSIUS,37.8,CELSIUS,31.1,CELSIUS,25.0,RAIN,0.0,MILLIMETERS,0.5944,MILLIMETERS,1005.58,180.0,SOUTH,3.0,KILOMETERS_PER_HOUR,14.0,KILOMETERS_PER_HOUR,16.0,KILOMETERS,5.9,CELSIUS,32.4,CELSIUS,24.2,CELSIUS,0.0,MILLIMETERS,13.551,MILLIMETERS,,,,2025-06-17 16:00:07.468000+07:00,1600
1136,90490,"Nakhonxay Secondary School - Khamkeuth, - Borikhamxai ມັດທະຍົມ ນະຄອນໄຊ","Nakhonxay Secondary School - Khamkeuth, - Borikhamxai ມັດທະຍົມ ນະຄອນໄຊ",18.185553,104.983958,2025-06-17T09:01:17.427057096Z,1.0,69.0,0.0,70.0,100.0,Asia/Vientiane,https://maps.gstatic.com/weather/v1/cloudy,Cloudy,en,CLOUDY,28.5,CELSIUS,32.4,CELSIUS,22.2,CELSIUS,32.4,CELSIUS,28.5,CELSIUS,20.0,RAIN,0.0,MILLIMETERS,0.13970000000000002,MILLIMETERS,1005.91,245.0,WEST_SOUTHWEST,11.0,KILOMETERS_PER_HOUR,27.0,KILOMETERS_PER_HOUR,16.0,KILOMETERS,3.1,CELSIUS,29.1,CELSIUS,21.6,CELSIUS,0.0,MILLIMETERS,1.7782,MILLIMETERS,,,,2025-06-17 16:00:07.468000+07:00,1600
1137,90491,Viengthong - Bolikhamxai,Viengthong - Bolikhamxai,18.512354,104.442835,2025-06-17T09:01:18.710776016Z,1.0,66.0,0.0,70.0,100.0,Asia/Vientiane,https://maps.gstatic.com/weather/v1/cloudy,Cloudy,en,CLOUDY,30.4,CELSIUS,35.0,CELSIUS,23.2,CELSIUS,35.0,CELSIUS,30.4,CELSIUS,20.0,RAIN,0.0,MILLIMETERS,0.1194,MILLIMETERS,1005.56,240.0,WEST_SOUTHWEST,8.0,KILOMETERS_PER_HOUR,21.0,KILOMETERS_PER_HOUR,16.0,KILOMETERS,4.2,CELSIUS,30.9,CELSIUS,22.7,CELSIUS,0.0,MILLIMETERS,3.6859,MILLIMETERS,,,,2025-06-17 16:00:07.468000+07:00,1600
1138,90492,"NamOn Secondary School - Xaychamphone, Borikhamxai ມັດທະຍົມ ນຳ້ອ້ອນ","NamOn Secondary School - Xaychamphone, Borikhamxai ມັດທະຍົມ ນຳ້ອ້ອນ",18.577559,104.981947,2025-06-17T09:01:19.975566540Z,1.0,69.0,0.0,70.0,100.0,Asia/Vientiane,https://maps.gstatic.com/weather/v1/cloudy,Cloudy,en,CLOUDY,28.5,CELSIUS,32.4,CELSIUS,22.2,CELSIUS,32.4,CELSIUS,28.5,CELSIUS,20.0,RAIN,0.0,MILLIMETERS,0.13970000000000002,MILLIMETERS,1005.91,245.0,WEST_SOUTHWEST,11.0,KILOMETERS_PER_HOUR,27.0,KILOMETERS_PER_HOUR,16.0,KILOMETERS,3.1,CELSIUS,29.1,CELSIUS,21.6,CELSIUS,0.0,MILLIMETERS,1.7782,MILLIMETERS,,,,2025-06-17 16:00:07.468000+07:00,1600
1139,90493,Thakhek - Khammouan ,Thakhek - Khammouan ,17.392668,104.807495,2025-06-17T09:01:21.235081401Z,1.0,77.0,0.0,70.0,100.0,Asia/Vientiane,https://maps.gstatic.com/weather/v1/strong_tstorms,Light thunderstorms and rain,en,LIGHT_THUNDERSTORM_RAIN,30.8,CELSIUS,38.6,CELSIUS,26.2,CELSIUS,38.6,CELSIUS,30.8,CELSIUS,40.0,RAIN,0.0,MILLIMETERS,1.7755,MILLIMETERS,1004.75,315.0,NORTHWEST,5.0,KILOMETERS_PER_HOUR,11.0,KILOMETERS_PER_HOUR,16.0,KILOMETERS,1.6,CELSIUS,34.2,CELSIUS,24.7,CELSIUS,0.0,MILLIMETERS,12.6012,MILLIMETERS,,,,2025-06-17 16:00:07.468000+07:00,1600
1140,90494,Mahaxay - Khammouan,Mahaxay - Khammouan,17.457352,105.160169,2025-06-17T09:01:22.495338801Z,1.0,76.0,0.0,70.0,100.0,Asia/Vientiane,https://maps.gstatic.com/weather/v1/cloudy,Cloudy,en,CLOUDY,29.7,CELSIUS,35.4,CELSIUS,24.9,CELSIUS,35.4,CELSIUS,29.7,CELSIUS,25.0,RAIN,0.0,MILLIMETERS,0.795,MILLIMETERS,1005.72,260.0,WEST,8.0,KILOMETERS_PER_HOUR,21.0,KILOMETERS_PER_HOUR,16.0,KILOMETERS,2.1,CELSIUS,32.0,CELSIUS,23.0,CELSIUS,0.0,MILLIMETERS,5.6415,MILLIMETERS,,,,2025-06-17 16:00:07.468000+07:00,1600
1141,90495,Nongbok - Khammouan,Nongbok - Khammouan,16.962416,104.81156,2025-06-17T09:01:23.765324278Z,1.0,60.0,0.0,0.0,100.0,Asia/Vientiane,https://maps.gstatic.com/weather/v1/cloudy,Cloudy,en,CLOUDY,33.9,CELSIUS,42.0,CELSIUS,25.1,CELSIUS,42.0,CELSIUS,33.9,CELSIUS,10.0,RAIN,0.0,MILLIMETERS,0.2591,MILLIMETERS,1004.02,225.0,SOUTHWEST,10.0,KILOMETERS_PER_HOUR,18.0,KILOMETERS_PER_HOUR,16.0,KILOMETERS,2.2,CELSIUS,33.7,CELSIUS,25.9,CELSIUS,0.0,MILLIMETERS,1.2371,MILLIMETERS,,,,2025-06-17 16:00:07.468000+07:00,1600
1142,90497,Nhommalath - Khammouan ,Nhommalath - Khammouan ,17.614203,105.170282,2025-06-17T09:01:25.057701137Z,1.0,76.0,0.0,70.0,100.0,Asia/Vientiane,https://maps.gstatic.com/weather/v1/cloudy,Cloudy,en,CLOUDY,29.7,CELSIUS,35.4,CELSIUS,24.9,CELSIUS,35.4,CELSIUS,29.7,CELSIUS,25.0,RAIN,0.0,MILLIMETERS,0.795,MILLIMETERS,1005.72,260.0,WEST,8.0,KILOMETERS_PER_HOUR,21.0,KILOMETERS_PER_HOUR,16.0,KILOMETERS,2.1,CELSIUS,32.0,CELSIUS,23.0,CELSIUS,0.0,MILLIMETERS,5.6415,MILLIMETERS,,,,2025-06-17 16:00:07.468000+07:00,1600
1143,90500,"Xebangfay Secondary School - Xebangfay, Khammouane ມັດທະຍົມສົມບູນ ເຊບັ້ງໄຟ","Xebangfay Secondary School - Xebangfay, Khammouane ມັດທະຍົມສົມບູນ ເຊບັ້ງໄຟ",17.086149,104.981631,2025-06-17T09:01:26.329263981Z,1.0,66.0,0.0,70.0,100.0,Asia/Vientiane,https://maps.gstatic.com/weather/v1/cloudy,Cloudy,en,CLOUDY,32.3,CELSIUS,39.5,CELSIUS,25.0,CELSIUS,39.5,CELSIUS,32.3,CELSIUS,20.0,RAIN,0.0,MILLIMETERS,0.1854,MILLIMETERS,1004.51,205.0,SOUTH_SOUTHWEST,11.0,KILOMETERS_PER_HOUR,30.0,KILOMETERS_PER_HOUR,16.0,KILOMETERS,0.9,CELSIUS,31.9,CELSIUS,24.6,CELSIUS,0.0,MILLIMETERS,6.0504,MILLIMETERS,,,,2025-06-17 16:00:07.468000+07:00,1600
1144,90501,"Sivilay Secondary School - Xaybouathong, Khammouane ມັດທະຍົມສົມບູນ ສີວິໄລ","Sivilay Secondary School - Xaybouathong, Khammouane ມັດທະຍົມສົມບູນ ສີວິໄລ",17.171532,105.4273,2025-06-17T09:01:27.616651120Z,1.0,70.0,0.0,70.0,95.0,Asia/Vientiane,https://maps.gstatic.com/weather/v1/drizzle,Light rain,en,LIGHT_RAIN,32.1,CELSIUS,40.2,CELSIUS,25.8,CELSIUS,40.2,CELSIUS,32.1,CELSIUS,25.0,RAIN,0.0,MILLIMETERS,0.39880000000000004,MILLIMETERS,1005.07,215.0,SOUTHWEST,8.0,KILOMETERS_PER_HOUR,13.0,KILOMETERS_PER_HOUR,16.0,KILOMETERS,1.3,CELSIUS,34.1,CELSIUS,24.3,CELSIUS,0.0,MILLIMETERS,3.8507000000000002,MILLIMETERS,,,,2025-06-17 16:00:07.468000+07:00,1600
1145,90503,Kaysone Phomvihane - Sav,Kaysone Phomvihane - Sav,16.5702,104.75036,2025-06-17T09:01:28.884350002Z,1.0,60.0,0.0,0.0,100.0,Asia/Vientiane,https://maps.gstatic.com/weather/v1/cloudy,Cloudy,en,CLOUDY,33.8,CELSIUS,41.8,CELSIUS,24.7,CELSIUS,41.8,CELSIUS,33.8,CELSIUS,10.0,RAIN,0.0,MILLIMETERS,0.0178,MILLIMETERS,1004.02,203.0,SOUTH_SOUTHWEST,10.0,KILOMETERS_PER_HOUR,21.0,KILOMETERS_PER_HOUR,16.0,KILOMETERS,1.2,CELSIUS,33.4,CELSIUS,26.5,CELSIUS,0.0,MILLIMETERS,0.358,MILLIMETERS,,,,2025-06-17 16:00:07.468000+07:00,1600
1146,90504,"Lianxay Secondary School - Artsaphangthong, Savannakhet ມັດທະຍົມ ຫລຽນໄຊ","Lianxay Secondary School - Artsaphangthong, Savannakhet ມັດທະຍົມ ຫລຽນໄຊ",16.692124,105.409764,,,,,,,,,,,,,,,,,,,,,,,,,,,,,,,,,,,,,,,,,,,,,,,404.0,Information is not supported for this location. Please try a different location.,NOT_FOUND,2025-06-17 16:00:07.468000+07:00,1600
1147,90505,Sepone - Savannakhet,Sepone - Savannakhet,16.696651,106.209138,2025-06-17T09:01:31.375384149Z,1.0,64.0,0.0,68.0,90.0,Asia/Vientiane,https://maps.gstatic.com/weather/v1/cloudy,Cloudy,en,CLOUDY,28.7,CELSIUS,33.3,CELSIUS,20.9,CELSIUS,33.3,CELSIUS,28.7,CELSIUS,20.0,RAIN,0.0,MILLIMETERS,0.1854,MILLIMETERS,1006.02,225.0,SOUTHWEST,11.0,KILOMETERS_PER_HOUR,22.0,KILOMETERS_PER_HOUR,16.0,KILOMETERS,1.1,CELSIUS,28.8,CELSIUS,22.2,CELSIUS,0.0,MILLIMETERS,1.9177,MILLIMETERS,,,,2025-06-17 16:00:07.468000+07:00,1600
1148,90506,Nong - Savannakhet,Nong - Savannakhet,16.373875,106.495685,2025-06-17T09:01:32.616937470Z,1.0,69.0,0.0,70.0,100.0,Asia/Vientiane,https://maps.gstatic.com/weather/v1/cloudy,Cloudy,en,CLOUDY,28.6,CELSIUS,33.2,CELSIUS,22.8,CELSIUS,33.2,CELSIUS,28.6,CELSIUS,25.0,RAIN,0.0,MILLIMETERS,0.2515,MILLIMETERS,1006.98,203.0,SOUTH_SOUTHWEST,8.0,KILOMETERS_PER_HOUR,14.0,KILOMETERS_PER_HOUR,16.0,KILOMETERS,-0.4,CELSIUS,29.4,CELSIUS,23.5,CELSIUS,0.0,MILLIMETERS,1.6894,MILLIMETERS,,,,2025-06-17 16:00:07.468000+07:00,1600
1149,90508,Champhone - SAVA,Champhone - SAVA,16.489147,105.031659,2025-06-17T09:01:33.875067937Z,1.0,65.0,0.0,68.0,100.0,Asia/Vientiane,https://maps.gstatic.com/weather/v1/cloudy,Cloudy,en,CLOUDY,32.8,CELSIUS,40.7,CELSIUS,25.3,CELSIUS,40.7,CELSIUS,32.8,CELSIUS,25.0,RAIN,0.0,MILLIMETERS,0.1651,MILLIMETERS,1005.0,203.0,SOUTH_SOUTHWEST,10.0,KILOMETERS_PER_HOUR,19.0,KILOMETERS_PER_HOUR,16.0,KILOMETERS,0.4,CELSIUS,32.7,CELSIUS,26.2,CELSIUS,0.0,MILLIMETERS,0.7343000000000001,MILLIMETERS,,,,2025-06-17 16:00:07.468000+07:00,1600
1150,90509,Xaybuly - Savannakhet,Xaybuly - Savannakhet,17.075181,104.87732,2025-06-17T09:01:35.167369249Z,1.0,66.0,0.0,70.0,100.0,Asia/Vientiane,https://maps.gstatic.com/weather/v1/cloudy,Cloudy,en,CLOUDY,32.3,CELSIUS,39.5,CELSIUS,25.0,CELSIUS,39.5,CELSIUS,32.3,CELSIUS,20.0,RAIN,0.0,MILLIMETERS,0.1854,MILLIMETERS,1004.51,205.0,SOUTH_SOUTHWEST,11.0,KILOMETERS_PER_HOUR,30.0,KILOMETERS_PER_HOUR,16.0,KILOMETERS,0.9,CELSIUS,31.9,CELSIUS,24.6,CELSIUS,0.0,MILLIMETERS,6.0504,MILLIMETERS,,,,2025-06-17 16:00:07.468000+07:00,1600
1151,90512,"Phin Secondary School - Phin, Savannakhet ມັດທະຍົມ ພີນ","Phin Secondary School - Phin, Savannakhet ມັດທະຍົມ ພີນ",16.527879,106.021922,2025-06-17T09:01:36.462466224Z,1.0,69.0,0.0,70.0,100.0,Asia/Vientiane,https://maps.gstatic.com/weather/v1/cloudy,Cloudy,en,CLOUDY,27.9,CELSIUS,32.6,CELSIUS,22.1,CELSIUS,32.6,CELSIUS,27.9,CELSIUS,25.0,RAIN,0.0,MILLIMETERS,0.2515,MILLIMETERS,1006.98,203.0,SOUTH_SOUTHWEST,8.0,KILOMETERS_PER_HOUR,14.0,KILOMETERS_PER_HOUR,16.0,KILOMETERS,-0.5,CELSIUS,28.7,CELSIUS,22.8,CELSIUS,0.0,MILLIMETERS,1.6894,MILLIMETERS,,,,2025-06-17 16:00:07.468000+07:00,1600
1152,90513,Songkhone - Savannakhet,Songkhone - Savannakhet,16.237196,105.1965,2025-06-17T09:01:37.705396603Z,1.0,65.0,0.0,70.0,100.0,Asia/Vientiane,https://maps.gstatic.com/weather/v1/strong_tstorms,Light thunderstorms and rain,en,LIGHT_THUNDERSTORM_RAIN,32.9,CELSIUS,40.9,CELSIUS,25.4,CELSIUS,40.9,CELSIUS,32.9,CELSIUS,35.0,RAIN,0.0,MILLIMETERS,0.5029,MILLIMETERS,1004.99,180.0,SOUTH,11.0,KILOMETERS_PER_HOUR,21.0,KILOMETERS_PER_HOUR,16.0,KILOMETERS,0.4,CELSIUS,32.8,CELSIUS,26.4,CELSIUS,0.0,MILLIMETERS,1.2343,MILLIMETERS,,,,2025-06-17 16:00:07.468000+07:00,1600
1153,90514,"Beungxang Secondary School - Xonbuly, Savannakhet ມັດທະຍົມ ບຶງຊ້າງ","Beungxang Secondary School - Xonbuly, Savannakhet ມັດທະຍົມ ບຶງຊ້າງ",16.388527,105.375363,2025-06-17T09:01:38.965543411Z,1.0,70.0,0.0,68.0,100.0,Asia/Vientiane,https://maps.gstatic.com/weather/v1/cloudy,Cloudy,en,CLOUDY,32.0,CELSIUS,39.9,CELSIUS,25.3,CELSIUS,39.9,CELSIUS,32.0,CELSIUS,20.0,RAIN,0.0,MILLIMETERS,0.13720000000000002,MILLIMETERS,1005.03,225.0,SOUTHWEST,11.0,KILOMETERS_PER_HOUR,19.0,KILOMETERS_PER_HOUR,16.0,KILOMETERS,-0.6000000000000001,CELSIUS,32.6,CELSIUS,26.3,CELSIUS,0.0,MILLIMETERS,1.0517,MILLIMETERS,,,,2025-06-17 16:00:07.468000+07:00,1600
1154,90515,Vilabuly - Savannakhet,Vilabuly - Savannakhet,16.971649,105.944661,2025-06-17T09:01:40.212878513Z,1.0,70.0,0.0,70.0,95.0,Asia/Vientiane,https://maps.gstatic.com/weather/v1/drizzle,Light rain,en,LIGHT_RAIN,32.1,CELSIUS,40.2,CELSIUS,25.8,CELSIUS,40.2,CELSIUS,32.1,CELSIUS,25.0,RAIN,0.0,MILLIMETERS,0.39880000000000004,MILLIMETERS,1005.07,215.0,SOUTHWEST,8.0,KILOMETERS_PER_HOUR,13.0,KILOMETERS_PER_HOUR,16.0,KILOMETERS,1.3,CELSIUS,34.1,CELSIUS,24.3,CELSIUS,0.0,MILLIMETERS,3.8507000000000002,MILLIMETERS,,,,2025-06-17 16:00:07.468000+07:00,1600
1155,90516,"Phoummachedy Secondary School - Xayphouthong, Savannakhet ມັດທະຍົມ ພູມມະເຈດີ","Phoummachedy Secondary School - Xayphouthong, Savannakhet ມັດທະຍົມ ພູມມະເຈດີ",16.367044,105.005653,2025-06-17T09:01:41.483234213Z,1.0,65.0,0.0,70.0,100.0,Asia/Vientiane,https://maps.gstatic.com/weather/v1/strong_tstorms,Light thunderstorms and rain,en,LIGHT_THUNDERSTORM_RAIN,32.9,CELSIUS,40.9,CELSIUS,25.4,CELSIUS,40.9,CELSIUS,32.9,CELSIUS,35.0,RAIN,0.0,MILLIMETERS,0.5029,MILLIMETERS,1004.99,180.0,SOUTH,11.0,KILOMETERS_PER_HOUR,21.0,KILOMETERS_PER_HOUR,16.0,KILOMETERS,0.4,CELSIUS,32.8,CELSIUS,26.4,CELSIUS,0.0,MILLIMETERS,1.2343,MILLIMETERS,,,,2025-06-17 16:00:07.468000+07:00,1600
1156,90517,Phalanxay - Savannakhet,Phalanxay - Savannakhet,16.661353,105.58791,2025-06-17T09:01:42.736169409Z,1.0,70.0,0.0,70.0,95.0,Asia/Vientiane,https://maps.gstatic.com/weather/v1/drizzle,Light rain,en,LIGHT_RAIN,32.1,CELSIUS,40.2,CELSIUS,25.8,CELSIUS,40.2,CELSIUS,32.1,CELSIUS,25.0,RAIN,0.0,MILLIMETERS,0.39880000000000004,MILLIMETERS,1005.07,215.0,SOUTHWEST,8.0,KILOMETERS_PER_HOUR,13.0,KILOMETERS_PER_HOUR,16.0,KILOMETERS,1.3,CELSIUS,34.1,CELSIUS,24.3,CELSIUS,0.0,MILLIMETERS,3.8507000000000002,MILLIMETERS,,,,2025-06-17 16:00:07.468000+07:00,1600
1157,90518,"Saravane Secondary School -Saravane, Saravane ມັດທະຍົມສົມບູນ ສາລະວັນ","Saravane Secondary School -Saravane, Saravane ມັດທະຍົມສົມບູນ ສາລະວັນ",15.707906,106.422189,2025-06-17T09:01:44.005617264Z,1.0,70.0,0.0,70.0,100.0,Asia/Vientiane,https://maps.gstatic.com/weather/v1/cloudy,Cloudy,en,CLOUDY,31.2,CELSIUS,37.8,CELSIUS,24.9,CELSIUS,37.8,CELSIUS,31.2,CELSIUS,20.0,RAIN,0.0,MILLIMETERS,0.06860000000000001,MILLIMETERS,1006.01,270.0,WEST,5.0,KILOMETERS_PER_HOUR,11.0,KILOMETERS_PER_HOUR,16.0,KILOMETERS,-0.2,CELSIUS,31.4,CELSIUS,24.3,CELSIUS,0.0,MILLIMETERS,2.7459000000000002,MILLIMETERS,,,,2025-06-17 16:00:07.468000+07:00,1600
1158,90520,"Toomlarn Secondary School - Toomlarn, Saravane ມັດທະຍົມສົມບູນ ຕຸ້ມລານ","Toomlarn Secondary School - Toomlarn, Saravane ມັດທະຍົມສົມບູນ ຕຸ້ມລານ",15.994499,106.192399,2025-06-17T09:01:45.281936598Z,1.0,69.0,0.0,70.0,100.0,Asia/Vientiane,https://maps.gstatic.com/weather/v1/cloudy,Cloudy,en,CLOUDY,27.9,CELSIUS,32.6,CELSIUS,22.1,CELSIUS,32.6,CELSIUS,27.9,CELSIUS,25.0,RAIN,0.0,MILLIMETERS,0.2515,MILLIMETERS,1006.98,203.0,SOUTH_SOUTHWEST,8.0,KILOMETERS_PER_HOUR,14.0,KILOMETERS_PER_HOUR,16.0,KILOMETERS,-0.5,CELSIUS,28.7,CELSIUS,22.8,CELSIUS,0.0,MILLIMETERS,1.6894,MILLIMETERS,,,,2025-06-17 16:00:07.468000+07:00,1600
1159,90521,"Lakhonesy Secondary School - Lakhonepheng, Saravane ມັດທະຍົມສົມບູນ ລະຄອນສີ","Lakhonesy Secondary School - Lakhonepheng, Saravane ມັດທະຍົມສົມບູນ ລະຄອນສີ",15.891245,105.567119,2025-06-17T09:01:46.520328087Z,1.0,70.0,0.0,68.0,100.0,Asia/Vientiane,https://maps.gstatic.com/weather/v1/cloudy,Cloudy,en,CLOUDY,31.5,CELSIUS,38.9,CELSIUS,25.7,CELSIUS,38.9,CELSIUS,31.5,CELSIUS,20.0,RAIN,0.0,MILLIMETERS,0.11180000000000001,MILLIMETERS,1005.95,203.0,SOUTH_SOUTHWEST,6.0,KILOMETERS_PER_HOUR,11.0,KILOMETERS_PER_HOUR,16.0,KILOMETERS,0.2,CELSIUS,31.7,CELSIUS,25.8,CELSIUS,0.0,MILLIMETERS,1.6129,MILLIMETERS,,,,2025-06-17 16:00:07.468000+07:00,1600
1160,90522,Lao Ngarm - Salavan,Lao Ngarm - Salavan,15.461092,106.16172,2025-06-17T09:01:47.785679586Z,1.0,73.0,0.0,68.0,100.0,Asia/Vientiane,https://maps.gstatic.com/weather/v1/drizzle,Light rain,en,LIGHT_RAIN,32.2,CELSIUS,39.2,CELSIUS,26.7,CELSIUS,39.2,CELSIUS,32.2,CELSIUS,25.0,RAIN,0.0,MILLIMETERS,0.40130000000000005,MILLIMETERS,1006.01,248.0,WEST_SOUTHWEST,6.0,KILOMETERS_PER_HOUR,14.0,KILOMETERS_PER_HOUR,16.0,KILOMETERS,-0.30000000000000004,CELSIUS,32.5,CELSIUS,26.0,CELSIUS,0.0,MILLIMETERS,3.2157,MILLIMETERS,,,,2025-06-17 16:00:07.468000+07:00,1600
1161,90524,Khongxedone - Salavan,Khongxedone - Salavan,15.59088,105.804115,2025-06-17T09:01:49.031980360Z,1.0,70.0,0.0,68.0,100.0,Asia/Vientiane,https://maps.gstatic.com/weather/v1/cloudy,Cloudy,en,CLOUDY,31.5,CELSIUS,38.9,CELSIUS,25.7,CELSIUS,38.9,CELSIUS,31.5,CELSIUS,20.0,RAIN,0.0,MILLIMETERS,0.11180000000000001,MILLIMETERS,1005.95,203.0,SOUTH_SOUTHWEST,6.0,KILOMETERS_PER_HOUR,11.0,KILOMETERS_PER_HOUR,16.0,KILOMETERS,0.2,CELSIUS,31.7,CELSIUS,25.8,CELSIUS,0.0,MILLIMETERS,1.6129,MILLIMETERS,,,,2025-06-17 16:00:07.468000+07:00,1600
1162,90526,Lamarm - Sekong ,Lamarm - Sekong ,15.352494,106.722444,2025-06-17T09:01:50.283188365Z,1.0,77.0,0.0,70.0,100.0,Asia/Vientiane,https://maps.gstatic.com/weather/v1/strong_tstorms,Light thunderstorms and rain,en,LIGHT_THUNDERSTORM_RAIN,29.5,CELSIUS,35.3,CELSIUS,25.2,CELSIUS,35.3,CELSIUS,29.5,CELSIUS,39.0,RAIN,0.0,MILLIMETERS,0.8661000000000001,MILLIMETERS,1006.42,270.0,WEST,3.0,KILOMETERS_PER_HOUR,5.0,KILOMETERS_PER_HOUR,16.0,KILOMETERS,-0.1,CELSIUS,31.2,CELSIUS,24.3,CELSIUS,0.0,MILLIMETERS,3.4518,MILLIMETERS,,,,2025-06-17 16:00:07.468000+07:00,1600
1163,90527,"Kaleum Secondary School - Kaleum, Sekong ມັດທະຍົມ ກະລຶມ","Kaleum Secondary School - Kaleum, Sekong ມັດທະຍົມ ກະລຶມ",15.784384,106.906754,2025-06-17T09:01:51.561600389Z,1.0,79.0,0.0,70.0,100.0,Asia/Vientiane,https://maps.gstatic.com/weather/v1/strong_tstorms,Light thunderstorms and rain,en,LIGHT_THUNDERSTORM_RAIN,26.5,CELSIUS,29.3,CELSIUS,22.4,CELSIUS,29.3,CELSIUS,26.5,CELSIUS,35.0,RAIN,0.0,MILLIMETERS,0.5613,MILLIMETERS,1008.62,270.0,WEST,3.0,KILOMETERS_PER_HOUR,8.0,KILOMETERS_PER_HOUR,16.0,KILOMETERS,-0.2,CELSIUS,27.4,CELSIUS,21.2,CELSIUS,0.0,MILLIMETERS,4.1323,MILLIMETERS,,,,2025-06-17 16:00:07.468000+07:00,1600
1164,90528,"Dakcheung Secondary School - Dakcheung, Sekongມັດທະຍົມສົມບູນ ດາກຈຶງ","Dakcheung Secondary School - Dakcheung, Sekongມັດທະຍົມສົມບູນ ດາກຈຶງ",15.467532,107.271451,,,,,,,,,,,,,,,,,,,,,,,,,,,,,,,,,,,,,,,,,,,,,,,404.0,Information is not supported for this location. Please try a different location.,NOT_FOUND,2025-06-17 16:00:07.468000+07:00,1600
1165,90529,Thateng -Sekong,Thateng -Sekong,15.434018,106.382399,2025-06-17T09:01:54.035714334Z,1.0,70.0,0.0,70.0,100.0,Asia/Vientiane,https://maps.gstatic.com/weather/v1/cloudy,Cloudy,en,CLOUDY,35.1,CELSIUS,41.7,CELSIUS,28.8,CELSIUS,41.7,CELSIUS,35.1,CELSIUS,20.0,RAIN,0.0,MILLIMETERS,0.06860000000000001,MILLIMETERS,1006.01,270.0,WEST,5.0,KILOMETERS_PER_HOUR,11.0,KILOMETERS_PER_HOUR,16.0,KILOMETERS,-0.2,CELSIUS,35.3,CELSIUS,28.2,CELSIUS,0.0,MILLIMETERS,2.7459000000000002,MILLIMETERS,,,,2025-06-17 16:00:07.468000+07:00,1600
1166,90530,Pakse - Champasack,Pakse - Champasack,15.12006,105.80211,2025-06-17T09:01:55.297475103Z,1.0,67.0,0.0,2.0,100.0,Asia/Vientiane,https://maps.gstatic.com/weather/v1/cloudy,Cloudy,en,CLOUDY,32.4,CELSIUS,40.2,CELSIUS,25.7,CELSIUS,40.2,CELSIUS,32.4,CELSIUS,10.0,RAIN,0.0,MILLIMETERS,0.0,MILLIMETERS,1005.33,203.0,SOUTH_SOUTHWEST,5.0,KILOMETERS_PER_HOUR,6.0,KILOMETERS_PER_HOUR,16.0,KILOMETERS,1.1,CELSIUS,32.3,CELSIUS,25.6,CELSIUS,0.0,MILLIMETERS,2.0195,MILLIMETERS,,,,2025-06-17 16:00:07.468000+07:00,1600
1172,91254,"Chomphet Secondary School - Sisattanak, Vientiane Capital ມັດທະຍົມສົມບູນ ຈອມເພັດ","Chomphet Secondary School - Sisattanak, Vientiane Capital ມັດທະຍົມສົມບູນ ຈອມເພັດ",17.910254,102.622708,2025-06-17T09:01:56.559417668Z,1.0,72.0,0.0,89.0,95.0,Asia/Vientiane,https://maps.gstatic.com/weather/v1/strong_tstorms,Thunderstorm,en,THUNDERSTORM,31.4,CELSIUS,39.1,CELSIUS,25.7,CELSIUS,39.1,CELSIUS,31.4,CELSIUS,54.0,RAIN,0.0,MILLIMETERS,0.20320000000000002,MILLIMETERS,1005.45,280.0,WEST,8.0,KILOMETERS_PER_HOUR,21.0,KILOMETERS_PER_HOUR,16.0,KILOMETERS,-1.3,CELSIUS,33.1,CELSIUS,25.8,CELSIUS,0.0,MILLIMETERS,3.833,MILLIMETERS,,,,2025-06-17 16:00:07.468000+07:00,1600
1226,152182,"ParkOu Secondary School - ParkOu, Luangprabang ມັດທະຍົມສົມບູນ ປາກອູ","ParkOu Secondary School - ParkOu, Luangprabang ມັດທະຍົມສົມບູນ ປາກອູ",20.087592,102.256569,2025-06-17T09:01:57.829341760Z,1.0,59.0,0.0,70.0,100.0,Asia/Vientiane,https://maps.gstatic.com/weather/v1/drizzle,Light rain,en,LIGHT_RAIN,32.5,CELSIUS,37.9,CELSIUS,23.2,CELSIUS,37.9,CELSIUS,32.5,CELSIUS,25.0,RAIN,0.0,MILLIMETERS,0.28700000000000003,MILLIMETERS,1003.89,230.0,SOUTHWEST,10.0,KILOMETERS_PER_HOUR,27.0,KILOMETERS_PER_HOUR,16.0,KILOMETERS,2.8,CELSIUS,31.9,CELSIUS,24.1,CELSIUS,0.0,MILLIMETERS,11.4278,MILLIMETERS,,,,2025-06-17 16:00:07.468000+07:00,1600
1227,152240,"Phoukhoune Secondary School - Phoukhoune, Luangprabang ມັດທະຍົມ ພູຄູນ","Phoukhoune Secondary School - Phoukhoune, Luangprabang ມັດທະຍົມ ພູຄູນ",19.438824,102.428042,2025-06-17T09:01:59.126726493Z,1.0,67.0,0.0,70.0,100.0,Asia/Vientiane,https://maps.gstatic.com/weather/v1/drizzle,Light rain,en,LIGHT_RAIN,29.6,CELSIUS,32.4,CELSIUS,22.9,CELSIUS,32.4,CELSIUS,29.6,CELSIUS,25.0,RAIN,0.0,MILLIMETERS,0.40130000000000005,MILLIMETERS,1005.75,215.0,SOUTHWEST,10.0,KILOMETERS_PER_HOUR,26.0,KILOMETERS_PER_HOUR,16.0,KILOMETERS,4.1,CELSIUS,29.4,CELSIUS,20.6,CELSIUS,0.0,MILLIMETERS,9.0403,MILLIMETERS,,,,2025-06-17 16:00:07.468000+07:00,1600
1232,152548,"Longsane Secondary School - Longsane , Xaysomboun ມັດທະຍົມສົມບຸນ ລ້ອງຊານ","Longsane Secondary School - Longsane , Xaysomboun ມັດທະຍົມສົມບຸນ ລ້ອງຊານ",18.550145,103.003076,2025-06-17T09:02:00.407095133Z,1.0,69.0,0.0,70.0,100.0,Asia/Vientiane,https://maps.gstatic.com/weather/v1/drizzle,Light rain,en,LIGHT_RAIN,26.0,CELSIUS,31.4,CELSIUS,19.6,CELSIUS,31.4,CELSIUS,26.0,CELSIUS,26.0,RAIN,0.0,MILLIMETERS,0.1092,MILLIMETERS,1005.49,235.0,SOUTHWEST,6.0,KILOMETERS_PER_HOUR,16.0,KILOMETERS_PER_HOUR,16.0,KILOMETERS,2.6,CELSIUS,27.7,CELSIUS,19.0,CELSIUS,0.0,MILLIMETERS,3.4953,MILLIMETERS,,,,2025-06-17 16:00:07.468000+07:00,1600
1248,153774,Bachiangchaleunsook - Champasack,Bachiangchaleunsook - Champasack,15.060355,105.897898,2025-06-17T09:02:01.650316108Z,1.0,67.0,0.0,2.0,100.0,Asia/Vientiane,https://maps.gstatic.com/weather/v1/cloudy,Cloudy,en,CLOUDY,32.4,CELSIUS,40.2,CELSIUS,25.7,CELSIUS,40.2,CELSIUS,32.4,CELSIUS,10.0,RAIN,0.0,MILLIMETERS,0.0,MILLIMETERS,1005.33,203.0,SOUTH_SOUTHWEST,5.0,KILOMETERS_PER_HOUR,6.0,KILOMETERS_PER_HOUR,16.0,KILOMETERS,1.1,CELSIUS,32.3,CELSIUS,25.6,CELSIUS,0.0,MILLIMETERS,2.0195,MILLIMETERS,,,,2025-06-17 16:00:07.468000+07:00,1600
1249,153777,"Dorntalath Secondary School - Champasack, Champasack ມັດທະຍົມ ດອນຕະລາດ","Dorntalath Secondary School - Champasack, Champasack ມັດທະຍົມ ດອນຕະລາດ",14.784126,105.819789,2025-06-17T09:02:02.894166304Z,1.0,70.0,0.0,2.0,100.0,Asia/Vientiane,https://maps.gstatic.com/weather/v1/cloudy,Cloudy,en,CLOUDY,32.0,CELSIUS,40.0,CELSIUS,25.3,CELSIUS,40.0,CELSIUS,32.0,CELSIUS,10.0,RAIN,0.0,MILLIMETERS,0.0,MILLIMETERS,1006.0,203.0,SOUTH_SOUTHWEST,3.0,KILOMETERS_PER_HOUR,6.0,KILOMETERS_PER_HOUR,16.0,KILOMETERS,1.1,CELSIUS,32.1,CELSIUS,25.2,CELSIUS,0.0,MILLIMETERS,4.562,MILLIMETERS,,,,2025-06-17 16:00:07.468000+07:00,1600
1250,153790,Khong - Champasack,Khong - Champasack,14.048226,105.896012,2025-06-17T09:02:04.130635330Z,1.0,66.0,0.0,70.0,100.0,Asia/Vientiane,https://maps.gstatic.com/weather/v1/cloudy,Cloudy,en,CLOUDY,32.9,CELSIUS,41.2,CELSIUS,25.7,CELSIUS,41.2,CELSIUS,32.9,CELSIUS,26.0,RAIN,0.0,MILLIMETERS,0.09910000000000001,MILLIMETERS,1006.0,203.0,SOUTH_SOUTHWEST,6.0,KILOMETERS_PER_HOUR,11.0,KILOMETERS_PER_HOUR,16.0,KILOMETERS,0.5,CELSIUS,33.1,CELSIUS,25.6,CELSIUS,0.0,MILLIMETERS,9.543,MILLIMETERS,,,,2025-06-17 16:00:07.468000+07:00,1600
1251,153866,Samakkhixay - Attapeu,Samakkhixay - Attapeu,14.812678,106.829211,2025-06-17T09:02:05.407767545Z,1.0,66.0,0.0,70.0,100.0,Asia/Vientiane,https://maps.gstatic.com/weather/v1/cloudy,Cloudy,en,CLOUDY,32.0,CELSIUS,39.0,CELSIUS,24.9,CELSIUS,39.0,CELSIUS,32.0,CELSIUS,25.0,RAIN,0.0,MILLIMETERS,0.16,MILLIMETERS,1005.78,248.0,WEST_SOUTHWEST,6.0,KILOMETERS_PER_HOUR,11.0,KILOMETERS_PER_HOUR,16.0,KILOMETERS,0.2,CELSIUS,32.4,CELSIUS,24.4,CELSIUS,0.0,MILLIMETERS,8.2472,MILLIMETERS,,,,2025-06-17 16:00:07.468000+07:00,1600
1300,156307,UNICEF Lao PDR CO,UNICEF Lao PDR CO,17.9376508179,102.617231896,2025-06-17T09:02:06.666473178Z,1.0,72.0,0.0,89.0,95.0,Asia/Vientiane,https://maps.gstatic.com/weather/v1/strong_tstorms,Thunderstorm,en,THUNDERSTORM,31.4,CELSIUS,39.1,CELSIUS,25.7,CELSIUS,39.1,CELSIUS,31.4,CELSIUS,54.0,RAIN,0.0,MILLIMETERS,0.20320000000000002,MILLIMETERS,1005.44,280.0,WEST,8.0,KILOMETERS_PER_HOUR,21.0,KILOMETERS_PER_HOUR,16.0,KILOMETERS,-1.3,CELSIUS,33.1,CELSIUS,25.8,CELSIUS,0.0,MILLIMETERS,3.833,MILLIMETERS,,,,2025-06-17 16:00:07.468000+07:00,1600
1083,90402,"Sathit Secondary School - Xaythani, Vientiane Capital ມັດທະຍົມ ສາທິດ","Sathit Secondary School - Xaythani, Vientiane Capital ມັດທະຍົມ ສາທິດ",18.035248,102.63994,2025-06-17T10:00:11.675550843Z,1.0,71.0,0.0,70.0,100.0,Asia/Vientiane,https://maps.gstatic.com/weather/v1/strong_tstorms,Light thunderstorms and rain,en,LIGHT_THUNDERSTORM_RAIN,32.7,CELSIUS,42.3,CELSIUS,26.7,CELSIUS,42.3,CELSIUS,32.7,CELSIUS,40.0,RAIN,0.0,MILLIMETERS,0.8103,MILLIMETERS,1005.14,230.0,SOUTHWEST,10.0,KILOMETERS_PER_HOUR,21.0,KILOMETERS_PER_HOUR,16.0,KILOMETERS,1.3,CELSIUS,34.1,CELSIUS,25.8,CELSIUS,0.0,MILLIMETERS,4.1811,MILLIMETERS,,,,2025-06-17 17:00:07.377000+07:00,1700
1084,90410,"Naxaithong Secondary School - Naxaithong, Vientiane Capital ມັດທະຍົມ ນາຊາຍທອງ","Naxaithong Secondary School - Naxaithong, Vientiane Capital ມັດທະຍົມ ນາຊາຍທອງ",18.068595,102.535866,2025-06-17T10:00:12.922854860Z,1.0,72.0,0.0,70.0,100.0,Asia/Vientiane,https://maps.gstatic.com/weather/v1/strong_tstorms,Light thunderstorms and rain,en,LIGHT_THUNDERSTORM_RAIN,32.7,CELSIUS,42.7,CELSIUS,26.9,CELSIUS,42.7,CELSIUS,32.7,CELSIUS,45.0,RAIN,0.0,MILLIMETERS,0.7849,MILLIMETERS,1005.18,230.0,SOUTHWEST,10.0,KILOMETERS_PER_HOUR,21.0,KILOMETERS_PER_HOUR,16.0,KILOMETERS,0.8,CELSIUS,33.9,CELSIUS,25.9,CELSIUS,0.0,MILLIMETERS,4.1505,MILLIMETERS,,,,2025-06-17 17:00:07.377000+07:00,1700
1085,90411,d83bda1bc98c Phongsaly - Phongsaly,d83bda1bc98c Phongsaly - Phongsaly,21.695,102.085,2025-06-17T10:00:14.186828373Z,1.0,87.0,0.0,60.0,100.0,Asia/Vientiane,https://maps.gstatic.com/weather/v1/drizzle,Light rain,en,LIGHT_RAIN,25.6,CELSIUS,28.4,CELSIUS,23.2,CELSIUS,28.4,CELSIUS,25.6,CELSIUS,25.0,RAIN,0.0,MILLIMETERS,0.2997,MILLIMETERS,1003.99,180.0,SOUTH,6.0,KILOMETERS_PER_HOUR,18.0,KILOMETERS_PER_HOUR,16.0,KILOMETERS,3.3,CELSIUS,26.6,CELSIUS,20.3,CELSIUS,0.0,MILLIMETERS,16.0451,MILLIMETERS,,,,2025-06-17 17:00:07.377000+07:00,1700
1086,90412,May - Phongsaly,May - Phongsaly,21.172583,102.722705,2025-06-17T10:00:15.474485298Z,1.0,68.0,0.0,40.0,100.0,Asia/Vientiane,https://maps.gstatic.com/weather/v1/cloudy,Cloudy,en,CLOUDY,25.9,CELSIUS,28.1,CELSIUS,19.5,CELSIUS,28.1,CELSIUS,25.9,CELSIUS,25.0,RAIN,0.0,MILLIMETERS,0.3251,MILLIMETERS,1005.85,215.0,SOUTHWEST,8.0,KILOMETERS_PER_HOUR,19.0,KILOMETERS_PER_HOUR,16.0,KILOMETERS,3.5,CELSIUS,27.2,CELSIUS,19.9,CELSIUS,0.0,MILLIMETERS,13.5153,MILLIMETERS,,,,2025-06-17 17:00:07.377000+07:00,1700
1087,90413,"Natoon Secondary School - Khua, Phongsaly ມັດທະຍົມສົມບູນ ນາຕູ່ນ","Natoon Secondary School - Khua, Phongsaly ມັດທະຍົມສົມບູນ ນາຕູ່ນ",21.078865,102.505833,2025-06-17T10:00:16.773888355Z,1.0,68.0,0.0,40.0,100.0,Asia/Vientiane,https://maps.gstatic.com/weather/v1/cloudy,Cloudy,en,CLOUDY,26.2,CELSIUS,28.9,CELSIUS,19.6,CELSIUS,28.9,CELSIUS,26.2,CELSIUS,20.0,RAIN,0.0,MILLIMETERS,0.221,MILLIMETERS,1004.7,215.0,SOUTHWEST,10.0,KILOMETERS_PER_HOUR,24.0,KILOMETERS_PER_HOUR,16.0,KILOMETERS,2.6,CELSIUS,27.0,CELSIUS,19.8,CELSIUS,0.0,MILLIMETERS,6.8075,MILLIMETERS,,,,2025-06-17 17:00:07.377000+07:00,1700
1088,90414,"Naxay Secondary School - Samphanh, Phongsaly ມັດທະຍົມສົມບູນ ນາໄຊ","Naxay Secondary School - Samphanh, Phongsaly ມັດທະຍົມສົມບູນ ນາໄຊ",21.346014,102.349329,2025-06-17T10:00:18.051498138Z,1.0,93.0,0.0,50.0,100.0,Asia/Vientiane,https://maps.gstatic.com/weather/v1/strong_tstorms,Light thunderstorms and rain,en,LIGHT_THUNDERSTORM_RAIN,15.3,CELSIUS,17.6,CELSIUS,14.0,CELSIUS,17.6,CELSIUS,15.3,CELSIUS,45.0,RAIN,0.0,MILLIMETERS,0.29460000000000003,MILLIMETERS,1005.35,225.0,SOUTHWEST,8.0,KILOMETERS_PER_HOUR,13.0,KILOMETERS_PER_HOUR,13.0,KILOMETERS,2.4,CELSIUS,16.0,CELSIUS,10.8,CELSIUS,0.0,MILLIMETERS,14.0135,MILLIMETERS,,,,2025-06-17 17:00:07.377000+07:00,1700
1089,90419,"Long Secondary School - Long, LuangNamtha ມັດທະຍົມສົມບູນ ເມືອງລອງ","Long Secondary School - Long, LuangNamtha ມັດທະຍົມສົມບູນ ເມືອງລອງ",20.962029,100.82109,2025-06-17T10:00:19.331148909Z,1.0,80.0,0.0,30.0,100.0,Asia/Vientiane,https://maps.gstatic.com/weather/v1/drizzle,Light rain,en,LIGHT_RAIN,24.6,CELSIUS,26.6,CELSIUS,21.1,CELSIUS,26.6,CELSIUS,24.6,CELSIUS,35.0,RAIN,0.0,MILLIMETERS,0.3785,MILLIMETERS,1006.36,225.0,SOUTHWEST,8.0,KILOMETERS_PER_HOUR,14.0,KILOMETERS_PER_HOUR,16.0,KILOMETERS,0.1,CELSIUS,27.2,CELSIUS,21.9,CELSIUS,0.0,MILLIMETERS,8.1892,MILLIMETERS,,,,2025-06-17 17:00:07.377000+07:00,1700
1090,90421,"Sing Secondary School - Sing, LuangNamtha ມັດທະຍົມສົມບູນ ເມືອງສິງ","Sing Secondary School - Sing, LuangNamtha ມັດທະຍົມສົມບູນ ເມືອງສິງ",21.190223,101.144937,2025-06-17T10:00:20.588552065Z,1.0,80.0,0.0,30.0,100.0,Asia/Vientiane,https://maps.gstatic.com/weather/v1/drizzle,Light rain,en,LIGHT_RAIN,24.6,CELSIUS,26.6,CELSIUS,21.1,CELSIUS,26.6,CELSIUS,24.6,CELSIUS,35.0,RAIN,0.0,MILLIMETERS,0.3785,MILLIMETERS,1006.36,225.0,SOUTHWEST,8.0,KILOMETERS_PER_HOUR,14.0,KILOMETERS_PER_HOUR,16.0,KILOMETERS,0.1,CELSIUS,27.2,CELSIUS,21.9,CELSIUS,0.0,MILLIMETERS,8.1892,MILLIMETERS,,,,2025-06-17 17:00:07.377000+07:00,1700
1091,90424,"La Secondary School - La, Oudomxai ມັດທະຍົມສົມບູນ ເມືອງຫລາ","La Secondary School - La, Oudomxai ມັດທະຍົມສົມບູນ ເມືອງຫລາ",20.870865,102.110246,2025-06-17T10:00:21.841320113Z,1.0,68.0,0.0,40.0,100.0,Asia/Vientiane,https://maps.gstatic.com/weather/v1/cloudy,Cloudy,en,CLOUDY,26.8,CELSIUS,29.5,CELSIUS,20.3,CELSIUS,29.5,CELSIUS,26.8,CELSIUS,20.0,RAIN,0.0,MILLIMETERS,0.221,MILLIMETERS,1004.7,215.0,SOUTHWEST,10.0,KILOMETERS_PER_HOUR,24.0,KILOMETERS_PER_HOUR,16.0,KILOMETERS,2.5,CELSIUS,27.6,CELSIUS,20.5,CELSIUS,0.0,MILLIMETERS,6.8075,MILLIMETERS,,,,2025-06-17 17:00:07.377000+07:00,1700
1092,90425,"Namor Secondary School - Namor, Oudomxay ມັດທະຍົມ ເມືອງນາໝໍ້","Namor Secondary School - Namor, Oudomxay ມັດທະຍົມ ເມືອງນາໝໍ້",20.914061,101.764456,2025-06-17T10:00:23.104268466Z,1.0,85.0,0.0,40.0,100.0,Asia/Vientiane,https://maps.gstatic.com/weather/v1/drizzle,Light rain,en,LIGHT_RAIN,23.4,CELSIUS,25.6,CELSIUS,20.3,CELSIUS,25.6,CELSIUS,23.4,CELSIUS,40.0,RAIN,0.0,MILLIMETERS,1.4859,MILLIMETERS,1005.97,203.0,SOUTH_SOUTHWEST,6.0,KILOMETERS_PER_HOUR,11.0,KILOMETERS_PER_HOUR,16.0,KILOMETERS,0.6000000000000001,CELSIUS,27.9,CELSIUS,20.8,CELSIUS,0.0,MILLIMETERS,11.3386,MILLIMETERS,,,,2025-06-17 17:00:07.377000+07:00,1700
1093,90426,Nga - Oudomxai,Nga - Oudomxai,20.282849,101.973769,2025-06-17T10:00:24.397256385Z,1.0,63.0,0.0,70.0,100.0,Asia/Vientiane,https://maps.gstatic.com/weather/v1/cloudy,Cloudy,en,CLOUDY,31.6,CELSIUS,36.3,CELSIUS,23.6,CELSIUS,36.3,CELSIUS,31.6,CELSIUS,25.0,RAIN,0.0,MILLIMETERS,0.094,MILLIMETERS,1004.44,210.0,SOUTH_SOUTHWEST,10.0,KILOMETERS_PER_HOUR,21.0,KILOMETERS_PER_HOUR,16.0,KILOMETERS,2.9,CELSIUS,31.3,CELSIUS,24.4,CELSIUS,0.0,MILLIMETERS,13.7288,MILLIMETERS,,,,2025-06-17 17:00:07.377000+07:00,1700
1094,90427,Beng - Oudomxai,Beng - Oudomxai,20.296295,101.639666,2025-06-17T10:00:25.688778323Z,1.0,75.0,0.0,50.0,100.0,Asia/Vientiane,https://maps.gstatic.com/weather/v1/strong_tstorms,Light thunderstorms and rain,en,LIGHT_THUNDERSTORM_RAIN,26.5,CELSIUS,29.0,CELSIUS,21.8,CELSIUS,29.0,CELSIUS,26.5,CELSIUS,35.0,RAIN,0.0,MILLIMETERS,0.47750000000000004,MILLIMETERS,1006.04,203.0,SOUTH_SOUTHWEST,8.0,KILOMETERS_PER_HOUR,14.0,KILOMETERS_PER_HOUR,16.0,KILOMETERS,-0.1,CELSIUS,29.2,CELSIUS,22.9,CELSIUS,0.0,MILLIMETERS,5.1356,MILLIMETERS,,,,2025-06-17 17:00:07.377000+07:00,1700
1095,90428,"Hoon Secondary School - Hoon, Oudomxay ມັດທະຍົມ ເມືອງຮຸນ","Hoon Secondary School - Hoon, Oudomxay ມັດທະຍົມ ເມືອງຮຸນ",20.146431,101.467765,2025-06-17T10:00:26.966635327Z,1.0,75.0,0.0,50.0,100.0,Asia/Vientiane,https://maps.gstatic.com/weather/v1/strong_tstorms,Light thunderstorms and rain,en,LIGHT_THUNDERSTORM_RAIN,26.5,CELSIUS,29.0,CELSIUS,21.8,CELSIUS,29.0,CELSIUS,26.5,CELSIUS,35.0,RAIN,0.0,MILLIMETERS,0.47750000000000004,MILLIMETERS,1006.04,203.0,SOUTH_SOUTHWEST,8.0,KILOMETERS_PER_HOUR,14.0,KILOMETERS_PER_HOUR,16.0,KILOMETERS,-0.1,CELSIUS,29.2,CELSIUS,22.9,CELSIUS,0.0,MILLIMETERS,5.1356,MILLIMETERS,,,,2025-06-17 17:00:07.377000+07:00,1700
1096,90430,"Nampook Secondary School - Huoixai, Bokeo ມັດທະຍົມສົມບູນ ນ້ຳປຸກ","Nampook Secondary School - Huoixai, Bokeo ມັດທະຍົມສົມບູນ ນ້ຳປຸກ",20.217811,100.565439,2025-06-17T10:00:28.373204290Z,1.0,78.0,0.0,60.0,100.0,Asia/Vientiane,https://maps.gstatic.com/weather/v1/strong_tstorms,Light thunderstorms and rain,en,LIGHT_THUNDERSTORM_RAIN,27.9,CELSIUS,31.8,CELSIUS,23.7,CELSIUS,31.8,CELSIUS,27.9,CELSIUS,35.0,RAIN,0.0,MILLIMETERS,0.7315,MILLIMETERS,1005.0,203.0,SOUTH_SOUTHWEST,5.0,KILOMETERS_PER_HOUR,13.0,KILOMETERS_PER_HOUR,16.0,KILOMETERS,-0.1,CELSIUS,30.5,CELSIUS,24.2,CELSIUS,0.0,MILLIMETERS,24.9706,MILLIMETERS,,,,2025-06-17 17:00:07.377000+07:00,1700
1097,90432,Meung - Bokeo,Meung - Bokeo,20.565749,100.592003,2025-06-17T10:00:29.719895724Z,1.0,80.0,0.0,50.0,100.0,Asia/Vientiane,https://maps.gstatic.com/weather/v1/strong_tstorms,Light thunderstorms and rain,en,LIGHT_THUNDERSTORM_RAIN,25.2,CELSIUS,29.2,CELSIUS,21.0,CELSIUS,29.2,CELSIUS,25.2,CELSIUS,35.0,RAIN,0.0,MILLIMETERS,0.46740000000000004,MILLIMETERS,1006.0,203.0,SOUTH_SOUTHWEST,6.0,KILOMETERS_PER_HOUR,13.0,KILOMETERS_PER_HOUR,16.0,KILOMETERS,2.4,CELSIUS,27.0,CELSIUS,20.4,CELSIUS,0.0,MILLIMETERS,13.2208,MILLIMETERS,,,,2025-06-17 17:00:07.377000+07:00,1700
1098,90434,Paktha - Bokeo,Paktha - Bokeo,20.105423,100.597269,2025-06-17T10:00:31.138469352Z,1.0,78.0,0.0,60.0,100.0,Asia/Vientiane,https://maps.gstatic.com/weather/v1/strong_tstorms,Light thunderstorms and rain,en,LIGHT_THUNDERSTORM_RAIN,27.9,CELSIUS,31.8,CELSIUS,23.7,CELSIUS,31.8,CELSIUS,27.9,CELSIUS,35.0,RAIN,0.0,MILLIMETERS,0.7315,MILLIMETERS,1005.0,203.0,SOUTH_SOUTHWEST,5.0,KILOMETERS_PER_HOUR,13.0,KILOMETERS_PER_HOUR,16.0,KILOMETERS,-0.1,CELSIUS,30.5,CELSIUS,24.2,CELSIUS,0.0,MILLIMETERS,24.9706,MILLIMETERS,,,,2025-06-17 17:00:07.377000+07:00,1700
1099,90435,"Santiphab Secondary School - Luangprabang, Luangprabang ມັດທະຍົມ ສັນຕິພາບ","Santiphab Secondary School - Luangprabang, Luangprabang ມັດທະຍົມ ສັນຕິພາບ",19.880332,102.139832,2025-06-17T10:00:32.507052707Z,1.0,53.0,0.0,70.0,100.0,Asia/Vientiane,https://maps.gstatic.com/weather/v1/drizzle,Light rain,en,LIGHT_RAIN,33.6,CELSIUS,39.1,CELSIUS,22.9,CELSIUS,39.1,CELSIUS,33.6,CELSIUS,25.0,RAIN,0.0,MILLIMETERS,0.2997,MILLIMETERS,1003.84,225.0,SOUTHWEST,8.0,KILOMETERS_PER_HOUR,18.0,KILOMETERS_PER_HOUR,16.0,KILOMETERS,6.0,CELSIUS,33.3,CELSIUS,24.2,CELSIUS,0.0,MILLIMETERS,11.2195,MILLIMETERS,,,,2025-06-17 17:00:07.377000+07:00,1700
1100,90437,"PakXeng Secondary School - PakXeng, Luangprabang ມັດທະຍົມສົມບູນ ປາກແຊງ","PakXeng Secondary School - PakXeng, Luangprabang ມັດທະຍົມສົມບູນ ປາກແຊງ",20.174492,102.675657,2025-06-17T10:00:33.866938695Z,1.0,68.0,0.0,40.0,100.0,Asia/Vientiane,https://maps.gstatic.com/weather/v1/cloudy,Cloudy,en,CLOUDY,25.5,CELSIUS,28.8,CELSIUS,18.9,CELSIUS,28.8,CELSIUS,25.5,CELSIUS,25.0,RAIN,0.0,MILLIMETERS,0.5588000000000001,MILLIMETERS,1005.09,160.0,SOUTH_SOUTHEAST,5.0,KILOMETERS_PER_HOUR,11.0,KILOMETERS_PER_HOUR,16.0,KILOMETERS,4.0,CELSIUS,26.8,CELSIUS,18.0,CELSIUS,0.0,MILLIMETERS,13.5486,MILLIMETERS,,,,2025-06-17 17:00:07.377000+07:00,1700
1101,90438,"Phonxay Secpondary School - Phonxay, Luangprabang ມັດທະຍົມສົມບູນ ເມືອງໂພນໄຊ","Phonxay Secpondary School - Phonxay, Luangprabang ມັດທະຍົມສົມບູນ ເມືອງໂພນໄຊ",19.958916,102.572347,,,,,,,,,,,,,,,,,,,,,,,,,,,,,,,,,,,,,,,,,,,,,,,404.0,Information is not supported for this location. Please try a different location.,NOT_FOUND,2025-06-17 17:00:07.377000+07:00,1700
1102,90440,"Vangxieng Secondary School - Phonthong, Luangprabang ມັດທະຍົມ ວັງຊຽງ","Vangxieng Secondary School - Phonthong, Luangprabang ມັດທະຍົມ ວັງຊຽງ",20.737745,103.073231,2025-06-17T10:00:36.553646985Z,1.0,68.0,0.0,40.0,100.0,Asia/Vientiane,https://maps.gstatic.com/weather/v1/cloudy,Cloudy,en,CLOUDY,26.6,CELSIUS,28.8,CELSIUS,20.1,CELSIUS,28.8,CELSIUS,26.6,CELSIUS,25.0,RAIN,0.0,MILLIMETERS,0.3251,MILLIMETERS,1005.86,215.0,SOUTHWEST,8.0,KILOMETERS_PER_HOUR,19.0,KILOMETERS_PER_HOUR,16.0,KILOMETERS,3.5,CELSIUS,27.9,CELSIUS,20.5,CELSIUS,0.0,MILLIMETERS,13.5153,MILLIMETERS,,,,2025-06-17 17:00:07.377000+07:00,1700
1103,90441,"Kiwkachum Secondary School - XiengNgeun, Luangprabang ມັດທະຍົມ ກິ່ວກະຈຳ","Kiwkachum Secondary School - XiengNgeun, Luangprabang ມັດທະຍົມ ກິ່ວກະຈຳ",19.555,102.234,2025-06-17T10:00:37.822204726Z,1.0,65.0,0.0,70.0,100.0,Asia/Vientiane,https://maps.gstatic.com/weather/v1/drizzle,Light rain,en,LIGHT_RAIN,29.7,CELSIUS,32.2,CELSIUS,22.5,CELSIUS,32.2,CELSIUS,29.7,CELSIUS,25.0,RAIN,0.0,MILLIMETERS,0.3658,MILLIMETERS,1005.98,205.0,SOUTH_SOUTHWEST,10.0,KILOMETERS_PER_HOUR,26.0,KILOMETERS_PER_HOUR,16.0,KILOMETERS,3.8,CELSIUS,30.0,CELSIUS,20.6,CELSIUS,0.0,MILLIMETERS,8.606,MILLIMETERS,,,,2025-06-17 17:00:07.377000+07:00,1700
1104,90442,"Nan Secondary School - Nan, Luangprabang ມັດທະຍົມ ເມືອງນານ","Nan Secondary School - Nan, Luangprabang ມັດທະຍົມ ເມືອງນານ",19.498539,101.883867,2025-06-17T10:00:39.140083946Z,1.0,77.0,0.0,70.0,100.0,Asia/Vientiane,https://maps.gstatic.com/weather/v1/drizzle,Light rain,en,LIGHT_RAIN,23.0,CELSIUS,26.0,CELSIUS,18.7,CELSIUS,26.0,CELSIUS,23.0,CELSIUS,25.0,RAIN,0.0,MILLIMETERS,0.40890000000000004,MILLIMETERS,1006.42,203.0,SOUTH_SOUTHWEST,5.0,KILOMETERS_PER_HOUR,8.0,KILOMETERS_PER_HOUR,16.0,KILOMETERS,-0.4,CELSIUS,23.7,CELSIUS,19.1,CELSIUS,0.0,MILLIMETERS,16.2182,MILLIMETERS,,,,2025-06-17 17:00:07.377000+07:00,1700
1105,90447,Xamneua - Houaphan,Xamneua - Houaphan,20.413807,104.050733,2025-06-17T10:00:40.521306806Z,1.0,69.0,0.0,60.0,100.0,Asia/Vientiane,https://maps.gstatic.com/weather/v1/drizzle,Light rain,en,LIGHT_RAIN,28.0,CELSIUS,30.7,CELSIUS,21.8,CELSIUS,30.7,CELSIUS,28.0,CELSIUS,25.0,RAIN,0.0,MILLIMETERS,0.34040000000000004,MILLIMETERS,1005.44,200.0,SOUTH_SOUTHWEST,5.0,KILOMETERS_PER_HOUR,13.0,KILOMETERS_PER_HOUR,16.0,KILOMETERS,4.4,CELSIUS,30.4,CELSIUS,20.3,CELSIUS,0.0,MILLIMETERS,4.5292,MILLIMETERS,,,,2025-06-17 17:00:07.377000+07:00,1700
1106,90449,"BouamNgam Secondary School - Huameuang, Houaphan  ມັດທະຍົມ ບວມງາມ","BouamNgam Secondary School - Huameuang, Houaphan  ມັດທະຍົມ ບວມງາມ",20.199501,103.875166,2025-06-17T10:00:41.893269230Z,1.0,70.0,0.0,40.0,100.0,Asia/Vientiane,https://maps.gstatic.com/weather/v1/drizzle,Light rain,en,LIGHT_RAIN,26.2,CELSIUS,28.3,CELSIUS,20.2,CELSIUS,28.3,CELSIUS,26.2,CELSIUS,40.0,RAIN,0.0,MILLIMETERS,0.4877,MILLIMETERS,1006.67,200.0,SOUTH_SOUTHWEST,6.0,KILOMETERS_PER_HOUR,18.0,KILOMETERS_PER_HOUR,16.0,KILOMETERS,3.0,CELSIUS,26.9,CELSIUS,19.2,CELSIUS,0.0,MILLIMETERS,6.6577,MILLIMETERS,,,,2025-06-17 17:00:07.377000+07:00,1700
1107,90450,Xamtay - Houaphan,Xamtay - Houaphan,19.999194,104.64011,2025-06-17T10:00:43.186595831Z,1.0,64.0,0.0,50.0,100.0,Asia/Vientiane,https://maps.gstatic.com/weather/v1/cloudy,Cloudy,en,CLOUDY,27.0,CELSIUS,29.4,CELSIUS,19.7,CELSIUS,29.4,CELSIUS,27.0,CELSIUS,20.0,RAIN,0.0,MILLIMETERS,0.5563,MILLIMETERS,1006.1,225.0,SOUTHWEST,3.0,KILOMETERS_PER_HOUR,13.0,KILOMETERS_PER_HOUR,16.0,KILOMETERS,2.6,CELSIUS,29.0,CELSIUS,19.1,CELSIUS,0.0,MILLIMETERS,4.2318,MILLIMETERS,,,,2025-06-17 17:00:07.377000+07:00,1700
1108,90451,"Add Secondary School - Add, Houaphan ມັດທະຍົມ ແອດ","Add Secondary School - Add, Houaphan ມັດທະຍົມ ແອດ",20.820542,104.004618,,,,,,,,,,,,,,,,,,,,,,,,,,,,,,,,,,,,,,,,,,,,,,,404.0,Information is not supported for this location. Please try a different location.,NOT_FOUND,2025-06-17 17:00:07.377000+07:00,1700
1109,90452,Xon - Houaphan,Xon - Houaphan,20.466813,103.34797,2025-06-17T10:00:45.668921525Z,1.0,70.0,0.0,40.0,100.0,Asia/Vientiane,https://maps.gstatic.com/weather/v1/drizzle,Light rain,en,LIGHT_RAIN,23.6,CELSIUS,25.7,CELSIUS,17.6,CELSIUS,25.7,CELSIUS,23.6,CELSIUS,40.0,RAIN,0.0,MILLIMETERS,0.4877,MILLIMETERS,1006.67,200.0,SOUTH_SOUTHWEST,6.0,KILOMETERS_PER_HOUR,18.0,KILOMETERS_PER_HOUR,16.0,KILOMETERS,3.0,CELSIUS,24.3,CELSIUS,16.6,CELSIUS,0.0,MILLIMETERS,6.6577,MILLIMETERS,,,,2025-06-17 17:00:07.377000+07:00,1700
1110,90453,Xiengkhor - Houaphan,Xiengkhor - Houaphan,20.813892,104.146676,,,,,,,,,,,,,,,,,,,,,,,,,,,,,,,,,,,,,,,,,,,,,,,404.0,Information is not supported for this location. Please try a different location.,NOT_FOUND,2025-06-17 17:00:07.377000+07:00,1700
1111,90454," Viengthong Secondary School - Hiem, Houaphan ມັດທະຍົມ ວຽງທອງ"," Viengthong Secondary School - Hiem, Houaphan ມັດທະຍົມ ວຽງທອງ",20.099855,103.380396,2025-06-17T10:00:48.182313960Z,1.0,70.0,0.0,40.0,100.0,Asia/Vientiane,https://maps.gstatic.com/weather/v1/drizzle,Light rain,en,LIGHT_RAIN,23.6,CELSIUS,25.7,CELSIUS,17.6,CELSIUS,25.7,CELSIUS,23.6,CELSIUS,40.0,RAIN,0.0,MILLIMETERS,0.4877,MILLIMETERS,1006.67,200.0,SOUTH_SOUTHWEST,6.0,KILOMETERS_PER_HOUR,18.0,KILOMETERS_PER_HOUR,16.0,KILOMETERS,3.0,CELSIUS,24.3,CELSIUS,16.6,CELSIUS,0.0,MILLIMETERS,6.6577,MILLIMETERS,,,,2025-06-17 17:00:07.377000+07:00,1700
1112,90455,"Sopbao Secondary School - Sopbao, Houaphan ມັດທະຍົມ ສົບເບົາ","Sopbao Secondary School - Sopbao, Houaphan ມັດທະຍົມ ສົບເບົາ",20.710206,104.384946,2025-06-17T10:00:49.473215360Z,1.0,69.0,0.0,60.0,100.0,Asia/Vientiane,https://maps.gstatic.com/weather/v1/drizzle,Light rain,en,LIGHT_RAIN,24.1,CELSIUS,26.8,CELSIUS,17.9,CELSIUS,26.8,CELSIUS,24.1,CELSIUS,25.0,RAIN,0.0,MILLIMETERS,0.34040000000000004,MILLIMETERS,1005.44,200.0,SOUTH_SOUTHWEST,5.0,KILOMETERS_PER_HOUR,13.0,KILOMETERS_PER_HOUR,16.0,KILOMETERS,4.4,CELSIUS,26.5,CELSIUS,16.4,CELSIUS,0.0,MILLIMETERS,4.5292,MILLIMETERS,,,,2025-06-17 17:00:07.377000+07:00,1700
1113,90456,"Kuan Secondary School - Kuan, Houaphan ມັດທະຍົມສົມບູນ ກັວນ","Kuan Secondary School - Kuan, Houaphan ມັດທະຍົມສົມບູນ ກັວນ",19.835863,104.561303,2025-06-17T10:00:50.760585173Z,1.0,64.0,0.0,50.0,100.0,Asia/Vientiane,https://maps.gstatic.com/weather/v1/cloudy,Cloudy,en,CLOUDY,28.3,CELSIUS,30.7,CELSIUS,21.0,CELSIUS,30.7,CELSIUS,28.3,CELSIUS,20.0,RAIN,0.0,MILLIMETERS,0.5563,MILLIMETERS,1006.1,225.0,SOUTHWEST,3.0,KILOMETERS_PER_HOUR,13.0,KILOMETERS_PER_HOUR,16.0,KILOMETERS,2.6,CELSIUS,30.3,CELSIUS,20.4,CELSIUS,0.0,MILLIMETERS,4.2318,MILLIMETERS,,,,2025-06-17 17:00:07.377000+07:00,1700
1114,90457,"Khob Secondary School - Khob, Xayabouli ມັດທະຍົມ ເມືອງຄອບ","Khob Secondary School - Khob, Xayabouli ມັດທະຍົມ ເມືອງຄອບ",19.699713,100.5572,2025-06-17T10:00:52.002800946Z,1.0,79.0,0.0,60.0,100.0,Asia/Vientiane,https://maps.gstatic.com/weather/v1/strong_tstorms,Light thunderstorms and rain,en,LIGHT_THUNDERSTORM_RAIN,27.1,CELSIUS,30.4,CELSIUS,23.0,CELSIUS,30.4,CELSIUS,27.1,CELSIUS,35.0,RAIN,0.0,MILLIMETERS,0.7493000000000001,MILLIMETERS,1005.89,180.0,SOUTH,13.0,KILOMETERS_PER_HOUR,21.0,KILOMETERS_PER_HOUR,16.0,KILOMETERS,-1.7,CELSIUS,28.8,CELSIUS,23.7,CELSIUS,0.0,MILLIMETERS,13.8226,MILLIMETERS,,,,2025-06-17 17:00:07.377000+07:00,1700
1115,90458,"Hongsa Secondary School - Hongsa, Xaignabouly ມັດທະຍົມສົມບູນ ຫົງສາ","Hongsa Secondary School - Hongsa, Xaignabouly ມັດທະຍົມສົມບູນ ຫົງສາ",19.70693,101.342893,2025-06-17T10:00:53.280270369Z,1.0,77.0,0.0,70.0,100.0,Asia/Vientiane,https://maps.gstatic.com/weather/v1/drizzle,Light rain,en,LIGHT_RAIN,24.3,CELSIUS,27.3,CELSIUS,20.0,CELSIUS,27.3,CELSIUS,24.3,CELSIUS,25.0,RAIN,0.0,MILLIMETERS,0.40890000000000004,MILLIMETERS,1006.42,203.0,SOUTH_SOUTHWEST,5.0,KILOMETERS_PER_HOUR,8.0,KILOMETERS_PER_HOUR,16.0,KILOMETERS,-0.4,CELSIUS,25.0,CELSIUS,20.4,CELSIUS,0.0,MILLIMETERS,16.2182,MILLIMETERS,,,,2025-06-17 17:00:07.377000+07:00,1700
1116,90459,Phiang - Xaignabouly,Phiang - Xaignabouly,19.094645,101.529558,2025-06-17T10:00:54.554265155Z,1.0,61.0,0.0,70.0,100.0,Asia/Vientiane,https://maps.gstatic.com/weather/v1/cloudy,Cloudy,en,CLOUDY,30.8,CELSIUS,34.8,CELSIUS,22.8,CELSIUS,34.8,CELSIUS,30.8,CELSIUS,20.0,RAIN,0.0,MILLIMETERS,0.0051,MILLIMETERS,1005.9,203.0,SOUTH_SOUTHWEST,6.0,KILOMETERS_PER_HOUR,14.0,KILOMETERS_PER_HOUR,16.0,KILOMETERS,1.0,CELSIUS,32.2,CELSIUS,23.7,CELSIUS,0.0,MILLIMETERS,5.0189,MILLIMETERS,,,,2025-06-17 17:00:07.377000+07:00,1700
1117,90460,Parklai - Xaignabouly,Parklai - Xaignabouly,18.220795,101.405717,2025-06-17T10:00:55.827925387Z,1.0,75.0,0.0,70.0,100.0,Asia/Vientiane,https://maps.gstatic.com/weather/v1/strong_tstorms,Light thunderstorms and rain,en,LIGHT_THUNDERSTORM_RAIN,28.2,CELSIUS,32.7,CELSIUS,23.4,CELSIUS,32.7,CELSIUS,28.2,CELSIUS,35.0,RAIN,0.0,MILLIMETERS,1.2167000000000001,MILLIMETERS,1006.0,203.0,SOUTH_SOUTHWEST,5.0,KILOMETERS_PER_HOUR,10.0,KILOMETERS_PER_HOUR,16.0,KILOMETERS,-2.9,CELSIUS,31.1,CELSIUS,24.4,CELSIUS,0.0,MILLIMETERS,4.2672,MILLIMETERS,,,,2025-06-17 17:00:07.377000+07:00,1700
1118,90463,"Ekaphab Secondary School - Xayabury, Xayabury ມັດທະຍົມ ເອກະພາບ","Ekaphab Secondary School - Xayabury, Xayabury ມັດທະຍົມ ເອກະພາບ",19.237566,101.714751,2025-06-17T10:00:57.095844333Z,1.0,66.0,0.0,70.0,100.0,Asia/Vientiane,https://maps.gstatic.com/weather/v1/strong_tstorms,Light thunderstorms and rain,en,LIGHT_THUNDERSTORM_RAIN,29.7,CELSIUS,33.6,CELSIUS,22.6,CELSIUS,33.6,CELSIUS,29.7,CELSIUS,35.0,RAIN,0.0,MILLIMETERS,0.127,MILLIMETERS,1005.14,203.0,SOUTH_SOUTHWEST,6.0,KILOMETERS_PER_HOUR,14.0,KILOMETERS_PER_HOUR,16.0,KILOMETERS,0.1,CELSIUS,30.6,CELSIUS,24.8,CELSIUS,0.0,MILLIMETERS,4.2113,MILLIMETERS,,,,2025-06-17 17:00:07.377000+07:00,1700
1119,90465,Xienghone - Xaignabouly ,Xienghone - Xaignabouly ,19.631763,100.814901,2025-06-17T10:00:58.398500994Z,1.0,72.0,0.0,50.0,100.0,Asia/Vientiane,https://maps.gstatic.com/weather/v1/strong_tstorms,Light thunderstorms and rain,en,LIGHT_THUNDERSTORM_RAIN,25.8,CELSIUS,29.3,CELSIUS,20.3,CELSIUS,29.3,CELSIUS,25.8,CELSIUS,35.0,RAIN,0.0,MILLIMETERS,0.47500000000000003,MILLIMETERS,1006.02,225.0,SOUTHWEST,10.0,KILOMETERS_PER_HOUR,18.0,KILOMETERS_PER_HOUR,16.0,KILOMETERS,1.6,CELSIUS,26.8,CELSIUS,20.2,CELSIUS,0.0,MILLIMETERS,8.9204,MILLIMETERS,,,,2025-06-17 17:00:07.377000+07:00,1700
1120,90466,"Kenethao Secondary School - Kenethao, Xayabury ມັດທະຍົມສົມບຸນ ແກ່ນທ້າວ","Kenethao Secondary School - Kenethao, Xayabury ມັດທະຍົມສົມບຸນ ແກ່ນທ້າວ",17.740569,101.403471,2025-06-17T10:00:59.678120226Z,1.0,76.0,0.0,70.0,100.0,Asia/Vientiane,https://maps.gstatic.com/weather/v1/strong_tstorms,Light thunderstorms and rain,en,LIGHT_THUNDERSTORM_RAIN,29.3,CELSIUS,34.5,CELSIUS,24.8,CELSIUS,34.5,CELSIUS,29.3,CELSIUS,40.0,RAIN,0.0,MILLIMETERS,2.4714,MILLIMETERS,1005.12,293.0,WEST_NORTHWEST,5.0,KILOMETERS_PER_HOUR,11.0,KILOMETERS_PER_HOUR,16.0,KILOMETERS,-2.9,CELSIUS,32.2,CELSIUS,25.2,CELSIUS,0.0,MILLIMETERS,10.2412,MILLIMETERS,,,,2025-06-17 17:00:07.377000+07:00,1700
1121,90468,Pek - Xiengkhouang,Pek - Xiengkhouang,19.444636,103.205788,2025-06-17T10:01:00.919832924Z,1.0,58.0,0.0,70.0,100.0,Asia/Vientiane,https://maps.gstatic.com/weather/v1/cloudy,Cloudy,en,CLOUDY,29.0,CELSIUS,31.1,CELSIUS,19.9,CELSIUS,31.1,CELSIUS,29.0,CELSIUS,25.0,RAIN,0.0,MILLIMETERS,0.2997,MILLIMETERS,1006.65,210.0,SOUTH_SOUTHWEST,10.0,KILOMETERS_PER_HOUR,21.0,KILOMETERS_PER_HOUR,16.0,KILOMETERS,3.3,CELSIUS,28.8,CELSIUS,20.1,CELSIUS,0.0,MILLIMETERS,10.5514,MILLIMETERS,,,,2025-06-17 17:00:07.377000+07:00,1700
1122,90469,Nonghed - Xiengkhouang,Nonghed - Xiengkhouang,19.49661,103.986121,,,,,,,,,,,,,,,,,,,,,,,,,,,,,,,,,,,,,,,,,,,,,,,404.0,Information is not supported for this location. Please try a different location.,NOT_FOUND,2025-06-17 17:00:07.377000+07:00,1700
1123,90471,"Napa Secondary School - Kham, Xiengkhouang ມັດທະຍົມ ນາປາ","Napa Secondary School - Kham, Xiengkhouang ມັດທະຍົມ ນາປາ",19.590573,103.662369,2025-06-17T10:01:03.463316205Z,1.0,55.0,0.0,70.0,100.0,Asia/Vientiane,https://maps.gstatic.com/weather/v1/cloudy,Cloudy,en,CLOUDY,30.6,CELSIUS,33.4,CELSIUS,20.6,CELSIUS,33.4,CELSIUS,30.6,CELSIUS,25.0,RAIN,0.0,MILLIMETERS,0.16,MILLIMETERS,1005.65,270.0,WEST,3.0,KILOMETERS_PER_HOUR,5.0,KILOMETERS_PER_HOUR,16.0,KILOMETERS,5.3,CELSIUS,31.8,CELSIUS,20.9,CELSIUS,0.0,MILLIMETERS,4.9837,MILLIMETERS,,,,2025-06-17 17:00:07.377000+07:00,1700
1124,90472,"Chomphet Seconbdary School - Khoune, Xiengkhuang ມັດທະຍົມ ຈອມເພັດ","Chomphet Seconbdary School - Khoune, Xiengkhuang ມັດທະຍົມ ຈອມເພັດ",19.340999,103.371433,2025-06-17T10:01:04.720757907Z,1.0,58.0,0.0,70.0,100.0,Asia/Vientiane,https://maps.gstatic.com/weather/v1/cloudy,Cloudy,en,CLOUDY,29.0,CELSIUS,31.1,CELSIUS,19.9,CELSIUS,31.1,CELSIUS,29.0,CELSIUS,25.0,RAIN,0.0,MILLIMETERS,0.2997,MILLIMETERS,1006.65,210.0,SOUTH_SOUTHWEST,10.0,KILOMETERS_PER_HOUR,21.0,KILOMETERS_PER_HOUR,16.0,KILOMETERS,3.3,CELSIUS,28.8,CELSIUS,20.1,CELSIUS,0.0,MILLIMETERS,10.5514,MILLIMETERS,,,,2025-06-17 17:00:07.377000+07:00,1700
1125,90474,"Lardkhai Secondary School - Phaxay, Xiengkhouang ມັດທະຍົມ ລາດຄ້າຍ","Lardkhai Secondary School - Phaxay, Xiengkhouang ມັດທະຍົມ ລາດຄ້າຍ",19.29915,103.133374,2025-06-17T10:01:06.007379652Z,1.0,58.0,0.0,70.0,100.0,Asia/Vientiane,https://maps.gstatic.com/weather/v1/cloudy,Cloudy,en,CLOUDY,29.0,CELSIUS,31.1,CELSIUS,19.9,CELSIUS,31.1,CELSIUS,29.0,CELSIUS,25.0,RAIN,0.0,MILLIMETERS,0.2997,MILLIMETERS,1006.65,210.0,SOUTH_SOUTHWEST,10.0,KILOMETERS_PER_HOUR,21.0,KILOMETERS_PER_HOUR,16.0,KILOMETERS,3.3,CELSIUS,28.8,CELSIUS,20.1,CELSIUS,0.0,MILLIMETERS,10.5514,MILLIMETERS,,,,2025-06-17 17:00:07.377000+07:00,1700
1126,90475,Phonhong - Vientiane,Phonhong - Vientiane,18.350024,102.42424,2025-06-17T10:01:07.302246628Z,1.0,81.0,0.0,90.0,100.0,Asia/Vientiane,https://maps.gstatic.com/weather/v1/strong_tstorms,Thunderstorm,en,THUNDERSTORM,31.0,CELSIUS,40.4,CELSIUS,27.3,CELSIUS,40.4,CELSIUS,31.0,CELSIUS,55.0,RAIN,0.0,MILLIMETERS,1.6002,MILLIMETERS,1005.89,200.0,SOUTH_SOUTHWEST,6.0,KILOMETERS_PER_HOUR,13.0,KILOMETERS_PER_HOUR,16.0,KILOMETERS,1.9000000000000001,CELSIUS,34.3,CELSIUS,24.9,CELSIUS,0.0,MILLIMETERS,5.5299,MILLIMETERS,,,,2025-06-17 17:00:07.377000+07:00,1700
1127,90476,"Kasy Secondary School - Kasy, Vientiane Province ມັດທະຍົມສົມບູນ ກາສີ","Kasy Secondary School - Kasy, Vientiane Province ມັດທະຍົມສົມບູນ ກາສີ",19.225034,102.25219,2025-06-17T10:01:08.584947627Z,1.0,80.0,0.0,70.0,100.0,Asia/Vientiane,https://maps.gstatic.com/weather/v1/strong_tstorms,Light thunderstorms and rain,en,LIGHT_THUNDERSTORM_RAIN,29.1,CELSIUS,35.0,CELSIUS,25.3,CELSIUS,35.0,CELSIUS,29.1,CELSIUS,45.0,RAIN,0.0,MILLIMETERS,0.6985,MILLIMETERS,1006.62,195.0,SOUTH_SOUTHWEST,6.0,KILOMETERS_PER_HOUR,16.0,KILOMETERS_PER_HOUR,16.0,KILOMETERS,2.9,CELSIUS,30.2,CELSIUS,22.1,CELSIUS,0.0,MILLIMETERS,17.8182,MILLIMETERS,,,,2025-06-17 17:00:07.377000+07:00,1700
1128,90477,"Xanakharm Secondary School - Xanakharm, Vieniane Province ມັດທະຍົມສົບຸນ ຊະນະຄາມ","Xanakharm Secondary School - Xanakharm, Vieniane Province ມັດທະຍົມສົບຸນ ຊະນະຄາມ",17.910218,101.670662,2025-06-17T10:01:09.858350499Z,1.0,72.0,0.0,59.0,100.0,Asia/Vientiane,https://maps.gstatic.com/weather/v1/cloudy,Cloudy,en,CLOUDY,31.1,CELSIUS,38.1,CELSIUS,25.3,CELSIUS,38.1,CELSIUS,31.1,CELSIUS,20.0,RAIN,0.0,MILLIMETERS,0.5334,MILLIMETERS,1006.0,225.0,SOUTHWEST,6.0,KILOMETERS_PER_HOUR,14.0,KILOMETERS_PER_HOUR,16.0,KILOMETERS,-0.30000000000000004,CELSIUS,32.1,CELSIUS,25.1,CELSIUS,0.0,MILLIMETERS,7.5946,MILLIMETERS,,,,2025-06-17 17:00:07.377000+07:00,1700
1129,90478,Mad - Vientiane,Mad - Vientiane,18.448868,101.76322,2025-06-17T10:01:11.131220102Z,1.0,75.0,0.0,70.0,100.0,Asia/Vientiane,https://maps.gstatic.com/weather/v1/strong_tstorms,Light thunderstorms and rain,en,LIGHT_THUNDERSTORM_RAIN,28.8,CELSIUS,33.4,CELSIUS,24.0,CELSIUS,33.4,CELSIUS,28.8,CELSIUS,35.0,RAIN,0.0,MILLIMETERS,1.2167000000000001,MILLIMETERS,1006.0,203.0,SOUTH_SOUTHWEST,5.0,KILOMETERS_PER_HOUR,10.0,KILOMETERS_PER_HOUR,16.0,KILOMETERS,-2.9,CELSIUS,31.7,CELSIUS,25.0,CELSIUS,0.0,MILLIMETERS,4.2672,MILLIMETERS,,,,2025-06-17 17:00:07.377000+07:00,1700
1130,90479,"Phonmi Secondary School - Viengkham, Vientiane Province ມັດທະຍົມສົມບຸນ ໂພນໝີ","Phonmi Secondary School - Viengkham, Vientiane Province ມັດທະຍົມສົມບຸນ ໂພນໝີ",18.48451,102.485942,2025-06-17T10:01:12.453204871Z,1.0,81.0,0.0,90.0,100.0,Asia/Vientiane,https://maps.gstatic.com/weather/v1/strong_tstorms,Thunderstorm,en,THUNDERSTORM,31.0,CELSIUS,40.4,CELSIUS,27.3,CELSIUS,40.4,CELSIUS,31.0,CELSIUS,55.0,RAIN,0.0,MILLIMETERS,1.6002,MILLIMETERS,1005.89,200.0,SOUTH_SOUTHWEST,6.0,KILOMETERS_PER_HOUR,13.0,KILOMETERS_PER_HOUR,16.0,KILOMETERS,1.9000000000000001,CELSIUS,34.3,CELSIUS,24.9,CELSIUS,0.0,MILLIMETERS,5.5299,MILLIMETERS,,,,2025-06-17 17:00:07.377000+07:00,1700
1131,90482,"KeoKou Secondary School - KeoOudom, Vientiane Province ມັດທະຍົມສົມບູນ ແກ້ວກູ່","KeoKou Secondary School - KeoOudom, Vientiane Province ມັດທະຍົມສົມບູນ ແກ້ວກູ່",18.554884,102.502844,2025-06-17T10:01:13.704164988Z,1.0,81.0,0.0,90.0,100.0,Asia/Vientiane,https://maps.gstatic.com/weather/v1/strong_tstorms,Thunderstorm,en,THUNDERSTORM,31.0,CELSIUS,40.4,CELSIUS,27.3,CELSIUS,40.4,CELSIUS,31.0,CELSIUS,55.0,RAIN,0.0,MILLIMETERS,1.6002,MILLIMETERS,1005.89,200.0,SOUTH_SOUTHWEST,6.0,KILOMETERS_PER_HOUR,13.0,KILOMETERS_PER_HOUR,16.0,KILOMETERS,1.9000000000000001,CELSIUS,34.3,CELSIUS,24.9,CELSIUS,0.0,MILLIMETERS,5.5299,MILLIMETERS,,,,2025-06-17 17:00:07.377000+07:00,1700
1132,90485,Meun - Vientiane,Meun - Vientiane,18.28379,101.941138,2025-06-17T10:01:14.959565350Z,1.0,79.0,0.0,70.0,100.0,Asia/Vientiane,https://maps.gstatic.com/weather/v1/strong_tstorms,Light thunderstorms and rain,en,LIGHT_THUNDERSTORM_RAIN,31.6,CELSIUS,41.8,CELSIUS,27.5,CELSIUS,41.8,CELSIUS,31.6,CELSIUS,45.0,RAIN,0.0,MILLIMETERS,3.5509,MILLIMETERS,1005.39,135.0,SOUTHEAST,3.0,KILOMETERS_PER_HOUR,6.0,KILOMETERS_PER_HOUR,16.0,KILOMETERS,1.3,CELSIUS,33.6,CELSIUS,25.3,CELSIUS,0.0,MILLIMETERS,5.2171,MILLIMETERS,,,,2025-06-17 17:00:07.377000+07:00,1700
1133,90487,"Thaphabath Secondary School - Thaphabath, Bolikhamxai","Thaphabath Secondary School - Thaphabath, Bolikhamxai",18.356826,103.198076,2025-06-17T10:01:16.243028681Z,1.0,67.0,0.0,70.0,100.0,Asia/Vientiane,https://maps.gstatic.com/weather/v1/strong_tstorms,Light thunderstorms and rain,en,LIGHT_THUNDERSTORM_RAIN,32.6,CELSIUS,40.6,CELSIUS,25.4,CELSIUS,40.6,CELSIUS,32.6,CELSIUS,40.0,RAIN,0.0,MILLIMETERS,0.18030000000000002,MILLIMETERS,1005.16,225.0,SOUTHWEST,2.0,KILOMETERS_PER_HOUR,5.0,KILOMETERS_PER_HOUR,16.0,KILOMETERS,2.0,CELSIUS,33.4,CELSIUS,25.5,CELSIUS,0.0,MILLIMETERS,6.058,MILLIMETERS,,,,2025-06-17 17:00:07.377000+07:00,1700
1134,90488,Pakkading - Bolikhamxai ,Pakkading - Bolikhamxai ,18.109902,104.281265,2025-06-17T10:01:17.513612675Z,1.0,73.0,0.0,70.0,100.0,Asia/Vientiane,https://maps.gstatic.com/weather/v1/strong_tstorms,Light thunderstorms and rain,en,LIGHT_THUNDERSTORM_RAIN,29.9,CELSIUS,35.5,CELSIUS,24.6,CELSIUS,35.5,CELSIUS,29.9,CELSIUS,35.0,RAIN,0.0,MILLIMETERS,0.3099,MILLIMETERS,1005.42,180.0,SOUTH,3.0,KILOMETERS_PER_HOUR,11.0,KILOMETERS_PER_HOUR,16.0,KILOMETERS,3.2,CELSIUS,31.6,CELSIUS,24.2,CELSIUS,0.0,MILLIMETERS,7.2493,MILLIMETERS,,,,2025-06-17 17:00:07.377000+07:00,1700
1135,90490,"Nakhonxay Secondary School - Khamkeuth, - Borikhamxai ມັດທະຍົມ ນະຄອນໄຊ","Nakhonxay Secondary School - Khamkeuth, - Borikhamxai ມັດທະຍົມ ນະຄອນໄຊ",18.185553,104.983958,2025-06-17T10:01:18.758535881Z,1.0,68.0,0.0,70.0,100.0,Asia/Vientiane,https://maps.gstatic.com/weather/v1/cloudy,Cloudy,en,CLOUDY,28.0,CELSIUS,31.2,CELSIUS,21.6,CELSIUS,31.2,CELSIUS,28.0,CELSIUS,20.0,RAIN,0.0,MILLIMETERS,0.0,MILLIMETERS,1006.25,230.0,SOUTHWEST,10.0,KILOMETERS_PER_HOUR,24.0,KILOMETERS_PER_HOUR,16.0,KILOMETERS,2.0,CELSIUS,29.1,CELSIUS,21.6,CELSIUS,0.0,MILLIMETERS,1.5775000000000001,MILLIMETERS,,,,2025-06-17 17:00:07.377000+07:00,1700
1136,90491,Viengthong - Bolikhamxai,Viengthong - Bolikhamxai,18.512354,104.442835,2025-06-17T10:01:20.028934443Z,1.0,65.0,0.0,70.0,100.0,Asia/Vientiane,https://maps.gstatic.com/weather/v1/cloudy,Cloudy,en,CLOUDY,30.0,CELSIUS,34.1,CELSIUS,22.8,CELSIUS,34.1,CELSIUS,30.0,CELSIUS,25.0,RAIN,0.0,MILLIMETERS,0.09910000000000001,MILLIMETERS,1005.65,255.0,WEST_SOUTHWEST,6.0,KILOMETERS_PER_HOUR,16.0,KILOMETERS_PER_HOUR,16.0,KILOMETERS,2.9,CELSIUS,30.9,CELSIUS,22.7,CELSIUS,0.0,MILLIMETERS,3.2668,MILLIMETERS,,,,2025-06-17 17:00:07.377000+07:00,1700
1137,90492,"NamOn Secondary School - Xaychamphone, Borikhamxai ມັດທະຍົມ ນຳ້ອ້ອນ","NamOn Secondary School - Xaychamphone, Borikhamxai ມັດທະຍົມ ນຳ້ອ້ອນ",18.577559,104.981947,2025-06-17T10:01:21.296585463Z,1.0,68.0,0.0,70.0,100.0,Asia/Vientiane,https://maps.gstatic.com/weather/v1/cloudy,Cloudy,en,CLOUDY,28.0,CELSIUS,31.2,CELSIUS,21.6,CELSIUS,31.2,CELSIUS,28.0,CELSIUS,20.0,RAIN,0.0,MILLIMETERS,0.0,MILLIMETERS,1006.25,230.0,SOUTHWEST,10.0,KILOMETERS_PER_HOUR,24.0,KILOMETERS_PER_HOUR,16.0,KILOMETERS,2.0,CELSIUS,29.1,CELSIUS,21.6,CELSIUS,0.0,MILLIMETERS,1.5775000000000001,MILLIMETERS,,,,2025-06-17 17:00:07.377000+07:00,1700
1138,90493,Thakhek - Khammouan ,Thakhek - Khammouan ,17.392668,104.807495,2025-06-17T10:01:22.549437573Z,1.0,92.0,0.0,70.0,100.0,Asia/Vientiane,https://maps.gstatic.com/weather/v1/cloudy,Cloudy,en,CLOUDY,27.2,CELSIUS,32.5,CELSIUS,25.8,CELSIUS,32.5,CELSIUS,27.2,CELSIUS,25.0,RAIN,0.0,MILLIMETERS,0.7747,MILLIMETERS,1005.0,340.0,NORTH_NORTHWEST,5.0,KILOMETERS_PER_HOUR,13.0,KILOMETERS_PER_HOUR,14.0,KILOMETERS,-1.0,CELSIUS,33.7,CELSIUS,24.7,CELSIUS,0.0,MILLIMETERS,10.6886,MILLIMETERS,,,,2025-06-17 17:00:07.377000+07:00,1700
1139,90494,Mahaxay - Khammouan,Mahaxay - Khammouan,17.457352,105.160169,2025-06-17T10:01:23.813004318Z,1.0,87.0,0.0,70.0,100.0,Asia/Vientiane,https://maps.gstatic.com/weather/v1/cloudy,Cloudy,en,CLOUDY,26.8,CELSIUS,30.8,CELSIUS,24.5,CELSIUS,30.8,CELSIUS,26.8,CELSIUS,25.0,RAIN,0.0,MILLIMETERS,0.20070000000000002,MILLIMETERS,1006.02,250.0,WEST_SOUTHWEST,3.0,KILOMETERS_PER_HOUR,13.0,KILOMETERS_PER_HOUR,16.0,KILOMETERS,0.5,CELSIUS,31.5,CELSIUS,23.0,CELSIUS,0.0,MILLIMETERS,4.9634,MILLIMETERS,,,,2025-06-17 17:00:07.377000+07:00,1700
1140,90495,Nongbok - Khammouan,Nongbok - Khammouan,16.962416,104.81156,2025-06-17T10:01:25.107329098Z,1.0,65.0,0.0,0.0,100.0,Asia/Vientiane,https://maps.gstatic.com/weather/v1/cloudy,Cloudy,en,CLOUDY,32.4,CELSIUS,39.6,CELSIUS,25.1,CELSIUS,39.6,CELSIUS,32.4,CELSIUS,10.0,RAIN,0.0,MILLIMETERS,0.1981,MILLIMETERS,1005.0,225.0,SOUTHWEST,6.0,KILOMETERS_PER_HOUR,16.0,KILOMETERS_PER_HOUR,16.0,KILOMETERS,1.8,CELSIUS,33.9,CELSIUS,25.9,CELSIUS,0.0,MILLIMETERS,1.265,MILLIMETERS,,,,2025-06-17 17:00:07.377000+07:00,1700
1141,90497,Nhommalath - Khammouan ,Nhommalath - Khammouan ,17.614203,105.170282,2025-06-17T10:01:26.344270174Z,1.0,87.0,0.0,70.0,100.0,Asia/Vientiane,https://maps.gstatic.com/weather/v1/cloudy,Cloudy,en,CLOUDY,26.8,CELSIUS,30.8,CELSIUS,24.5,CELSIUS,30.8,CELSIUS,26.8,CELSIUS,25.0,RAIN,0.0,MILLIMETERS,0.20070000000000002,MILLIMETERS,1006.02,250.0,WEST_SOUTHWEST,3.0,KILOMETERS_PER_HOUR,13.0,KILOMETERS_PER_HOUR,16.0,KILOMETERS,0.5,CELSIUS,31.5,CELSIUS,23.0,CELSIUS,0.0,MILLIMETERS,4.9634,MILLIMETERS,,,,2025-06-17 17:00:07.377000+07:00,1700
1142,90500,"Xebangfay Secondary School - Xebangfay, Khammouane ມັດທະຍົມສົມບູນ ເຊບັ້ງໄຟ","Xebangfay Secondary School - Xebangfay, Khammouane ມັດທະຍົມສົມບູນ ເຊບັ້ງໄຟ",17.086149,104.981631,2025-06-17T10:01:27.608788897Z,1.0,90.0,0.0,70.0,100.0,Asia/Vientiane,https://maps.gstatic.com/weather/v1/cloudy,Cloudy,en,CLOUDY,27.4,CELSIUS,32.6,CELSIUS,25.6,CELSIUS,32.6,CELSIUS,27.4,CELSIUS,25.0,RAIN,0.0,MILLIMETERS,0.1245,MILLIMETERS,1004.82,315.0,NORTHWEST,5.0,KILOMETERS_PER_HOUR,10.0,KILOMETERS_PER_HOUR,16.0,KILOMETERS,-3.7,CELSIUS,32.8,CELSIUS,24.6,CELSIUS,0.0,MILLIMETERS,5.997,MILLIMETERS,,,,2025-06-17 17:00:07.377000+07:00,1700
1143,90501,"Sivilay Secondary School - Xaybouathong, Khammouane ມັດທະຍົມສົມບູນ ສີວິໄລ","Sivilay Secondary School - Xaybouathong, Khammouane ມັດທະຍົມສົມບູນ ສີວິໄລ",17.171532,105.4273,2025-06-17T10:01:28.894172457Z,1.0,84.0,0.0,70.0,100.0,Asia/Vientiane,https://maps.gstatic.com/weather/v1/drizzle,Light rain,en,LIGHT_RAIN,28.1,CELSIUS,33.3,CELSIUS,25.2,CELSIUS,33.3,CELSIUS,28.1,CELSIUS,25.0,RAIN,0.0,MILLIMETERS,0.3073,MILLIMETERS,1005.08,205.0,SOUTH_SOUTHWEST,6.0,KILOMETERS_PER_HOUR,18.0,KILOMETERS_PER_HOUR,16.0,KILOMETERS,-3.4,CELSIUS,31.8,CELSIUS,24.3,CELSIUS,0.0,MILLIMETERS,3.6652,MILLIMETERS,,,,2025-06-17 17:00:07.377000+07:00,1700
1144,90502,"Nakang Secondary School - Khounkham, Khammouane ມັດທະຍົມສົມບູນ ນາກາງ","Nakang Secondary School - Khounkham, Khammouane ມັດທະຍົມສົມບູນ ນາກາງ",18.02845,104.65357,,,,,,,,,,,,,,,,,,,,,,,,,,,,,,,,,,,,,,,,,,,,,,,404.0,Information is not supported for this location. Please try a different location.,NOT_FOUND,2025-06-17 17:00:07.377000+07:00,1700
1145,90503,Kaysone Phomvihane - Sav,Kaysone Phomvihane - Sav,16.5702,104.75036,2025-06-17T10:01:31.417891595Z,1.0,67.0,0.0,0.0,100.0,Asia/Vientiane,https://maps.gstatic.com/weather/v1/cloudy,Cloudy,en,CLOUDY,31.5,CELSIUS,37.9,CELSIUS,24.6,CELSIUS,37.9,CELSIUS,31.5,CELSIUS,10.0,RAIN,0.0,MILLIMETERS,0.0356,MILLIMETERS,1005.03,225.0,SOUTHWEST,10.0,KILOMETERS_PER_HOUR,19.0,KILOMETERS_PER_HOUR,16.0,KILOMETERS,-0.1,CELSIUS,33.4,CELSIUS,26.5,CELSIUS,0.0,MILLIMETERS,0.3936,MILLIMETERS,,,,2025-06-17 17:00:07.377000+07:00,1700
1146,90504,"Lianxay Secondary School - Artsaphangthong, Savannakhet ມັດທະຍົມ ຫລຽນໄຊ","Lianxay Secondary School - Artsaphangthong, Savannakhet ມັດທະຍົມ ຫລຽນໄຊ",16.692124,105.409764,,,,,,,,,,,,,,,,,,,,,,,,,,,,,,,,,,,,,,,,,,,,,,,404.0,Information is not supported for this location. Please try a different location.,NOT_FOUND,2025-06-17 17:00:07.377000+07:00,1700
1147,90505,Sepone - Savannakhet,Sepone - Savannakhet,16.696651,106.209138,2025-06-17T10:01:33.932327141Z,1.0,69.0,0.0,0.0,90.0,Asia/Vientiane,https://maps.gstatic.com/weather/v1/cloudy,Cloudy,en,CLOUDY,27.5,CELSIUS,31.7,CELSIUS,21.0,CELSIUS,31.7,CELSIUS,27.5,CELSIUS,10.0,RAIN,0.0,MILLIMETERS,0.11180000000000001,MILLIMETERS,1006.72,225.0,SOUTHWEST,10.0,KILOMETERS_PER_HOUR,21.0,KILOMETERS_PER_HOUR,16.0,KILOMETERS,0.9,CELSIUS,28.8,CELSIUS,22.2,CELSIUS,0.0,MILLIMETERS,1.8441,MILLIMETERS,,,,2025-06-17 17:00:07.377000+07:00,1700
1148,90506,Nong - Savannakhet,Nong - Savannakhet,16.373875,106.495685,2025-06-17T10:01:35.209788719Z,1.0,69.0,0.0,70.0,99.0,Asia/Vientiane,https://maps.gstatic.com/weather/v1/cloudy,Cloudy,en,CLOUDY,28.9,CELSIUS,34.2,CELSIUS,22.4,CELSIUS,34.2,CELSIUS,28.9,CELSIUS,20.0,RAIN,0.0,MILLIMETERS,0.13970000000000002,MILLIMETERS,1006.14,225.0,SOUTHWEST,6.0,KILOMETERS_PER_HOUR,11.0,KILOMETERS_PER_HOUR,16.0,KILOMETERS,1.0,CELSIUS,30.2,CELSIUS,23.5,CELSIUS,0.0,MILLIMETERS,1.5954,MILLIMETERS,,,,2025-06-17 17:00:07.377000+07:00,1700
1149,90508,Champhone - SAVA,Champhone - SAVA,16.489147,105.031659,2025-06-17T10:01:36.485967664Z,1.0,70.0,0.0,0.0,100.0,Asia/Vientiane,https://maps.gstatic.com/weather/v1/cloudy,Cloudy,en,CLOUDY,31.6,CELSIUS,38.9,CELSIUS,25.1,CELSIUS,38.9,CELSIUS,31.6,CELSIUS,10.0,RAIN,0.0,MILLIMETERS,0.1651,MILLIMETERS,1005.03,203.0,SOUTH_SOUTHWEST,10.0,KILOMETERS_PER_HOUR,18.0,KILOMETERS_PER_HOUR,16.0,KILOMETERS,0.2,CELSIUS,32.8,CELSIUS,26.2,CELSIUS,0.0,MILLIMETERS,0.8994000000000001,MILLIMETERS,,,,2025-06-17 17:00:07.377000+07:00,1700
1150,90509,Xaybuly - Savannakhet,Xaybuly - Savannakhet,17.075181,104.87732,2025-06-17T10:01:37.765652378Z,1.0,90.0,0.0,70.0,100.0,Asia/Vientiane,https://maps.gstatic.com/weather/v1/cloudy,Cloudy,en,CLOUDY,27.4,CELSIUS,32.6,CELSIUS,25.6,CELSIUS,32.6,CELSIUS,27.4,CELSIUS,25.0,RAIN,0.0,MILLIMETERS,0.1245,MILLIMETERS,1004.82,315.0,NORTHWEST,5.0,KILOMETERS_PER_HOUR,10.0,KILOMETERS_PER_HOUR,16.0,KILOMETERS,-3.7,CELSIUS,32.8,CELSIUS,24.6,CELSIUS,0.0,MILLIMETERS,5.997,MILLIMETERS,,,,2025-06-17 17:00:07.377000+07:00,1700
1151,90512,"Phin Secondary School - Phin, Savannakhet ມັດທະຍົມ ພີນ","Phin Secondary School - Phin, Savannakhet ມັດທະຍົມ ພີນ",16.527879,106.021922,2025-06-17T10:01:39.031419739Z,1.0,69.0,0.0,70.0,99.0,Asia/Vientiane,https://maps.gstatic.com/weather/v1/cloudy,Cloudy,en,CLOUDY,28.3,CELSIUS,33.6,CELSIUS,21.8,CELSIUS,33.6,CELSIUS,28.3,CELSIUS,20.0,RAIN,0.0,MILLIMETERS,0.13970000000000002,MILLIMETERS,1006.14,225.0,SOUTHWEST,6.0,KILOMETERS_PER_HOUR,11.0,KILOMETERS_PER_HOUR,16.0,KILOMETERS,1.0,CELSIUS,29.5,CELSIUS,22.8,CELSIUS,0.0,MILLIMETERS,1.5954,MILLIMETERS,,,,2025-06-17 17:00:07.377000+07:00,1700
1152,90513,Songkhone - Savannakhet,Songkhone - Savannakhet,16.237196,105.1965,2025-06-17T10:01:40.286773793Z,1.0,70.0,0.0,68.0,100.0,Asia/Vientiane,https://maps.gstatic.com/weather/v1/cloudy,Cloudy,en,CLOUDY,32.0,CELSIUS,39.9,CELSIUS,25.4,CELSIUS,39.9,CELSIUS,32.0,CELSIUS,20.0,RAIN,0.0,MILLIMETERS,0.40390000000000004,MILLIMETERS,1005.03,180.0,SOUTH,11.0,KILOMETERS_PER_HOUR,21.0,KILOMETERS_PER_HOUR,16.0,KILOMETERS,0.2,CELSIUS,32.9,CELSIUS,26.4,CELSIUS,0.0,MILLIMETERS,1.6382,MILLIMETERS,,,,2025-06-17 17:00:07.377000+07:00,1700
1153,90514,"Beungxang Secondary School - Xonbuly, Savannakhet ມັດທະຍົມ ບຶງຊ້າງ","Beungxang Secondary School - Xonbuly, Savannakhet ມັດທະຍົມ ບຶງຊ້າງ",16.388527,105.375363,2025-06-17T10:01:41.563547359Z,1.0,71.0,0.0,0.0,100.0,Asia/Vientiane,https://maps.gstatic.com/weather/v1/cloudy,Cloudy,en,CLOUDY,31.1,CELSIUS,37.9,CELSIUS,25.2,CELSIUS,37.9,CELSIUS,31.1,CELSIUS,10.0,RAIN,0.0,MILLIMETERS,0.1448,MILLIMETERS,1005.94,225.0,SOUTHWEST,10.0,KILOMETERS_PER_HOUR,21.0,KILOMETERS_PER_HOUR,16.0,KILOMETERS,-0.6000000000000001,CELSIUS,32.3,CELSIUS,26.3,CELSIUS,0.0,MILLIMETERS,1.1203,MILLIMETERS,,,,2025-06-17 17:00:07.377000+07:00,1700
1154,90515,Vilabuly - Savannakhet,Vilabuly - Savannakhet,16.971649,105.944661,2025-06-17T10:01:42.855527453Z,1.0,84.0,0.0,70.0,100.0,Asia/Vientiane,https://maps.gstatic.com/weather/v1/drizzle,Light rain,en,LIGHT_RAIN,28.1,CELSIUS,33.3,CELSIUS,25.2,CELSIUS,33.3,CELSIUS,28.1,CELSIUS,25.0,RAIN,0.0,MILLIMETERS,0.3073,MILLIMETERS,1005.08,205.0,SOUTH_SOUTHWEST,6.0,KILOMETERS_PER_HOUR,18.0,KILOMETERS_PER_HOUR,16.0,KILOMETERS,-3.4,CELSIUS,31.8,CELSIUS,24.3,CELSIUS,0.0,MILLIMETERS,3.6652,MILLIMETERS,,,,2025-06-17 17:00:07.377000+07:00,1700
1155,90516,"Phoummachedy Secondary School - Xayphouthong, Savannakhet ມັດທະຍົມ ພູມມະເຈດີ","Phoummachedy Secondary School - Xayphouthong, Savannakhet ມັດທະຍົມ ພູມມະເຈດີ",16.367044,105.005653,2025-06-17T10:01:44.163212534Z,1.0,70.0,0.0,68.0,100.0,Asia/Vientiane,https://maps.gstatic.com/weather/v1/cloudy,Cloudy,en,CLOUDY,32.0,CELSIUS,39.9,CELSIUS,25.4,CELSIUS,39.9,CELSIUS,32.0,CELSIUS,20.0,RAIN,0.0,MILLIMETERS,0.40390000000000004,MILLIMETERS,1005.03,180.0,SOUTH,11.0,KILOMETERS_PER_HOUR,21.0,KILOMETERS_PER_HOUR,16.0,KILOMETERS,0.2,CELSIUS,32.9,CELSIUS,26.4,CELSIUS,0.0,MILLIMETERS,1.6382,MILLIMETERS,,,,2025-06-17 17:00:07.377000+07:00,1700
1156,90517,Phalanxay - Savannakhet,Phalanxay - Savannakhet,16.661353,105.58791,2025-06-17T10:01:45.435353263Z,1.0,84.0,0.0,70.0,100.0,Asia/Vientiane,https://maps.gstatic.com/weather/v1/drizzle,Light rain,en,LIGHT_RAIN,28.1,CELSIUS,33.3,CELSIUS,25.2,CELSIUS,33.3,CELSIUS,28.1,CELSIUS,25.0,RAIN,0.0,MILLIMETERS,0.3073,MILLIMETERS,1005.08,205.0,SOUTH_SOUTHWEST,6.0,KILOMETERS_PER_HOUR,18.0,KILOMETERS_PER_HOUR,16.0,KILOMETERS,-3.4,CELSIUS,31.8,CELSIUS,24.3,CELSIUS,0.0,MILLIMETERS,3.6652,MILLIMETERS,,,,2025-06-17 17:00:07.377000+07:00,1700
1157,90518,"Saravane Secondary School -Saravane, Saravane ມັດທະຍົມສົມບູນ ສາລະວັນ","Saravane Secondary School -Saravane, Saravane ມັດທະຍົມສົມບູນ ສາລະວັນ",15.707906,106.422189,2025-06-17T10:01:46.705308049Z,1.0,72.0,0.0,70.0,100.0,Asia/Vientiane,https://maps.gstatic.com/weather/v1/cloudy,Cloudy,en,CLOUDY,30.7,CELSIUS,37.2,CELSIUS,25.0,CELSIUS,37.2,CELSIUS,30.7,CELSIUS,20.0,RAIN,0.0,MILLIMETERS,0.09910000000000001,MILLIMETERS,1006.45,270.0,WEST,5.0,KILOMETERS_PER_HOUR,10.0,KILOMETERS_PER_HOUR,16.0,KILOMETERS,0.30000000000000004,CELSIUS,31.2,CELSIUS,24.3,CELSIUS,0.0,MILLIMETERS,2.751,MILLIMETERS,,,,2025-06-17 17:00:07.377000+07:00,1700
1158,90520,"Toomlarn Secondary School - Toomlarn, Saravane ມັດທະຍົມສົມບູນ ຕຸ້ມລານ","Toomlarn Secondary School - Toomlarn, Saravane ມັດທະຍົມສົມບູນ ຕຸ້ມລານ",15.994499,106.192399,2025-06-17T10:01:47.982408796Z,1.0,69.0,0.0,70.0,99.0,Asia/Vientiane,https://maps.gstatic.com/weather/v1/cloudy,Cloudy,en,CLOUDY,28.3,CELSIUS,33.5,CELSIUS,21.8,CELSIUS,33.5,CELSIUS,28.3,CELSIUS,20.0,RAIN,0.0,MILLIMETERS,0.13970000000000002,MILLIMETERS,1006.15,225.0,SOUTHWEST,6.0,KILOMETERS_PER_HOUR,11.0,KILOMETERS_PER_HOUR,16.0,KILOMETERS,1.0,CELSIUS,29.5,CELSIUS,22.8,CELSIUS,0.0,MILLIMETERS,1.5954,MILLIMETERS,,,,2025-06-17 17:00:07.377000+07:00,1700
1159,90521,"Lakhonesy Secondary School - Lakhonepheng, Saravane ມັດທະຍົມສົມບູນ ລະຄອນສີ","Lakhonesy Secondary School - Lakhonepheng, Saravane ມັດທະຍົມສົມບູນ ລະຄອນສີ",15.891245,105.567119,2025-06-17T10:01:49.249500345Z,1.0,70.0,0.0,0.0,100.0,Asia/Vientiane,https://maps.gstatic.com/weather/v1/cloudy,Cloudy,en,CLOUDY,31.9,CELSIUS,39.6,CELSIUS,25.3,CELSIUS,39.6,CELSIUS,31.9,CELSIUS,10.0,RAIN,0.0,MILLIMETERS,0.094,MILLIMETERS,1006.02,203.0,SOUTH_SOUTHWEST,8.0,KILOMETERS_PER_HOUR,14.0,KILOMETERS_PER_HOUR,16.0,KILOMETERS,1.2,CELSIUS,32.8,CELSIUS,25.8,CELSIUS,0.0,MILLIMETERS,1.5901,MILLIMETERS,,,,2025-06-17 17:00:07.377000+07:00,1700
1160,90522,Lao Ngarm - Salavan,Lao Ngarm - Salavan,15.461092,106.16172,2025-06-17T10:01:50.527902882Z,1.0,75.0,0.0,0.0,100.0,Asia/Vientiane,https://maps.gstatic.com/weather/v1/cloudy,Cloudy,en,CLOUDY,31.8,CELSIUS,38.8,CELSIUS,26.8,CELSIUS,38.8,CELSIUS,31.8,CELSIUS,10.0,RAIN,0.0,MILLIMETERS,0.3226,MILLIMETERS,1006.2,248.0,WEST_SOUTHWEST,5.0,KILOMETERS_PER_HOUR,11.0,KILOMETERS_PER_HOUR,16.0,KILOMETERS,0.1,CELSIUS,32.3,CELSIUS,26.0,CELSIUS,0.0,MILLIMETERS,3.4215,MILLIMETERS,,,,2025-06-17 17:00:07.377000+07:00,1700
1161,90524,Khongxedone - Salavan,Khongxedone - Salavan,15.59088,105.804115,2025-06-17T10:01:51.796220945Z,1.0,70.0,0.0,0.0,100.0,Asia/Vientiane,https://maps.gstatic.com/weather/v1/cloudy,Cloudy,en,CLOUDY,31.9,CELSIUS,39.6,CELSIUS,25.3,CELSIUS,39.6,CELSIUS,31.9,CELSIUS,10.0,RAIN,0.0,MILLIMETERS,0.094,MILLIMETERS,1006.02,203.0,SOUTH_SOUTHWEST,8.0,KILOMETERS_PER_HOUR,14.0,KILOMETERS_PER_HOUR,16.0,KILOMETERS,1.2,CELSIUS,32.8,CELSIUS,25.8,CELSIUS,0.0,MILLIMETERS,1.5901,MILLIMETERS,,,,2025-06-17 17:00:07.377000+07:00,1700
1162,90526,Lamarm - Sekong ,Lamarm - Sekong ,15.352494,106.722444,2025-06-17T10:01:53.059452294Z,1.0,76.0,0.0,68.0,100.0,Asia/Vientiane,https://maps.gstatic.com/weather/v1/cloudy,Cloudy,en,CLOUDY,30.0,CELSIUS,36.5,CELSIUS,25.5,CELSIUS,36.5,CELSIUS,30.0,CELSIUS,20.0,RAIN,0.0,MILLIMETERS,0.4445,MILLIMETERS,1006.42,315.0,NORTHWEST,3.0,KILOMETERS_PER_HOUR,5.0,KILOMETERS_PER_HOUR,16.0,KILOMETERS,1.2,CELSIUS,31.2,CELSIUS,24.3,CELSIUS,0.0,MILLIMETERS,3.2486,MILLIMETERS,,,,2025-06-17 17:00:07.377000+07:00,1700
1163,90527,"Kaleum Secondary School - Kaleum, Sekong ມັດທະຍົມ ກະລຶມ","Kaleum Secondary School - Kaleum, Sekong ມັດທະຍົມ ກະລຶມ",15.784384,106.906754,2025-06-17T10:01:54.333246825Z,1.0,80.0,0.0,68.0,100.0,Asia/Vientiane,https://maps.gstatic.com/weather/v1/cloudy,Cloudy,en,CLOUDY,26.0,CELSIUS,28.5,CELSIUS,22.3,CELSIUS,28.5,CELSIUS,26.0,CELSIUS,20.0,RAIN,0.0,MILLIMETERS,0.4597,MILLIMETERS,1009.47,270.0,WEST,3.0,KILOMETERS_PER_HOUR,6.0,KILOMETERS_PER_HOUR,16.0,KILOMETERS,0.2,CELSIUS,27.4,CELSIUS,21.2,CELSIUS,0.0,MILLIMETERS,4.084,MILLIMETERS,,,,2025-06-17 17:00:07.377000+07:00,1700
1164,90528,"Dakcheung Secondary School - Dakcheung, Sekongມັດທະຍົມສົມບູນ ດາກຈຶງ","Dakcheung Secondary School - Dakcheung, Sekongມັດທະຍົມສົມບູນ ດາກຈຶງ",15.467532,107.271451,,,,,,,,,,,,,,,,,,,,,,,,,,,,,,,,,,,,,,,,,,,,,,,404.0,Information is not supported for this location. Please try a different location.,NOT_FOUND,2025-06-17 17:00:07.377000+07:00,1700
1165,90529,Thateng -Sekong,Thateng -Sekong,15.434018,106.382399,2025-06-17T10:01:56.853152210Z,1.0,72.0,0.0,70.0,100.0,Asia/Vientiane,https://maps.gstatic.com/weather/v1/cloudy,Cloudy,en,CLOUDY,34.6,CELSIUS,41.1,CELSIUS,28.9,CELSIUS,41.1,CELSIUS,34.6,CELSIUS,20.0,RAIN,0.0,MILLIMETERS,0.09910000000000001,MILLIMETERS,1006.45,270.0,WEST,5.0,KILOMETERS_PER_HOUR,10.0,KILOMETERS_PER_HOUR,16.0,KILOMETERS,0.30000000000000004,CELSIUS,35.1,CELSIUS,28.2,CELSIUS,0.0,MILLIMETERS,2.751,MILLIMETERS,,,,2025-06-17 17:00:07.377000+07:00,1700
1166,90530,Pakse - Champasack,Pakse - Champasack,15.12006,105.80211,2025-06-17T10:01:58.147620878Z,1.0,67.0,0.0,70.0,100.0,Asia/Vientiane,https://maps.gstatic.com/weather/v1/cloudy,Cloudy,en,CLOUDY,32.7,CELSIUS,41.2,CELSIUS,26.0,CELSIUS,41.2,CELSIUS,32.7,CELSIUS,20.0,RAIN,0.0,MILLIMETERS,0.030500000000000003,MILLIMETERS,1006.01,203.0,SOUTH_SOUTHWEST,5.0,KILOMETERS_PER_HOUR,10.0,KILOMETERS_PER_HOUR,16.0,KILOMETERS,1.9000000000000001,CELSIUS,33.8,CELSIUS,25.6,CELSIUS,0.0,MILLIMETERS,1.8036,MILLIMETERS,,,,2025-06-17 17:00:07.377000+07:00,1700
1172,91254,"Chomphet Secondary School - Sisattanak, Vientiane Capital ມັດທະຍົມສົມບູນ ຈອມເພັດ","Chomphet Secondary School - Sisattanak, Vientiane Capital ມັດທະຍົມສົມບູນ ຈອມເພັດ",17.910254,102.622708,2025-06-17T10:01:59.431706877Z,1.0,71.0,0.0,70.0,100.0,Asia/Vientiane,https://maps.gstatic.com/weather/v1/strong_tstorms,Light thunderstorms and rain,en,LIGHT_THUNDERSTORM_RAIN,32.6,CELSIUS,42.2,CELSIUS,26.7,CELSIUS,42.2,CELSIUS,32.6,CELSIUS,40.0,RAIN,0.0,MILLIMETERS,0.8103,MILLIMETERS,1005.16,230.0,SOUTHWEST,10.0,KILOMETERS_PER_HOUR,20.0,KILOMETERS_PER_HOUR,16.0,KILOMETERS,1.2,CELSIUS,34.1,CELSIUS,25.8,CELSIUS,0.0,MILLIMETERS,4.1811,MILLIMETERS,,,,2025-06-17 17:00:07.377000+07:00,1700
1226,152182,"ParkOu Secondary School - ParkOu, Luangprabang ມັດທະຍົມສົມບູນ ປາກອູ","ParkOu Secondary School - ParkOu, Luangprabang ມັດທະຍົມສົມບູນ ປາກອູ",20.087592,102.256569,2025-06-17T10:02:00.708211137Z,1.0,54.0,0.0,70.0,100.0,Asia/Vientiane,https://maps.gstatic.com/weather/v1/drizzle,Light rain,en,LIGHT_RAIN,33.4,CELSIUS,38.8,CELSIUS,22.9,CELSIUS,38.8,CELSIUS,33.4,CELSIUS,25.0,RAIN,0.0,MILLIMETERS,0.2997,MILLIMETERS,1003.91,225.0,SOUTHWEST,8.0,KILOMETERS_PER_HOUR,19.0,KILOMETERS_PER_HOUR,16.0,KILOMETERS,5.9,CELSIUS,33.2,CELSIUS,24.1,CELSIUS,0.0,MILLIMETERS,11.0265,MILLIMETERS,,,,2025-06-17 17:00:07.377000+07:00,1700
1227,152240,"Phoukhoune Secondary School - Phoukhoune, Luangprabang ມັດທະຍົມ ພູຄູນ","Phoukhoune Secondary School - Phoukhoune, Luangprabang ມັດທະຍົມ ພູຄູນ",19.438824,102.428042,2025-06-17T10:02:01.965242118Z,1.0,65.0,0.0,70.0,100.0,Asia/Vientiane,https://maps.gstatic.com/weather/v1/drizzle,Light rain,en,LIGHT_RAIN,29.6,CELSIUS,32.1,CELSIUS,22.5,CELSIUS,32.1,CELSIUS,29.6,CELSIUS,25.0,RAIN,0.0,MILLIMETERS,0.3658,MILLIMETERS,1006.02,205.0,SOUTH_SOUTHWEST,10.0,KILOMETERS_PER_HOUR,26.0,KILOMETERS_PER_HOUR,16.0,KILOMETERS,3.7,CELSIUS,30.0,CELSIUS,20.6,CELSIUS,0.0,MILLIMETERS,8.606,MILLIMETERS,,,,2025-06-17 17:00:07.377000+07:00,1700
1232,152548,"Longsane Secondary School - Longsane , Xaysomboun ມັດທະຍົມສົມບຸນ ລ້ອງຊານ","Longsane Secondary School - Longsane , Xaysomboun ມັດທະຍົມສົມບຸນ ລ້ອງຊານ",18.550145,103.003076,2025-06-17T10:02:03.219714959Z,1.0,75.0,0.0,70.0,100.0,Asia/Vientiane,https://maps.gstatic.com/weather/v1/strong_tstorms,Light thunderstorms and rain,en,LIGHT_THUNDERSTORM_RAIN,25.3,CELSIUS,31.4,CELSIUS,20.5,CELSIUS,31.4,CELSIUS,25.3,CELSIUS,44.0,RAIN,0.0,MILLIMETERS,0.4572,MILLIMETERS,1005.98,245.0,WEST_SOUTHWEST,8.0,KILOMETERS_PER_HOUR,16.0,KILOMETERS_PER_HOUR,16.0,KILOMETERS,2.2,CELSIUS,27.3,CELSIUS,19.0,CELSIUS,0.0,MILLIMETERS,1.984,MILLIMETERS,,,,2025-06-17 17:00:07.377000+07:00,1700
1248,153774,Bachiangchaleunsook - Champasack,Bachiangchaleunsook - Champasack,15.060355,105.897898,2025-06-17T10:02:04.490791044Z,1.0,67.0,0.0,70.0,100.0,Asia/Vientiane,https://maps.gstatic.com/weather/v1/cloudy,Cloudy,en,CLOUDY,32.7,CELSIUS,41.2,CELSIUS,26.0,CELSIUS,41.2,CELSIUS,32.7,CELSIUS,20.0,RAIN,0.0,MILLIMETERS,0.030500000000000003,MILLIMETERS,1006.01,203.0,SOUTH_SOUTHWEST,5.0,KILOMETERS_PER_HOUR,10.0,KILOMETERS_PER_HOUR,16.0,KILOMETERS,1.9000000000000001,CELSIUS,33.8,CELSIUS,25.6,CELSIUS,0.0,MILLIMETERS,1.8036,MILLIMETERS,,,,2025-06-17 17:00:07.377000+07:00,1700
1249,153777,"Dorntalath Secondary School - Champasack, Champasack ມັດທະຍົມ ດອນຕະລາດ","Dorntalath Secondary School - Champasack, Champasack ມັດທະຍົມ ດອນຕະລາດ",14.784126,105.819789,2025-06-17T10:02:05.761749494Z,1.0,70.0,0.0,70.0,100.0,Asia/Vientiane,https://maps.gstatic.com/weather/v1/cloudy,Cloudy,en,CLOUDY,31.6,CELSIUS,38.9,CELSIUS,25.7,CELSIUS,38.9,CELSIUS,31.6,CELSIUS,20.0,RAIN,0.0,MILLIMETERS,0.0,MILLIMETERS,1006.03,203.0,SOUTH_SOUTHWEST,5.0,KILOMETERS_PER_HOUR,6.0,KILOMETERS_PER_HOUR,16.0,KILOMETERS,1.2,CELSIUS,32.1,CELSIUS,25.2,CELSIUS,0.0,MILLIMETERS,4.2547,MILLIMETERS,,,,2025-06-17 17:00:07.377000+07:00,1700
1250,153789,"Sukhuma Secondary School - Sukhuma, Champasack ມັດທະຍົມ ສຸຂຸມາ","Sukhuma Secondary School - Sukhuma, Champasack ມັດທະຍົມ ສຸຂຸມາ",14.649459,105.804529,2025-06-17T10:02:07.042053892Z,1.0,70.0,0.0,70.0,100.0,Asia/Vientiane,https://maps.gstatic.com/weather/v1/cloudy,Cloudy,en,CLOUDY,31.6,CELSIUS,38.9,CELSIUS,25.7,CELSIUS,38.9,CELSIUS,31.6,CELSIUS,20.0,RAIN,0.0,MILLIMETERS,0.0,MILLIMETERS,1006.04,203.0,SOUTH_SOUTHWEST,5.0,KILOMETERS_PER_HOUR,6.0,KILOMETERS_PER_HOUR,16.0,KILOMETERS,1.2,CELSIUS,32.1,CELSIUS,25.2,CELSIUS,0.0,MILLIMETERS,4.2547,MILLIMETERS,,,,2025-06-17 17:00:07.377000+07:00,1700
1251,153790,Khong - Champasack,Khong - Champasack,14.048226,105.896012,2025-06-17T10:02:08.373186696Z,1.0,75.0,0.0,70.0,100.0,Asia/Vientiane,https://maps.gstatic.com/weather/v1/cloudy,Cloudy,en,CLOUDY,31.8,CELSIUS,41.0,CELSIUS,26.6,CELSIUS,41.0,CELSIUS,31.8,CELSIUS,20.0,RAIN,0.0,MILLIMETERS,0.1143,MILLIMETERS,1006.04,225.0,SOUTHWEST,6.0,KILOMETERS_PER_HOUR,11.0,KILOMETERS_PER_HOUR,16.0,KILOMETERS,0.2,CELSIUS,33.1,CELSIUS,25.6,CELSIUS,0.0,MILLIMETERS,9.5735,MILLIMETERS,,,,2025-06-17 17:00:07.377000+07:00,1700
1252,153866,Samakkhixay - Attapeu,Samakkhixay - Attapeu,14.812678,106.829211,2025-06-17T10:02:09.640109904Z,1.0,69.0,0.0,0.0,100.0,Asia/Vientiane,https://maps.gstatic.com/weather/v1/cloudy,Cloudy,en,CLOUDY,31.9,CELSIUS,39.4,CELSIUS,25.4,CELSIUS,39.4,CELSIUS,31.9,CELSIUS,10.0,RAIN,0.0,MILLIMETERS,0.0152,MILLIMETERS,1005.78,203.0,SOUTH_SOUTHWEST,5.0,KILOMETERS_PER_HOUR,11.0,KILOMETERS_PER_HOUR,16.0,KILOMETERS,1.0,CELSIUS,32.9,CELSIUS,24.4,CELSIUS,0.0,MILLIMETERS,8.0338,MILLIMETERS,,,,2025-06-17 17:00:07.377000+07:00,1700
1299,156307,UNICEF Lao PDR CO,UNICEF Lao PDR CO,17.9376508179,102.617231896,2025-06-17T10:02:10.887861325Z,1.0,71.0,0.0,70.0,100.0,Asia/Vientiane,https://maps.gstatic.com/weather/v1/strong_tstorms,Light thunderstorms and rain,en,LIGHT_THUNDERSTORM_RAIN,32.6,CELSIUS,42.2,CELSIUS,26.7,CELSIUS,42.2,CELSIUS,32.6,CELSIUS,39.0,RAIN,0.0,MILLIMETERS,0.8103,MILLIMETERS,1005.16,230.0,SOUTHWEST,10.0,KILOMETERS_PER_HOUR,20.0,KILOMETERS_PER_HOUR,16.0,KILOMETERS,1.2,CELSIUS,34.1,CELSIUS,25.8,CELSIUS,0.0,MILLIMETERS,4.1811,MILLIMETERS,,,,2025-06-17 17:00:07.377000+07:00,1700
1087,90402,"Sathit Secondary School - Xaythani, Vientiane Capital ມັດທະຍົມ ສາທິດ","Sathit Secondary School - Xaythani, Vientiane Capital ມັດທະຍົມ ສາທິດ",18.035248,102.63994,2025-06-17T11:00:11.922561091Z,1.0,82.0,0.0,70.0,100.0,Asia/Vientiane,https://maps.gstatic.com/weather/v1/cloudy,Cloudy,en,CLOUDY,23.6,CELSIUS,25.6,CELSIUS,20.3,CELSIUS,25.6,CELSIUS,23.6,CELSIUS,25.0,RAIN,0.0,MILLIMETERS,0.6731,MILLIMETERS,1005.7,315.0,NORTHWEST,3.0,KILOMETERS_PER_HOUR,8.0,KILOMETERS_PER_HOUR,16.0,KILOMETERS,-6.8,CELSIUS,34.1,CELSIUS,24.4,CELSIUS,0.0,MILLIMETERS,3.6858,MILLIMETERS,,,,2025-06-17 18:00:07.762000+07:00,1800
1088,90410,"Naxaithong Secondary School - Naxaithong, Vientiane Capital ມັດທະຍົມ ນາຊາຍທອງ","Naxaithong Secondary School - Naxaithong, Vientiane Capital ມັດທະຍົມ ນາຊາຍທອງ",18.068595,102.535866,2025-06-17T11:00:13.176566427Z,1.0,82.0,0.0,70.0,100.0,Asia/Vientiane,https://maps.gstatic.com/weather/v1/cloudy,Cloudy,en,CLOUDY,23.6,CELSIUS,25.6,CELSIUS,20.3,CELSIUS,25.6,CELSIUS,23.6,CELSIUS,25.0,RAIN,0.0,MILLIMETERS,0.7925000000000001,MILLIMETERS,1005.63,315.0,NORTHWEST,3.0,KILOMETERS_PER_HOUR,6.0,KILOMETERS_PER_HOUR,16.0,KILOMETERS,-7.4,CELSIUS,33.9,CELSIUS,24.1,CELSIUS,0.0,MILLIMETERS,3.9372000000000003,MILLIMETERS,,,,2025-06-17 18:00:07.762000+07:00,1800
1089,90411,d83bda1bc98c Phongsaly - Phongsaly,d83bda1bc98c Phongsaly - Phongsaly,21.695,102.085,2025-06-17T11:00:14.470986472Z,1.0,83.0,0.0,40.0,100.0,Asia/Vientiane,https://maps.gstatic.com/weather/v1/cloudy,Cloudy,en,CLOUDY,24.1,CELSIUS,26.2,CELSIUS,20.9,CELSIUS,26.2,CELSIUS,24.1,CELSIUS,25.0,RAIN,0.0,MILLIMETERS,0.32,MILLIMETERS,1004.83,145.0,SOUTHEAST,5.0,KILOMETERS_PER_HOUR,8.0,KILOMETERS_PER_HOUR,16.0,KILOMETERS,2.1,CELSIUS,26.6,CELSIUS,20.3,CELSIUS,0.0,MILLIMETERS,16.1848,MILLIMETERS,,,,2025-06-17 18:00:07.762000+07:00,1800
1090,90412,May - Phongsaly,May - Phongsaly,21.172583,102.722705,2025-06-17T11:00:15.741418690Z,1.0,74.0,0.0,50.0,100.0,Asia/Vientiane,https://maps.gstatic.com/weather/v1/drizzle,Light rain,en,LIGHT_RAIN,22.6,CELSIUS,24.4,CELSIUS,17.9,CELSIUS,24.4,CELSIUS,22.6,CELSIUS,25.0,RAIN,0.0,MILLIMETERS,0.2184,MILLIMETERS,1006.35,225.0,SOUTHWEST,6.0,KILOMETERS_PER_HOUR,16.0,KILOMETERS_PER_HOUR,16.0,KILOMETERS,1.0,CELSIUS,27.2,CELSIUS,19.9,CELSIUS,0.0,MILLIMETERS,12.2681,MILLIMETERS,,,,2025-06-17 18:00:07.762000+07:00,1800
1091,90413,"Natoon Secondary School - Khua, Phongsaly ມັດທະຍົມສົມບູນ ນາຕູ່ນ","Natoon Secondary School - Khua, Phongsaly ມັດທະຍົມສົມບູນ ນາຕູ່ນ",21.078865,102.505833,2025-06-17T11:00:17.006754926Z,1.0,71.0,0.0,40.0,100.0,Asia/Vientiane,https://maps.gstatic.com/weather/v1/cloudy,Cloudy,en,CLOUDY,23.0,CELSIUS,24.7,CELSIUS,17.3,CELSIUS,24.7,CELSIUS,23.0,CELSIUS,20.0,RAIN,0.0,MILLIMETERS,0.0787,MILLIMETERS,1005.28,195.0,SOUTH_SOUTHWEST,6.0,KILOMETERS_PER_HOUR,14.0,KILOMETERS_PER_HOUR,16.0,KILOMETERS,0.8,CELSIUS,27.0,CELSIUS,19.8,CELSIUS,0.0,MILLIMETERS,6.3655,MILLIMETERS,,,,2025-06-17 18:00:07.762000+07:00,1800
1092,90414,"Naxay Secondary School - Samphanh, Phongsaly ມັດທະຍົມສົມບູນ ນາໄຊ","Naxay Secondary School - Samphanh, Phongsaly ມັດທະຍົມສົມບູນ ນາໄຊ",21.346014,102.349329,2025-06-17T11:00:18.281985250Z,1.0,93.0,0.0,40.0,100.0,Asia/Vientiane,https://maps.gstatic.com/weather/v1/cloudy,Cloudy,en,CLOUDY,13.1,CELSIUS,16.3,CELSIUS,12.0,CELSIUS,16.3,CELSIUS,13.1,CELSIUS,25.0,RAIN,0.0,MILLIMETERS,1.0008,MILLIMETERS,1005.8,180.0,SOUTH,6.0,KILOMETERS_PER_HOUR,14.0,KILOMETERS_PER_HOUR,13.0,KILOMETERS,1.1,CELSIUS,16.0,CELSIUS,10.8,CELSIUS,0.0,MILLIMETERS,13.8357,MILLIMETERS,,,,2025-06-17 18:00:07.762000+07:00,1800
1093,90419,"Long Secondary School - Long, LuangNamtha ມັດທະຍົມສົມບູນ ເມືອງລອງ","Long Secondary School - Long, LuangNamtha ມັດທະຍົມສົມບູນ ເມືອງລອງ",20.962029,100.82109,2025-06-17T11:00:19.580729900Z,1.0,85.0,0.0,30.0,100.0,Asia/Vientiane,https://maps.gstatic.com/weather/v1/cloudy,Cloudy,en,CLOUDY,24.7,CELSIUS,26.9,CELSIUS,21.7,CELSIUS,26.9,CELSIUS,24.7,CELSIUS,20.0,RAIN,0.0,MILLIMETERS,0.1981,MILLIMETERS,1006.4,203.0,SOUTH_SOUTHWEST,6.0,KILOMETERS_PER_HOUR,14.0,KILOMETERS_PER_HOUR,16.0,KILOMETERS,1.3,CELSIUS,27.2,CELSIUS,21.9,CELSIUS,0.0,MILLIMETERS,7.6278,MILLIMETERS,,,,2025-06-17 18:00:07.762000+07:00,1800
1094,90421,"Sing Secondary School - Sing, LuangNamtha ມັດທະຍົມສົມບູນ ເມືອງສິງ","Sing Secondary School - Sing, LuangNamtha ມັດທະຍົມສົມບູນ ເມືອງສິງ",21.190223,101.144937,2025-06-17T11:00:20.852663626Z,1.0,85.0,0.0,30.0,100.0,Asia/Vientiane,https://maps.gstatic.com/weather/v1/cloudy,Cloudy,en,CLOUDY,24.7,CELSIUS,26.9,CELSIUS,21.7,CELSIUS,26.9,CELSIUS,24.7,CELSIUS,20.0,RAIN,0.0,MILLIMETERS,0.1981,MILLIMETERS,1006.4,203.0,SOUTH_SOUTHWEST,6.0,KILOMETERS_PER_HOUR,14.0,KILOMETERS_PER_HOUR,16.0,KILOMETERS,1.3,CELSIUS,27.2,CELSIUS,21.9,CELSIUS,0.0,MILLIMETERS,7.6278,MILLIMETERS,,,,2025-06-17 18:00:07.762000+07:00,1800
1095,90424,"La Secondary School - La, Oudomxai ມັດທະຍົມສົມບູນ ເມືອງຫລາ","La Secondary School - La, Oudomxai ມັດທະຍົມສົມບູນ ເມືອງຫລາ",20.870865,102.110246,2025-06-17T11:00:22.091730975Z,1.0,71.0,0.0,40.0,100.0,Asia/Vientiane,https://maps.gstatic.com/weather/v1/cloudy,Cloudy,en,CLOUDY,23.7,CELSIUS,25.4,CELSIUS,18.0,CELSIUS,25.4,CELSIUS,23.7,CELSIUS,20.0,RAIN,0.0,MILLIMETERS,0.0787,MILLIMETERS,1005.29,195.0,SOUTH_SOUTHWEST,6.0,KILOMETERS_PER_HOUR,14.0,KILOMETERS_PER_HOUR,16.0,KILOMETERS,0.9,CELSIUS,27.6,CELSIUS,20.5,CELSIUS,0.0,MILLIMETERS,6.3655,MILLIMETERS,,,,2025-06-17 18:00:07.762000+07:00,1800
1096,90425,"Namor Secondary School - Namor, Oudomxay ມັດທະຍົມ ເມືອງນາໝໍ້","Namor Secondary School - Namor, Oudomxay ມັດທະຍົມ ເມືອງນາໝໍ້",20.914061,101.764456,2025-06-17T11:00:23.346366296Z,1.0,83.0,0.0,40.0,100.0,Asia/Vientiane,https://maps.gstatic.com/weather/v1/cloudy,Cloudy,en,CLOUDY,23.7,CELSIUS,26.1,CELSIUS,20.6,CELSIUS,26.1,CELSIUS,23.7,CELSIUS,20.0,RAIN,0.0,MILLIMETERS,0.09910000000000001,MILLIMETERS,1006.63,225.0,SOUTHWEST,8.0,KILOMETERS_PER_HOUR,14.0,KILOMETERS_PER_HOUR,16.0,KILOMETERS,1.7,CELSIUS,27.9,CELSIUS,20.8,CELSIUS,0.0,MILLIMETERS,9.746,MILLIMETERS,,,,2025-06-17 18:00:07.762000+07:00,1800
1097,90426,Nga - Oudomxai,Nga - Oudomxai,20.282849,101.973769,2025-06-17T11:00:24.605792335Z,1.0,68.0,0.0,70.0,100.0,Asia/Vientiane,https://maps.gstatic.com/weather/v1/drizzle,Light rain,en,LIGHT_RAIN,26.9,CELSIUS,28.7,CELSIUS,20.7,CELSIUS,28.7,CELSIUS,26.9,CELSIUS,25.0,RAIN,0.0,MILLIMETERS,0.09910000000000001,MILLIMETERS,1005.04,205.0,SOUTH_SOUTHWEST,8.0,KILOMETERS_PER_HOUR,16.0,KILOMETERS_PER_HOUR,16.0,KILOMETERS,0.8,CELSIUS,31.3,CELSIUS,24.4,CELSIUS,0.0,MILLIMETERS,13.1192,MILLIMETERS,,,,2025-06-17 18:00:07.762000+07:00,1800
1098,90427,Beng - Oudomxai,Beng - Oudomxai,20.296295,101.639666,2025-06-17T11:00:25.870416060Z,1.0,75.0,0.0,40.0,100.0,Asia/Vientiane,https://maps.gstatic.com/weather/v1/cloudy,Cloudy,en,CLOUDY,27.0,CELSIUS,29.7,CELSIUS,22.1,CELSIUS,29.7,CELSIUS,27.0,CELSIUS,20.0,RAIN,0.0,MILLIMETERS,0.24130000000000001,MILLIMETERS,1006.58,203.0,SOUTH_SOUTHWEST,6.0,KILOMETERS_PER_HOUR,14.0,KILOMETERS_PER_HOUR,16.0,KILOMETERS,1.6,CELSIUS,29.2,CELSIUS,22.9,CELSIUS,0.0,MILLIMETERS,4.6454,MILLIMETERS,,,,2025-06-17 18:00:07.762000+07:00,1800
1099,90428,"Hoon Secondary School - Hoon, Oudomxay ມັດທະຍົມ ເມືອງຮຸນ","Hoon Secondary School - Hoon, Oudomxay ມັດທະຍົມ ເມືອງຮຸນ",20.146431,101.467765,2025-06-17T11:00:27.135951404Z,1.0,75.0,0.0,40.0,100.0,Asia/Vientiane,https://maps.gstatic.com/weather/v1/cloudy,Cloudy,en,CLOUDY,27.0,CELSIUS,29.7,CELSIUS,22.1,CELSIUS,29.7,CELSIUS,27.0,CELSIUS,20.0,RAIN,0.0,MILLIMETERS,0.24130000000000001,MILLIMETERS,1006.58,203.0,SOUTH_SOUTHWEST,6.0,KILOMETERS_PER_HOUR,14.0,KILOMETERS_PER_HOUR,16.0,KILOMETERS,1.6,CELSIUS,29.2,CELSIUS,22.9,CELSIUS,0.0,MILLIMETERS,4.6454,MILLIMETERS,,,,2025-06-17 18:00:07.762000+07:00,1800
1100,90430,"Nampook Secondary School - Huoixai, Bokeo ມັດທະຍົມສົມບູນ ນ້ຳປຸກ","Nampook Secondary School - Huoixai, Bokeo ມັດທະຍົມສົມບູນ ນ້ຳປຸກ",20.217811,100.565439,2025-06-17T11:00:28.402817526Z,1.0,80.0,0.0,40.0,100.0,Asia/Vientiane,https://maps.gstatic.com/weather/v1/drizzle,Light rain,en,LIGHT_RAIN,27.7,CELSIUS,31.7,CELSIUS,24.2,CELSIUS,31.7,CELSIUS,27.7,CELSIUS,75.0,RAIN,0.0,MILLIMETERS,1.7069,MILLIMETERS,1006.0,270.0,WEST,3.0,KILOMETERS_PER_HOUR,5.0,KILOMETERS_PER_HOUR,14.0,KILOMETERS,1.1,CELSIUS,30.5,CELSIUS,24.2,CELSIUS,0.0,MILLIMETERS,25.3695,MILLIMETERS,,,,2025-06-17 18:00:07.762000+07:00,1800
1101,90432,Meung - Bokeo,Meung - Bokeo,20.565749,100.592003,2025-06-17T11:00:29.679219782Z,1.0,82.0,0.0,40.0,100.0,Asia/Vientiane,https://maps.gstatic.com/weather/v1/drizzle,Light rain,en,LIGHT_RAIN,24.1,CELSIUS,27.2,CELSIUS,20.7,CELSIUS,27.2,CELSIUS,24.1,CELSIUS,35.0,RAIN,0.0,MILLIMETERS,0.48510000000000003,MILLIMETERS,1006.11,203.0,SOUTH_SOUTHWEST,6.0,KILOMETERS_PER_HOUR,11.0,KILOMETERS_PER_HOUR,16.0,KILOMETERS,2.2,CELSIUS,27.0,CELSIUS,20.4,CELSIUS,0.0,MILLIMETERS,13.2309,MILLIMETERS,,,,2025-06-17 18:00:07.762000+07:00,1800
1102,90433,Pha Oudom - Bokeo,Pha Oudom - Bokeo,20.086216,100.831707,2025-06-17T11:00:30.941225676Z,1.0,82.0,0.0,30.0,100.0,Asia/Vientiane,https://maps.gstatic.com/weather/v1/cloudy,Cloudy,en,CLOUDY,22.3,CELSIUS,25.0,CELSIUS,18.9,CELSIUS,25.0,CELSIUS,22.3,CELSIUS,20.0,RAIN,0.0,MILLIMETERS,0.2184,MILLIMETERS,1007.0,203.0,SOUTH_SOUTHWEST,5.0,KILOMETERS_PER_HOUR,11.0,KILOMETERS_PER_HOUR,16.0,KILOMETERS,1.9000000000000001,CELSIUS,24.0,CELSIUS,18.8,CELSIUS,0.0,MILLIMETERS,11.7196,MILLIMETERS,,,,2025-06-17 18:00:07.762000+07:00,1800
1103,90434,Paktha - Bokeo,Paktha - Bokeo,20.105423,100.597269,2025-06-17T11:00:32.203422975Z,1.0,80.0,0.0,40.0,100.0,Asia/Vientiane,https://maps.gstatic.com/weather/v1/drizzle,Light rain,en,LIGHT_RAIN,27.7,CELSIUS,31.7,CELSIUS,24.2,CELSIUS,31.7,CELSIUS,27.7,CELSIUS,75.0,RAIN,0.0,MILLIMETERS,1.7069,MILLIMETERS,1006.0,270.0,WEST,3.0,KILOMETERS_PER_HOUR,5.0,KILOMETERS_PER_HOUR,14.0,KILOMETERS,1.1,CELSIUS,30.5,CELSIUS,24.2,CELSIUS,0.0,MILLIMETERS,25.3695,MILLIMETERS,,,,2025-06-17 18:00:07.762000+07:00,1800
1104,90435,"Santiphab Secondary School - Luangprabang, Luangprabang ມັດທະຍົມ ສັນຕິພາບ","Santiphab Secondary School - Luangprabang, Luangprabang ມັດທະຍົມ ສັນຕິພາບ",19.880332,102.139832,2025-06-17T11:00:33.577404892Z,1.0,60.0,0.0,70.0,100.0,Asia/Vientiane,https://maps.gstatic.com/weather/v1/drizzle,Light rain,en,LIGHT_RAIN,27.4,CELSIUS,28.9,CELSIUS,18.9,CELSIUS,28.9,CELSIUS,27.4,CELSIUS,25.0,RAIN,0.0,MILLIMETERS,0.3124,MILLIMETERS,1004.54,225.0,SOUTHWEST,6.0,KILOMETERS_PER_HOUR,18.0,KILOMETERS_PER_HOUR,16.0,KILOMETERS,1.9000000000000001,CELSIUS,33.3,CELSIUS,24.2,CELSIUS,0.0,MILLIMETERS,9.4974,MILLIMETERS,,,,2025-06-17 18:00:07.762000+07:00,1800
1105,90437,"PakXeng Secondary School - PakXeng, Luangprabang ມັດທະຍົມສົມບູນ ປາກແຊງ","PakXeng Secondary School - PakXeng, Luangprabang ມັດທະຍົມສົມບູນ ປາກແຊງ",20.174492,102.675657,2025-06-17T11:00:34.842845614Z,1.0,74.0,0.0,50.0,100.0,Asia/Vientiane,https://maps.gstatic.com/weather/v1/cloudy,Cloudy,en,CLOUDY,21.1,CELSIUS,22.8,CELSIUS,16.1,CELSIUS,22.8,CELSIUS,21.1,CELSIUS,20.0,RAIN,0.0,MILLIMETERS,0.14730000000000001,MILLIMETERS,1005.61,160.0,SOUTH_SOUTHEAST,5.0,KILOMETERS_PER_HOUR,13.0,KILOMETERS_PER_HOUR,16.0,KILOMETERS,0.30000000000000004,CELSIUS,26.8,CELSIUS,18.0,CELSIUS,0.0,MILLIMETERS,12.9847,MILLIMETERS,,,,2025-06-17 18:00:07.762000+07:00,1800
1106,90438,"Phonxay Secpondary School - Phonxay, Luangprabang ມັດທະຍົມສົມບູນ ເມືອງໂພນໄຊ","Phonxay Secpondary School - Phonxay, Luangprabang ມັດທະຍົມສົມບູນ ເມືອງໂພນໄຊ",19.958916,102.572347,,,,,,,,,,,,,,,,,,,,,,,,,,,,,,,,,,,,,,,,,,,,,,,404.0,Information is not supported for this location. Please try a different location.,NOT_FOUND,2025-06-17 18:00:07.762000+07:00,1800
1107,90440,"Vangxieng Secondary School - Phonthong, Luangprabang ມັດທະຍົມ ວັງຊຽງ","Vangxieng Secondary School - Phonthong, Luangprabang ມັດທະຍົມ ວັງຊຽງ",20.737745,103.073231,2025-06-17T11:00:37.338464263Z,1.0,74.0,0.0,50.0,100.0,Asia/Vientiane,https://maps.gstatic.com/weather/v1/drizzle,Light rain,en,LIGHT_RAIN,23.3,CELSIUS,25.1,CELSIUS,18.5,CELSIUS,25.1,CELSIUS,23.3,CELSIUS,25.0,RAIN,0.0,MILLIMETERS,0.2184,MILLIMETERS,1006.36,225.0,SOUTHWEST,6.0,KILOMETERS_PER_HOUR,16.0,KILOMETERS_PER_HOUR,16.0,KILOMETERS,1.1,CELSIUS,27.9,CELSIUS,20.5,CELSIUS,0.0,MILLIMETERS,12.2681,MILLIMETERS,,,,2025-06-17 18:00:07.762000+07:00,1800
1108,90441,"Kiwkachum Secondary School - XiengNgeun, Luangprabang ມັດທະຍົມ ກິ່ວກະຈຳ","Kiwkachum Secondary School - XiengNgeun, Luangprabang ມັດທະຍົມ ກິ່ວກະຈຳ",19.555,102.234,2025-06-17T11:00:38.607829203Z,1.0,81.0,0.0,60.0,100.0,Asia/Vientiane,https://maps.gstatic.com/weather/v1/drizzle,Light rain,en,LIGHT_RAIN,21.8,CELSIUS,25.5,CELSIUS,18.5,CELSIUS,25.5,CELSIUS,21.8,CELSIUS,25.0,RAIN,0.0,MILLIMETERS,0.39880000000000004,MILLIMETERS,1007.35,190.0,SOUTH,10.0,KILOMETERS_PER_HOUR,30.0,KILOMETERS_PER_HOUR,16.0,KILOMETERS,-3.2,CELSIUS,30.0,CELSIUS,20.6,CELSIUS,0.0,MILLIMETERS,8.3368,MILLIMETERS,,,,2025-06-17 18:00:07.762000+07:00,1800
1109,90442,"Nan Secondary School - Nan, Luangprabang ມັດທະຍົມ ເມືອງນານ","Nan Secondary School - Nan, Luangprabang ມັດທະຍົມ ເມືອງນານ",19.498539,101.883867,2025-06-17T11:00:39.864571188Z,1.0,74.0,0.0,50.0,100.0,Asia/Vientiane,https://maps.gstatic.com/weather/v1/strong_tstorms,Light thunderstorms and rain,en,LIGHT_THUNDERSTORM_RAIN,23.6,CELSIUS,26.7,CELSIUS,18.8,CELSIUS,26.7,CELSIUS,23.6,CELSIUS,35.0,RAIN,0.0,MILLIMETERS,0.4318,MILLIMETERS,1006.9,225.0,SOUTHWEST,5.0,KILOMETERS_PER_HOUR,11.0,KILOMETERS_PER_HOUR,16.0,KILOMETERS,1.6,CELSIUS,26.3,CELSIUS,19.1,CELSIUS,0.0,MILLIMETERS,14.2396,MILLIMETERS,,,,2025-06-17 18:00:07.762000+07:00,1800
1110,90447,Xamneua - Houaphan,Xamneua - Houaphan,20.413807,104.050733,2025-06-17T11:00:41.118159841Z,1.0,71.0,0.0,59.0,100.0,Asia/Vientiane,https://maps.gstatic.com/weather/v1/cloudy,Cloudy,en,CLOUDY,24.1,CELSIUS,25.8,CELSIUS,18.6,CELSIUS,25.8,CELSIUS,24.1,CELSIUS,20.0,RAIN,0.0,MILLIMETERS,0.2997,MILLIMETERS,1005.6,225.0,SOUTHWEST,5.0,KILOMETERS_PER_HOUR,13.0,KILOMETERS_PER_HOUR,16.0,KILOMETERS,1.2,CELSIUS,30.4,CELSIUS,20.3,CELSIUS,0.0,MILLIMETERS,4.044,MILLIMETERS,,,,2025-06-17 18:00:07.762000+07:00,1800
1111,90449,"BouamNgam Secondary School - Huameuang, Houaphan  ມັດທະຍົມ ບວມງາມ","BouamNgam Secondary School - Huameuang, Houaphan  ມັດທະຍົມ ບວມງາມ",20.199501,103.875166,2025-06-17T11:00:42.365363873Z,1.0,78.0,0.0,40.0,100.0,Asia/Vientiane,https://maps.gstatic.com/weather/v1/cloudy,Cloudy,en,CLOUDY,21.5,CELSIUS,24.0,CELSIUS,17.6,CELSIUS,24.0,CELSIUS,21.5,CELSIUS,20.0,RAIN,0.0,MILLIMETERS,0.5385,MILLIMETERS,1006.66,205.0,SOUTH_SOUTHWEST,5.0,KILOMETERS_PER_HOUR,10.0,KILOMETERS_PER_HOUR,16.0,KILOMETERS,-0.2,CELSIUS,26.9,CELSIUS,19.2,CELSIUS,0.0,MILLIMETERS,6.8965,MILLIMETERS,,,,2025-06-17 18:00:07.762000+07:00,1800
1112,90450,Xamtay - Houaphan,Xamtay - Houaphan,19.999194,104.64011,2025-06-17T11:00:43.603944869Z,1.0,74.0,0.0,40.0,100.0,Asia/Vientiane,https://maps.gstatic.com/weather/v1/cloudy,Cloudy,en,CLOUDY,22.7,CELSIUS,24.5,CELSIUS,17.7,CELSIUS,24.5,CELSIUS,22.7,CELSIUS,20.0,RAIN,0.0,MILLIMETERS,0.06860000000000001,MILLIMETERS,1006.09,245.0,WEST_SOUTHWEST,3.0,KILOMETERS_PER_HOUR,10.0,KILOMETERS_PER_HOUR,16.0,KILOMETERS,-0.5,CELSIUS,29.0,CELSIUS,19.1,CELSIUS,0.0,MILLIMETERS,4.0032,MILLIMETERS,,,,2025-06-17 18:00:07.762000+07:00,1800
1113,90451,"Add Secondary School - Add, Houaphan ມັດທະຍົມ ແອດ","Add Secondary School - Add, Houaphan ມັດທະຍົມ ແອດ",20.820542,104.004618,,,,,,,,,,,,,,,,,,,,,,,,,,,,,,,,,,,,,,,,,,,,,,,404.0,Information is not supported for this location. Please try a different location.,NOT_FOUND,2025-06-17 18:00:07.762000+07:00,1800
1114,90452,Xon - Houaphan,Xon - Houaphan,20.466813,103.34797,2025-06-17T11:00:46.081818201Z,1.0,78.0,0.0,39.0,100.0,Asia/Vientiane,https://maps.gstatic.com/weather/v1/cloudy,Cloudy,en,CLOUDY,18.9,CELSIUS,21.4,CELSIUS,15.0,CELSIUS,21.4,CELSIUS,18.9,CELSIUS,20.0,RAIN,0.0,MILLIMETERS,0.5385,MILLIMETERS,1006.66,205.0,SOUTH_SOUTHWEST,5.0,KILOMETERS_PER_HOUR,10.0,KILOMETERS_PER_HOUR,16.0,KILOMETERS,-0.2,CELSIUS,24.3,CELSIUS,16.6,CELSIUS,0.0,MILLIMETERS,6.8965,MILLIMETERS,,,,2025-06-17 18:00:07.762000+07:00,1800
1115,90453,Xiengkhor - Houaphan,Xiengkhor - Houaphan,20.813892,104.146676,,,,,,,,,,,,,,,,,,,,,,,,,,,,,,,,,,,,,,,,,,,,,,,404.0,Information is not supported for this location. Please try a different location.,NOT_FOUND,2025-06-17 18:00:07.762000+07:00,1800
1116,90454," Viengthong Secondary School - Hiem, Houaphan ມັດທະຍົມ ວຽງທອງ"," Viengthong Secondary School - Hiem, Houaphan ມັດທະຍົມ ວຽງທອງ",20.099855,103.380396,2025-06-17T11:00:48.559058443Z,1.0,78.0,0.0,39.0,100.0,Asia/Vientiane,https://maps.gstatic.com/weather/v1/cloudy,Cloudy,en,CLOUDY,18.9,CELSIUS,21.4,CELSIUS,15.0,CELSIUS,21.4,CELSIUS,18.9,CELSIUS,20.0,RAIN,0.0,MILLIMETERS,0.5385,MILLIMETERS,1006.66,205.0,SOUTH_SOUTHWEST,5.0,KILOMETERS_PER_HOUR,10.0,KILOMETERS_PER_HOUR,16.0,KILOMETERS,-0.2,CELSIUS,24.3,CELSIUS,16.6,CELSIUS,0.0,MILLIMETERS,6.8965,MILLIMETERS,,,,2025-06-17 18:00:07.762000+07:00,1800
1117,90455,"Sopbao Secondary School - Sopbao, Houaphan ມັດທະຍົມ ສົບເບົາ","Sopbao Secondary School - Sopbao, Houaphan ມັດທະຍົມ ສົບເບົາ",20.710206,104.384946,2025-06-17T11:00:49.808828348Z,1.0,71.0,0.0,59.0,100.0,Asia/Vientiane,https://maps.gstatic.com/weather/v1/cloudy,Cloudy,en,CLOUDY,20.2,CELSIUS,21.9,CELSIUS,14.7,CELSIUS,21.9,CELSIUS,20.2,CELSIUS,20.0,RAIN,0.0,MILLIMETERS,0.2997,MILLIMETERS,1005.6,225.0,SOUTHWEST,5.0,KILOMETERS_PER_HOUR,13.0,KILOMETERS_PER_HOUR,16.0,KILOMETERS,1.2,CELSIUS,26.5,CELSIUS,16.4,CELSIUS,0.0,MILLIMETERS,4.044,MILLIMETERS,,,,2025-06-17 18:00:07.762000+07:00,1800
1118,90456,"Kuan Secondary School - Kuan, Houaphan ມັດທະຍົມສົມບູນ ກັວນ","Kuan Secondary School - Kuan, Houaphan ມັດທະຍົມສົມບູນ ກັວນ",19.835863,104.561303,2025-06-17T11:00:51.075192368Z,1.0,74.0,0.0,40.0,100.0,Asia/Vientiane,https://maps.gstatic.com/weather/v1/cloudy,Cloudy,en,CLOUDY,24.0,CELSIUS,25.8,CELSIUS,19.0,CELSIUS,25.8,CELSIUS,24.0,CELSIUS,20.0,RAIN,0.0,MILLIMETERS,0.06860000000000001,MILLIMETERS,1006.09,245.0,WEST_SOUTHWEST,3.0,KILOMETERS_PER_HOUR,10.0,KILOMETERS_PER_HOUR,16.0,KILOMETERS,-0.5,CELSIUS,30.3,CELSIUS,20.4,CELSIUS,0.0,MILLIMETERS,4.0032,MILLIMETERS,,,,2025-06-17 18:00:07.762000+07:00,1800
1119,90457,"Khob Secondary School - Khob, Xayabouli ມັດທະຍົມ ເມືອງຄອບ","Khob Secondary School - Khob, Xayabouli ມັດທະຍົມ ເມືອງຄອບ",19.699713,100.5572,2025-06-17T11:00:52.344639962Z,1.0,79.0,0.0,40.0,100.0,Asia/Vientiane,https://maps.gstatic.com/weather/v1/drizzle,Light rain,en,LIGHT_RAIN,27.4,CELSIUS,31.0,CELSIUS,23.5,CELSIUS,31.0,CELSIUS,27.4,CELSIUS,45.0,RAIN,0.0,MILLIMETERS,0.7264,MILLIMETERS,1006.74,180.0,SOUTH,13.0,KILOMETERS_PER_HOUR,21.0,KILOMETERS_PER_HOUR,16.0,KILOMETERS,0.0,CELSIUS,30.1,CELSIUS,23.7,CELSIUS,0.0,MILLIMETERS,13.9597,MILLIMETERS,,,,2025-06-17 18:00:07.762000+07:00,1800
1120,90458,"Hongsa Secondary School - Hongsa, Xaignabouly ມັດທະຍົມສົມບູນ ຫົງສາ","Hongsa Secondary School - Hongsa, Xaignabouly ມັດທະຍົມສົມບູນ ຫົງສາ",19.70693,101.342893,2025-06-17T11:00:53.587981618Z,1.0,74.0,0.0,50.0,100.0,Asia/Vientiane,https://maps.gstatic.com/weather/v1/strong_tstorms,Light thunderstorms and rain,en,LIGHT_THUNDERSTORM_RAIN,24.9,CELSIUS,28.0,CELSIUS,20.1,CELSIUS,28.0,CELSIUS,24.9,CELSIUS,35.0,RAIN,0.0,MILLIMETERS,0.4318,MILLIMETERS,1006.9,225.0,SOUTHWEST,5.0,KILOMETERS_PER_HOUR,11.0,KILOMETERS_PER_HOUR,16.0,KILOMETERS,1.6,CELSIUS,27.6,CELSIUS,20.4,CELSIUS,0.0,MILLIMETERS,14.2396,MILLIMETERS,,,,2025-06-17 18:00:07.762000+07:00,1800
1121,90459,Phiang - Xaignabouly,Phiang - Xaignabouly,19.094645,101.529558,2025-06-17T11:00:54.836048849Z,1.0,69.0,0.0,60.0,100.0,Asia/Vientiane,https://maps.gstatic.com/weather/v1/cloudy,Cloudy,en,CLOUDY,29.6,CELSIUS,33.9,CELSIUS,23.0,CELSIUS,33.9,CELSIUS,29.6,CELSIUS,20.0,RAIN,0.0,MILLIMETERS,0.09910000000000001,MILLIMETERS,1006.14,203.0,SOUTH_SOUTHWEST,6.0,KILOMETERS_PER_HOUR,14.0,KILOMETERS_PER_HOUR,16.0,KILOMETERS,0.6000000000000001,CELSIUS,32.2,CELSIUS,23.7,CELSIUS,0.0,MILLIMETERS,5.0342,MILLIMETERS,,,,2025-06-17 18:00:07.762000+07:00,1800
1122,90460,Parklai - Xaignabouly,Parklai - Xaignabouly,18.220795,101.405717,2025-06-17T11:00:56.086709088Z,1.0,70.0,0.0,40.0,100.0,Asia/Vientiane,https://maps.gstatic.com/weather/v1/cloudy,Cloudy,en,CLOUDY,30.0,CELSIUS,35.8,CELSIUS,23.5,CELSIUS,35.8,CELSIUS,30.0,CELSIUS,20.0,RAIN,0.0,MILLIMETERS,0.09910000000000001,MILLIMETERS,1006.02,248.0,WEST_SOUTHWEST,5.0,KILOMETERS_PER_HOUR,11.0,KILOMETERS_PER_HOUR,16.0,KILOMETERS,0.0,CELSIUS,32.1,CELSIUS,24.4,CELSIUS,0.0,MILLIMETERS,3.4696000000000002,MILLIMETERS,,,,2025-06-17 18:00:07.762000+07:00,1800
1123,90463,"Ekaphab Secondary School - Xayabury, Xayabury ມັດທະຍົມ ເອກະພາບ","Ekaphab Secondary School - Xayabury, Xayabury ມັດທະຍົມ ເອກະພາບ",19.237566,101.714751,2025-06-17T11:00:57.353922521Z,1.0,71.0,0.0,60.0,100.0,Asia/Vientiane,https://maps.gstatic.com/weather/v1/cloudy,Cloudy,en,CLOUDY,29.4,CELSIUS,33.7,CELSIUS,23.1,CELSIUS,33.7,CELSIUS,29.4,CELSIUS,20.0,RAIN,0.0,MILLIMETERS,0.127,MILLIMETERS,1006.0,180.0,SOUTH,5.0,KILOMETERS_PER_HOUR,11.0,KILOMETERS_PER_HOUR,16.0,KILOMETERS,1.1,CELSIUS,32.1,CELSIUS,24.8,CELSIUS,0.0,MILLIMETERS,3.429,MILLIMETERS,,,,2025-06-17 18:00:07.762000+07:00,1800
1124,90465,Xienghone - Xaignabouly ,Xienghone - Xaignabouly ,19.631763,100.814901,2025-06-17T11:00:58.615793759Z,1.0,77.0,0.0,40.0,100.0,Asia/Vientiane,https://maps.gstatic.com/weather/v1/drizzle,Light rain,en,LIGHT_RAIN,24.5,CELSIUS,27.6,CELSIUS,20.2,CELSIUS,27.6,CELSIUS,24.5,CELSIUS,35.0,RAIN,0.0,MILLIMETERS,0.5029,MILLIMETERS,1007.0,225.0,SOUTHWEST,8.0,KILOMETERS_PER_HOUR,16.0,KILOMETERS_PER_HOUR,16.0,KILOMETERS,1.3,CELSIUS,26.8,CELSIUS,20.2,CELSIUS,0.0,MILLIMETERS,8.4657,MILLIMETERS,,,,2025-06-17 18:00:07.762000+07:00,1800
1125,90466,"Kenethao Secondary School - Kenethao, Xayabury ມັດທະຍົມສົມບຸນ ແກ່ນທ້າວ","Kenethao Secondary School - Kenethao, Xayabury ມັດທະຍົມສົມບຸນ ແກ່ນທ້າວ",17.740569,101.403471,2025-06-17T11:00:59.868915338Z,1.0,72.0,0.0,0.0,100.0,Asia/Vientiane,https://maps.gstatic.com/weather/v1/cloudy,Cloudy,en,CLOUDY,30.2,CELSIUS,35.8,CELSIUS,24.2,CELSIUS,35.8,CELSIUS,30.2,CELSIUS,10.0,RAIN,0.0,MILLIMETERS,0.254,MILLIMETERS,1006.0,225.0,SOUTHWEST,6.0,KILOMETERS_PER_HOUR,10.0,KILOMETERS_PER_HOUR,16.0,KILOMETERS,-1.1,CELSIUS,32.3,CELSIUS,25.2,CELSIUS,0.0,MILLIMETERS,8.9738,MILLIMETERS,,,,2025-06-17 18:00:07.762000+07:00,1800
1126,90468,Pek - Xiengkhouang,Pek - Xiengkhouang,19.444636,103.205788,2025-06-17T11:01:01.131620012Z,1.0,67.0,0.0,59.0,100.0,Asia/Vientiane,https://maps.gstatic.com/weather/v1/drizzle,Light rain,en,LIGHT_RAIN,22.6,CELSIUS,24.8,CELSIUS,16.2,CELSIUS,24.8,CELSIUS,22.6,CELSIUS,25.0,RAIN,0.0,MILLIMETERS,0.20320000000000002,MILLIMETERS,1007.55,210.0,SOUTH_SOUTHWEST,10.0,KILOMETERS_PER_HOUR,21.0,KILOMETERS_PER_HOUR,16.0,KILOMETERS,-2.1,CELSIUS,28.8,CELSIUS,20.1,CELSIUS,0.0,MILLIMETERS,10.0383,MILLIMETERS,,,,2025-06-17 18:00:07.762000+07:00,1800
1127,90469,Nonghed - Xiengkhouang,Nonghed - Xiengkhouang,19.49661,103.986121,,,,,,,,,,,,,,,,,,,,,,,,,,,,,,,,,,,,,,,,,,,,,,,404.0,Information is not supported for this location. Please try a different location.,NOT_FOUND,2025-06-17 18:00:07.762000+07:00,1800
1128,90471,"Napa Secondary School - Kham, Xiengkhouang ມັດທະຍົມ ນາປາ","Napa Secondary School - Kham, Xiengkhouang ມັດທະຍົມ ນາປາ",19.590573,103.662369,2025-06-17T11:01:03.621577336Z,1.0,63.0,0.0,59.0,100.0,Asia/Vientiane,https://maps.gstatic.com/weather/v1/cloudy,Cloudy,en,CLOUDY,25.3,CELSIUS,26.6,CELSIUS,17.9,CELSIUS,26.6,CELSIUS,25.3,CELSIUS,25.0,RAIN,0.0,MILLIMETERS,0.1524,MILLIMETERS,1005.97,270.0,WEST,3.0,KILOMETERS_PER_HOUR,6.0,KILOMETERS_PER_HOUR,16.0,KILOMETERS,0.4,CELSIUS,31.8,CELSIUS,20.9,CELSIUS,0.0,MILLIMETERS,4.4757,MILLIMETERS,,,,2025-06-17 18:00:07.762000+07:00,1800
1129,90472,"Chomphet Seconbdary School - Khoune, Xiengkhuang ມັດທະຍົມ ຈອມເພັດ","Chomphet Seconbdary School - Khoune, Xiengkhuang ມັດທະຍົມ ຈອມເພັດ",19.340999,103.371433,2025-06-17T11:01:04.891286488Z,1.0,67.0,0.0,59.0,100.0,Asia/Vientiane,https://maps.gstatic.com/weather/v1/drizzle,Light rain,en,LIGHT_RAIN,22.6,CELSIUS,24.8,CELSIUS,16.2,CELSIUS,24.8,CELSIUS,22.6,CELSIUS,25.0,RAIN,0.0,MILLIMETERS,0.20320000000000002,MILLIMETERS,1007.55,210.0,SOUTH_SOUTHWEST,10.0,KILOMETERS_PER_HOUR,21.0,KILOMETERS_PER_HOUR,16.0,KILOMETERS,-2.1,CELSIUS,28.8,CELSIUS,20.1,CELSIUS,0.0,MILLIMETERS,10.0383,MILLIMETERS,,,,2025-06-17 18:00:07.762000+07:00,1800
1130,90474,"Lardkhai Secondary School - Phaxay, Xiengkhouang ມັດທະຍົມ ລາດຄ້າຍ","Lardkhai Secondary School - Phaxay, Xiengkhouang ມັດທະຍົມ ລາດຄ້າຍ",19.29915,103.133374,2025-06-17T11:01:06.134299012Z,1.0,67.0,0.0,59.0,100.0,Asia/Vientiane,https://maps.gstatic.com/weather/v1/drizzle,Light rain,en,LIGHT_RAIN,22.6,CELSIUS,24.8,CELSIUS,16.2,CELSIUS,24.8,CELSIUS,22.6,CELSIUS,25.0,RAIN,0.0,MILLIMETERS,0.20320000000000002,MILLIMETERS,1007.55,210.0,SOUTH_SOUTHWEST,10.0,KILOMETERS_PER_HOUR,21.0,KILOMETERS_PER_HOUR,16.0,KILOMETERS,-2.1,CELSIUS,28.8,CELSIUS,20.1,CELSIUS,0.0,MILLIMETERS,10.0383,MILLIMETERS,,,,2025-06-17 18:00:07.762000+07:00,1800
1131,90475,Phonhong - Vientiane,Phonhong - Vientiane,18.350024,102.42424,2025-06-17T11:01:07.396062261Z,1.0,94.0,0.0,69.0,100.0,Asia/Vientiane,https://maps.gstatic.com/weather/v1/strong_tstorms,Light thunderstorms and rain,en,LIGHT_THUNDERSTORM_RAIN,22.1,CELSIUS,24.6,CELSIUS,21.0,CELSIUS,24.6,CELSIUS,22.1,CELSIUS,35.0,RAIN,0.0,MILLIMETERS,3.5433,MILLIMETERS,1006.21,55.0,NORTHEAST,6.0,KILOMETERS_PER_HOUR,11.0,KILOMETERS_PER_HOUR,11.0,KILOMETERS,-6.9,CELSIUS,34.3,CELSIUS,23.0,CELSIUS,0.0,MILLIMETERS,8.3722,MILLIMETERS,,,,2025-06-17 18:00:07.762000+07:00,1800
1132,90476,"Kasy Secondary School - Kasy, Vientiane Province ມັດທະຍົມສົມບູນ ກາສີ","Kasy Secondary School - Kasy, Vientiane Province ມັດທະຍົມສົມບູນ ກາສີ",19.225034,102.25219,2025-06-17T11:01:08.646348180Z,1.0,93.0,0.0,69.0,100.0,Asia/Vientiane,https://maps.gstatic.com/weather/v1/strong_tstorms,Light thunderstorms and rain,en,LIGHT_THUNDERSTORM_RAIN,20.2,CELSIUS,24.1,CELSIUS,19.0,CELSIUS,24.1,CELSIUS,20.2,CELSIUS,50.0,RAIN,0.0,MILLIMETERS,1.2395,MILLIMETERS,1007.66,25.0,NORTH_NORTHEAST,3.0,KILOMETERS_PER_HOUR,6.0,KILOMETERS_PER_HOUR,11.0,KILOMETERS,-6.1,CELSIUS,30.2,CELSIUS,21.9,CELSIUS,0.0,MILLIMETERS,16.439,MILLIMETERS,,,,2025-06-17 18:00:07.762000+07:00,1800
1133,90477,"Xanakharm Secondary School - Xanakharm, Vieniane Province ມັດທະຍົມສົບຸນ ຊະນະຄາມ","Xanakharm Secondary School - Xanakharm, Vieniane Province ມັດທະຍົມສົບຸນ ຊະນະຄາມ",17.910218,101.670662,2025-06-17T11:01:09.910201192Z,1.0,77.0,0.0,0.0,100.0,Asia/Vientiane,https://maps.gstatic.com/weather/v1/cloudy,Cloudy,en,CLOUDY,29.8,CELSIUS,36.0,CELSIUS,25.0,CELSIUS,36.0,CELSIUS,29.8,CELSIUS,10.0,RAIN,0.0,MILLIMETERS,0.1753,MILLIMETERS,1006.0,225.0,SOUTHWEST,5.0,KILOMETERS_PER_HOUR,11.0,KILOMETERS_PER_HOUR,16.0,KILOMETERS,-0.7000000000000001,CELSIUS,32.1,CELSIUS,25.1,CELSIUS,0.0,MILLIMETERS,7.7699,MILLIMETERS,,,,2025-06-17 18:00:07.762000+07:00,1800
1134,90478,Mad - Vientiane,Mad - Vientiane,18.448868,101.76322,2025-06-17T11:01:11.167164451Z,1.0,70.0,0.0,40.0,100.0,Asia/Vientiane,https://maps.gstatic.com/weather/v1/cloudy,Cloudy,en,CLOUDY,30.6,CELSIUS,36.4,CELSIUS,24.1,CELSIUS,36.4,CELSIUS,30.6,CELSIUS,20.0,RAIN,0.0,MILLIMETERS,0.09910000000000001,MILLIMETERS,1006.02,248.0,WEST_SOUTHWEST,5.0,KILOMETERS_PER_HOUR,11.0,KILOMETERS_PER_HOUR,16.0,KILOMETERS,0.0,CELSIUS,32.7,CELSIUS,25.0,CELSIUS,0.0,MILLIMETERS,3.4696000000000002,MILLIMETERS,,,,2025-06-17 18:00:07.762000+07:00,1800
1135,90479,"Phonmi Secondary School - Viengkham, Vientiane Province ມັດທະຍົມສົມບຸນ ໂພນໝີ","Phonmi Secondary School - Viengkham, Vientiane Province ມັດທະຍົມສົມບຸນ ໂພນໝີ",18.48451,102.485942,2025-06-17T11:01:12.412840641Z,1.0,94.0,0.0,69.0,100.0,Asia/Vientiane,https://maps.gstatic.com/weather/v1/strong_tstorms,Light thunderstorms and rain,en,LIGHT_THUNDERSTORM_RAIN,22.1,CELSIUS,24.6,CELSIUS,21.0,CELSIUS,24.6,CELSIUS,22.1,CELSIUS,35.0,RAIN,0.0,MILLIMETERS,3.5433,MILLIMETERS,1006.21,55.0,NORTHEAST,6.0,KILOMETERS_PER_HOUR,11.0,KILOMETERS_PER_HOUR,11.0,KILOMETERS,-6.9,CELSIUS,34.3,CELSIUS,23.0,CELSIUS,0.0,MILLIMETERS,8.3722,MILLIMETERS,,,,2025-06-17 18:00:07.762000+07:00,1800
1136,90482,"KeoKou Secondary School - KeoOudom, Vientiane Province ມັດທະຍົມສົມບູນ ແກ້ວກູ່","KeoKou Secondary School - KeoOudom, Vientiane Province ມັດທະຍົມສົມບູນ ແກ້ວກູ່",18.554884,102.502844,2025-06-17T11:01:13.680178003Z,1.0,94.0,0.0,69.0,100.0,Asia/Vientiane,https://maps.gstatic.com/weather/v1/strong_tstorms,Light thunderstorms and rain,en,LIGHT_THUNDERSTORM_RAIN,22.1,CELSIUS,24.6,CELSIUS,21.0,CELSIUS,24.6,CELSIUS,22.1,CELSIUS,35.0,RAIN,0.0,MILLIMETERS,3.5433,MILLIMETERS,1006.21,55.0,NORTHEAST,6.0,KILOMETERS_PER_HOUR,11.0,KILOMETERS_PER_HOUR,11.0,KILOMETERS,-6.9,CELSIUS,34.3,CELSIUS,23.0,CELSIUS,0.0,MILLIMETERS,8.3722,MILLIMETERS,,,,2025-06-17 18:00:07.762000+07:00,1800
1137,90485,Meun - Vientiane,Meun - Vientiane,18.28379,101.941138,2025-06-17T11:01:14.968862069Z,1.0,91.0,0.0,69.0,100.0,Asia/Vientiane,https://maps.gstatic.com/weather/v1/drizzle,Light rain,en,LIGHT_RAIN,22.6,CELSIUS,24.9,CELSIUS,21.0,CELSIUS,24.9,CELSIUS,22.6,CELSIUS,25.0,RAIN,0.0,MILLIMETERS,0.8458,MILLIMETERS,1006.09,65.0,EAST_NORTHEAST,3.0,KILOMETERS_PER_HOUR,8.0,KILOMETERS_PER_HOUR,15.0,KILOMETERS,-8.0,CELSIUS,33.6,CELSIUS,23.1,CELSIUS,0.0,MILLIMETERS,5.5625,MILLIMETERS,,,,2025-06-17 18:00:07.762000+07:00,1800
1138,90487,"Thaphabath Secondary School - Thaphabath, Bolikhamxai","Thaphabath Secondary School - Thaphabath, Bolikhamxai",18.356826,103.198076,2025-06-17T11:01:16.222676799Z,1.0,79.0,0.0,70.0,100.0,Asia/Vientiane,https://maps.gstatic.com/weather/v1/drizzle,Light rain,en,LIGHT_RAIN,26.6,CELSIUS,29.5,CELSIUS,22.7,CELSIUS,29.5,CELSIUS,26.6,CELSIUS,25.0,RAIN,0.0,MILLIMETERS,0.6807000000000001,MILLIMETERS,1005.79,0.0,NORTH,2.0,KILOMETERS_PER_HOUR,2.0,KILOMETERS_PER_HOUR,16.0,KILOMETERS,-3.8,CELSIUS,33.4,CELSIUS,25.5,CELSIUS,0.0,MILLIMETERS,5.8853,MILLIMETERS,,,,2025-06-17 18:00:07.762000+07:00,1800
1139,90488,Pakkading - Bolikhamxai ,Pakkading - Bolikhamxai ,18.109902,104.281265,2025-06-17T11:01:17.489424867Z,1.0,86.0,0.0,69.0,100.0,Asia/Vientiane,https://maps.gstatic.com/weather/v1/strong_tstorms,Light thunderstorms and rain,en,LIGHT_THUNDERSTORM_RAIN,26.0,CELSIUS,29.1,CELSIUS,23.4,CELSIUS,29.1,CELSIUS,26.0,CELSIUS,35.0,RAIN,0.0,MILLIMETERS,0.4978,MILLIMETERS,1006.3,180.0,SOUTH,3.0,KILOMETERS_PER_HOUR,13.0,KILOMETERS_PER_HOUR,16.0,KILOMETERS,-0.9,CELSIUS,31.6,CELSIUS,24.2,CELSIUS,0.0,MILLIMETERS,6.9648,MILLIMETERS,,,,2025-06-17 18:00:07.762000+07:00,1800
1140,90490,"Nakhonxay Secondary School - Khamkeuth, - Borikhamxai ມັດທະຍົມ ນະຄອນໄຊ","Nakhonxay Secondary School - Khamkeuth, - Borikhamxai ມັດທະຍົມ ນະຄອນໄຊ",18.185553,104.983958,2025-06-17T11:01:18.760379226Z,1.0,80.0,0.0,69.0,100.0,Asia/Vientiane,https://maps.gstatic.com/weather/v1/cloudy,Cloudy,en,CLOUDY,24.8,CELSIUS,27.0,CELSIUS,21.2,CELSIUS,27.0,CELSIUS,24.8,CELSIUS,20.0,RAIN,0.0,MILLIMETERS,0.0,MILLIMETERS,1006.86,215.0,SOUTHWEST,6.0,KILOMETERS_PER_HOUR,16.0,KILOMETERS_PER_HOUR,16.0,KILOMETERS,-0.7000000000000001,CELSIUS,29.1,CELSIUS,21.6,CELSIUS,0.0,MILLIMETERS,1.4759,MILLIMETERS,,,,2025-06-17 18:00:07.762000+07:00,1800
1141,90491,Viengthong - Bolikhamxai,Viengthong - Bolikhamxai,18.512354,104.442835,2025-06-17T11:01:20.053492761Z,1.0,79.0,0.0,69.0,100.0,Asia/Vientiane,https://maps.gstatic.com/weather/v1/cloudy,Cloudy,en,CLOUDY,25.7,CELSIUS,28.0,CELSIUS,21.8,CELSIUS,28.0,CELSIUS,25.7,CELSIUS,25.0,RAIN,0.0,MILLIMETERS,0.09910000000000001,MILLIMETERS,1006.28,250.0,WEST_SOUTHWEST,5.0,KILOMETERS_PER_HOUR,11.0,KILOMETERS_PER_HOUR,16.0,KILOMETERS,-0.7000000000000001,CELSIUS,30.9,CELSIUS,22.7,CELSIUS,0.0,MILLIMETERS,3.0662,MILLIMETERS,,,,2025-06-17 18:00:07.762000+07:00,1800
1142,90492,"NamOn Secondary School - Xaychamphone, Borikhamxai ມັດທະຍົມ ນຳ້ອ້ອນ","NamOn Secondary School - Xaychamphone, Borikhamxai ມັດທະຍົມ ນຳ້ອ້ອນ",18.577559,104.981947,2025-06-17T11:01:21.294407516Z,1.0,80.0,0.0,69.0,100.0,Asia/Vientiane,https://maps.gstatic.com/weather/v1/cloudy,Cloudy,en,CLOUDY,24.8,CELSIUS,27.0,CELSIUS,21.2,CELSIUS,27.0,CELSIUS,24.8,CELSIUS,20.0,RAIN,0.0,MILLIMETERS,0.0,MILLIMETERS,1006.86,215.0,SOUTHWEST,6.0,KILOMETERS_PER_HOUR,16.0,KILOMETERS_PER_HOUR,16.0,KILOMETERS,-0.7000000000000001,CELSIUS,29.1,CELSIUS,21.6,CELSIUS,0.0,MILLIMETERS,1.4759,MILLIMETERS,,,,2025-06-17 18:00:07.762000+07:00,1800
1143,90493,Thakhek - Khammouan ,Thakhek - Khammouan ,17.392668,104.807495,2025-06-17T11:01:22.561717502Z,1.0,100.0,0.0,70.0,100.0,Asia/Vientiane,https://maps.gstatic.com/weather/v1/cloudy,Cloudy,en,CLOUDY,26.7,CELSIUS,32.5,CELSIUS,26.7,CELSIUS,32.5,CELSIUS,26.7,CELSIUS,25.0,RAIN,0.0,MILLIMETERS,0.20070000000000002,MILLIMETERS,1005.7,340.0,NORTH_NORTHWEST,3.0,KILOMETERS_PER_HOUR,10.0,KILOMETERS_PER_HOUR,5.0,KILOMETERS,-1.7,CELSIUS,33.7,CELSIUS,24.7,CELSIUS,0.0,MILLIMETERS,8.7201,MILLIMETERS,,,,2025-06-17 18:00:07.762000+07:00,1800
1144,90494,Mahaxay - Khammouan,Mahaxay - Khammouan,17.457352,105.160169,2025-06-17T11:01:23.805660067Z,1.0,100.0,0.0,70.0,100.0,Asia/Vientiane,https://maps.gstatic.com/weather/v1/cloudy,Cloudy,en,CLOUDY,25.2,CELSIUS,29.1,CELSIUS,25.2,CELSIUS,29.1,CELSIUS,25.2,CELSIUS,25.0,RAIN,0.0,MILLIMETERS,0.20070000000000002,MILLIMETERS,1006.71,245.0,WEST_SOUTHWEST,2.0,KILOMETERS_PER_HOUR,8.0,KILOMETERS_PER_HOUR,5.0,KILOMETERS,-1.0,CELSIUS,31.5,CELSIUS,23.0,CELSIUS,0.0,MILLIMETERS,4.4453,MILLIMETERS,,,,2025-06-17 18:00:07.762000+07:00,1800
1145,90495,Nongbok - Khammouan,Nongbok - Khammouan,16.962416,104.81156,2025-06-17T11:01:25.064725283Z,1.0,73.0,0.0,0.0,100.0,Asia/Vientiane,https://maps.gstatic.com/weather/v1/cloudy,Cloudy,en,CLOUDY,30.5,CELSIUS,37.0,CELSIUS,25.2,CELSIUS,37.0,CELSIUS,30.5,CELSIUS,10.0,RAIN,0.0,MILLIMETERS,0.0,MILLIMETERS,1005.51,225.0,SOUTHWEST,6.0,KILOMETERS_PER_HOUR,13.0,KILOMETERS_PER_HOUR,16.0,KILOMETERS,0.7000000000000001,CELSIUS,33.7,CELSIUS,25.9,CELSIUS,0.0,MILLIMETERS,1.0567,MILLIMETERS,,,,2025-06-17 18:00:07.762000+07:00,1800
1146,90497,Nhommalath - Khammouan ,Nhommalath - Khammouan ,17.614203,105.170282,2025-06-17T11:01:26.305436020Z,1.0,100.0,0.0,70.0,100.0,Asia/Vientiane,https://maps.gstatic.com/weather/v1/cloudy,Cloudy,en,CLOUDY,25.2,CELSIUS,29.1,CELSIUS,25.2,CELSIUS,29.1,CELSIUS,25.2,CELSIUS,25.0,RAIN,0.0,MILLIMETERS,0.20070000000000002,MILLIMETERS,1006.71,245.0,WEST_SOUTHWEST,2.0,KILOMETERS_PER_HOUR,8.0,KILOMETERS_PER_HOUR,5.0,KILOMETERS,-1.0,CELSIUS,31.5,CELSIUS,23.0,CELSIUS,0.0,MILLIMETERS,4.4453,MILLIMETERS,,,,2025-06-17 18:00:07.762000+07:00,1800
1147,90500,"Xebangfay Secondary School - Xebangfay, Khammouane ມັດທະຍົມສົມບູນ ເຊບັ້ງໄຟ","Xebangfay Secondary School - Xebangfay, Khammouane ມັດທະຍົມສົມບູນ ເຊບັ້ງໄຟ",17.086149,104.981631,2025-06-17T11:01:27.566426784Z,1.0,100.0,0.0,68.0,100.0,Asia/Vientiane,https://maps.gstatic.com/weather/v1/cloudy,Cloudy,en,CLOUDY,27.0,CELSIUS,33.3,CELSIUS,27.0,CELSIUS,33.3,CELSIUS,27.0,CELSIUS,25.0,RAIN,0.0,MILLIMETERS,0.16,MILLIMETERS,1005.52,335.0,NORTH_NORTHWEST,3.0,KILOMETERS_PER_HOUR,10.0,KILOMETERS_PER_HOUR,5.0,KILOMETERS,-2.7,CELSIUS,32.8,CELSIUS,24.6,CELSIUS,0.0,MILLIMETERS,5.4941,MILLIMETERS,,,,2025-06-17 18:00:07.762000+07:00,1800
1148,90501,"Sivilay Secondary School - Xaybouathong, Khammouane ມັດທະຍົມສົມບູນ ສີວິໄລ","Sivilay Secondary School - Xaybouathong, Khammouane ມັດທະຍົມສົມບູນ ສີວິໄລ",17.171532,105.4273,2025-06-17T11:01:28.796404614Z,1.0,100.0,0.0,70.0,100.0,Asia/Vientiane,https://maps.gstatic.com/weather/v1/cloudy,Cloudy,en,CLOUDY,27.4,CELSIUS,34.6,CELSIUS,27.4,CELSIUS,34.6,CELSIUS,27.4,CELSIUS,25.0,RAIN,0.0,MILLIMETERS,0.2997,MILLIMETERS,1005.69,200.0,SOUTH_SOUTHWEST,5.0,KILOMETERS_PER_HOUR,15.0,KILOMETERS_PER_HOUR,5.0,KILOMETERS,-3.2,CELSIUS,31.8,CELSIUS,24.3,CELSIUS,0.0,MILLIMETERS,3.7642,MILLIMETERS,,,,2025-06-17 18:00:07.762000+07:00,1800
1149,90502,"Nakang Secondary School - Khounkham, Khammouane ມັດທະຍົມສົມບູນ ນາກາງ","Nakang Secondary School - Khounkham, Khammouane ມັດທະຍົມສົມບູນ ນາກາງ",18.02845,104.65357,,,,,,,,,,,,,,,,,,,,,,,,,,,,,,,,,,,,,,,,,,,,,,,404.0,Information is not supported for this location. Please try a different location.,NOT_FOUND,2025-06-17 18:00:07.762000+07:00,1800
1150,90503,Kaysone Phomvihane - Sav,Kaysone Phomvihane - Sav,16.5702,104.75036,2025-06-17T11:01:31.307318310Z,1.0,70.0,0.0,0.0,100.0,Asia/Vientiane,https://maps.gstatic.com/weather/v1/cloudy,Cloudy,en,CLOUDY,30.7,CELSIUS,36.7,CELSIUS,24.9,CELSIUS,36.7,CELSIUS,30.7,CELSIUS,10.0,RAIN,0.0,MILLIMETERS,0.0025,MILLIMETERS,1006.0,203.0,SOUTH_SOUTHWEST,8.0,KILOMETERS_PER_HOUR,16.0,KILOMETERS_PER_HOUR,16.0,KILOMETERS,-0.1,CELSIUS,33.4,CELSIUS,26.5,CELSIUS,0.0,MILLIMETERS,0.3936,MILLIMETERS,,,,2025-06-17 18:00:07.762000+07:00,1800
1151,90504,"Lianxay Secondary School - Artsaphangthong, Savannakhet ມັດທະຍົມ ຫລຽນໄຊ","Lianxay Secondary School - Artsaphangthong, Savannakhet ມັດທະຍົມ ຫລຽນໄຊ",16.692124,105.409764,,,,,,,,,,,,,,,,,,,,,,,,,,,,,,,,,,,,,,,,,,,,,,,404.0,Information is not supported for this location. Please try a different location.,NOT_FOUND,2025-06-17 18:00:07.762000+07:00,1800
1152,90505,Sepone - Savannakhet,Sepone - Savannakhet,16.696651,106.209138,2025-06-17T11:01:33.799792011Z,1.0,75.0,0.0,0.0,100.0,Asia/Vientiane,https://maps.gstatic.com/weather/v1/cloudy,Cloudy,en,CLOUDY,25.9,CELSIUS,29.3,CELSIUS,20.9,CELSIUS,29.3,CELSIUS,25.9,CELSIUS,10.0,RAIN,0.0,MILLIMETERS,0.0,MILLIMETERS,1007.61,225.0,SOUTHWEST,8.0,KILOMETERS_PER_HOUR,16.0,KILOMETERS_PER_HOUR,16.0,KILOMETERS,0.4,CELSIUS,28.8,CELSIUS,22.2,CELSIUS,0.0,MILLIMETERS,1.7425,MILLIMETERS,,,,2025-06-17 18:00:07.762000+07:00,1800
1153,90506,Nong - Savannakhet,Nong - Savannakhet,16.373875,106.495685,2025-06-17T11:01:35.066973847Z,1.0,76.0,0.0,69.0,100.0,Asia/Vientiane,https://maps.gstatic.com/weather/v1/cloudy,Cloudy,en,CLOUDY,27.6,CELSIUS,32.3,CELSIUS,22.8,CELSIUS,32.3,CELSIUS,27.6,CELSIUS,20.0,RAIN,0.0,MILLIMETERS,0.09910000000000001,MILLIMETERS,1007.03,180.0,SOUTH,6.0,KILOMETERS_PER_HOUR,11.0,KILOMETERS_PER_HOUR,16.0,KILOMETERS,0.7000000000000001,CELSIUS,30.2,CELSIUS,23.5,CELSIUS,0.0,MILLIMETERS,1.6081,MILLIMETERS,,,,2025-06-17 18:00:07.762000+07:00,1800
1154,90508,Champhone - SAVA,Champhone - SAVA,16.489147,105.031659,2025-06-17T11:01:36.327543349Z,1.0,70.0,0.0,0.0,100.0,Asia/Vientiane,https://maps.gstatic.com/weather/v1/cloudy,Cloudy,en,CLOUDY,30.5,CELSIUS,36.2,CELSIUS,24.6,CELSIUS,36.2,CELSIUS,30.5,CELSIUS,10.0,RAIN,0.0,MILLIMETERS,0.0,MILLIMETERS,1006.0,203.0,SOUTH_SOUTHWEST,8.0,KILOMETERS_PER_HOUR,18.0,KILOMETERS_PER_HOUR,16.0,KILOMETERS,-0.1,CELSIUS,32.8,CELSIUS,26.2,CELSIUS,0.0,MILLIMETERS,0.7343000000000001,MILLIMETERS,,,,2025-06-17 18:00:07.762000+07:00,1800
1155,90509,Xaybuly - Savannakhet,Xaybuly - Savannakhet,17.075181,104.87732,2025-06-17T11:01:37.563989022Z,1.0,100.0,0.0,68.0,100.0,Asia/Vientiane,https://maps.gstatic.com/weather/v1/cloudy,Cloudy,en,CLOUDY,27.0,CELSIUS,33.2,CELSIUS,27.0,CELSIUS,33.2,CELSIUS,27.0,CELSIUS,25.0,RAIN,0.0,MILLIMETERS,0.16,MILLIMETERS,1005.52,335.0,NORTH_NORTHWEST,3.0,KILOMETERS_PER_HOUR,10.0,KILOMETERS_PER_HOUR,5.0,KILOMETERS,-2.7,CELSIUS,32.8,CELSIUS,24.6,CELSIUS,0.0,MILLIMETERS,5.4941,MILLIMETERS,,,,2025-06-17 18:00:07.762000+07:00,1800
1156,90512,"Phin Secondary School - Phin, Savannakhet ມັດທະຍົມ ພີນ","Phin Secondary School - Phin, Savannakhet ມັດທະຍົມ ພີນ",16.527879,106.021922,2025-06-17T11:01:38.820296586Z,1.0,76.0,0.0,69.0,100.0,Asia/Vientiane,https://maps.gstatic.com/weather/v1/cloudy,Cloudy,en,CLOUDY,27.0,CELSIUS,31.6,CELSIUS,22.1,CELSIUS,31.6,CELSIUS,27.0,CELSIUS,20.0,RAIN,0.0,MILLIMETERS,0.09910000000000001,MILLIMETERS,1007.03,180.0,SOUTH,6.0,KILOMETERS_PER_HOUR,11.0,KILOMETERS_PER_HOUR,16.0,KILOMETERS,0.8,CELSIUS,29.5,CELSIUS,22.8,CELSIUS,0.0,MILLIMETERS,1.6081,MILLIMETERS,,,,2025-06-17 18:00:07.762000+07:00,1800
1157,90513,Songkhone - Savannakhet,Songkhone - Savannakhet,16.237196,105.1965,2025-06-17T11:01:40.090590438Z,1.0,70.0,0.0,0.0,100.0,Asia/Vientiane,https://maps.gstatic.com/weather/v1/cloudy,Cloudy,en,CLOUDY,31.0,CELSIUS,37.5,CELSIUS,25.5,CELSIUS,37.5,CELSIUS,31.0,CELSIUS,10.0,RAIN,0.0,MILLIMETERS,0.0076,MILLIMETERS,1006.0,203.0,SOUTH_SOUTHWEST,8.0,KILOMETERS_PER_HOUR,14.0,KILOMETERS_PER_HOUR,16.0,KILOMETERS,-0.1,CELSIUS,32.9,CELSIUS,26.4,CELSIUS,0.0,MILLIMETERS,1.2394,MILLIMETERS,,,,2025-06-17 18:00:07.762000+07:00,1800
1158,90514,"Beungxang Secondary School - Xonbuly, Savannakhet ມັດທະຍົມ ບຶງຊ້າງ","Beungxang Secondary School - Xonbuly, Savannakhet ມັດທະຍົມ ບຶງຊ້າງ",16.388527,105.375363,2025-06-17T11:01:41.326770396Z,1.0,75.0,0.0,0.0,100.0,Asia/Vientiane,https://maps.gstatic.com/weather/v1/cloudy,Cloudy,en,CLOUDY,30.4,CELSIUS,37.0,CELSIUS,25.3,CELSIUS,37.0,CELSIUS,30.4,CELSIUS,10.0,RAIN,0.0,MILLIMETERS,0.025400000000000002,MILLIMETERS,1006.03,203.0,SOUTH_SOUTHWEST,8.0,KILOMETERS_PER_HOUR,18.0,KILOMETERS_PER_HOUR,16.0,KILOMETERS,-0.30000000000000004,CELSIUS,32.3,CELSIUS,26.3,CELSIUS,0.0,MILLIMETERS,1.1457,MILLIMETERS,,,,2025-06-17 18:00:07.762000+07:00,1800
1159,90515,Vilabuly - Savannakhet,Vilabuly - Savannakhet,16.971649,105.944661,2025-06-17T11:01:42.589278424Z,1.0,100.0,0.0,70.0,100.0,Asia/Vientiane,https://maps.gstatic.com/weather/v1/cloudy,Cloudy,en,CLOUDY,27.4,CELSIUS,34.6,CELSIUS,27.4,CELSIUS,34.6,CELSIUS,27.4,CELSIUS,25.0,RAIN,0.0,MILLIMETERS,0.2997,MILLIMETERS,1005.7,200.0,SOUTH_SOUTHWEST,5.0,KILOMETERS_PER_HOUR,15.0,KILOMETERS_PER_HOUR,5.0,KILOMETERS,-3.2,CELSIUS,31.8,CELSIUS,24.3,CELSIUS,0.0,MILLIMETERS,3.7642,MILLIMETERS,,,,2025-06-17 18:00:07.762000+07:00,1800
1160,90516,"Phoummachedy Secondary School - Xayphouthong, Savannakhet ມັດທະຍົມ ພູມມະເຈດີ","Phoummachedy Secondary School - Xayphouthong, Savannakhet ມັດທະຍົມ ພູມມະເຈດີ",16.367044,105.005653,2025-06-17T11:01:43.861918799Z,1.0,70.0,0.0,0.0,100.0,Asia/Vientiane,https://maps.gstatic.com/weather/v1/cloudy,Cloudy,en,CLOUDY,31.0,CELSIUS,37.5,CELSIUS,25.5,CELSIUS,37.5,CELSIUS,31.0,CELSIUS,10.0,RAIN,0.0,MILLIMETERS,0.0076,MILLIMETERS,1006.0,203.0,SOUTH_SOUTHWEST,8.0,KILOMETERS_PER_HOUR,14.0,KILOMETERS_PER_HOUR,16.0,KILOMETERS,-0.1,CELSIUS,32.9,CELSIUS,26.4,CELSIUS,0.0,MILLIMETERS,1.2394,MILLIMETERS,,,,2025-06-17 18:00:07.762000+07:00,1800
1161,90517,Phalanxay - Savannakhet,Phalanxay - Savannakhet,16.661353,105.58791,2025-06-17T11:01:45.123894870Z,1.0,100.0,0.0,70.0,100.0,Asia/Vientiane,https://maps.gstatic.com/weather/v1/cloudy,Cloudy,en,CLOUDY,27.4,CELSIUS,34.6,CELSIUS,27.4,CELSIUS,34.6,CELSIUS,27.4,CELSIUS,25.0,RAIN,0.0,MILLIMETERS,0.2997,MILLIMETERS,1005.7,200.0,SOUTH_SOUTHWEST,5.0,KILOMETERS_PER_HOUR,15.0,KILOMETERS_PER_HOUR,5.0,KILOMETERS,-3.2,CELSIUS,31.8,CELSIUS,24.3,CELSIUS,0.0,MILLIMETERS,3.7642,MILLIMETERS,,,,2025-06-17 18:00:07.762000+07:00,1800
1162,90518,"Saravane Secondary School -Saravane, Saravane ມັດທະຍົມສົມບູນ ສາລະວັນ","Saravane Secondary School -Saravane, Saravane ມັດທະຍົມສົມບູນ ສາລະວັນ",15.707906,106.422189,2025-06-17T11:01:46.368167581Z,1.0,75.0,0.0,70.0,100.0,Asia/Vientiane,https://maps.gstatic.com/weather/v1/cloudy,Cloudy,en,CLOUDY,29.8,CELSIUS,35.8,CELSIUS,25.3,CELSIUS,35.8,CELSIUS,29.8,CELSIUS,20.0,RAIN,0.0,MILLIMETERS,0.0813,MILLIMETERS,1006.78,203.0,SOUTH_SOUTHWEST,3.0,KILOMETERS_PER_HOUR,8.0,KILOMETERS_PER_HOUR,16.0,KILOMETERS,0.5,CELSIUS,32.2,CELSIUS,24.3,CELSIUS,0.0,MILLIMETERS,2.8501,MILLIMETERS,,,,2025-06-17 18:00:07.762000+07:00,1800
1163,90520,"Toomlarn Secondary School - Toomlarn, Saravane ມັດທະຍົມສົມບູນ ຕຸ້ມລານ","Toomlarn Secondary School - Toomlarn, Saravane ມັດທະຍົມສົມບູນ ຕຸ້ມລານ",15.994499,106.192399,2025-06-17T11:01:47.599900212Z,1.0,76.0,0.0,69.0,100.0,Asia/Vientiane,https://maps.gstatic.com/weather/v1/cloudy,Cloudy,en,CLOUDY,27.0,CELSIUS,31.6,CELSIUS,22.1,CELSIUS,31.6,CELSIUS,27.0,CELSIUS,20.0,RAIN,0.0,MILLIMETERS,0.09910000000000001,MILLIMETERS,1007.03,180.0,SOUTH,6.0,KILOMETERS_PER_HOUR,11.0,KILOMETERS_PER_HOUR,16.0,KILOMETERS,0.8,CELSIUS,29.5,CELSIUS,22.8,CELSIUS,0.0,MILLIMETERS,1.6081,MILLIMETERS,,,,2025-06-17 18:00:07.762000+07:00,1800
1164,90521,"Lakhonesy Secondary School - Lakhonepheng, Saravane ມັດທະຍົມສົມບູນ ລະຄອນສີ","Lakhonesy Secondary School - Lakhonepheng, Saravane ມັດທະຍົມສົມບູນ ລະຄອນສີ",15.891245,105.567119,2025-06-17T11:01:48.866632057Z,1.0,75.0,0.0,2.0,100.0,Asia/Vientiane,https://maps.gstatic.com/weather/v1/cloudy,Cloudy,en,CLOUDY,30.7,CELSIUS,38.1,CELSIUS,25.8,CELSIUS,38.1,CELSIUS,30.7,CELSIUS,10.0,RAIN,0.0,MILLIMETERS,0.0,MILLIMETERS,1006.79,203.0,SOUTH_SOUTHWEST,6.0,KILOMETERS_PER_HOUR,14.0,KILOMETERS_PER_HOUR,16.0,KILOMETERS,0.7000000000000001,CELSIUS,32.8,CELSIUS,25.8,CELSIUS,0.0,MILLIMETERS,1.5571,MILLIMETERS,,,,2025-06-17 18:00:07.762000+07:00,1800
1165,90522,Lao Ngarm - Salavan,Lao Ngarm - Salavan,15.461092,106.16172,2025-06-17T11:01:50.118718803Z,1.0,75.0,0.0,0.0,100.0,Asia/Vientiane,https://maps.gstatic.com/weather/v1/cloudy,Cloudy,en,CLOUDY,31.5,CELSIUS,37.9,CELSIUS,26.5,CELSIUS,37.9,CELSIUS,31.5,CELSIUS,10.0,RAIN,0.0,MILLIMETERS,0.0,MILLIMETERS,1006.37,225.0,SOUTHWEST,6.0,KILOMETERS_PER_HOUR,11.0,KILOMETERS_PER_HOUR,16.0,KILOMETERS,0.7000000000000001,CELSIUS,33.7,CELSIUS,26.0,CELSIUS,0.0,MILLIMETERS,3.1802,MILLIMETERS,,,,2025-06-17 18:00:07.762000+07:00,1800
1166,90524,Khongxedone - Salavan,Khongxedone - Salavan,15.59088,105.804115,2025-06-17T11:01:51.383368572Z,1.0,75.0,0.0,2.0,100.0,Asia/Vientiane,https://maps.gstatic.com/weather/v1/cloudy,Cloudy,en,CLOUDY,30.7,CELSIUS,38.1,CELSIUS,25.8,CELSIUS,38.1,CELSIUS,30.7,CELSIUS,10.0,RAIN,0.0,MILLIMETERS,0.0,MILLIMETERS,1006.79,203.0,SOUTH_SOUTHWEST,6.0,KILOMETERS_PER_HOUR,14.0,KILOMETERS_PER_HOUR,16.0,KILOMETERS,0.7000000000000001,CELSIUS,32.8,CELSIUS,25.8,CELSIUS,0.0,MILLIMETERS,1.5571,MILLIMETERS,,,,2025-06-17 18:00:07.762000+07:00,1800
1167,90526,Lamarm - Sekong ,Lamarm - Sekong ,15.352494,106.722444,2025-06-17T11:01:52.660201533Z,1.0,82.0,0.0,2.0,100.0,Asia/Vientiane,https://maps.gstatic.com/weather/v1/cloudy,Cloudy,en,CLOUDY,29.1,CELSIUS,35.3,CELSIUS,25.8,CELSIUS,35.3,CELSIUS,29.1,CELSIUS,10.0,RAIN,0.0,MILLIMETERS,0.20070000000000002,MILLIMETERS,1007.02,270.0,WEST,2.0,KILOMETERS_PER_HOUR,5.0,KILOMETERS_PER_HOUR,16.0,KILOMETERS,0.9,CELSIUS,31.2,CELSIUS,24.3,CELSIUS,0.0,MILLIMETERS,3.2817,MILLIMETERS,,,,2025-06-17 18:00:07.762000+07:00,1800
1168,90527,"Kaleum Secondary School - Kaleum, Sekong ມັດທະຍົມ ກະລຶມ","Kaleum Secondary School - Kaleum, Sekong ມັດທະຍົມ ກະລຶມ",15.784384,106.906754,2025-06-17T11:01:53.938067607Z,1.0,84.0,0.0,0.0,100.0,Asia/Vientiane,https://maps.gstatic.com/weather/v1/cloudy,Cloudy,en,CLOUDY,25.5,CELSIUS,28.0,CELSIUS,22.4,CELSIUS,28.0,CELSIUS,25.5,CELSIUS,10.0,RAIN,0.0,MILLIMETERS,0.045700000000000005,MILLIMETERS,1009.48,315.0,NORTHWEST,2.0,KILOMETERS_PER_HOUR,5.0,KILOMETERS_PER_HOUR,16.0,KILOMETERS,0.6000000000000001,CELSIUS,27.6,CELSIUS,21.2,CELSIUS,0.0,MILLIMETERS,3.6395,MILLIMETERS,,,,2025-06-17 18:00:07.762000+07:00,1800
1169,90529,Thateng -Sekong,Thateng -Sekong,15.434018,106.382399,2025-06-17T11:01:55.198663715Z,1.0,75.0,0.0,70.0,100.0,Asia/Vientiane,https://maps.gstatic.com/weather/v1/cloudy,Cloudy,en,CLOUDY,33.7,CELSIUS,39.7,CELSIUS,29.2,CELSIUS,39.7,CELSIUS,33.7,CELSIUS,20.0,RAIN,0.0,MILLIMETERS,0.0813,MILLIMETERS,1006.78,203.0,SOUTH_SOUTHWEST,3.0,KILOMETERS_PER_HOUR,8.0,KILOMETERS_PER_HOUR,16.0,KILOMETERS,0.5,CELSIUS,36.1,CELSIUS,28.2,CELSIUS,0.0,MILLIMETERS,2.8501,MILLIMETERS,,,,2025-06-17 18:00:07.762000+07:00,1800
1170,90530,Pakse - Champasack,Pakse - Champasack,15.12006,105.80211,2025-06-17T11:01:56.462563119Z,1.0,77.0,0.0,70.0,100.0,Asia/Vientiane,https://maps.gstatic.com/weather/v1/cloudy,Cloudy,en,CLOUDY,31.4,CELSIUS,40.5,CELSIUS,26.7,CELSIUS,40.5,CELSIUS,31.4,CELSIUS,20.0,RAIN,0.0,MILLIMETERS,0.1067,MILLIMETERS,1006.34,203.0,SOUTH_SOUTHWEST,5.0,KILOMETERS_PER_HOUR,6.0,KILOMETERS_PER_HOUR,16.0,KILOMETERS,1.3,CELSIUS,33.8,CELSIUS,25.6,CELSIUS,0.0,MILLIMETERS,1.8087,MILLIMETERS,,,,2025-06-17 18:00:07.762000+07:00,1800
1176,91254,"Chomphet Secondary School - Sisattanak, Vientiane Capital ມັດທະຍົມສົມບູນ ຈອມເພັດ","Chomphet Secondary School - Sisattanak, Vientiane Capital ມັດທະຍົມສົມບູນ ຈອມເພັດ",17.910254,102.622708,2025-06-17T11:01:57.739357111Z,1.0,82.0,0.0,70.0,100.0,Asia/Vientiane,https://maps.gstatic.com/weather/v1/cloudy,Cloudy,en,CLOUDY,23.6,CELSIUS,25.6,CELSIUS,20.3,CELSIUS,25.6,CELSIUS,23.6,CELSIUS,25.0,RAIN,0.0,MILLIMETERS,0.6731,MILLIMETERS,1005.71,315.0,NORTHWEST,3.0,KILOMETERS_PER_HOUR,8.0,KILOMETERS_PER_HOUR,16.0,KILOMETERS,-6.8,CELSIUS,34.1,CELSIUS,24.4,CELSIUS,0.0,MILLIMETERS,3.6858,MILLIMETERS,,,,2025-06-17 18:00:07.762000+07:00,1800
1229,152182,"ParkOu Secondary School - ParkOu, Luangprabang ມັດທະຍົມສົມບູນ ປາກອູ","ParkOu Secondary School - ParkOu, Luangprabang ມັດທະຍົມສົມບູນ ປາກອູ",20.087592,102.256569,2025-06-17T11:01:59.017260640Z,1.0,60.0,0.0,69.0,100.0,Asia/Vientiane,https://maps.gstatic.com/weather/v1/drizzle,Light rain,en,LIGHT_RAIN,27.3,CELSIUS,28.8,CELSIUS,18.9,CELSIUS,28.8,CELSIUS,27.3,CELSIUS,25.0,RAIN,0.0,MILLIMETERS,0.34040000000000004,MILLIMETERS,1004.62,225.0,SOUTHWEST,6.0,KILOMETERS_PER_HOUR,16.0,KILOMETERS_PER_HOUR,16.0,KILOMETERS,1.9000000000000001,CELSIUS,33.2,CELSIUS,24.1,CELSIUS,0.0,MILLIMETERS,9.312,MILLIMETERS,,,,2025-06-17 18:00:07.762000+07:00,1800
1230,152240,"Phoukhoune Secondary School - Phoukhoune, Luangprabang ມັດທະຍົມ ພູຄູນ","Phoukhoune Secondary School - Phoukhoune, Luangprabang ມັດທະຍົມ ພູຄູນ",19.438824,102.428042,2025-06-17T11:02:00.290273654Z,1.0,81.0,0.0,59.0,100.0,Asia/Vientiane,https://maps.gstatic.com/weather/v1/drizzle,Light rain,en,LIGHT_RAIN,21.8,CELSIUS,25.3,CELSIUS,18.4,CELSIUS,25.3,CELSIUS,21.8,CELSIUS,25.0,RAIN,0.0,MILLIMETERS,0.39880000000000004,MILLIMETERS,1007.37,190.0,SOUTH,10.0,KILOMETERS_PER_HOUR,30.0,KILOMETERS_PER_HOUR,16.0,KILOMETERS,-3.2,CELSIUS,30.0,CELSIUS,20.6,CELSIUS,0.0,MILLIMETERS,8.3368,MILLIMETERS,,,,2025-06-17 18:00:07.762000+07:00,1800
1235,152548,"Longsane Secondary School - Longsane , Xaysomboun ມັດທະຍົມສົມບຸນ ລ້ອງຊານ","Longsane Secondary School - Longsane , Xaysomboun ມັດທະຍົມສົມບຸນ ລ້ອງຊານ",18.550145,103.003076,2025-06-17T11:02:01.528724061Z,1.0,92.0,0.0,70.0,100.0,Asia/Vientiane,https://maps.gstatic.com/weather/v1/drizzle,Light rain,en,LIGHT_RAIN,17.5,CELSIUS,20.0,CELSIUS,16.1,CELSIUS,20.0,CELSIUS,17.5,CELSIUS,25.0,RAIN,0.0,MILLIMETERS,0.8433,MILLIMETERS,1006.93,280.0,WEST,6.0,KILOMETERS_PER_HOUR,14.0,KILOMETERS_PER_HOUR,14.0,KILOMETERS,-5.9,CELSIUS,27.3,CELSIUS,19.0,CELSIUS,0.0,MILLIMETERS,2.3269,MILLIMETERS,,,,2025-06-17 18:00:07.762000+07:00,1800
1251,153774,Bachiangchaleunsook - Champasack,Bachiangchaleunsook - Champasack,15.060355,105.897898,2025-06-17T11:02:02.799094641Z,1.0,77.0,0.0,70.0,100.0,Asia/Vientiane,https://maps.gstatic.com/weather/v1/cloudy,Cloudy,en,CLOUDY,31.4,CELSIUS,40.5,CELSIUS,26.7,CELSIUS,40.5,CELSIUS,31.4,CELSIUS,20.0,RAIN,0.0,MILLIMETERS,0.1067,MILLIMETERS,1006.34,203.0,SOUTH_SOUTHWEST,5.0,KILOMETERS_PER_HOUR,6.0,KILOMETERS_PER_HOUR,16.0,KILOMETERS,1.3,CELSIUS,33.8,CELSIUS,25.6,CELSIUS,0.0,MILLIMETERS,1.8087,MILLIMETERS,,,,2025-06-17 18:00:07.762000+07:00,1800
1252,153777,"Dorntalath Secondary School - Champasack, Champasack ມັດທະຍົມ ດອນຕະລາດ","Dorntalath Secondary School - Champasack, Champasack ມັດທະຍົມ ດອນຕະລາດ",14.784126,105.819789,2025-06-17T11:02:04.069521148Z,1.0,80.0,0.0,0.0,100.0,Asia/Vientiane,https://maps.gstatic.com/weather/v1/cloudy,Cloudy,en,CLOUDY,30.6,CELSIUS,39.1,CELSIUS,26.4,CELSIUS,39.1,CELSIUS,30.6,CELSIUS,10.0,RAIN,0.0,MILLIMETERS,0.0178,MILLIMETERS,1007.03,225.0,SOUTHWEST,5.0,KILOMETERS_PER_HOUR,6.0,KILOMETERS_PER_HOUR,16.0,KILOMETERS,1.1,CELSIUS,33.1,CELSIUS,25.2,CELSIUS,0.0,MILLIMETERS,4.181,MILLIMETERS,,,,2025-06-17 18:00:07.762000+07:00,1800
1253,153789,"Sukhuma Secondary School - Sukhuma, Champasack ມັດທະຍົມ ສຸຂຸມາ","Sukhuma Secondary School - Sukhuma, Champasack ມັດທະຍົມ ສຸຂຸມາ",14.649459,105.804529,2025-06-17T11:02:05.334760145Z,1.0,80.0,0.0,0.0,100.0,Asia/Vientiane,https://maps.gstatic.com/weather/v1/cloudy,Cloudy,en,CLOUDY,30.6,CELSIUS,39.1,CELSIUS,26.4,CELSIUS,39.1,CELSIUS,30.6,CELSIUS,10.0,RAIN,0.0,MILLIMETERS,0.0178,MILLIMETERS,1007.03,225.0,SOUTHWEST,5.0,KILOMETERS_PER_HOUR,6.0,KILOMETERS_PER_HOUR,16.0,KILOMETERS,1.1,CELSIUS,33.1,CELSIUS,25.2,CELSIUS,0.0,MILLIMETERS,4.181,MILLIMETERS,,,,2025-06-17 18:00:07.762000+07:00,1800
1254,153790,Khong - Champasack,Khong - Champasack,14.048226,105.896012,2025-06-17T11:02:06.606924158Z,1.0,80.0,0.0,70.0,100.0,Asia/Vientiane,https://maps.gstatic.com/weather/v1/cloudy,Cloudy,en,CLOUDY,30.6,CELSIUS,39.0,CELSIUS,26.7,CELSIUS,39.0,CELSIUS,30.6,CELSIUS,20.0,RAIN,0.0,MILLIMETERS,0.09910000000000001,MILLIMETERS,1007.0,225.0,SOUTHWEST,5.0,KILOMETERS_PER_HOUR,11.0,KILOMETERS_PER_HOUR,16.0,KILOMETERS,0.0,CELSIUS,33.1,CELSIUS,25.6,CELSIUS,0.0,MILLIMETERS,9.5761,MILLIMETERS,,,,2025-06-17 18:00:07.762000+07:00,1800
1255,153866,Samakkhixay - Attapeu,Samakkhixay - Attapeu,14.812678,106.829211,2025-06-17T11:02:07.880271068Z,1.0,76.0,0.0,2.0,100.0,Asia/Vientiane,https://maps.gstatic.com/weather/v1/cloudy,Cloudy,en,CLOUDY,30.6,CELSIUS,37.7,CELSIUS,25.6,CELSIUS,37.7,CELSIUS,30.6,CELSIUS,10.0,RAIN,0.0,MILLIMETERS,0.0152,MILLIMETERS,1006.33,225.0,SOUTHWEST,5.0,KILOMETERS_PER_HOUR,10.0,KILOMETERS_PER_HOUR,16.0,KILOMETERS,1.0,CELSIUS,32.9,CELSIUS,24.4,CELSIUS,0.0,MILLIMETERS,7.9499,MILLIMETERS,,,,2025-06-17 18:00:07.762000+07:00,1800
1302,156307,UNICEF Lao PDR CO,UNICEF Lao PDR CO,17.9376508179,102.617231896,2025-06-17T11:02:09.138963149Z,1.0,82.0,0.0,70.0,100.0,Asia/Vientiane,https://maps.gstatic.com/weather/v1/cloudy,Cloudy,en,CLOUDY,23.6,CELSIUS,25.6,CELSIUS,20.3,CELSIUS,25.6,CELSIUS,23.6,CELSIUS,25.0,RAIN,0.0,MILLIMETERS,0.6731,MILLIMETERS,1005.72,315.0,NORTHWEST,3.0,KILOMETERS_PER_HOUR,8.0,KILOMETERS_PER_HOUR,16.0,KILOMETERS,-6.8,CELSIUS,34.1,CELSIUS,24.4,CELSIUS,0.0,MILLIMETERS,3.6858,MILLIMETERS,,,,2025-06-17 18:00:07.762000+07:00,1800
1085,90402,"Sathit Secondary School - Xaythani, Vientiane Capital ມັດທະຍົມ ສາທິດ","Sathit Secondary School - Xaythani, Vientiane Capital ມັດທະຍົມ ສາທິດ",18.035248,102.63994,2025-06-17T12:00:12.162299374Z,0.0,81.0,0.0,60.0,100.0,Asia/Vientiane,https://maps.gstatic.com/weather/v1/cloudy,Cloudy,en,CLOUDY,24.9,CELSIUS,27.0,CELSIUS,21.3,CELSIUS,27.0,CELSIUS,24.9,CELSIUS,20.0,RAIN,0.0,MILLIMETERS,0.3683,MILLIMETERS,1006.14,0.0,NORTH,3.0,KILOMETERS_PER_HOUR,11.0,KILOMETERS_PER_HOUR,16.0,KILOMETERS,-4.8,CELSIUS,34.1,CELSIUS,24.4,CELSIUS,0.0,MILLIMETERS,3.4521,MILLIMETERS,,,,2025-06-17 19:00:07.981000+07:00,1900
1086,90410,"Naxaithong Secondary School - Naxaithong, Vientiane Capital ມັດທະຍົມ ນາຊາຍທອງ","Naxaithong Secondary School - Naxaithong, Vientiane Capital ມັດທະຍົມ ນາຊາຍທອງ",18.068595,102.535866,2025-06-17T12:00:13.429679541Z,0.0,81.0,0.0,60.0,100.0,Asia/Vientiane,https://maps.gstatic.com/weather/v1/cloudy,Cloudy,en,CLOUDY,24.9,CELSIUS,27.1,CELSIUS,21.3,CELSIUS,27.1,CELSIUS,24.9,CELSIUS,20.0,RAIN,0.0,MILLIMETERS,0.2997,MILLIMETERS,1006.18,0.0,NORTH,3.0,KILOMETERS_PER_HOUR,6.0,KILOMETERS_PER_HOUR,16.0,KILOMETERS,-5.0,CELSIUS,33.9,CELSIUS,24.1,CELSIUS,0.0,MILLIMETERS,3.6578,MILLIMETERS,,,,2025-06-17 19:00:07.981000+07:00,1900
1087,90411,d83bda1bc98c Phongsaly - Phongsaly,d83bda1bc98c Phongsaly - Phongsaly,21.695,102.085,2025-06-17T12:00:14.713311424Z,0.0,87.0,0.0,30.0,100.0,Asia/Vientiane,https://maps.gstatic.com/weather/v1/drizzle,Light rain,en,LIGHT_RAIN,23.0,CELSIUS,25.2,CELSIUS,20.5,CELSIUS,25.2,CELSIUS,23.0,CELSIUS,20.0,RAIN,0.0,MILLIMETERS,0.13970000000000002,MILLIMETERS,1005.84,115.0,EAST_SOUTHEAST,3.0,KILOMETERS_PER_HOUR,5.0,KILOMETERS_PER_HOUR,16.0,KILOMETERS,1.5,CELSIUS,26.6,CELSIUS,20.3,CELSIUS,0.0,MILLIMETERS,16.2254,MILLIMETERS,,,,2025-06-17 19:00:07.981000+07:00,1900
1088,90412,May - Phongsaly,May - Phongsaly,21.172583,102.722705,2025-06-17T12:00:15.986122103Z,0.0,78.0,0.0,30.0,100.0,Asia/Vientiane,https://maps.gstatic.com/weather/v1/drizzle,Light rain,en,LIGHT_RAIN,22.4,CELSIUS,24.3,CELSIUS,18.5,CELSIUS,24.3,CELSIUS,22.4,CELSIUS,25.0,RAIN,0.0,MILLIMETERS,0.3327,MILLIMETERS,1007.15,205.0,SOUTH_SOUTHWEST,5.0,KILOMETERS_PER_HOUR,10.0,KILOMETERS_PER_HOUR,16.0,KILOMETERS,2.0,CELSIUS,27.2,CELSIUS,19.9,CELSIUS,0.0,MILLIMETERS,11.9023,MILLIMETERS,,,,2025-06-17 19:00:07.981000+07:00,1900
1089,90413,"Natoon Secondary School - Khua, Phongsaly ມັດທະຍົມສົມບູນ ນາຕູ່ນ","Natoon Secondary School - Khua, Phongsaly ມັດທະຍົມສົມບູນ ນາຕູ່ນ",21.078865,102.505833,2025-06-17T12:00:17.258517763Z,0.0,76.0,0.0,30.0,100.0,Asia/Vientiane,https://maps.gstatic.com/weather/v1/cloudy,Cloudy,en,CLOUDY,21.8,CELSIUS,23.6,CELSIUS,17.1,CELSIUS,23.6,CELSIUS,21.8,CELSIUS,20.0,RAIN,0.0,MILLIMETERS,0.0,MILLIMETERS,1006.19,180.0,SOUTH,6.0,KILOMETERS_PER_HOUR,11.0,KILOMETERS_PER_HOUR,16.0,KILOMETERS,0.5,CELSIUS,27.0,CELSIUS,19.8,CELSIUS,0.0,MILLIMETERS,5.7864,MILLIMETERS,,,,2025-06-17 19:00:07.981000+07:00,1900
1090,90414,"Naxay Secondary School - Samphanh, Phongsaly ມັດທະຍົມສົມບູນ ນາໄຊ","Naxay Secondary School - Samphanh, Phongsaly ມັດທະຍົມສົມບູນ ນາໄຊ",21.346014,102.349329,2025-06-17T12:00:18.514646093Z,0.0,96.0,0.0,30.0,100.0,Asia/Vientiane,https://maps.gstatic.com/weather/v1/cloudy,Cloudy,en,CLOUDY,13.0,CELSIUS,16.3,CELSIUS,12.3,CELSIUS,16.3,CELSIUS,13.0,CELSIUS,20.0,RAIN,0.0,MILLIMETERS,0.1956,MILLIMETERS,1006.7,180.0,SOUTH,6.0,KILOMETERS_PER_HOUR,16.0,KILOMETERS_PER_HOUR,10.0,KILOMETERS,1.5,CELSIUS,16.0,CELSIUS,10.8,CELSIUS,0.0,MILLIMETERS,13.4547,MILLIMETERS,,,,2025-06-17 19:00:07.981000+07:00,1900
1091,90419,"Long Secondary School - Long, LuangNamtha ມັດທະຍົມສົມບູນ ເມືອງລອງ","Long Secondary School - Long, LuangNamtha ມັດທະຍົມສົມບູນ ເມືອງລອງ",20.962029,100.82109,2025-06-17T12:00:19.837521164Z,0.0,87.0,0.0,20.0,100.0,Asia/Vientiane,https://maps.gstatic.com/weather/v1/cloudy,Cloudy,en,CLOUDY,23.9,CELSIUS,26.1,CELSIUS,21.6,CELSIUS,26.1,CELSIUS,23.9,CELSIUS,25.0,RAIN,0.0,MILLIMETERS,0.10160000000000001,MILLIMETERS,1007.36,203.0,SOUTH_SOUTHWEST,6.0,KILOMETERS_PER_HOUR,11.0,KILOMETERS_PER_HOUR,16.0,KILOMETERS,0.8,CELSIUS,27.2,CELSIUS,21.9,CELSIUS,0.0,MILLIMETERS,6.8912,MILLIMETERS,,,,2025-06-17 19:00:07.981000+07:00,1900
1092,90421,"Sing Secondary School - Sing, LuangNamtha ມັດທະຍົມສົມບູນ ເມືອງສິງ","Sing Secondary School - Sing, LuangNamtha ມັດທະຍົມສົມບູນ ເມືອງສິງ",21.190223,101.144937,2025-06-17T12:00:21.114441939Z,0.0,87.0,0.0,20.0,100.0,Asia/Vientiane,https://maps.gstatic.com/weather/v1/cloudy,Cloudy,en,CLOUDY,23.9,CELSIUS,26.1,CELSIUS,21.6,CELSIUS,26.1,CELSIUS,23.9,CELSIUS,25.0,RAIN,0.0,MILLIMETERS,0.10160000000000001,MILLIMETERS,1007.36,203.0,SOUTH_SOUTHWEST,6.0,KILOMETERS_PER_HOUR,11.0,KILOMETERS_PER_HOUR,16.0,KILOMETERS,0.8,CELSIUS,27.2,CELSIUS,21.9,CELSIUS,0.0,MILLIMETERS,6.8912,MILLIMETERS,,,,2025-06-17 19:00:07.981000+07:00,1900
1093,90424,"La Secondary School - La, Oudomxai ມັດທະຍົມສົມບູນ ເມືອງຫລາ","La Secondary School - La, Oudomxai ມັດທະຍົມສົມບູນ ເມືອງຫລາ",20.870865,102.110246,2025-06-17T12:00:22.403789242Z,0.0,76.0,0.0,30.0,100.0,Asia/Vientiane,https://maps.gstatic.com/weather/v1/cloudy,Cloudy,en,CLOUDY,22.4,CELSIUS,24.3,CELSIUS,17.8,CELSIUS,24.3,CELSIUS,22.4,CELSIUS,20.0,RAIN,0.0,MILLIMETERS,0.0,MILLIMETERS,1006.19,180.0,SOUTH,6.0,KILOMETERS_PER_HOUR,11.0,KILOMETERS_PER_HOUR,16.0,KILOMETERS,0.5,CELSIUS,27.6,CELSIUS,20.5,CELSIUS,0.0,MILLIMETERS,5.7864,MILLIMETERS,,,,2025-06-17 19:00:07.981000+07:00,1900
1094,90425,"Namor Secondary School - Namor, Oudomxay ມັດທະຍົມ ເມືອງນາໝໍ້","Namor Secondary School - Namor, Oudomxay ມັດທະຍົມ ເມືອງນາໝໍ້",20.914061,101.764456,2025-06-17T12:00:23.683983062Z,0.0,85.0,0.0,30.0,100.0,Asia/Vientiane,https://maps.gstatic.com/weather/v1/cloudy,Cloudy,en,CLOUDY,22.9,CELSIUS,25.0,CELSIUS,20.3,CELSIUS,25.0,CELSIUS,22.9,CELSIUS,25.0,RAIN,0.0,MILLIMETERS,0.0965,MILLIMETERS,1006.98,225.0,SOUTHWEST,8.0,KILOMETERS_PER_HOUR,14.0,KILOMETERS_PER_HOUR,16.0,KILOMETERS,1.1,CELSIUS,27.9,CELSIUS,20.8,CELSIUS,0.0,MILLIMETERS,9.4259,MILLIMETERS,,,,2025-06-17 19:00:07.981000+07:00,1900
1095,90426,Nga - Oudomxai,Nga - Oudomxai,20.282849,101.973769,2025-06-17T12:00:24.951755540Z,0.0,70.0,0.0,30.0,100.0,Asia/Vientiane,https://maps.gstatic.com/weather/v1/cloudy,Cloudy,en,CLOUDY,26.9,CELSIUS,28.8,CELSIUS,20.9,CELSIUS,28.8,CELSIUS,26.9,CELSIUS,20.0,RAIN,0.0,MILLIMETERS,0.09910000000000001,MILLIMETERS,1005.94,215.0,SOUTHWEST,10.0,KILOMETERS_PER_HOUR,16.0,KILOMETERS_PER_HOUR,16.0,KILOMETERS,2.0,CELSIUS,31.3,CELSIUS,24.4,CELSIUS,0.0,MILLIMETERS,9.0629,MILLIMETERS,,,,2025-06-17 19:00:07.981000+07:00,1900
1096,90427,Beng - Oudomxai,Beng - Oudomxai,20.296295,101.639666,2025-06-17T12:00:26.328585484Z,0.0,80.0,0.0,20.0,100.0,Asia/Vientiane,https://maps.gstatic.com/weather/v1/cloudy,Cloudy,en,CLOUDY,25.7,CELSIUS,28.2,CELSIUS,21.8,CELSIUS,28.2,CELSIUS,25.7,CELSIUS,20.0,RAIN,0.0,MILLIMETERS,0.1448,MILLIMETERS,1007.05,203.0,SOUTH_SOUTHWEST,6.0,KILOMETERS_PER_HOUR,13.0,KILOMETERS_PER_HOUR,16.0,KILOMETERS,1.3,CELSIUS,29.2,CELSIUS,22.9,CELSIUS,0.0,MILLIMETERS,4.1425,MILLIMETERS,,,,2025-06-17 19:00:07.981000+07:00,1900
1097,90428,"Hoon Secondary School - Hoon, Oudomxay ມັດທະຍົມ ເມືອງຮຸນ","Hoon Secondary School - Hoon, Oudomxay ມັດທະຍົມ ເມືອງຮຸນ",20.146431,101.467765,2025-06-17T12:00:27.603442624Z,0.0,80.0,0.0,20.0,100.0,Asia/Vientiane,https://maps.gstatic.com/weather/v1/cloudy,Cloudy,en,CLOUDY,25.7,CELSIUS,28.2,CELSIUS,21.8,CELSIUS,28.2,CELSIUS,25.7,CELSIUS,20.0,RAIN,0.0,MILLIMETERS,0.1448,MILLIMETERS,1007.05,203.0,SOUTH_SOUTHWEST,6.0,KILOMETERS_PER_HOUR,13.0,KILOMETERS_PER_HOUR,16.0,KILOMETERS,1.3,CELSIUS,29.2,CELSIUS,22.9,CELSIUS,0.0,MILLIMETERS,4.1425,MILLIMETERS,,,,2025-06-17 19:00:07.981000+07:00,1900
1098,90430,"Nampook Secondary School - Huoixai, Bokeo ມັດທະຍົມສົມບູນ ນ້ຳປຸກ","Nampook Secondary School - Huoixai, Bokeo ມັດທະຍົມສົມບູນ ນ້ຳປຸກ",20.217811,100.565439,2025-06-17T12:00:28.865937917Z,0.0,85.0,0.0,30.0,100.0,Asia/Vientiane,https://maps.gstatic.com/weather/v1/drizzle,Light rain,en,LIGHT_RAIN,26.7,CELSIUS,30.4,CELSIUS,24.1,CELSIUS,30.4,CELSIUS,26.7,CELSIUS,75.0,RAIN,0.0,MILLIMETERS,1.7755,MILLIMETERS,1006.01,225.0,SOUTHWEST,3.0,KILOMETERS_PER_HOUR,5.0,KILOMETERS_PER_HOUR,16.0,KILOMETERS,0.9,CELSIUS,30.5,CELSIUS,24.2,CELSIUS,0.0,MILLIMETERS,25.1968,MILLIMETERS,,,,2025-06-17 19:00:07.981000+07:00,1900
1099,90432,Meung - Bokeo,Meung - Bokeo,20.565749,100.592003,2025-06-17T12:00:30.114654044Z,0.0,85.0,0.0,30.0,100.0,Asia/Vientiane,https://maps.gstatic.com/weather/v1/drizzle,Light rain,en,LIGHT_RAIN,23.2,CELSIUS,25.9,CELSIUS,20.5,CELSIUS,25.9,CELSIUS,23.2,CELSIUS,35.0,RAIN,0.0,MILLIMETERS,0.4801,MILLIMETERS,1007.01,180.0,SOUTH,6.0,KILOMETERS_PER_HOUR,11.0,KILOMETERS_PER_HOUR,16.0,KILOMETERS,1.4,CELSIUS,27.0,CELSIUS,20.4,CELSIUS,0.0,MILLIMETERS,13.4672,MILLIMETERS,,,,2025-06-17 19:00:07.981000+07:00,1900
1100,90433,Pha Oudom - Bokeo,Pha Oudom - Bokeo,20.086216,100.831707,2025-06-17T12:00:31.388140649Z,0.0,85.0,0.0,20.0,100.0,Asia/Vientiane,https://maps.gstatic.com/weather/v1/cloudy,Cloudy,en,CLOUDY,21.3,CELSIUS,23.7,CELSIUS,18.8,CELSIUS,23.7,CELSIUS,21.3,CELSIUS,20.0,RAIN,0.0,MILLIMETERS,0.16,MILLIMETERS,1007.22,203.0,SOUTH_SOUTHWEST,5.0,KILOMETERS_PER_HOUR,6.0,KILOMETERS_PER_HOUR,16.0,KILOMETERS,1.2,CELSIUS,24.0,CELSIUS,18.8,CELSIUS,0.0,MILLIMETERS,11.5316,MILLIMETERS,,,,2025-06-17 19:00:07.981000+07:00,1900
1101,90434,Paktha - Bokeo,Paktha - Bokeo,20.105423,100.597269,2025-06-17T12:00:32.682564594Z,0.0,85.0,0.0,30.0,100.0,Asia/Vientiane,https://maps.gstatic.com/weather/v1/drizzle,Light rain,en,LIGHT_RAIN,26.7,CELSIUS,30.4,CELSIUS,24.1,CELSIUS,30.4,CELSIUS,26.7,CELSIUS,75.0,RAIN,0.0,MILLIMETERS,1.7755,MILLIMETERS,1006.01,225.0,SOUTHWEST,3.0,KILOMETERS_PER_HOUR,5.0,KILOMETERS_PER_HOUR,16.0,KILOMETERS,0.9,CELSIUS,30.5,CELSIUS,24.2,CELSIUS,0.0,MILLIMETERS,25.1968,MILLIMETERS,,,,2025-06-17 19:00:07.981000+07:00,1900
1102,90435,"Santiphab Secondary School - Luangprabang, Luangprabang ມັດທະຍົມ ສັນຕິພາບ","Santiphab Secondary School - Luangprabang, Luangprabang ມັດທະຍົມ ສັນຕິພາບ",19.880332,102.139832,2025-06-17T12:00:34.094706317Z,0.0,61.0,0.0,30.0,100.0,Asia/Vientiane,https://maps.gstatic.com/weather/v1/cloudy,Cloudy,en,CLOUDY,27.6,CELSIUS,29.3,CELSIUS,19.4,CELSIUS,29.3,CELSIUS,27.6,CELSIUS,25.0,RAIN,0.0,MILLIMETERS,0.21080000000000002,MILLIMETERS,1005.56,250.0,WEST_SOUTHWEST,6.0,KILOMETERS_PER_HOUR,14.0,KILOMETERS_PER_HOUR,16.0,KILOMETERS,2.5,CELSIUS,33.3,CELSIUS,24.2,CELSIUS,0.0,MILLIMETERS,5.5502,MILLIMETERS,,,,2025-06-17 19:00:07.981000+07:00,1900
1103,90437,"PakXeng Secondary School - PakXeng, Luangprabang ມັດທະຍົມສົມບູນ ປາກແຊງ","PakXeng Secondary School - PakXeng, Luangprabang ມັດທະຍົມສົມບູນ ປາກແຊງ",20.174492,102.675657,2025-06-17T12:00:35.361045896Z,0.0,78.0,0.0,30.0,100.0,Asia/Vientiane,https://maps.gstatic.com/weather/v1/cloudy,Cloudy,en,CLOUDY,20.5,CELSIUS,22.4,CELSIUS,16.6,CELSIUS,22.4,CELSIUS,20.5,CELSIUS,20.0,RAIN,0.0,MILLIMETERS,0.0,MILLIMETERS,1006.52,155.0,SOUTH_SOUTHEAST,3.0,KILOMETERS_PER_HOUR,13.0,KILOMETERS_PER_HOUR,16.0,KILOMETERS,2.2,CELSIUS,26.8,CELSIUS,18.0,CELSIUS,0.0,MILLIMETERS,11.3921,MILLIMETERS,,,,2025-06-17 19:00:07.981000+07:00,1900
1104,90438,"Phonxay Secpondary School - Phonxay, Luangprabang ມັດທະຍົມສົມບູນ ເມືອງໂພນໄຊ","Phonxay Secpondary School - Phonxay, Luangprabang ມັດທະຍົມສົມບູນ ເມືອງໂພນໄຊ",19.958916,102.572347,,,,,,,,,,,,,,,,,,,,,,,,,,,,,,,,,,,,,,,,,,,,,,,404.0,Information is not supported for this location. Please try a different location.,NOT_FOUND,2025-06-17 19:00:07.981000+07:00,1900
1105,90440,"Vangxieng Secondary School - Phonthong, Luangprabang ມັດທະຍົມ ວັງຊຽງ","Vangxieng Secondary School - Phonthong, Luangprabang ມັດທະຍົມ ວັງຊຽງ",20.737745,103.073231,2025-06-17T12:00:37.817871133Z,0.0,78.0,0.0,30.0,100.0,Asia/Vientiane,https://maps.gstatic.com/weather/v1/drizzle,Light rain,en,LIGHT_RAIN,23.1,CELSIUS,25.0,CELSIUS,19.1,CELSIUS,25.0,CELSIUS,23.1,CELSIUS,25.0,RAIN,0.0,MILLIMETERS,0.3327,MILLIMETERS,1007.16,205.0,SOUTH_SOUTHWEST,5.0,KILOMETERS_PER_HOUR,10.0,KILOMETERS_PER_HOUR,16.0,KILOMETERS,2.0,CELSIUS,27.9,CELSIUS,20.5,CELSIUS,0.0,MILLIMETERS,11.9023,MILLIMETERS,,,,2025-06-17 19:00:07.981000+07:00,1900
1106,90441,"Kiwkachum Secondary School - XiengNgeun, Luangprabang ມັດທະຍົມ ກິ່ວກະຈຳ","Kiwkachum Secondary School - XiengNgeun, Luangprabang ມັດທະຍົມ ກິ່ວກະຈຳ",19.555,102.234,2025-06-17T12:00:39.101015213Z,0.0,86.0,0.0,30.0,100.0,Asia/Vientiane,https://maps.gstatic.com/weather/v1/drizzle,Light rain,en,LIGHT_RAIN,21.2,CELSIUS,25.5,CELSIUS,18.7,CELSIUS,25.5,CELSIUS,21.2,CELSIUS,25.0,RAIN,0.0,MILLIMETERS,0.2997,MILLIMETERS,1008.28,195.0,SOUTH_SOUTHWEST,8.0,KILOMETERS_PER_HOUR,21.0,KILOMETERS_PER_HOUR,16.0,KILOMETERS,-2.3,CELSIUS,30.0,CELSIUS,20.6,CELSIUS,0.0,MILLIMETERS,8.2377,MILLIMETERS,,,,2025-06-17 19:00:07.981000+07:00,1900
1107,90442,"Nan Secondary School - Nan, Luangprabang ມັດທະຍົມ ເມືອງນານ","Nan Secondary School - Nan, Luangprabang ມັດທະຍົມ ເມືອງນານ",19.498539,101.883867,2025-06-17T12:00:40.350022569Z,0.0,84.0,0.0,30.0,100.0,Asia/Vientiane,https://maps.gstatic.com/weather/v1/drizzle,Light rain,en,LIGHT_RAIN,21.8,CELSIUS,24.5,CELSIUS,18.6,CELSIUS,24.5,CELSIUS,21.8,CELSIUS,35.0,RAIN,0.0,MILLIMETERS,0.48260000000000003,MILLIMETERS,1007.9,225.0,SOUTHWEST,5.0,KILOMETERS_PER_HOUR,10.0,KILOMETERS_PER_HOUR,16.0,KILOMETERS,1.0,CELSIUS,26.3,CELSIUS,19.1,CELSIUS,0.0,MILLIMETERS,12.1314,MILLIMETERS,,,,2025-06-17 19:00:07.981000+07:00,1900
1108,90447,Xamneua - Houaphan,Xamneua - Houaphan,20.413807,104.050733,2025-06-17T12:00:41.633123939Z,0.0,73.0,0.0,0.0,100.0,Asia/Vientiane,https://maps.gstatic.com/weather/v1/cloudy,Cloudy,en,CLOUDY,23.7,CELSIUS,25.4,CELSIUS,18.4,CELSIUS,25.4,CELSIUS,23.7,CELSIUS,10.0,RAIN,0.0,MILLIMETERS,0.0,MILLIMETERS,1006.3,215.0,SOUTHWEST,6.0,KILOMETERS_PER_HOUR,18.0,KILOMETERS_PER_HOUR,16.0,KILOMETERS,2.5,CELSIUS,30.4,CELSIUS,20.3,CELSIUS,0.0,MILLIMETERS,3.8433,MILLIMETERS,,,,2025-06-17 19:00:07.981000+07:00,1900
1109,90449,"BouamNgam Secondary School - Huameuang, Houaphan  ມັດທະຍົມ ບວມງາມ","BouamNgam Secondary School - Huameuang, Houaphan  ມັດທະຍົມ ບວມງາມ",20.199501,103.875166,2025-06-17T12:00:42.887351837Z,0.0,83.0,0.0,0.0,100.0,Asia/Vientiane,https://maps.gstatic.com/weather/v1/cloudy,Cloudy,en,CLOUDY,21.0,CELSIUS,23.7,CELSIUS,18.0,CELSIUS,23.7,CELSIUS,21.0,CELSIUS,10.0,RAIN,0.0,MILLIMETERS,0.0,MILLIMETERS,1007.7,180.0,SOUTH,3.0,KILOMETERS_PER_HOUR,10.0,KILOMETERS_PER_HOUR,16.0,KILOMETERS,0.8,CELSIUS,26.9,CELSIUS,19.2,CELSIUS,0.0,MILLIMETERS,5.8094,MILLIMETERS,,,,2025-06-17 19:00:07.981000+07:00,1900
1110,90450,Xamtay - Houaphan,Xamtay - Houaphan,19.999194,104.64011,2025-06-17T12:00:44.126602302Z,0.0,77.0,0.0,20.0,100.0,Asia/Vientiane,https://maps.gstatic.com/weather/v1/cloudy,Cloudy,en,CLOUDY,22.2,CELSIUS,24.1,CELSIUS,17.9,CELSIUS,24.1,CELSIUS,22.2,CELSIUS,20.0,RAIN,0.0,MILLIMETERS,0.0,MILLIMETERS,1006.73,245.0,WEST_SOUTHWEST,3.0,KILOMETERS_PER_HOUR,10.0,KILOMETERS_PER_HOUR,16.0,KILOMETERS,0.8,CELSIUS,29.0,CELSIUS,19.1,CELSIUS,0.0,MILLIMETERS,3.8025,MILLIMETERS,,,,2025-06-17 19:00:07.981000+07:00,1900
1111,90451,"Add Secondary School - Add, Houaphan ມັດທະຍົມ ແອດ","Add Secondary School - Add, Houaphan ມັດທະຍົມ ແອດ",20.820542,104.004618,,,,,,,,,,,,,,,,,,,,,,,,,,,,,,,,,,,,,,,,,,,,,,,404.0,Information is not supported for this location. Please try a different location.,NOT_FOUND,2025-06-17 19:00:07.981000+07:00,1900
1112,90452,Xon - Houaphan,Xon - Houaphan,20.466813,103.34797,2025-06-17T12:00:46.594592480Z,0.0,83.0,0.0,0.0,100.0,Asia/Vientiane,https://maps.gstatic.com/weather/v1/cloudy,Cloudy,en,CLOUDY,18.4,CELSIUS,21.1,CELSIUS,15.4,CELSIUS,21.1,CELSIUS,18.4,CELSIUS,10.0,RAIN,0.0,MILLIMETERS,0.0,MILLIMETERS,1007.7,180.0,SOUTH,3.0,KILOMETERS_PER_HOUR,10.0,KILOMETERS_PER_HOUR,16.0,KILOMETERS,0.8,CELSIUS,24.3,CELSIUS,16.6,CELSIUS,0.0,MILLIMETERS,5.8094,MILLIMETERS,,,,2025-06-17 19:00:07.981000+07:00,1900
1113,90453,Xiengkhor - Houaphan,Xiengkhor - Houaphan,20.813892,104.146676,,,,,,,,,,,,,,,,,,,,,,,,,,,,,,,,,,,,,,,,,,,,,,,404.0,Information is not supported for this location. Please try a different location.,NOT_FOUND,2025-06-17 19:00:07.981000+07:00,1900
1114,90454," Viengthong Secondary School - Hiem, Houaphan ມັດທະຍົມ ວຽງທອງ"," Viengthong Secondary School - Hiem, Houaphan ມັດທະຍົມ ວຽງທອງ",20.099855,103.380396,2025-06-17T12:00:49.078521930Z,0.0,83.0,0.0,0.0,100.0,Asia/Vientiane,https://maps.gstatic.com/weather/v1/cloudy,Cloudy,en,CLOUDY,18.4,CELSIUS,21.1,CELSIUS,15.4,CELSIUS,21.1,CELSIUS,18.4,CELSIUS,10.0,RAIN,0.0,MILLIMETERS,0.0,MILLIMETERS,1007.7,180.0,SOUTH,3.0,KILOMETERS_PER_HOUR,10.0,KILOMETERS_PER_HOUR,16.0,KILOMETERS,0.8,CELSIUS,24.3,CELSIUS,16.6,CELSIUS,0.0,MILLIMETERS,5.8094,MILLIMETERS,,,,2025-06-17 19:00:07.981000+07:00,1900
1115,90455,"Sopbao Secondary School - Sopbao, Houaphan ມັດທະຍົມ ສົບເບົາ","Sopbao Secondary School - Sopbao, Houaphan ມັດທະຍົມ ສົບເບົາ",20.710206,104.384946,2025-06-17T12:00:50.347838076Z,0.0,73.0,0.0,0.0,100.0,Asia/Vientiane,https://maps.gstatic.com/weather/v1/cloudy,Cloudy,en,CLOUDY,19.8,CELSIUS,21.5,CELSIUS,14.5,CELSIUS,21.5,CELSIUS,19.8,CELSIUS,10.0,RAIN,0.0,MILLIMETERS,0.0,MILLIMETERS,1006.3,215.0,SOUTHWEST,6.0,KILOMETERS_PER_HOUR,18.0,KILOMETERS_PER_HOUR,16.0,KILOMETERS,2.5,CELSIUS,26.5,CELSIUS,16.4,CELSIUS,0.0,MILLIMETERS,3.8433,MILLIMETERS,,,,2025-06-17 19:00:07.981000+07:00,1900
1116,90456,"Kuan Secondary School - Kuan, Houaphan ມັດທະຍົມສົມບູນ ກັວນ","Kuan Secondary School - Kuan, Houaphan ມັດທະຍົມສົມບູນ ກັວນ",19.835863,104.561303,2025-06-17T12:00:51.600951024Z,0.0,77.0,0.0,20.0,100.0,Asia/Vientiane,https://maps.gstatic.com/weather/v1/cloudy,Cloudy,en,CLOUDY,23.5,CELSIUS,25.4,CELSIUS,19.2,CELSIUS,25.4,CELSIUS,23.5,CELSIUS,20.0,RAIN,0.0,MILLIMETERS,0.0,MILLIMETERS,1006.73,245.0,WEST_SOUTHWEST,3.0,KILOMETERS_PER_HOUR,10.0,KILOMETERS_PER_HOUR,16.0,KILOMETERS,0.8,CELSIUS,30.3,CELSIUS,20.4,CELSIUS,0.0,MILLIMETERS,3.8025,MILLIMETERS,,,,2025-06-17 19:00:07.981000+07:00,1900
1117,90457,"Khob Secondary School - Khob, Xayabouli ມັດທະຍົມ ເມືອງຄອບ","Khob Secondary School - Khob, Xayabouli ມັດທະຍົມ ເມືອງຄອບ",19.699713,100.5572,2025-06-17T12:00:52.885911679Z,0.0,84.0,0.0,20.0,100.0,Asia/Vientiane,https://maps.gstatic.com/weather/v1/drizzle,Light rain,en,LIGHT_RAIN,26.3,CELSIUS,29.5,CELSIUS,23.2,CELSIUS,29.5,CELSIUS,26.3,CELSIUS,40.0,RAIN,0.0,MILLIMETERS,0.8509,MILLIMETERS,1006.89,158.0,SOUTH_SOUTHEAST,13.0,KILOMETERS_PER_HOUR,21.0,KILOMETERS_PER_HOUR,16.0,KILOMETERS,0.0,CELSIUS,30.1,CELSIUS,23.7,CELSIUS,0.0,MILLIMETERS,14.7928,MILLIMETERS,,,,2025-06-17 19:00:07.981000+07:00,1900
1118,90458,"Hongsa Secondary School - Hongsa, Xaignabouly ມັດທະຍົມສົມບູນ ຫົງສາ","Hongsa Secondary School - Hongsa, Xaignabouly ມັດທະຍົມສົມບູນ ຫົງສາ",19.70693,101.342893,2025-06-17T12:00:54.245584118Z,0.0,84.0,0.0,30.0,100.0,Asia/Vientiane,https://maps.gstatic.com/weather/v1/drizzle,Light rain,en,LIGHT_RAIN,23.0,CELSIUS,25.8,CELSIUS,19.9,CELSIUS,25.8,CELSIUS,23.0,CELSIUS,35.0,RAIN,0.0,MILLIMETERS,0.48260000000000003,MILLIMETERS,1007.9,225.0,SOUTHWEST,5.0,KILOMETERS_PER_HOUR,10.0,KILOMETERS_PER_HOUR,16.0,KILOMETERS,0.9,CELSIUS,27.6,CELSIUS,20.4,CELSIUS,0.0,MILLIMETERS,12.1314,MILLIMETERS,,,,2025-06-17 19:00:07.981000+07:00,1900
1119,90459,Phiang - Xaignabouly,Phiang - Xaignabouly,19.094645,101.529558,2025-06-17T12:00:55.519439988Z,0.0,75.0,0.0,39.0,100.0,Asia/Vientiane,https://maps.gstatic.com/weather/v1/cloudy,Cloudy,en,CLOUDY,27.6,CELSIUS,31.0,CELSIUS,22.9,CELSIUS,31.0,CELSIUS,27.6,CELSIUS,20.0,RAIN,0.0,MILLIMETERS,0.09910000000000001,MILLIMETERS,1007.09,180.0,SOUTH,5.0,KILOMETERS_PER_HOUR,11.0,KILOMETERS_PER_HOUR,16.0,KILOMETERS,-0.1,CELSIUS,32.2,CELSIUS,23.7,CELSIUS,0.0,MILLIMETERS,5.1257,MILLIMETERS,,,,2025-06-17 19:00:07.981000+07:00,1900
1120,90460,Parklai - Xaignabouly,Parklai - Xaignabouly,18.220795,101.405717,2025-06-17T12:00:56.788907575Z,0.0,74.0,0.0,30.0,100.0,Asia/Vientiane,https://maps.gstatic.com/weather/v1/cloudy,Cloudy,en,CLOUDY,28.4,CELSIUS,33.0,CELSIUS,23.0,CELSIUS,33.0,CELSIUS,28.4,CELSIUS,20.0,RAIN,0.0,MILLIMETERS,0.040600000000000004,MILLIMETERS,1007.02,270.0,WEST,5.0,KILOMETERS_PER_HOUR,8.0,KILOMETERS_PER_HOUR,16.0,KILOMETERS,-0.1,CELSIUS,32.1,CELSIUS,24.4,CELSIUS,0.0,MILLIMETERS,3.5102,MILLIMETERS,,,,2025-06-17 19:00:07.981000+07:00,1900
1121,90463,"Ekaphab Secondary School - Xayabury, Xayabury ມັດທະຍົມ ເອກະພາບ","Ekaphab Secondary School - Xayabury, Xayabury ມັດທະຍົມ ເອກະພາບ",19.237566,101.714751,2025-06-17T12:00:58.058292762Z,0.0,76.0,0.0,30.0,100.0,Asia/Vientiane,https://maps.gstatic.com/weather/v1/cloudy,Cloudy,en,CLOUDY,27.6,CELSIUS,30.9,CELSIUS,22.7,CELSIUS,30.9,CELSIUS,27.6,CELSIUS,20.0,RAIN,0.0,MILLIMETERS,0.127,MILLIMETERS,1006.18,158.0,SOUTH_SOUTHEAST,5.0,KILOMETERS_PER_HOUR,11.0,KILOMETERS_PER_HOUR,16.0,KILOMETERS,0.4,CELSIUS,32.1,CELSIUS,24.8,CELSIUS,0.0,MILLIMETERS,2.7178,MILLIMETERS,,,,2025-06-17 19:00:07.981000+07:00,1900
1122,90465,Xienghone - Xaignabouly ,Xienghone - Xaignabouly ,19.631763,100.814901,2025-06-17T12:00:59.317400251Z,0.0,85.0,0.0,20.0,100.0,Asia/Vientiane,https://maps.gstatic.com/weather/v1/drizzle,Light rain,en,LIGHT_RAIN,23.1,CELSIUS,25.8,CELSIUS,20.2,CELSIUS,25.8,CELSIUS,23.1,CELSIUS,35.0,RAIN,0.0,MILLIMETERS,0.5131,MILLIMETERS,1007.31,225.0,SOUTHWEST,8.0,KILOMETERS_PER_HOUR,13.0,KILOMETERS_PER_HOUR,16.0,KILOMETERS,0.5,CELSIUS,26.8,CELSIUS,20.2,CELSIUS,0.0,MILLIMETERS,8.2498,MILLIMETERS,,,,2025-06-17 19:00:07.981000+07:00,1900
1123,90466,"Kenethao Secondary School - Kenethao, Xayabury ມັດທະຍົມສົມບຸນ ແກ່ນທ້າວ","Kenethao Secondary School - Kenethao, Xayabury ມັດທະຍົມສົມບຸນ ແກ່ນທ້າວ",17.740569,101.403471,2025-06-17T12:01:00.631196202Z,0.0,73.0,0.0,0.0,100.0,Asia/Vientiane,https://maps.gstatic.com/weather/v1/cloudy,Cloudy,en,CLOUDY,28.9,CELSIUS,33.2,CELSIUS,23.9,CELSIUS,33.2,CELSIUS,28.9,CELSIUS,10.0,RAIN,0.0,MILLIMETERS,0.0,MILLIMETERS,1006.02,225.0,SOUTHWEST,6.0,KILOMETERS_PER_HOUR,10.0,KILOMETERS_PER_HOUR,16.0,KILOMETERS,-0.9,CELSIUS,32.3,CELSIUS,25.2,CELSIUS,0.0,MILLIMETERS,8.9738,MILLIMETERS,,,,2025-06-17 19:00:07.981000+07:00,1900
1124,90468,Pek - Xiengkhouang,Pek - Xiengkhouang,19.444636,103.205788,2025-06-17T12:01:01.899516598Z,0.0,69.0,0.0,30.0,100.0,Asia/Vientiane,https://maps.gstatic.com/weather/v1/cloudy,Cloudy,en,CLOUDY,22.5,CELSIUS,24.7,CELSIUS,16.4,CELSIUS,24.7,CELSIUS,22.5,CELSIUS,20.0,RAIN,0.0,MILLIMETERS,0.2997,MILLIMETERS,1008.35,215.0,SOUTHWEST,10.0,KILOMETERS_PER_HOUR,16.0,KILOMETERS_PER_HOUR,16.0,KILOMETERS,0.2,CELSIUS,28.8,CELSIUS,20.1,CELSIUS,0.0,MILLIMETERS,8.8191,MILLIMETERS,,,,2025-06-17 19:00:07.981000+07:00,1900
1125,90469,Nonghed - Xiengkhouang,Nonghed - Xiengkhouang,19.49661,103.986121,,,,,,,,,,,,,,,,,,,,,,,,,,,,,,,,,,,,,,,,,,,,,,,404.0,Information is not supported for this location. Please try a different location.,NOT_FOUND,2025-06-17 19:00:07.981000+07:00,1900
1126,90471,"Napa Secondary School - Kham, Xiengkhouang ມັດທະຍົມ ນາປາ","Napa Secondary School - Kham, Xiengkhouang ມັດທະຍົມ ນາປາ",19.590573,103.662369,2025-06-17T12:01:04.407566318Z,0.0,69.0,0.0,29.0,100.0,Asia/Vientiane,https://maps.gstatic.com/weather/v1/cloudy,Cloudy,en,CLOUDY,24.9,CELSIUS,26.5,CELSIUS,18.9,CELSIUS,26.5,CELSIUS,24.9,CELSIUS,20.0,RAIN,0.0,MILLIMETERS,0.09910000000000001,MILLIMETERS,1006.84,270.0,WEST,2.0,KILOMETERS_PER_HOUR,3.0,KILOMETERS_PER_HOUR,16.0,KILOMETERS,1.6,CELSIUS,31.8,CELSIUS,20.9,CELSIUS,0.0,MILLIMETERS,4.0236,MILLIMETERS,,,,2025-06-17 19:00:07.981000+07:00,1900
1127,90472,"Chomphet Seconbdary School - Khoune, Xiengkhuang ມັດທະຍົມ ຈອມເພັດ","Chomphet Seconbdary School - Khoune, Xiengkhuang ມັດທະຍົມ ຈອມເພັດ",19.340999,103.371433,2025-06-17T12:01:05.657998658Z,0.0,69.0,0.0,30.0,100.0,Asia/Vientiane,https://maps.gstatic.com/weather/v1/cloudy,Cloudy,en,CLOUDY,22.5,CELSIUS,24.7,CELSIUS,16.4,CELSIUS,24.7,CELSIUS,22.5,CELSIUS,20.0,RAIN,0.0,MILLIMETERS,0.2997,MILLIMETERS,1008.35,215.0,SOUTHWEST,10.0,KILOMETERS_PER_HOUR,16.0,KILOMETERS_PER_HOUR,16.0,KILOMETERS,0.2,CELSIUS,28.8,CELSIUS,20.1,CELSIUS,0.0,MILLIMETERS,8.8191,MILLIMETERS,,,,2025-06-17 19:00:07.981000+07:00,1900
1128,90474,"Lardkhai Secondary School - Phaxay, Xiengkhouang ມັດທະຍົມ ລາດຄ້າຍ","Lardkhai Secondary School - Phaxay, Xiengkhouang ມັດທະຍົມ ລາດຄ້າຍ",19.29915,103.133374,2025-06-17T12:01:06.939165941Z,0.0,69.0,0.0,30.0,100.0,Asia/Vientiane,https://maps.gstatic.com/weather/v1/cloudy,Cloudy,en,CLOUDY,22.5,CELSIUS,24.7,CELSIUS,16.4,CELSIUS,24.7,CELSIUS,22.5,CELSIUS,20.0,RAIN,0.0,MILLIMETERS,0.2997,MILLIMETERS,1008.35,215.0,SOUTHWEST,10.0,KILOMETERS_PER_HOUR,16.0,KILOMETERS_PER_HOUR,16.0,KILOMETERS,0.2,CELSIUS,28.8,CELSIUS,20.1,CELSIUS,0.0,MILLIMETERS,8.8191,MILLIMETERS,,,,2025-06-17 19:00:07.981000+07:00,1900
1129,90475,Phonhong - Vientiane,Phonhong - Vientiane,18.350024,102.42424,2025-06-17T12:01:08.229601673Z,0.0,87.0,0.0,40.0,100.0,Asia/Vientiane,https://maps.gstatic.com/weather/v1/cloudy,Cloudy,en,CLOUDY,23.9,CELSIUS,26.1,CELSIUS,21.5,CELSIUS,26.1,CELSIUS,23.9,CELSIUS,25.0,RAIN,0.0,MILLIMETERS,0.5004000000000001,MILLIMETERS,1006.6,35.0,NORTHEAST,6.0,KILOMETERS_PER_HOUR,13.0,KILOMETERS_PER_HOUR,16.0,KILOMETERS,-4.4,CELSIUS,34.3,CELSIUS,23.0,CELSIUS,0.0,MILLIMETERS,8.2732,MILLIMETERS,,,,2025-06-17 19:00:07.981000+07:00,1900
1130,90476,"Kasy Secondary School - Kasy, Vientiane Province ມັດທະຍົມສົມບູນ ກາສີ","Kasy Secondary School - Kasy, Vientiane Province ມັດທະຍົມສົມບູນ ກາສີ",19.225034,102.25219,2025-06-17T12:01:09.504278157Z,0.0,88.0,0.0,30.0,100.0,Asia/Vientiane,https://maps.gstatic.com/weather/v1/drizzle,Light rain,en,LIGHT_RAIN,21.7,CELSIUS,24.4,CELSIUS,19.7,CELSIUS,24.4,CELSIUS,21.7,CELSIUS,40.0,RAIN,0.0,MILLIMETERS,1.971,MILLIMETERS,1007.91,45.0,NORTHEAST,2.0,KILOMETERS_PER_HOUR,5.0,KILOMETERS_PER_HOUR,15.0,KILOMETERS,-3.6,CELSIUS,30.2,CELSIUS,21.9,CELSIUS,0.0,MILLIMETERS,18.1839,MILLIMETERS,,,,2025-06-17 19:00:07.981000+07:00,1900
1131,90477,"Xanakharm Secondary School - Xanakharm, Vieniane Province ມັດທະຍົມສົບຸນ ຊະນະຄາມ","Xanakharm Secondary School - Xanakharm, Vieniane Province ມັດທະຍົມສົບຸນ ຊະນະຄາມ",17.910218,101.670662,2025-06-17T12:01:10.786958285Z,0.0,82.0,0.0,0.0,100.0,Asia/Vientiane,https://maps.gstatic.com/weather/v1/cloudy,Cloudy,en,CLOUDY,28.5,CELSIUS,33.8,CELSIUS,24.9,CELSIUS,33.8,CELSIUS,28.5,CELSIUS,10.0,RAIN,0.0,MILLIMETERS,0.0,MILLIMETERS,1006.02,225.0,SOUTHWEST,3.0,KILOMETERS_PER_HOUR,6.0,KILOMETERS_PER_HOUR,16.0,KILOMETERS,-0.6000000000000001,CELSIUS,32.1,CELSIUS,25.1,CELSIUS,0.0,MILLIMETERS,7.7699,MILLIMETERS,,,,2025-06-17 19:00:07.981000+07:00,1900
1132,90478,Mad - Vientiane,Mad - Vientiane,18.448868,101.76322,2025-06-17T12:01:12.065707375Z,0.0,74.0,0.0,29.0,100.0,Asia/Vientiane,https://maps.gstatic.com/weather/v1/cloudy,Cloudy,en,CLOUDY,29.0,CELSIUS,33.6,CELSIUS,23.6,CELSIUS,33.6,CELSIUS,29.0,CELSIUS,20.0,RAIN,0.0,MILLIMETERS,0.040600000000000004,MILLIMETERS,1007.02,270.0,WEST,5.0,KILOMETERS_PER_HOUR,8.0,KILOMETERS_PER_HOUR,16.0,KILOMETERS,-0.2,CELSIUS,32.7,CELSIUS,25.0,CELSIUS,0.0,MILLIMETERS,3.5102,MILLIMETERS,,,,2025-06-17 19:00:07.981000+07:00,1900
1133,90479,"Phonmi Secondary School - Viengkham, Vientiane Province ມັດທະຍົມສົມບຸນ ໂພນໝີ","Phonmi Secondary School - Viengkham, Vientiane Province ມັດທະຍົມສົມບຸນ ໂພນໝີ",18.48451,102.485942,2025-06-17T12:01:13.351967842Z,0.0,87.0,0.0,40.0,100.0,Asia/Vientiane,https://maps.gstatic.com/weather/v1/cloudy,Cloudy,en,CLOUDY,23.9,CELSIUS,26.1,CELSIUS,21.5,CELSIUS,26.1,CELSIUS,23.9,CELSIUS,25.0,RAIN,0.0,MILLIMETERS,0.5004000000000001,MILLIMETERS,1006.6,35.0,NORTHEAST,6.0,KILOMETERS_PER_HOUR,13.0,KILOMETERS_PER_HOUR,16.0,KILOMETERS,-4.4,CELSIUS,34.3,CELSIUS,23.0,CELSIUS,0.0,MILLIMETERS,8.2732,MILLIMETERS,,,,2025-06-17 19:00:07.981000+07:00,1900
1134,90482,"KeoKou Secondary School - KeoOudom, Vientiane Province ມັດທະຍົມສົມບູນ ແກ້ວກູ່","KeoKou Secondary School - KeoOudom, Vientiane Province ມັດທະຍົມສົມບູນ ແກ້ວກູ່",18.554884,102.502844,2025-06-17T12:01:14.649613639Z,0.0,87.0,0.0,40.0,100.0,Asia/Vientiane,https://maps.gstatic.com/weather/v1/cloudy,Cloudy,en,CLOUDY,23.9,CELSIUS,26.1,CELSIUS,21.5,CELSIUS,26.1,CELSIUS,23.9,CELSIUS,25.0,RAIN,0.0,MILLIMETERS,0.5004000000000001,MILLIMETERS,1006.6,35.0,NORTHEAST,6.0,KILOMETERS_PER_HOUR,13.0,KILOMETERS_PER_HOUR,16.0,KILOMETERS,-4.4,CELSIUS,34.3,CELSIUS,23.0,CELSIUS,0.0,MILLIMETERS,8.2732,MILLIMETERS,,,,2025-06-17 19:00:07.981000+07:00,1900
1135,90485,Meun - Vientiane,Meun - Vientiane,18.28379,101.941138,2025-06-17T12:01:15.885899778Z,0.0,86.0,0.0,40.0,100.0,Asia/Vientiane,https://maps.gstatic.com/weather/v1/cloudy,Cloudy,en,CLOUDY,24.3,CELSIUS,26.5,CELSIUS,21.8,CELSIUS,26.5,CELSIUS,24.3,CELSIUS,25.0,RAIN,0.0,MILLIMETERS,0.2997,MILLIMETERS,1006.52,90.0,EAST,2.0,KILOMETERS_PER_HOUR,5.0,KILOMETERS_PER_HOUR,16.0,KILOMETERS,-5.3,CELSIUS,33.6,CELSIUS,23.1,CELSIUS,0.0,MILLIMETERS,5.4761,MILLIMETERS,,,,2025-06-17 19:00:07.981000+07:00,1900
1136,90487,"Thaphabath Secondary School - Thaphabath, Bolikhamxai","Thaphabath Secondary School - Thaphabath, Bolikhamxai",18.356826,103.198076,2025-06-17T12:01:17.120563369Z,0.0,82.0,0.0,50.0,100.0,Asia/Vientiane,https://maps.gstatic.com/weather/v1/cloudy,Cloudy,en,CLOUDY,26.5,CELSIUS,29.5,CELSIUS,23.1,CELSIUS,29.5,CELSIUS,26.5,CELSIUS,20.0,RAIN,0.0,MILLIMETERS,0.3048,MILLIMETERS,1006.4,315.0,NORTHWEST,2.0,KILOMETERS_PER_HOUR,2.0,KILOMETERS_PER_HOUR,16.0,KILOMETERS,-2.7,CELSIUS,33.4,CELSIUS,25.5,CELSIUS,0.0,MILLIMETERS,5.8955,MILLIMETERS,,,,2025-06-17 19:00:07.981000+07:00,1900
1137,90488,Pakkading - Bolikhamxai ,Pakkading - Bolikhamxai ,18.109902,104.281265,2025-06-17T12:01:18.358347461Z,0.0,87.0,0.0,40.0,100.0,Asia/Vientiane,https://maps.gstatic.com/weather/v1/drizzle,Light rain,en,LIGHT_RAIN,25.5,CELSIUS,28.4,CELSIUS,23.2,CELSIUS,28.4,CELSIUS,25.5,CELSIUS,40.0,RAIN,0.0,MILLIMETERS,0.39880000000000004,MILLIMETERS,1007.0,115.0,EAST_SOUTHEAST,3.0,KILOMETERS_PER_HOUR,11.0,KILOMETERS_PER_HOUR,16.0,KILOMETERS,-0.4,CELSIUS,31.6,CELSIUS,24.2,CELSIUS,0.0,MILLIMETERS,6.7642,MILLIMETERS,,,,2025-06-17 19:00:07.981000+07:00,1900
1138,90490,"Nakhonxay Secondary School - Khamkeuth, - Borikhamxai ມັດທະຍົມ ນະຄອນໄຊ","Nakhonxay Secondary School - Khamkeuth, - Borikhamxai ມັດທະຍົມ ນະຄອນໄຊ",18.185553,104.983958,2025-06-17T12:01:19.599086368Z,0.0,83.0,0.0,0.0,100.0,Asia/Vientiane,https://maps.gstatic.com/weather/v1/cloudy,Cloudy,en,CLOUDY,23.7,CELSIUS,25.8,CELSIUS,20.7,CELSIUS,25.8,CELSIUS,23.7,CELSIUS,10.0,RAIN,0.0,MILLIMETERS,0.0,MILLIMETERS,1007.8,225.0,SOUTHWEST,5.0,KILOMETERS_PER_HOUR,11.0,KILOMETERS_PER_HOUR,16.0,KILOMETERS,-0.6000000000000001,CELSIUS,29.1,CELSIUS,21.6,CELSIUS,0.0,MILLIMETERS,1.4759,MILLIMETERS,,,,2025-06-17 19:00:07.981000+07:00,1900
1139,90491,Viengthong - Bolikhamxai,Viengthong - Bolikhamxai,18.512354,104.442835,2025-06-17T12:01:20.887840672Z,0.0,79.0,0.0,40.0,100.0,Asia/Vientiane,https://maps.gstatic.com/weather/v1/cloudy,Cloudy,en,CLOUDY,25.2,CELSIUS,27.3,CELSIUS,21.2,CELSIUS,27.3,CELSIUS,25.2,CELSIUS,25.0,RAIN,0.0,MILLIMETERS,0.20070000000000002,MILLIMETERS,1007.26,245.0,WEST_SOUTHWEST,5.0,KILOMETERS_PER_HOUR,8.0,KILOMETERS_PER_HOUR,16.0,KILOMETERS,-0.2,CELSIUS,30.9,CELSIUS,22.7,CELSIUS,0.0,MILLIMETERS,2.9672,MILLIMETERS,,,,2025-06-17 19:00:07.981000+07:00,1900
1140,90492,"NamOn Secondary School - Xaychamphone, Borikhamxai ມັດທະຍົມ ນຳ້ອ້ອນ","NamOn Secondary School - Xaychamphone, Borikhamxai ມັດທະຍົມ ນຳ້ອ້ອນ",18.577559,104.981947,2025-06-17T12:01:22.157497420Z,0.0,83.0,0.0,0.0,100.0,Asia/Vientiane,https://maps.gstatic.com/weather/v1/cloudy,Cloudy,en,CLOUDY,23.7,CELSIUS,25.8,CELSIUS,20.7,CELSIUS,25.8,CELSIUS,23.7,CELSIUS,10.0,RAIN,0.0,MILLIMETERS,0.0,MILLIMETERS,1007.8,225.0,SOUTHWEST,5.0,KILOMETERS_PER_HOUR,11.0,KILOMETERS_PER_HOUR,16.0,KILOMETERS,-0.6000000000000001,CELSIUS,29.1,CELSIUS,21.6,CELSIUS,0.0,MILLIMETERS,1.4759,MILLIMETERS,,,,2025-06-17 19:00:07.981000+07:00,1900
1141,90493,Thakhek - Khammouan ,Thakhek - Khammouan ,17.392668,104.807495,2025-06-17T12:01:23.399915951Z,0.0,100.0,0.0,70.0,100.0,Asia/Vientiane,https://maps.gstatic.com/weather/v1/cloudy,Cloudy,en,CLOUDY,25.6,CELSIUS,29.9,CELSIUS,25.6,CELSIUS,29.9,CELSIUS,25.6,CELSIUS,25.0,RAIN,0.0,MILLIMETERS,0.21080000000000002,MILLIMETERS,1006.3,0.0,NORTH,3.0,KILOMETERS_PER_HOUR,6.0,KILOMETERS_PER_HOUR,5.0,KILOMETERS,-2.2,CELSIUS,33.7,CELSIUS,24.7,CELSIUS,0.0,MILLIMETERS,8.8318,MILLIMETERS,,,,2025-06-17 19:00:07.981000+07:00,1900
1142,90494,Mahaxay - Khammouan,Mahaxay - Khammouan,17.457352,105.160169,2025-06-17T12:01:24.667505776Z,0.0,100.0,0.0,60.0,100.0,Asia/Vientiane,https://maps.gstatic.com/weather/v1/cloudy,Cloudy,en,CLOUDY,24.1,CELSIUS,27.1,CELSIUS,24.1,CELSIUS,27.1,CELSIUS,24.1,CELSIUS,20.0,RAIN,0.0,MILLIMETERS,0.20070000000000002,MILLIMETERS,1007.32,270.0,WEST,0.0,KILOMETERS_PER_HOUR,3.0,KILOMETERS_PER_HOUR,5.0,KILOMETERS,-1.3,CELSIUS,31.5,CELSIUS,23.0,CELSIUS,0.0,MILLIMETERS,4.4453,MILLIMETERS,,,,2025-06-17 19:00:07.981000+07:00,1900
1143,90495,Nongbok - Khammouan,Nongbok - Khammouan,16.962416,104.81156,2025-06-17T12:01:25.918125162Z,0.0,78.0,0.0,0.0,100.0,Asia/Vientiane,https://maps.gstatic.com/weather/v1/cloudy,Cloudy,en,CLOUDY,30.1,CELSIUS,37.0,CELSIUS,25.6,CELSIUS,37.0,CELSIUS,30.1,CELSIUS,10.0,RAIN,0.0,MILLIMETERS,0.0,MILLIMETERS,1006.02,203.0,SOUTH_SOUTHWEST,6.0,KILOMETERS_PER_HOUR,10.0,KILOMETERS_PER_HOUR,16.0,KILOMETERS,0.5,CELSIUS,33.7,CELSIUS,25.9,CELSIUS,0.0,MILLIMETERS,1.0161,MILLIMETERS,,,,2025-06-17 19:00:07.981000+07:00,1900
1144,90497,Nhommalath - Khammouan ,Nhommalath - Khammouan ,17.614203,105.170282,2025-06-17T12:01:27.159454566Z,0.0,100.0,0.0,60.0,100.0,Asia/Vientiane,https://maps.gstatic.com/weather/v1/cloudy,Cloudy,en,CLOUDY,24.1,CELSIUS,27.1,CELSIUS,24.1,CELSIUS,27.1,CELSIUS,24.1,CELSIUS,20.0,RAIN,0.0,MILLIMETERS,0.20070000000000002,MILLIMETERS,1007.32,270.0,WEST,0.0,KILOMETERS_PER_HOUR,3.0,KILOMETERS_PER_HOUR,5.0,KILOMETERS,-1.3,CELSIUS,31.5,CELSIUS,23.0,CELSIUS,0.0,MILLIMETERS,4.4453,MILLIMETERS,,,,2025-06-17 19:00:07.981000+07:00,1900
1145,90500,"Xebangfay Secondary School - Xebangfay, Khammouane ມັດທະຍົມສົມບູນ ເຊບັ້ງໄຟ","Xebangfay Secondary School - Xebangfay, Khammouane ມັດທະຍົມສົມບູນ ເຊບັ້ງໄຟ",17.086149,104.981631,2025-06-17T12:01:28.445171461Z,0.0,100.0,0.0,70.0,100.0,Asia/Vientiane,https://maps.gstatic.com/weather/v1/cloudy,Cloudy,en,CLOUDY,25.6,CELSIUS,29.8,CELSIUS,25.6,CELSIUS,29.8,CELSIUS,25.6,CELSIUS,20.0,RAIN,0.0,MILLIMETERS,0.2997,MILLIMETERS,1006.39,335.0,NORTH_NORTHWEST,2.0,KILOMETERS_PER_HOUR,6.0,KILOMETERS_PER_HOUR,5.0,KILOMETERS,-3.1,CELSIUS,32.8,CELSIUS,24.6,CELSIUS,0.0,MILLIMETERS,5.5931,MILLIMETERS,,,,2025-06-17 19:00:07.981000+07:00,1900
1146,90501,"Sivilay Secondary School - Xaybouathong, Khammouane ມັດທະຍົມສົມບູນ ສີວິໄລ","Sivilay Secondary School - Xaybouathong, Khammouane ມັດທະຍົມສົມບູນ ສີວິໄລ",17.171532,105.4273,2025-06-17T12:01:29.705333700Z,0.0,96.0,0.0,70.0,100.0,Asia/Vientiane,https://maps.gstatic.com/weather/v1/cloudy,Cloudy,en,CLOUDY,26.2,CELSIUS,30.8,CELSIUS,25.6,CELSIUS,30.8,CELSIUS,26.2,CELSIUS,20.0,RAIN,0.0,MILLIMETERS,0.09910000000000001,MILLIMETERS,1006.6,215.0,SOUTHWEST,6.0,KILOMETERS_PER_HOUR,18.0,KILOMETERS_PER_HOUR,10.0,KILOMETERS,-3.5,CELSIUS,31.8,CELSIUS,24.3,CELSIUS,0.0,MILLIMETERS,3.8227,MILLIMETERS,,,,2025-06-17 19:00:07.981000+07:00,1900
1147,90502,"Nakang Secondary School - Khounkham, Khammouane ມັດທະຍົມສົມບູນ ນາກາງ","Nakang Secondary School - Khounkham, Khammouane ມັດທະຍົມສົມບູນ ນາກາງ",18.02845,104.65357,,,,,,,,,,,,,,,,,,,,,,,,,,,,,,,,,,,,,,,,,,,,,,,404.0,Information is not supported for this location. Please try a different location.,NOT_FOUND,2025-06-17 19:00:07.981000+07:00,1900
1148,90503,Kaysone Phomvihane - Sav,Kaysone Phomvihane - Sav,16.5702,104.75036,2025-06-17T12:01:32.181146100Z,0.0,75.0,0.0,0.0,100.0,Asia/Vientiane,https://maps.gstatic.com/weather/v1/cloudy,Cloudy,en,CLOUDY,29.9,CELSIUS,36.0,CELSIUS,25.2,CELSIUS,36.0,CELSIUS,29.9,CELSIUS,10.0,RAIN,0.0,MILLIMETERS,0.0025,MILLIMETERS,1006.03,180.0,SOUTH,8.0,KILOMETERS_PER_HOUR,13.0,KILOMETERS_PER_HOUR,16.0,KILOMETERS,-0.2,CELSIUS,33.4,CELSIUS,26.5,CELSIUS,0.0,MILLIMETERS,0.3936,MILLIMETERS,,,,2025-06-17 19:00:07.981000+07:00,1900
1149,90504,"Lianxay Secondary School - Artsaphangthong, Savannakhet ມັດທະຍົມ ຫລຽນໄຊ","Lianxay Secondary School - Artsaphangthong, Savannakhet ມັດທະຍົມ ຫລຽນໄຊ",16.692124,105.409764,,,,,,,,,,,,,,,,,,,,,,,,,,,,,,,,,,,,,,,,,,,,,,,404.0,Information is not supported for this location. Please try a different location.,NOT_FOUND,2025-06-17 19:00:07.981000+07:00,1900
1150,90505,Sepone - Savannakhet,Sepone - Savannakhet,16.696651,106.209138,2025-06-17T12:01:34.624836544Z,0.0,80.0,0.0,0.0,100.0,Asia/Vientiane,https://maps.gstatic.com/weather/v1/cloudy,Cloudy,en,CLOUDY,25.1,CELSIUS,28.4,CELSIUS,21.2,CELSIUS,28.4,CELSIUS,25.1,CELSIUS,10.0,RAIN,0.0,MILLIMETERS,0.0,MILLIMETERS,1008.02,203.0,SOUTH_SOUTHWEST,6.0,KILOMETERS_PER_HOUR,13.0,KILOMETERS_PER_HOUR,16.0,KILOMETERS,0.4,CELSIUS,28.8,CELSIUS,22.2,CELSIUS,0.0,MILLIMETERS,1.7425,MILLIMETERS,,,,2025-06-17 19:00:07.981000+07:00,1900
1151,90506,Nong - Savannakhet,Nong - Savannakhet,16.373875,106.495685,2025-06-17T12:01:35.897034067Z,0.0,81.0,0.0,49.0,100.0,Asia/Vientiane,https://maps.gstatic.com/weather/v1/cloudy,Cloudy,en,CLOUDY,26.3,CELSIUS,30.3,CELSIUS,23.0,CELSIUS,30.3,CELSIUS,26.3,CELSIUS,20.0,RAIN,0.0,MILLIMETERS,0.0889,MILLIMETERS,1008.0,158.0,SOUTH_SOUTHEAST,6.0,KILOMETERS_PER_HOUR,11.0,KILOMETERS_PER_HOUR,16.0,KILOMETERS,0.5,CELSIUS,30.2,CELSIUS,23.5,CELSIUS,0.0,MILLIMETERS,1.6233,MILLIMETERS,,,,2025-06-17 19:00:07.981000+07:00,1900
1152,90508,Champhone - SAVA,Champhone - SAVA,16.489147,105.031659,2025-06-17T12:01:37.139363061Z,0.0,75.0,0.0,0.0,100.0,Asia/Vientiane,https://maps.gstatic.com/weather/v1/cloudy,Cloudy,en,CLOUDY,29.9,CELSIUS,35.7,CELSIUS,24.9,CELSIUS,35.7,CELSIUS,29.9,CELSIUS,10.0,RAIN,0.0,MILLIMETERS,0.0,MILLIMETERS,1006.03,203.0,SOUTH_SOUTHWEST,8.0,KILOMETERS_PER_HOUR,15.0,KILOMETERS_PER_HOUR,16.0,KILOMETERS,-0.1,CELSIUS,32.8,CELSIUS,26.2,CELSIUS,0.0,MILLIMETERS,0.7343000000000001,MILLIMETERS,,,,2025-06-17 19:00:07.981000+07:00,1900
1153,90509,Xaybuly - Savannakhet,Xaybuly - Savannakhet,17.075181,104.87732,2025-06-17T12:01:38.417425450Z,0.0,100.0,0.0,70.0,100.0,Asia/Vientiane,https://maps.gstatic.com/weather/v1/cloudy,Cloudy,en,CLOUDY,25.5,CELSIUS,29.8,CELSIUS,25.5,CELSIUS,29.8,CELSIUS,25.5,CELSIUS,20.0,RAIN,0.0,MILLIMETERS,0.2997,MILLIMETERS,1006.39,335.0,NORTH_NORTHWEST,2.0,KILOMETERS_PER_HOUR,6.0,KILOMETERS_PER_HOUR,5.0,KILOMETERS,-3.2,CELSIUS,32.8,CELSIUS,24.6,CELSIUS,0.0,MILLIMETERS,5.5931,MILLIMETERS,,,,2025-06-17 19:00:07.981000+07:00,1900
1154,90512,"Phin Secondary School - Phin, Savannakhet ມັດທະຍົມ ພີນ","Phin Secondary School - Phin, Savannakhet ມັດທະຍົມ ພີນ",16.527879,106.021922,2025-06-17T12:01:39.678407495Z,0.0,81.0,0.0,49.0,100.0,Asia/Vientiane,https://maps.gstatic.com/weather/v1/cloudy,Cloudy,en,CLOUDY,25.7,CELSIUS,29.7,CELSIUS,22.3,CELSIUS,29.7,CELSIUS,25.7,CELSIUS,20.0,RAIN,0.0,MILLIMETERS,0.0889,MILLIMETERS,1008.0,158.0,SOUTH_SOUTHEAST,6.0,KILOMETERS_PER_HOUR,11.0,KILOMETERS_PER_HOUR,16.0,KILOMETERS,0.5,CELSIUS,29.5,CELSIUS,22.8,CELSIUS,0.0,MILLIMETERS,1.6233,MILLIMETERS,,,,2025-06-17 19:00:07.981000+07:00,1900
1155,90513,Songkhone - Savannakhet,Songkhone - Savannakhet,16.237196,105.1965,2025-06-17T12:01:40.934655086Z,0.0,75.0,0.0,2.0,100.0,Asia/Vientiane,https://maps.gstatic.com/weather/v1/cloudy,Cloudy,en,CLOUDY,30.1,CELSIUS,36.5,CELSIUS,25.7,CELSIUS,36.5,CELSIUS,30.1,CELSIUS,10.0,RAIN,0.0,MILLIMETERS,0.0076,MILLIMETERS,1006.03,203.0,SOUTH_SOUTHWEST,8.0,KILOMETERS_PER_HOUR,14.0,KILOMETERS_PER_HOUR,16.0,KILOMETERS,-0.2,CELSIUS,32.9,CELSIUS,26.4,CELSIUS,0.0,MILLIMETERS,1.2445,MILLIMETERS,,,,2025-06-17 19:00:07.981000+07:00,1900
1156,90514,"Beungxang Secondary School - Xonbuly, Savannakhet ມັດທະຍົມ ບຶງຊ້າງ","Beungxang Secondary School - Xonbuly, Savannakhet ມັດທະຍົມ ບຶງຊ້າງ",16.388527,105.375363,2025-06-17T12:01:42.173581600Z,0.0,76.0,0.0,0.0,100.0,Asia/Vientiane,https://maps.gstatic.com/weather/v1/cloudy,Cloudy,en,CLOUDY,29.7,CELSIUS,35.6,CELSIUS,25.3,CELSIUS,35.6,CELSIUS,29.7,CELSIUS,10.0,RAIN,0.0,MILLIMETERS,0.0,MILLIMETERS,1007.02,203.0,SOUTH_SOUTHWEST,8.0,KILOMETERS_PER_HOUR,15.0,KILOMETERS_PER_HOUR,16.0,KILOMETERS,0.0,CELSIUS,32.3,CELSIUS,26.3,CELSIUS,0.0,MILLIMETERS,1.1457,MILLIMETERS,,,,2025-06-17 19:00:07.981000+07:00,1900
1157,90515,Vilabuly - Savannakhet,Vilabuly - Savannakhet,16.971649,105.944661,2025-06-17T12:01:43.437300904Z,0.0,96.0,0.0,70.0,100.0,Asia/Vientiane,https://maps.gstatic.com/weather/v1/cloudy,Cloudy,en,CLOUDY,26.2,CELSIUS,30.8,CELSIUS,25.6,CELSIUS,30.8,CELSIUS,26.2,CELSIUS,20.0,RAIN,0.0,MILLIMETERS,0.09910000000000001,MILLIMETERS,1006.6,215.0,SOUTHWEST,6.0,KILOMETERS_PER_HOUR,18.0,KILOMETERS_PER_HOUR,10.0,KILOMETERS,-3.5,CELSIUS,31.8,CELSIUS,24.3,CELSIUS,0.0,MILLIMETERS,3.8227,MILLIMETERS,,,,2025-06-17 19:00:07.981000+07:00,1900
1158,90516,"Phoummachedy Secondary School - Xayphouthong, Savannakhet ມັດທະຍົມ ພູມມະເຈດີ","Phoummachedy Secondary School - Xayphouthong, Savannakhet ມັດທະຍົມ ພູມມະເຈດີ",16.367044,105.005653,2025-06-17T12:01:44.709073333Z,0.0,75.0,0.0,2.0,100.0,Asia/Vientiane,https://maps.gstatic.com/weather/v1/cloudy,Cloudy,en,CLOUDY,30.1,CELSIUS,36.5,CELSIUS,25.7,CELSIUS,36.5,CELSIUS,30.1,CELSIUS,10.0,RAIN,0.0,MILLIMETERS,0.0076,MILLIMETERS,1006.03,203.0,SOUTH_SOUTHWEST,8.0,KILOMETERS_PER_HOUR,14.0,KILOMETERS_PER_HOUR,16.0,KILOMETERS,-0.2,CELSIUS,32.9,CELSIUS,26.4,CELSIUS,0.0,MILLIMETERS,1.2445,MILLIMETERS,,,,2025-06-17 19:00:07.981000+07:00,1900
1159,90517,Phalanxay - Savannakhet,Phalanxay - Savannakhet,16.661353,105.58791,2025-06-17T12:01:45.950408334Z,0.0,96.0,0.0,70.0,100.0,Asia/Vientiane,https://maps.gstatic.com/weather/v1/cloudy,Cloudy,en,CLOUDY,26.2,CELSIUS,30.8,CELSIUS,25.6,CELSIUS,30.8,CELSIUS,26.2,CELSIUS,20.0,RAIN,0.0,MILLIMETERS,0.09910000000000001,MILLIMETERS,1006.61,215.0,SOUTHWEST,6.0,KILOMETERS_PER_HOUR,18.0,KILOMETERS_PER_HOUR,10.0,KILOMETERS,-3.5,CELSIUS,31.8,CELSIUS,24.3,CELSIUS,0.0,MILLIMETERS,3.8227,MILLIMETERS,,,,2025-06-17 19:00:07.981000+07:00,1900
1160,90518,"Saravane Secondary School -Saravane, Saravane ມັດທະຍົມສົມບູນ ສາລະວັນ","Saravane Secondary School -Saravane, Saravane ມັດທະຍົມສົມບູນ ສາລະວັນ",15.707906,106.422189,2025-06-17T12:01:47.191942905Z,0.0,85.0,0.0,58.0,100.0,Asia/Vientiane,https://maps.gstatic.com/weather/v1/cloudy,Cloudy,en,CLOUDY,28.5,CELSIUS,34.4,CELSIUS,25.6,CELSIUS,34.4,CELSIUS,28.5,CELSIUS,20.0,RAIN,0.0,MILLIMETERS,0.055900000000000005,MILLIMETERS,1007.76,180.0,SOUTH,3.0,KILOMETERS_PER_HOUR,5.0,KILOMETERS_PER_HOUR,16.0,KILOMETERS,0.8,CELSIUS,32.2,CELSIUS,24.3,CELSIUS,0.0,MILLIMETERS,2.906,MILLIMETERS,,,,2025-06-17 19:00:07.981000+07:00,1900
1161,90520,"Toomlarn Secondary School - Toomlarn, Saravane ມັດທະຍົມສົມບູນ ຕຸ້ມລານ","Toomlarn Secondary School - Toomlarn, Saravane ມັດທະຍົມສົມບູນ ຕຸ້ມລານ",15.994499,106.192399,2025-06-17T12:01:48.456663176Z,0.0,81.0,0.0,48.0,100.0,Asia/Vientiane,https://maps.gstatic.com/weather/v1/cloudy,Cloudy,en,CLOUDY,25.7,CELSIUS,29.7,CELSIUS,22.3,CELSIUS,29.7,CELSIUS,25.7,CELSIUS,20.0,RAIN,0.0,MILLIMETERS,0.0889,MILLIMETERS,1008.0,158.0,SOUTH_SOUTHEAST,6.0,KILOMETERS_PER_HOUR,11.0,KILOMETERS_PER_HOUR,16.0,KILOMETERS,0.5,CELSIUS,29.5,CELSIUS,22.8,CELSIUS,0.0,MILLIMETERS,1.6233,MILLIMETERS,,,,2025-06-17 19:00:07.981000+07:00,1900
1162,90521,"Lakhonesy Secondary School - Lakhonepheng, Saravane ມັດທະຍົມສົມບູນ ລະຄອນສີ","Lakhonesy Secondary School - Lakhonepheng, Saravane ມັດທະຍົມສົມບູນ ລະຄອນສີ",15.891245,105.567119,2025-06-17T12:01:49.762086360Z,0.0,85.0,0.0,70.0,100.0,Asia/Vientiane,https://maps.gstatic.com/weather/v1/cloudy,Cloudy,en,CLOUDY,29.3,CELSIUS,36.4,CELSIUS,26.1,CELSIUS,36.4,CELSIUS,29.3,CELSIUS,20.0,RAIN,0.0,MILLIMETERS,0.0,MILLIMETERS,1007.03,203.0,SOUTH_SOUTHWEST,6.0,KILOMETERS_PER_HOUR,11.0,KILOMETERS_PER_HOUR,16.0,KILOMETERS,0.6000000000000001,CELSIUS,32.8,CELSIUS,25.8,CELSIUS,0.0,MILLIMETERS,1.5088,MILLIMETERS,,,,2025-06-17 19:00:07.981000+07:00,1900
1163,90522,Lao Ngarm - Salavan,Lao Ngarm - Salavan,15.461092,106.16172,2025-06-17T12:01:51.021475680Z,0.0,80.0,0.0,0.0,100.0,Asia/Vientiane,https://maps.gstatic.com/weather/v1/cloudy,Cloudy,en,CLOUDY,30.2,CELSIUS,35.6,CELSIUS,26.6,CELSIUS,35.6,CELSIUS,30.2,CELSIUS,10.0,RAIN,0.0,MILLIMETERS,0.0,MILLIMETERS,1007.21,203.0,SOUTH_SOUTHWEST,6.0,KILOMETERS_PER_HOUR,11.0,KILOMETERS_PER_HOUR,16.0,KILOMETERS,0.9,CELSIUS,33.7,CELSIUS,26.0,CELSIUS,0.0,MILLIMETERS,3.1802,MILLIMETERS,,,,2025-06-17 19:00:07.981000+07:00,1900
1164,90524,Khongxedone - Salavan,Khongxedone - Salavan,15.59088,105.804115,2025-06-17T12:01:52.291131415Z,0.0,85.0,0.0,70.0,100.0,Asia/Vientiane,https://maps.gstatic.com/weather/v1/cloudy,Cloudy,en,CLOUDY,29.3,CELSIUS,36.4,CELSIUS,26.1,CELSIUS,36.4,CELSIUS,29.3,CELSIUS,20.0,RAIN,0.0,MILLIMETERS,0.0,MILLIMETERS,1007.03,203.0,SOUTH_SOUTHWEST,6.0,KILOMETERS_PER_HOUR,11.0,KILOMETERS_PER_HOUR,16.0,KILOMETERS,0.6000000000000001,CELSIUS,32.8,CELSIUS,25.8,CELSIUS,0.0,MILLIMETERS,1.5088,MILLIMETERS,,,,2025-06-17 19:00:07.981000+07:00,1900
1165,90526,Lamarm - Sekong ,Lamarm - Sekong ,15.352494,106.722444,2025-06-17T12:01:53.570507393Z,0.0,88.0,0.0,60.0,100.0,Asia/Vientiane,https://maps.gstatic.com/weather/v1/cloudy,Cloudy,en,CLOUDY,27.9,CELSIUS,33.4,CELSIUS,25.9,CELSIUS,33.4,CELSIUS,27.9,CELSIUS,20.0,RAIN,0.0,MILLIMETERS,0.1067,MILLIMETERS,1007.63,270.0,WEST,2.0,KILOMETERS_PER_HOUR,5.0,KILOMETERS_PER_HOUR,16.0,KILOMETERS,0.7000000000000001,CELSIUS,31.2,CELSIUS,24.3,CELSIUS,0.0,MILLIMETERS,3.3884,MILLIMETERS,,,,2025-06-17 19:00:07.981000+07:00,1900
1166,90527,"Kaleum Secondary School - Kaleum, Sekong ມັດທະຍົມ ກະລຶມ","Kaleum Secondary School - Kaleum, Sekong ມັດທະຍົມ ກະລຶມ",15.784384,106.906754,2025-06-17T12:01:54.842107449Z,0.0,89.0,0.0,0.0,100.0,Asia/Vientiane,https://maps.gstatic.com/weather/v1/cloudy,Cloudy,en,CLOUDY,24.4,CELSIUS,26.8,CELSIUS,22.5,CELSIUS,26.8,CELSIUS,24.4,CELSIUS,10.0,RAIN,0.0,MILLIMETERS,0.0,MILLIMETERS,1009.97,0.0,NORTH,2.0,KILOMETERS_PER_HOUR,3.0,KILOMETERS_PER_HOUR,16.0,KILOMETERS,0.7000000000000001,CELSIUS,27.6,CELSIUS,21.2,CELSIUS,0.0,MILLIMETERS,3.6268000000000002,MILLIMETERS,,,,2025-06-17 19:00:07.981000+07:00,1900
1167,90528,"Dakcheung Secondary School - Dakcheung, Sekongມັດທະຍົມສົມບູນ ດາກຈຶງ","Dakcheung Secondary School - Dakcheung, Sekongມັດທະຍົມສົມບູນ ດາກຈຶງ",15.467532,107.271451,,,,,,,,,,,,,,,,,,,,,,,,,,,,,,,,,,,,,,,,,,,,,,,404.0,Information is not supported for this location. Please try a different location.,NOT_FOUND,2025-06-17 19:00:07.981000+07:00,1900
1168,90529,Thateng -Sekong,Thateng -Sekong,15.434018,106.382399,2025-06-17T12:01:57.340203239Z,0.0,85.0,0.0,58.0,100.0,Asia/Vientiane,https://maps.gstatic.com/weather/v1/cloudy,Cloudy,en,CLOUDY,32.4,CELSIUS,38.3,CELSIUS,29.5,CELSIUS,38.3,CELSIUS,32.4,CELSIUS,20.0,RAIN,0.0,MILLIMETERS,0.055900000000000005,MILLIMETERS,1007.77,180.0,SOUTH,3.0,KILOMETERS_PER_HOUR,5.0,KILOMETERS_PER_HOUR,16.0,KILOMETERS,0.8,CELSIUS,36.1,CELSIUS,28.2,CELSIUS,0.0,MILLIMETERS,2.906,MILLIMETERS,,,,2025-06-17 19:00:07.981000+07:00,1900
1169,90530,Pakse - Champasack,Pakse - Champasack,15.12006,105.80211,2025-06-17T12:01:58.579031633Z,0.0,87.0,0.0,68.0,100.0,Asia/Vientiane,https://maps.gstatic.com/weather/v1/cloudy,Cloudy,en,CLOUDY,29.8,CELSIUS,38.2,CELSIUS,27.2,CELSIUS,38.2,CELSIUS,29.8,CELSIUS,20.0,RAIN,0.0,MILLIMETERS,0.1346,MILLIMETERS,1007.33,180.0,SOUTH,5.0,KILOMETERS_PER_HOUR,7.0,KILOMETERS_PER_HOUR,16.0,KILOMETERS,0.9,CELSIUS,33.8,CELSIUS,25.6,CELSIUS,0.0,MILLIMETERS,1.9433,MILLIMETERS,,,,2025-06-17 19:00:07.981000+07:00,1900
1175,91254,"Chomphet Secondary School - Sisattanak, Vientiane Capital ມັດທະຍົມສົມບູນ ຈອມເພັດ","Chomphet Secondary School - Sisattanak, Vientiane Capital ມັດທະຍົມສົມບູນ ຈອມເພັດ",17.910254,102.622708,2025-06-17T12:01:59.822016093Z,0.0,81.0,0.0,60.0,100.0,Asia/Vientiane,https://maps.gstatic.com/weather/v1/cloudy,Cloudy,en,CLOUDY,24.9,CELSIUS,27.0,CELSIUS,21.3,CELSIUS,27.0,CELSIUS,24.9,CELSIUS,20.0,RAIN,0.0,MILLIMETERS,0.3683,MILLIMETERS,1006.17,0.0,NORTH,3.0,KILOMETERS_PER_HOUR,11.0,KILOMETERS_PER_HOUR,16.0,KILOMETERS,-4.8,CELSIUS,34.1,CELSIUS,24.4,CELSIUS,0.0,MILLIMETERS,3.4521,MILLIMETERS,,,,2025-06-17 19:00:07.981000+07:00,1900
1229,152182,"ParkOu Secondary School - ParkOu, Luangprabang ມັດທະຍົມສົມບູນ ປາກອູ","ParkOu Secondary School - ParkOu, Luangprabang ມັດທະຍົມສົມບູນ ປາກອູ",20.087592,102.256569,2025-06-17T12:02:01.083542334Z,0.0,62.0,0.0,30.0,100.0,Asia/Vientiane,https://maps.gstatic.com/weather/v1/cloudy,Cloudy,en,CLOUDY,27.4,CELSIUS,29.1,CELSIUS,19.5,CELSIUS,29.1,CELSIUS,27.4,CELSIUS,25.0,RAIN,0.0,MILLIMETERS,0.221,MILLIMETERS,1005.63,250.0,WEST_SOUTHWEST,6.0,KILOMETERS_PER_HOUR,13.0,KILOMETERS_PER_HOUR,16.0,KILOMETERS,2.5,CELSIUS,33.2,CELSIUS,24.1,CELSIUS,0.0,MILLIMETERS,5.6189,MILLIMETERS,,,,2025-06-17 19:00:07.981000+07:00,1900
1230,152240,"Phoukhoune Secondary School - Phoukhoune, Luangprabang ມັດທະຍົມ ພູຄູນ","Phoukhoune Secondary School - Phoukhoune, Luangprabang ມັດທະຍົມ ພູຄູນ",19.438824,102.428042,2025-06-17T12:02:02.343219605Z,0.0,86.0,0.0,30.0,100.0,Asia/Vientiane,https://maps.gstatic.com/weather/v1/drizzle,Light rain,en,LIGHT_RAIN,21.2,CELSIUS,25.5,CELSIUS,18.7,CELSIUS,25.5,CELSIUS,21.2,CELSIUS,25.0,RAIN,0.0,MILLIMETERS,0.2997,MILLIMETERS,1008.3,195.0,SOUTH_SOUTHWEST,8.0,KILOMETERS_PER_HOUR,21.0,KILOMETERS_PER_HOUR,16.0,KILOMETERS,-2.3,CELSIUS,30.0,CELSIUS,20.6,CELSIUS,0.0,MILLIMETERS,8.2377,MILLIMETERS,,,,2025-06-17 19:00:07.981000+07:00,1900
1235,152548,"Longsane Secondary School - Longsane , Xaysomboun ມັດທະຍົມສົມບຸນ ລ້ອງຊານ","Longsane Secondary School - Longsane , Xaysomboun ມັດທະຍົມສົມບຸນ ລ້ອງຊານ",18.550145,103.003076,2025-06-17T12:02:03.606412968Z,0.0,88.0,0.0,49.0,100.0,Asia/Vientiane,https://maps.gstatic.com/weather/v1/cloudy,Cloudy,en,CLOUDY,18.6,CELSIUS,20.8,CELSIUS,16.4,CELSIUS,20.8,CELSIUS,18.6,CELSIUS,20.0,RAIN,0.0,MILLIMETERS,0.41150000000000003,MILLIMETERS,1006.9,335.0,NORTH_NORTHWEST,3.0,KILOMETERS_PER_HOUR,5.0,KILOMETERS_PER_HOUR,16.0,KILOMETERS,-3.7,CELSIUS,27.3,CELSIUS,19.0,CELSIUS,0.0,MILLIMETERS,2.5377,MILLIMETERS,,,,2025-06-17 19:00:07.981000+07:00,1900
1251,153774,Bachiangchaleunsook - Champasack,Bachiangchaleunsook - Champasack,15.060355,105.897898,2025-06-17T12:02:04.888500414Z,0.0,87.0,0.0,68.0,100.0,Asia/Vientiane,https://maps.gstatic.com/weather/v1/cloudy,Cloudy,en,CLOUDY,29.8,CELSIUS,38.2,CELSIUS,27.2,CELSIUS,38.2,CELSIUS,29.8,CELSIUS,20.0,RAIN,0.0,MILLIMETERS,0.1346,MILLIMETERS,1007.33,180.0,SOUTH,5.0,KILOMETERS_PER_HOUR,7.0,KILOMETERS_PER_HOUR,16.0,KILOMETERS,0.9,CELSIUS,33.8,CELSIUS,25.6,CELSIUS,0.0,MILLIMETERS,1.9433,MILLIMETERS,,,,2025-06-17 19:00:07.981000+07:00,1900
1252,153777,"Dorntalath Secondary School - Champasack, Champasack ມັດທະຍົມ ດອນຕະລາດ","Dorntalath Secondary School - Champasack, Champasack ມັດທະຍົມ ດອນຕະລາດ",14.784126,105.819789,2025-06-17T12:02:06.202931715Z,0.0,85.0,0.0,0.0,100.0,Asia/Vientiane,https://maps.gstatic.com/weather/v1/cloudy,Cloudy,en,CLOUDY,29.1,CELSIUS,36.1,CELSIUS,26.7,CELSIUS,36.1,CELSIUS,29.1,CELSIUS,10.0,RAIN,0.0,MILLIMETERS,0.025400000000000002,MILLIMETERS,1008.0,225.0,SOUTHWEST,3.0,KILOMETERS_PER_HOUR,6.0,KILOMETERS_PER_HOUR,16.0,KILOMETERS,0.8,CELSIUS,33.1,CELSIUS,25.2,CELSIUS,0.0,MILLIMETERS,4.12,MILLIMETERS,,,,2025-06-17 19:00:07.981000+07:00,1900
1253,153789,"Sukhuma Secondary School - Sukhuma, Champasack ມັດທະຍົມ ສຸຂຸມາ","Sukhuma Secondary School - Sukhuma, Champasack ມັດທະຍົມ ສຸຂຸມາ",14.649459,105.804529,2025-06-17T12:02:07.470720445Z,0.0,85.0,0.0,0.0,100.0,Asia/Vientiane,https://maps.gstatic.com/weather/v1/cloudy,Cloudy,en,CLOUDY,29.1,CELSIUS,36.1,CELSIUS,26.7,CELSIUS,36.1,CELSIUS,29.1,CELSIUS,10.0,RAIN,0.0,MILLIMETERS,0.025400000000000002,MILLIMETERS,1008.0,225.0,SOUTHWEST,3.0,KILOMETERS_PER_HOUR,6.0,KILOMETERS_PER_HOUR,16.0,KILOMETERS,0.8,CELSIUS,33.1,CELSIUS,25.2,CELSIUS,0.0,MILLIMETERS,4.12,MILLIMETERS,,,,2025-06-17 19:00:07.981000+07:00,1900
1254,153790,Khong - Champasack,Khong - Champasack,14.048226,105.896012,2025-06-17T12:02:08.737194771Z,0.0,85.0,0.0,70.0,100.0,Asia/Vientiane,https://maps.gstatic.com/weather/v1/cloudy,Cloudy,en,CLOUDY,29.4,CELSIUS,37.0,CELSIUS,26.9,CELSIUS,37.0,CELSIUS,29.4,CELSIUS,20.0,RAIN,0.0,MILLIMETERS,0.0813,MILLIMETERS,1007.04,225.0,SOUTHWEST,5.0,KILOMETERS_PER_HOUR,11.0,KILOMETERS_PER_HOUR,16.0,KILOMETERS,0.0,CELSIUS,33.1,CELSIUS,25.6,CELSIUS,0.0,MILLIMETERS,9.6371,MILLIMETERS,,,,2025-06-17 19:00:07.981000+07:00,1900
1255,153866,Samakkhixay - Attapeu,Samakkhixay - Attapeu,14.812678,106.829211,2025-06-17T12:02:10.003100537Z,0.0,83.0,0.0,60.0,100.0,Asia/Vientiane,https://maps.gstatic.com/weather/v1/cloudy,Cloudy,en,CLOUDY,29.0,CELSIUS,35.2,CELSIUS,25.7,CELSIUS,35.2,CELSIUS,29.0,CELSIUS,21.0,RAIN,0.0,MILLIMETERS,0.0152,MILLIMETERS,1007.33,203.0,SOUTH_SOUTHWEST,5.0,KILOMETERS_PER_HOUR,10.0,KILOMETERS_PER_HOUR,16.0,KILOMETERS,0.9,CELSIUS,32.9,CELSIUS,24.4,CELSIUS,0.0,MILLIMETERS,7.9499,MILLIMETERS,,,,2025-06-17 19:00:07.981000+07:00,1900
1301,156307,UNICEF Lao PDR CO,UNICEF Lao PDR CO,17.9376508179,102.617231896,2025-06-17T12:02:11.274806104Z,0.0,81.0,0.0,60.0,100.0,Asia/Vientiane,https://maps.gstatic.com/weather/v1/cloudy,Cloudy,en,CLOUDY,24.9,CELSIUS,27.0,CELSIUS,21.3,CELSIUS,27.0,CELSIUS,24.9,CELSIUS,20.0,RAIN,0.0,MILLIMETERS,0.3683,MILLIMETERS,1006.18,0.0,NORTH,3.0,KILOMETERS_PER_HOUR,11.0,KILOMETERS_PER_HOUR,16.0,KILOMETERS,-4.8,CELSIUS,34.1,CELSIUS,24.4,CELSIUS,0.0,MILLIMETERS,3.4521,MILLIMETERS,,,,2025-06-17 19:00:07.981000+07:00,1900
1086,90402,"Sathit Secondary School - Xaythani, Vientiane Capital ມັດທະຍົມ ສາທິດ","Sathit Secondary School - Xaythani, Vientiane Capital ມັດທະຍົມ ສາທິດ",18.035248,102.63994,2025-06-17T13:00:15.743527696Z,0.0,79.0,0.0,50.0,100.0,Asia/Vientiane,https://maps.gstatic.com/weather/v1/cloudy,Cloudy,en,CLOUDY,25.6,CELSIUS,27.8,CELSIUS,21.6,CELSIUS,27.8,CELSIUS,25.6,CELSIUS,20.0,RAIN,0.0,MILLIMETERS,0.0,MILLIMETERS,1007.1,0.0,NORTH,3.0,KILOMETERS_PER_HOUR,6.0,KILOMETERS_PER_HOUR,16.0,KILOMETERS,-3.2,CELSIUS,34.1,CELSIUS,24.4,CELSIUS,0.0,MILLIMETERS,2.8857,MILLIMETERS,,,,2025-06-17 20:00:11.619000+07:00,2000
1087,90410,"Naxaithong Secondary School - Naxaithong, Vientiane Capital ມັດທະຍົມ ນາຊາຍທອງ","Naxaithong Secondary School - Naxaithong, Vientiane Capital ມັດທະຍົມ ນາຊາຍທອງ",18.068595,102.535866,2025-06-17T13:00:17.024028052Z,0.0,78.0,0.0,50.0,100.0,Asia/Vientiane,https://maps.gstatic.com/weather/v1/cloudy,Cloudy,en,CLOUDY,25.7,CELSIUS,27.9,CELSIUS,21.6,CELSIUS,27.9,CELSIUS,25.7,CELSIUS,20.0,RAIN,0.0,MILLIMETERS,0.0,MILLIMETERS,1007.08,0.0,NORTH,3.0,KILOMETERS_PER_HOUR,6.0,KILOMETERS_PER_HOUR,16.0,KILOMETERS,-3.2,CELSIUS,33.9,CELSIUS,24.1,CELSIUS,0.0,MILLIMETERS,3.2031,MILLIMETERS,,,,2025-06-17 20:00:11.619000+07:00,2000
1088,90411,d83bda1bc98c Phongsaly - Phongsaly,d83bda1bc98c Phongsaly - Phongsaly,21.695,102.085,2025-06-17T13:00:18.305957100Z,0.0,87.0,0.0,20.0,100.0,Asia/Vientiane,https://maps.gstatic.com/weather/v1/cloudy,Cloudy,en,CLOUDY,23.8,CELSIUS,25.9,CELSIUS,21.5,CELSIUS,25.9,CELSIUS,23.8,CELSIUS,20.0,RAIN,0.0,MILLIMETERS,0.3124,MILLIMETERS,1006.95,135.0,SOUTHEAST,2.0,KILOMETERS_PER_HOUR,3.0,KILOMETERS_PER_HOUR,16.0,KILOMETERS,1.7,CELSIUS,26.6,CELSIUS,20.3,CELSIUS,0.0,MILLIMETERS,16.3778,MILLIMETERS,,,,2025-06-17 20:00:11.619000+07:00,2000
1089,90412,May - Phongsaly,May - Phongsaly,21.172583,102.722705,2025-06-17T13:00:19.579359247Z,0.0,77.0,0.0,20.0,100.0,Asia/Vientiane,https://maps.gstatic.com/weather/v1/drizzle,Light rain,en,LIGHT_RAIN,23.0,CELSIUS,24.9,CELSIUS,18.9,CELSIUS,24.9,CELSIUS,23.0,CELSIUS,25.0,RAIN,0.0,MILLIMETERS,0.29460000000000003,MILLIMETERS,1008.16,215.0,SOUTHWEST,5.0,KILOMETERS_PER_HOUR,13.0,KILOMETERS_PER_HOUR,16.0,KILOMETERS,2.1,CELSIUS,27.2,CELSIUS,19.9,CELSIUS,0.0,MILLIMETERS,11.948,MILLIMETERS,,,,2025-06-17 20:00:11.619000+07:00,2000
1090,90413,"Natoon Secondary School - Khua, Phongsaly ມັດທະຍົມສົມບູນ ນາຕູ່ນ","Natoon Secondary School - Khua, Phongsaly ມັດທະຍົມສົມບູນ ນາຕູ່ນ",21.078865,102.505833,2025-06-17T13:00:20.858048052Z,0.0,80.0,0.0,20.0,100.0,Asia/Vientiane,https://maps.gstatic.com/weather/v1/drizzle,Light rain,en,LIGHT_RAIN,22.2,CELSIUS,24.0,CELSIUS,18.4,CELSIUS,24.0,CELSIUS,22.2,CELSIUS,45.0,RAIN,0.0,MILLIMETERS,0.0,MILLIMETERS,1007.69,195.0,SOUTH_SOUTHWEST,6.0,KILOMETERS_PER_HOUR,13.0,KILOMETERS_PER_HOUR,16.0,KILOMETERS,0.9,CELSIUS,27.0,CELSIUS,19.8,CELSIUS,0.0,MILLIMETERS,5.6873000000000005,MILLIMETERS,,,,2025-06-17 20:00:11.619000+07:00,2000
1091,90414,"Naxay Secondary School - Samphanh, Phongsaly ມັດທະຍົມສົມບູນ ນາໄຊ","Naxay Secondary School - Samphanh, Phongsaly ມັດທະຍົມສົມບູນ ນາໄຊ",21.346014,102.349329,2025-06-17T13:00:22.145431565Z,0.0,93.0,0.0,20.0,100.0,Asia/Vientiane,https://maps.gstatic.com/weather/v1/drizzle,Light rain,en,LIGHT_RAIN,13.5,CELSIUS,16.4,CELSIUS,12.4,CELSIUS,16.4,CELSIUS,13.5,CELSIUS,40.0,RAIN,0.0,MILLIMETERS,0.09910000000000001,MILLIMETERS,1007.8,190.0,SOUTH,8.0,KILOMETERS_PER_HOUR,19.0,KILOMETERS_PER_HOUR,13.0,KILOMETERS,1.7,CELSIUS,16.0,CELSIUS,10.8,CELSIUS,0.0,MILLIMETERS,13.4547,MILLIMETERS,,,,2025-06-17 20:00:11.619000+07:00,2000
1092,90419,"Long Secondary School - Long, LuangNamtha ມັດທະຍົມສົມບູນ ເມືອງລອງ","Long Secondary School - Long, LuangNamtha ມັດທະຍົມສົມບູນ ເມືອງລອງ",20.962029,100.82109,2025-06-17T13:00:23.415986055Z,0.0,90.0,0.0,20.0,100.0,Asia/Vientiane,https://maps.gstatic.com/weather/v1/cloudy,Cloudy,en,CLOUDY,23.2,CELSIUS,25.4,CELSIUS,21.6,CELSIUS,25.4,CELSIUS,23.2,CELSIUS,25.0,RAIN,0.0,MILLIMETERS,0.1626,MILLIMETERS,1008.01,203.0,SOUTH_SOUTHWEST,6.0,KILOMETERS_PER_HOUR,11.0,KILOMETERS_PER_HOUR,16.0,KILOMETERS,0.30000000000000004,CELSIUS,27.2,CELSIUS,21.9,CELSIUS,0.0,MILLIMETERS,6.3756,MILLIMETERS,,,,2025-06-17 20:00:11.619000+07:00,2000
1093,90421,"Sing Secondary School - Sing, LuangNamtha ມັດທະຍົມສົມບູນ ເມືອງສິງ","Sing Secondary School - Sing, LuangNamtha ມັດທະຍົມສົມບູນ ເມືອງສິງ",21.190223,101.144937,2025-06-17T13:00:24.654076934Z,0.0,90.0,0.0,20.0,100.0,Asia/Vientiane,https://maps.gstatic.com/weather/v1/cloudy,Cloudy,en,CLOUDY,23.2,CELSIUS,25.4,CELSIUS,21.6,CELSIUS,25.4,CELSIUS,23.2,CELSIUS,25.0,RAIN,0.0,MILLIMETERS,0.1626,MILLIMETERS,1008.01,203.0,SOUTH_SOUTHWEST,6.0,KILOMETERS_PER_HOUR,11.0,KILOMETERS_PER_HOUR,16.0,KILOMETERS,0.30000000000000004,CELSIUS,27.2,CELSIUS,21.9,CELSIUS,0.0,MILLIMETERS,6.3756,MILLIMETERS,,,,2025-06-17 20:00:11.619000+07:00,2000
1094,90424,"La Secondary School - La, Oudomxai ມັດທະຍົມສົມບູນ ເມືອງຫລາ","La Secondary School - La, Oudomxai ມັດທະຍົມສົມບູນ ເມືອງຫລາ",20.870865,102.110246,2025-06-17T13:00:25.903197462Z,0.0,80.0,0.0,20.0,100.0,Asia/Vientiane,https://maps.gstatic.com/weather/v1/drizzle,Light rain,en,LIGHT_RAIN,22.8,CELSIUS,24.7,CELSIUS,19.0,CELSIUS,24.7,CELSIUS,22.8,CELSIUS,45.0,RAIN,0.0,MILLIMETERS,0.0,MILLIMETERS,1007.69,195.0,SOUTH_SOUTHWEST,6.0,KILOMETERS_PER_HOUR,13.0,KILOMETERS_PER_HOUR,16.0,KILOMETERS,0.9,CELSIUS,27.6,CELSIUS,20.5,CELSIUS,0.0,MILLIMETERS,5.6873000000000005,MILLIMETERS,,,,2025-06-17 20:00:11.619000+07:00,2000
1095,90425,"Namor Secondary School - Namor, Oudomxay ມັດທະຍົມ ເມືອງນາໝໍ້","Namor Secondary School - Namor, Oudomxay ມັດທະຍົມ ເມືອງນາໝໍ້",20.914061,101.764456,2025-06-17T13:00:27.173739814Z,0.0,90.0,0.0,30.0,100.0,Asia/Vientiane,https://maps.gstatic.com/weather/v1/drizzle,Light rain,en,LIGHT_RAIN,22.2,CELSIUS,24.4,CELSIUS,20.3,CELSIUS,24.4,CELSIUS,22.2,CELSIUS,35.0,RAIN,0.0,MILLIMETERS,0.1956,MILLIMETERS,1007.98,225.0,SOUTHWEST,8.0,KILOMETERS_PER_HOUR,14.0,KILOMETERS_PER_HOUR,16.0,KILOMETERS,0.5,CELSIUS,27.9,CELSIUS,20.8,CELSIUS,0.0,MILLIMETERS,9.2507,MILLIMETERS,,,,2025-06-17 20:00:11.619000+07:00,2000
1096,90426,Nga - Oudomxai,Nga - Oudomxai,20.282849,101.973769,2025-06-17T13:00:28.441844188Z,0.0,69.0,0.0,20.0,100.0,Asia/Vientiane,https://maps.gstatic.com/weather/v1/cloudy,Cloudy,en,CLOUDY,27.5,CELSIUS,29.5,CELSIUS,21.2,CELSIUS,29.5,CELSIUS,27.5,CELSIUS,20.0,RAIN,0.0,MILLIMETERS,0.0762,MILLIMETERS,1006.65,235.0,SOUTHWEST,8.0,KILOMETERS_PER_HOUR,16.0,KILOMETERS_PER_HOUR,16.0,KILOMETERS,0.9,CELSIUS,31.3,CELSIUS,24.4,CELSIUS,0.0,MILLIMETERS,7.9453000000000005,MILLIMETERS,,,,2025-06-17 20:00:11.619000+07:00,2000
1097,90427,Beng - Oudomxai,Beng - Oudomxai,20.296295,101.639666,2025-06-17T13:00:29.710048940Z,0.0,83.0,0.0,20.0,100.0,Asia/Vientiane,https://maps.gstatic.com/weather/v1/cloudy,Cloudy,en,CLOUDY,24.9,CELSIUS,27.2,CELSIUS,21.8,CELSIUS,27.2,CELSIUS,24.9,CELSIUS,20.0,RAIN,0.0,MILLIMETERS,0.09910000000000001,MILLIMETERS,1008.04,203.0,SOUTH_SOUTHWEST,6.0,KILOMETERS_PER_HOUR,11.0,KILOMETERS_PER_HOUR,16.0,KILOMETERS,0.8,CELSIUS,29.2,CELSIUS,22.9,CELSIUS,0.0,MILLIMETERS,3.6955,MILLIMETERS,,,,2025-06-17 20:00:11.619000+07:00,2000
1098,90428,"Hoon Secondary School - Hoon, Oudomxay ມັດທະຍົມ ເມືອງຮຸນ","Hoon Secondary School - Hoon, Oudomxay ມັດທະຍົມ ເມືອງຮຸນ",20.146431,101.467765,2025-06-17T13:00:30.971517061Z,0.0,83.0,0.0,20.0,100.0,Asia/Vientiane,https://maps.gstatic.com/weather/v1/cloudy,Cloudy,en,CLOUDY,24.9,CELSIUS,27.2,CELSIUS,21.8,CELSIUS,27.2,CELSIUS,24.9,CELSIUS,20.0,RAIN,0.0,MILLIMETERS,0.09910000000000001,MILLIMETERS,1008.04,203.0,SOUTH_SOUTHWEST,6.0,KILOMETERS_PER_HOUR,11.0,KILOMETERS_PER_HOUR,16.0,KILOMETERS,0.8,CELSIUS,29.2,CELSIUS,22.9,CELSIUS,0.0,MILLIMETERS,3.6955,MILLIMETERS,,,,2025-06-17 20:00:11.619000+07:00,2000
1099,90430,"Nampook Secondary School - Huoixai, Bokeo ມັດທະຍົມສົມບູນ ນ້ຳປຸກ","Nampook Secondary School - Huoixai, Bokeo ມັດທະຍົມສົມບູນ ນ້ຳປຸກ",20.217811,100.565439,2025-06-17T13:00:32.224167055Z,0.0,90.0,0.0,30.0,100.0,Asia/Vientiane,https://maps.gstatic.com/weather/v1/drizzle,Light rain,en,LIGHT_RAIN,26.2,CELSIUS,30.0,CELSIUS,24.2,CELSIUS,30.0,CELSIUS,26.2,CELSIUS,35.0,RAIN,0.0,MILLIMETERS,1.4529,MILLIMETERS,1007.01,225.0,SOUTHWEST,3.0,KILOMETERS_PER_HOUR,5.0,KILOMETERS_PER_HOUR,16.0,KILOMETERS,0.9,CELSIUS,30.5,CELSIUS,24.2,CELSIUS,0.0,MILLIMETERS,24.7142,MILLIMETERS,,,,2025-06-17 20:00:11.619000+07:00,2000
1100,90432,Meung - Bokeo,Meung - Bokeo,20.565749,100.592003,2025-06-17T13:00:33.494518029Z,0.0,90.0,0.0,20.0,100.0,Asia/Vientiane,https://maps.gstatic.com/weather/v1/drizzle,Light rain,en,LIGHT_RAIN,22.3,CELSIUS,25.1,CELSIUS,20.5,CELSIUS,25.1,CELSIUS,22.3,CELSIUS,20.0,RAIN,0.0,MILLIMETERS,0.447,MILLIMETERS,1008.0,180.0,SOUTH,5.0,KILOMETERS_PER_HOUR,10.0,KILOMETERS_PER_HOUR,16.0,KILOMETERS,0.6000000000000001,CELSIUS,27.0,CELSIUS,20.4,CELSIUS,0.0,MILLIMETERS,13.6729,MILLIMETERS,,,,2025-06-17 20:00:11.619000+07:00,2000
1101,90433,Pha Oudom - Bokeo,Pha Oudom - Bokeo,20.086216,100.831707,2025-06-17T13:00:34.747441165Z,0.0,90.0,0.0,20.0,100.0,Asia/Vientiane,https://maps.gstatic.com/weather/v1/cloudy,Cloudy,en,CLOUDY,20.7,CELSIUS,23.2,CELSIUS,18.9,CELSIUS,23.2,CELSIUS,20.7,CELSIUS,20.0,RAIN,0.0,MILLIMETERS,0.1676,MILLIMETERS,1008.21,203.0,SOUTH_SOUTHWEST,5.0,KILOMETERS_PER_HOUR,6.0,KILOMETERS_PER_HOUR,16.0,KILOMETERS,0.8,CELSIUS,24.0,CELSIUS,18.8,CELSIUS,0.0,MILLIMETERS,11.3106,MILLIMETERS,,,,2025-06-17 20:00:11.619000+07:00,2000
1102,90434,Paktha - Bokeo,Paktha - Bokeo,20.105423,100.597269,2025-06-17T13:00:35.996696425Z,0.0,90.0,0.0,30.0,100.0,Asia/Vientiane,https://maps.gstatic.com/weather/v1/drizzle,Light rain,en,LIGHT_RAIN,26.2,CELSIUS,30.0,CELSIUS,24.2,CELSIUS,30.0,CELSIUS,26.2,CELSIUS,35.0,RAIN,0.0,MILLIMETERS,1.4529,MILLIMETERS,1007.01,225.0,SOUTHWEST,3.0,KILOMETERS_PER_HOUR,5.0,KILOMETERS_PER_HOUR,16.0,KILOMETERS,0.9,CELSIUS,30.5,CELSIUS,24.2,CELSIUS,0.0,MILLIMETERS,24.7142,MILLIMETERS,,,,2025-06-17 20:00:11.619000+07:00,2000
1103,90435,"Santiphab Secondary School - Luangprabang, Luangprabang ມັດທະຍົມ ສັນຕິພາບ","Santiphab Secondary School - Luangprabang, Luangprabang ມັດທະຍົມ ສັນຕິພາບ",19.880332,102.139832,2025-06-17T13:00:37.228256890Z,0.0,63.0,0.0,20.0,100.0,Asia/Vientiane,https://maps.gstatic.com/weather/v1/cloudy,Cloudy,en,CLOUDY,27.7,CELSIUS,29.6,CELSIUS,19.9,CELSIUS,29.6,CELSIUS,27.7,CELSIUS,20.0,RAIN,0.0,MILLIMETERS,0.1321,MILLIMETERS,1006.24,250.0,WEST_SOUTHWEST,5.0,KILOMETERS_PER_HOUR,11.0,KILOMETERS_PER_HOUR,16.0,KILOMETERS,1.1,CELSIUS,33.3,CELSIUS,24.2,CELSIUS,0.0,MILLIMETERS,5.0702,MILLIMETERS,,,,2025-06-17 20:00:11.619000+07:00,2000
1104,90437,"PakXeng Secondary School - PakXeng, Luangprabang ມັດທະຍົມສົມບູນ ປາກແຊງ","PakXeng Secondary School - PakXeng, Luangprabang ມັດທະຍົມສົມບູນ ປາກແຊງ",20.174492,102.675657,2025-06-17T13:00:38.466950195Z,0.0,77.0,0.0,0.0,100.0,Asia/Vientiane,https://maps.gstatic.com/weather/v1/cloudy,Cloudy,en,CLOUDY,21.2,CELSIUS,23.1,CELSIUS,17.0,CELSIUS,23.1,CELSIUS,21.2,CELSIUS,10.0,RAIN,0.0,MILLIMETERS,0.0,MILLIMETERS,1007.21,135.0,SOUTHEAST,2.0,KILOMETERS_PER_HOUR,8.0,KILOMETERS_PER_HOUR,16.0,KILOMETERS,1.7,CELSIUS,26.8,CELSIUS,18.0,CELSIUS,0.0,MILLIMETERS,7.7523,MILLIMETERS,,,,2025-06-17 20:00:11.619000+07:00,2000
1105,90438,"Phonxay Secpondary School - Phonxay, Luangprabang ມັດທະຍົມສົມບູນ ເມືອງໂພນໄຊ","Phonxay Secpondary School - Phonxay, Luangprabang ມັດທະຍົມສົມບູນ ເມືອງໂພນໄຊ",19.958916,102.572347,,,,,,,,,,,,,,,,,,,,,,,,,,,,,,,,,,,,,,,,,,,,,,,404.0,Information is not supported for this location. Please try a different location.,NOT_FOUND,2025-06-17 20:00:11.619000+07:00,2000
1106,90440,"Vangxieng Secondary School - Phonthong, Luangprabang ມັດທະຍົມ ວັງຊຽງ","Vangxieng Secondary School - Phonthong, Luangprabang ມັດທະຍົມ ວັງຊຽງ",20.737745,103.073231,2025-06-17T13:00:40.939893074Z,0.0,77.0,0.0,20.0,100.0,Asia/Vientiane,https://maps.gstatic.com/weather/v1/drizzle,Light rain,en,LIGHT_RAIN,23.7,CELSIUS,25.6,CELSIUS,19.5,CELSIUS,25.6,CELSIUS,23.7,CELSIUS,25.0,RAIN,0.0,MILLIMETERS,0.29460000000000003,MILLIMETERS,1008.16,215.0,SOUTHWEST,5.0,KILOMETERS_PER_HOUR,13.0,KILOMETERS_PER_HOUR,16.0,KILOMETERS,2.1,CELSIUS,27.9,CELSIUS,20.5,CELSIUS,0.0,MILLIMETERS,11.948,MILLIMETERS,,,,2025-06-17 20:00:11.619000+07:00,2000
1107,90441,"Kiwkachum Secondary School - XiengNgeun, Luangprabang ມັດທະຍົມ ກິ່ວກະຈຳ","Kiwkachum Secondary School - XiengNgeun, Luangprabang ມັດທະຍົມ ກິ່ວກະຈຳ",19.555,102.234,2025-06-17T13:00:41.197728550Z,0.0,85.0,0.0,20.0,100.0,Asia/Vientiane,https://maps.gstatic.com/weather/v1/cloudy,Cloudy,en,CLOUDY,21.6,CELSIUS,25.5,CELSIUS,19.0,CELSIUS,25.5,CELSIUS,21.6,CELSIUS,25.0,RAIN,0.0,MILLIMETERS,0.3683,MILLIMETERS,1009.15,180.0,SOUTH,6.0,KILOMETERS_PER_HOUR,19.0,KILOMETERS_PER_HOUR,16.0,KILOMETERS,-2.1,CELSIUS,30.0,CELSIUS,20.6,CELSIUS,0.0,MILLIMETERS,8.2377,MILLIMETERS,,,,2025-06-17 20:00:11.619000+07:00,2000
1108,90442,"Nan Secondary School - Nan, Luangprabang ມັດທະຍົມ ເມືອງນານ","Nan Secondary School - Nan, Luangprabang ມັດທະຍົມ ເມືອງນານ",19.498539,101.883867,2025-06-17T13:00:42.473378935Z,0.0,89.0,0.0,30.0,100.0,Asia/Vientiane,https://maps.gstatic.com/weather/v1/cloudy,Cloudy,en,CLOUDY,20.5,CELSIUS,23.0,CELSIUS,18.6,CELSIUS,23.0,CELSIUS,20.5,CELSIUS,25.0,RAIN,0.0,MILLIMETERS,0.4318,MILLIMETERS,1008.42,225.0,SOUTHWEST,5.0,KILOMETERS_PER_HOUR,10.0,KILOMETERS_PER_HOUR,16.0,KILOMETERS,0.4,CELSIUS,26.3,CELSIUS,19.1,CELSIUS,0.0,MILLIMETERS,10.4372,MILLIMETERS,,,,2025-06-17 20:00:11.619000+07:00,2000
1109,90447,Xamneua - Houaphan,Xamneua - Houaphan,20.413807,104.050733,2025-06-17T13:00:43.765205723Z,0.0,73.0,0.0,0.0,100.0,Asia/Vientiane,https://maps.gstatic.com/weather/v1/cloudy,Cloudy,en,CLOUDY,24.1,CELSIUS,25.8,CELSIUS,19.0,CELSIUS,25.8,CELSIUS,24.1,CELSIUS,10.0,RAIN,0.0,MILLIMETERS,0.0,MILLIMETERS,1007.21,250.0,WEST_SOUTHWEST,5.0,KILOMETERS_PER_HOUR,16.0,KILOMETERS_PER_HOUR,16.0,KILOMETERS,2.9,CELSIUS,30.4,CELSIUS,20.3,CELSIUS,0.0,MILLIMETERS,3.7442,MILLIMETERS,,,,2025-06-17 20:00:11.619000+07:00,2000
1110,90449,"BouamNgam Secondary School - Huameuang, Houaphan  ມັດທະຍົມ ບວມງາມ","BouamNgam Secondary School - Huameuang, Houaphan  ມັດທະຍົມ ບວມງາມ",20.199501,103.875166,2025-06-17T13:00:45.013640949Z,0.0,81.0,0.0,0.0,100.0,Asia/Vientiane,https://maps.gstatic.com/weather/v1/cloudy,Cloudy,en,CLOUDY,21.8,CELSIUS,24.1,CELSIUS,18.4,CELSIUS,24.1,CELSIUS,21.8,CELSIUS,10.0,RAIN,0.0,MILLIMETERS,0.0,MILLIMETERS,1008.46,180.0,SOUTH,2.0,KILOMETERS_PER_HOUR,6.0,KILOMETERS_PER_HOUR,16.0,KILOMETERS,1.4,CELSIUS,26.9,CELSIUS,19.2,CELSIUS,0.0,MILLIMETERS,5.7738,MILLIMETERS,,,,2025-06-17 20:00:11.619000+07:00,2000
1111,90450,Xamtay - Houaphan,Xamtay - Houaphan,19.999194,104.64011,2025-06-17T13:00:46.250390423Z,0.0,75.0,0.0,0.0,100.0,Asia/Vientiane,https://maps.gstatic.com/weather/v1/cloudy,Cloudy,en,CLOUDY,22.9,CELSIUS,24.7,CELSIUS,18.2,CELSIUS,24.7,CELSIUS,22.9,CELSIUS,10.0,RAIN,0.0,MILLIMETERS,0.0,MILLIMETERS,1007.53,245.0,WEST_SOUTHWEST,3.0,KILOMETERS_PER_HOUR,8.0,KILOMETERS_PER_HOUR,16.0,KILOMETERS,2.2,CELSIUS,29.0,CELSIUS,19.1,CELSIUS,0.0,MILLIMETERS,3.424,MILLIMETERS,,,,2025-06-17 20:00:11.619000+07:00,2000
1112,90451,"Add Secondary School - Add, Houaphan ມັດທະຍົມ ແອດ","Add Secondary School - Add, Houaphan ມັດທະຍົມ ແອດ",20.820542,104.004618,,,,,,,,,,,,,,,,,,,,,,,,,,,,,,,,,,,,,,,,,,,,,,,404.0,Information is not supported for this location. Please try a different location.,NOT_FOUND,2025-06-17 20:00:11.619000+07:00,2000
1113,90452,Xon - Houaphan,Xon - Houaphan,20.466813,103.34797,2025-06-17T13:00:48.736371010Z,0.0,81.0,0.0,0.0,100.0,Asia/Vientiane,https://maps.gstatic.com/weather/v1/cloudy,Cloudy,en,CLOUDY,19.2,CELSIUS,21.5,CELSIUS,15.8,CELSIUS,21.5,CELSIUS,19.2,CELSIUS,10.0,RAIN,0.0,MILLIMETERS,0.0,MILLIMETERS,1008.46,180.0,SOUTH,2.0,KILOMETERS_PER_HOUR,6.0,KILOMETERS_PER_HOUR,16.0,KILOMETERS,1.4,CELSIUS,24.3,CELSIUS,16.6,CELSIUS,0.0,MILLIMETERS,5.7738,MILLIMETERS,,,,2025-06-17 20:00:11.619000+07:00,2000
1114,90453,Xiengkhor - Houaphan,Xiengkhor - Houaphan,20.813892,104.146676,,,,,,,,,,,,,,,,,,,,,,,,,,,,,,,,,,,,,,,,,,,,,,,404.0,Information is not supported for this location. Please try a different location.,NOT_FOUND,2025-06-17 20:00:11.619000+07:00,2000
1115,90454," Viengthong Secondary School - Hiem, Houaphan ມັດທະຍົມ ວຽງທອງ"," Viengthong Secondary School - Hiem, Houaphan ມັດທະຍົມ ວຽງທອງ",20.099855,103.380396,2025-06-17T13:00:51.226734241Z,0.0,81.0,0.0,0.0,100.0,Asia/Vientiane,https://maps.gstatic.com/weather/v1/cloudy,Cloudy,en,CLOUDY,19.2,CELSIUS,21.5,CELSIUS,15.8,CELSIUS,21.5,CELSIUS,19.2,CELSIUS,10.0,RAIN,0.0,MILLIMETERS,0.0,MILLIMETERS,1008.46,180.0,SOUTH,2.0,KILOMETERS_PER_HOUR,6.0,KILOMETERS_PER_HOUR,16.0,KILOMETERS,1.4,CELSIUS,24.3,CELSIUS,16.6,CELSIUS,0.0,MILLIMETERS,5.7738,MILLIMETERS,,,,2025-06-17 20:00:11.619000+07:00,2000
1116,90455,"Sopbao Secondary School - Sopbao, Houaphan ມັດທະຍົມ ສົບເບົາ","Sopbao Secondary School - Sopbao, Houaphan ມັດທະຍົມ ສົບເບົາ",20.710206,104.384946,2025-06-17T13:00:52.499489627Z,0.0,73.0,0.0,0.0,100.0,Asia/Vientiane,https://maps.gstatic.com/weather/v1/cloudy,Cloudy,en,CLOUDY,20.2,CELSIUS,21.9,CELSIUS,15.1,CELSIUS,21.9,CELSIUS,20.2,CELSIUS,10.0,RAIN,0.0,MILLIMETERS,0.0,MILLIMETERS,1007.21,250.0,WEST_SOUTHWEST,5.0,KILOMETERS_PER_HOUR,16.0,KILOMETERS_PER_HOUR,16.0,KILOMETERS,2.9,CELSIUS,26.5,CELSIUS,16.4,CELSIUS,0.0,MILLIMETERS,3.7442,MILLIMETERS,,,,2025-06-17 20:00:11.619000+07:00,2000
1117,90456,"Kuan Secondary School - Kuan, Houaphan ມັດທະຍົມສົມບູນ ກັວນ","Kuan Secondary School - Kuan, Houaphan ມັດທະຍົມສົມບູນ ກັວນ",19.835863,104.561303,2025-06-17T13:00:53.757642865Z,0.0,75.0,0.0,0.0,100.0,Asia/Vientiane,https://maps.gstatic.com/weather/v1/cloudy,Cloudy,en,CLOUDY,24.2,CELSIUS,26.0,CELSIUS,19.5,CELSIUS,26.0,CELSIUS,24.2,CELSIUS,10.0,RAIN,0.0,MILLIMETERS,0.0,MILLIMETERS,1007.53,245.0,WEST_SOUTHWEST,3.0,KILOMETERS_PER_HOUR,8.0,KILOMETERS_PER_HOUR,16.0,KILOMETERS,2.2,CELSIUS,30.3,CELSIUS,20.4,CELSIUS,0.0,MILLIMETERS,3.424,MILLIMETERS,,,,2025-06-17 20:00:11.619000+07:00,2000
1118,90457,"Khob Secondary School - Khob, Xayabouli ມັດທະຍົມ ເມືອງຄອບ","Khob Secondary School - Khob, Xayabouli ມັດທະຍົມ ເມືອງຄອບ",19.699713,100.5572,2025-06-17T13:00:55.212822400Z,0.0,89.0,0.0,20.0,100.0,Asia/Vientiane,https://maps.gstatic.com/weather/v1/cloudy,Cloudy,en,CLOUDY,25.4,CELSIUS,28.4,CELSIUS,23.3,CELSIUS,28.4,CELSIUS,25.4,CELSIUS,25.0,RAIN,0.0,MILLIMETERS,0.7163,MILLIMETERS,1007.9,158.0,SOUTH_SOUTHEAST,11.0,KILOMETERS_PER_HOUR,21.0,KILOMETERS_PER_HOUR,16.0,KILOMETERS,0.0,CELSIUS,30.1,CELSIUS,23.7,CELSIUS,0.0,MILLIMETERS,15.4939,MILLIMETERS,,,,2025-06-17 20:00:11.619000+07:00,2000
1119,90458,"Hongsa Secondary School - Hongsa, Xaignabouly ມັດທະຍົມສົມບູນ ຫົງສາ","Hongsa Secondary School - Hongsa, Xaignabouly ມັດທະຍົມສົມບູນ ຫົງສາ",19.70693,101.342893,2025-06-17T13:00:56.473648866Z,0.0,89.0,0.0,30.0,100.0,Asia/Vientiane,https://maps.gstatic.com/weather/v1/cloudy,Cloudy,en,CLOUDY,21.8,CELSIUS,24.3,CELSIUS,19.9,CELSIUS,24.3,CELSIUS,21.8,CELSIUS,25.0,RAIN,0.0,MILLIMETERS,0.4318,MILLIMETERS,1008.42,225.0,SOUTHWEST,5.0,KILOMETERS_PER_HOUR,10.0,KILOMETERS_PER_HOUR,16.0,KILOMETERS,0.4,CELSIUS,27.6,CELSIUS,20.4,CELSIUS,0.0,MILLIMETERS,10.4372,MILLIMETERS,,,,2025-06-17 20:00:11.619000+07:00,2000
1120,90459,Phiang - Xaignabouly,Phiang - Xaignabouly,19.094645,101.529558,2025-06-17T13:00:57.715510622Z,0.0,80.0,0.0,0.0,100.0,Asia/Vientiane,https://maps.gstatic.com/weather/v1/cloudy,Cloudy,en,CLOUDY,26.2,CELSIUS,28.9,CELSIUS,22.7,CELSIUS,28.9,CELSIUS,26.2,CELSIUS,10.0,RAIN,0.0,MILLIMETERS,0.09910000000000001,MILLIMETERS,1008.08,180.0,SOUTH,5.0,KILOMETERS_PER_HOUR,10.0,KILOMETERS_PER_HOUR,16.0,KILOMETERS,-0.2,CELSIUS,32.2,CELSIUS,23.7,CELSIUS,0.0,MILLIMETERS,5.2172,MILLIMETERS,,,,2025-06-17 20:00:11.619000+07:00,2000
1121,90463,"Ekaphab Secondary School - Xayabury, Xayabury ມັດທະຍົມ ເອກະພາບ","Ekaphab Secondary School - Xayabury, Xayabury ມັດທະຍົມ ເອກະພາບ",19.237566,101.714751,2025-06-17T13:00:59.070652097Z,0.0,81.0,0.0,0.0,100.0,Asia/Vientiane,https://maps.gstatic.com/weather/v1/cloudy,Cloudy,en,CLOUDY,26.3,CELSIUS,29.2,CELSIUS,22.7,CELSIUS,29.2,CELSIUS,26.3,CELSIUS,10.0,RAIN,0.0,MILLIMETERS,0.127,MILLIMETERS,1007.15,158.0,SOUTH_SOUTHEAST,5.0,KILOMETERS_PER_HOUR,8.0,KILOMETERS_PER_HOUR,16.0,KILOMETERS,0.1,CELSIUS,32.1,CELSIUS,24.8,CELSIUS,0.0,MILLIMETERS,2.1158,MILLIMETERS,,,,2025-06-17 20:00:11.619000+07:00,2000
1122,90465,Xienghone - Xaignabouly ,Xienghone - Xaignabouly ,19.631763,100.814901,2025-06-17T13:01:00.344932460Z,0.0,90.0,0.0,20.0,100.0,Asia/Vientiane,https://maps.gstatic.com/weather/v1/cloudy,Cloudy,en,CLOUDY,22.1,CELSIUS,24.7,CELSIUS,20.2,CELSIUS,24.7,CELSIUS,22.1,CELSIUS,20.0,RAIN,0.0,MILLIMETERS,0.4572,MILLIMETERS,1008.3,225.0,SOUTHWEST,6.0,KILOMETERS_PER_HOUR,13.0,KILOMETERS_PER_HOUR,16.0,KILOMETERS,0.2,CELSIUS,26.8,CELSIUS,20.2,CELSIUS,0.0,MILLIMETERS,8.1076,MILLIMETERS,,,,2025-06-17 20:00:11.619000+07:00,2000
1123,90466,"Kenethao Secondary School - Kenethao, Xayabury ມັດທະຍົມສົມບຸນ ແກ່ນທ້າວ","Kenethao Secondary School - Kenethao, Xayabury ມັດທະຍົມສົມບຸນ ແກ່ນທ້າວ",17.740569,101.403471,2025-06-17T13:01:01.635285438Z,0.0,77.0,0.0,0.0,100.0,Asia/Vientiane,https://maps.gstatic.com/weather/v1/cloudy,Cloudy,en,CLOUDY,28.0,CELSIUS,31.8,CELSIUS,23.3,CELSIUS,31.8,CELSIUS,28.0,CELSIUS,10.0,RAIN,0.0,MILLIMETERS,0.0,MILLIMETERS,1007.02,225.0,SOUTHWEST,6.0,KILOMETERS_PER_HOUR,10.0,KILOMETERS_PER_HOUR,16.0,KILOMETERS,-0.8,CELSIUS,32.3,CELSIUS,25.2,CELSIUS,0.0,MILLIMETERS,8.9738,MILLIMETERS,,,,2025-06-17 20:00:11.619000+07:00,2000
1124,90468,Pek - Xiengkhouang,Pek - Xiengkhouang,19.444636,103.205788,2025-06-17T13:01:03.043103360Z,0.0,70.0,0.0,30.0,100.0,Asia/Vientiane,https://maps.gstatic.com/weather/v1/cloudy,Cloudy,en,CLOUDY,22.7,CELSIUS,24.8,CELSIUS,16.8,CELSIUS,24.8,CELSIUS,22.7,CELSIUS,20.0,RAIN,0.0,MILLIMETERS,0.09910000000000001,MILLIMETERS,1009.44,200.0,SOUTH_SOUTHWEST,8.0,KILOMETERS_PER_HOUR,18.0,KILOMETERS_PER_HOUR,16.0,KILOMETERS,0.0,CELSIUS,28.8,CELSIUS,20.1,CELSIUS,0.0,MILLIMETERS,7.158,MILLIMETERS,,,,2025-06-17 20:00:11.619000+07:00,2000
1125,90469,Nonghed - Xiengkhouang,Nonghed - Xiengkhouang,19.49661,103.986121,,,,,,,,,,,,,,,,,,,,,,,,,,,,,,,,,,,,,,,,,,,,,,,404.0,Information is not supported for this location. Please try a different location.,NOT_FOUND,2025-06-17 20:00:11.619000+07:00,2000
1126,90471,"Napa Secondary School - Kham, Xiengkhouang ມັດທະຍົມ ນາປາ","Napa Secondary School - Kham, Xiengkhouang ມັດທະຍົມ ນາປາ",19.590573,103.662369,2025-06-17T13:01:05.501563438Z,0.0,69.0,0.0,0.0,100.0,Asia/Vientiane,https://maps.gstatic.com/weather/v1/cloudy,Cloudy,en,CLOUDY,25.4,CELSIUS,27.0,CELSIUS,19.4,CELSIUS,27.0,CELSIUS,25.4,CELSIUS,10.0,RAIN,0.0,MILLIMETERS,0.0,MILLIMETERS,1007.51,270.0,WEST,2.0,KILOMETERS_PER_HOUR,2.0,KILOMETERS_PER_HOUR,16.0,KILOMETERS,2.4,CELSIUS,31.8,CELSIUS,20.9,CELSIUS,0.0,MILLIMETERS,3.6121,MILLIMETERS,,,,2025-06-17 20:00:11.619000+07:00,2000
1127,90472,"Chomphet Seconbdary School - Khoune, Xiengkhuang ມັດທະຍົມ ຈອມເພັດ","Chomphet Seconbdary School - Khoune, Xiengkhuang ມັດທະຍົມ ຈອມເພັດ",19.340999,103.371433,2025-06-17T13:01:06.738942439Z,0.0,70.0,0.0,30.0,100.0,Asia/Vientiane,https://maps.gstatic.com/weather/v1/cloudy,Cloudy,en,CLOUDY,22.7,CELSIUS,24.8,CELSIUS,16.8,CELSIUS,24.8,CELSIUS,22.7,CELSIUS,20.0,RAIN,0.0,MILLIMETERS,0.09910000000000001,MILLIMETERS,1009.45,200.0,SOUTH_SOUTHWEST,8.0,KILOMETERS_PER_HOUR,18.0,KILOMETERS_PER_HOUR,16.0,KILOMETERS,0.0,CELSIUS,28.8,CELSIUS,20.1,CELSIUS,0.0,MILLIMETERS,7.158,MILLIMETERS,,,,2025-06-17 20:00:11.619000+07:00,2000
1128,90474,"Lardkhai Secondary School - Phaxay, Xiengkhouang ມັດທະຍົມ ລາດຄ້າຍ","Lardkhai Secondary School - Phaxay, Xiengkhouang ມັດທະຍົມ ລາດຄ້າຍ",19.29915,103.133374,2025-06-17T13:01:07.988108593Z,0.0,70.0,0.0,30.0,100.0,Asia/Vientiane,https://maps.gstatic.com/weather/v1/cloudy,Cloudy,en,CLOUDY,22.7,CELSIUS,24.8,CELSIUS,16.8,CELSIUS,24.8,CELSIUS,22.7,CELSIUS,20.0,RAIN,0.0,MILLIMETERS,0.09910000000000001,MILLIMETERS,1009.45,200.0,SOUTH_SOUTHWEST,8.0,KILOMETERS_PER_HOUR,18.0,KILOMETERS_PER_HOUR,16.0,KILOMETERS,0.0,CELSIUS,28.8,CELSIUS,20.1,CELSIUS,0.0,MILLIMETERS,7.158,MILLIMETERS,,,,2025-06-17 20:00:11.619000+07:00,2000
1129,90475,Phonhong - Vientiane,Phonhong - Vientiane,18.350024,102.42424,2025-06-17T13:01:09.248576955Z,0.0,82.0,0.0,40.0,100.0,Asia/Vientiane,https://maps.gstatic.com/weather/v1/cloudy,Cloudy,en,CLOUDY,24.7,CELSIUS,26.8,CELSIUS,21.4,CELSIUS,26.8,CELSIUS,24.7,CELSIUS,20.0,RAIN,0.0,MILLIMETERS,0.20070000000000002,MILLIMETERS,1007.42,20.0,NORTH_NORTHEAST,5.0,KILOMETERS_PER_HOUR,8.0,KILOMETERS_PER_HOUR,16.0,KILOMETERS,-3.4,CELSIUS,34.3,CELSIUS,23.0,CELSIUS,0.0,MILLIMETERS,8.2732,MILLIMETERS,,,,2025-06-17 20:00:11.619000+07:00,2000
1130,90476,"Kasy Secondary School - Kasy, Vientiane Province ມັດທະຍົມສົມບູນ ກາສີ","Kasy Secondary School - Kasy, Vientiane Province ມັດທະຍົມສົມບູນ ກາສີ",19.225034,102.25219,2025-06-17T13:01:10.521283810Z,0.0,83.0,0.0,30.0,100.0,Asia/Vientiane,https://maps.gstatic.com/weather/v1/drizzle,Light rain,en,LIGHT_RAIN,22.7,CELSIUS,24.9,CELSIUS,19.7,CELSIUS,24.9,CELSIUS,22.7,CELSIUS,25.0,RAIN,0.0,MILLIMETERS,0.6833,MILLIMETERS,1008.64,45.0,NORTHEAST,2.0,KILOMETERS_PER_HOUR,3.0,KILOMETERS_PER_HOUR,16.0,KILOMETERS,-3.1,CELSIUS,30.2,CELSIUS,21.9,CELSIUS,0.0,MILLIMETERS,18.5675,MILLIMETERS,,,,2025-06-17 20:00:11.619000+07:00,2000
1131,90477,"Xanakharm Secondary School - Xanakharm, Vieniane Province ມັດທະຍົມສົບຸນ ຊະນະຄາມ","Xanakharm Secondary School - Xanakharm, Vieniane Province ມັດທະຍົມສົບຸນ ຊະນະຄາມ",17.910218,101.670662,2025-06-17T13:01:11.777092147Z,0.0,82.0,0.0,0.0,100.0,Asia/Vientiane,https://maps.gstatic.com/weather/v1/cloudy,Cloudy,en,CLOUDY,27.6,CELSIUS,31.6,CELSIUS,24.2,CELSIUS,31.6,CELSIUS,27.6,CELSIUS,10.0,RAIN,0.0,MILLIMETERS,0.0025,MILLIMETERS,1007.02,225.0,SOUTHWEST,3.0,KILOMETERS_PER_HOUR,6.0,KILOMETERS_PER_HOUR,16.0,KILOMETERS,-0.5,CELSIUS,32.1,CELSIUS,25.1,CELSIUS,0.0,MILLIMETERS,7.7699,MILLIMETERS,,,,2025-06-17 20:00:11.619000+07:00,2000
1132,90478,Mad - Vientiane,Mad - Vientiane,18.448868,101.76322,2025-06-17T13:01:13.026218299Z,0.0,75.0,0.0,0.0,100.0,Asia/Vientiane,https://maps.gstatic.com/weather/v1/cloudy,Cloudy,en,CLOUDY,27.7,CELSIUS,30.9,CELSIUS,22.9,CELSIUS,30.9,CELSIUS,27.7,CELSIUS,10.0,RAIN,0.0,MILLIMETERS,0.040600000000000004,MILLIMETERS,1008.0,270.0,WEST,5.0,KILOMETERS_PER_HOUR,8.0,KILOMETERS_PER_HOUR,16.0,KILOMETERS,-0.2,CELSIUS,32.7,CELSIUS,25.0,CELSIUS,0.0,MILLIMETERS,3.5508,MILLIMETERS,,,,2025-06-17 20:00:11.619000+07:00,2000
1133,90479,"Phonmi Secondary School - Viengkham, Vientiane Province ມັດທະຍົມສົມບຸນ ໂພນໝີ","Phonmi Secondary School - Viengkham, Vientiane Province ມັດທະຍົມສົມບຸນ ໂພນໝີ",18.48451,102.485942,2025-06-17T13:01:14.308763194Z,0.0,82.0,0.0,40.0,100.0,Asia/Vientiane,https://maps.gstatic.com/weather/v1/cloudy,Cloudy,en,CLOUDY,24.7,CELSIUS,26.8,CELSIUS,21.4,CELSIUS,26.8,CELSIUS,24.7,CELSIUS,20.0,RAIN,0.0,MILLIMETERS,0.20070000000000002,MILLIMETERS,1007.42,20.0,NORTH_NORTHEAST,5.0,KILOMETERS_PER_HOUR,8.0,KILOMETERS_PER_HOUR,16.0,KILOMETERS,-3.4,CELSIUS,34.3,CELSIUS,23.0,CELSIUS,0.0,MILLIMETERS,8.2732,MILLIMETERS,,,,2025-06-17 20:00:11.619000+07:00,2000
1134,90482,"KeoKou Secondary School - KeoOudom, Vientiane Province ມັດທະຍົມສົມບູນ ແກ້ວກູ່","KeoKou Secondary School - KeoOudom, Vientiane Province ມັດທະຍົມສົມບູນ ແກ້ວກູ່",18.554884,102.502844,2025-06-17T13:01:15.560459316Z,0.0,82.0,0.0,40.0,100.0,Asia/Vientiane,https://maps.gstatic.com/weather/v1/cloudy,Cloudy,en,CLOUDY,24.7,CELSIUS,26.8,CELSIUS,21.4,CELSIUS,26.8,CELSIUS,24.7,CELSIUS,20.0,RAIN,0.0,MILLIMETERS,0.20070000000000002,MILLIMETERS,1007.42,20.0,NORTH_NORTHEAST,5.0,KILOMETERS_PER_HOUR,8.0,KILOMETERS_PER_HOUR,16.0,KILOMETERS,-3.4,CELSIUS,34.3,CELSIUS,23.0,CELSIUS,0.0,MILLIMETERS,8.2732,MILLIMETERS,,,,2025-06-17 20:00:11.619000+07:00,2000
1135,90485,Meun - Vientiane,Meun - Vientiane,18.28379,101.941138,2025-06-17T13:01:16.818657467Z,0.0,81.0,0.0,40.0,100.0,Asia/Vientiane,https://maps.gstatic.com/weather/v1/cloudy,Cloudy,en,CLOUDY,25.2,CELSIUS,27.5,CELSIUS,21.7,CELSIUS,27.5,CELSIUS,25.2,CELSIUS,20.0,RAIN,0.0,MILLIMETERS,0.09910000000000001,MILLIMETERS,1007.42,45.0,NORTHEAST,2.0,KILOMETERS_PER_HOUR,3.0,KILOMETERS_PER_HOUR,16.0,KILOMETERS,-4.0,CELSIUS,33.6,CELSIUS,23.1,CELSIUS,0.0,MILLIMETERS,5.4761,MILLIMETERS,,,,2025-06-17 20:00:11.619000+07:00,2000
1136,90487,"Thaphabath Secondary School - Thaphabath, Bolikhamxai","Thaphabath Secondary School - Thaphabath, Bolikhamxai",18.356826,103.198076,2025-06-17T13:01:18.086419128Z,0.0,80.0,0.0,40.0,100.0,Asia/Vientiane,https://maps.gstatic.com/weather/v1/cloudy,Cloudy,en,CLOUDY,27.3,CELSIUS,30.8,CELSIUS,23.5,CELSIUS,30.8,CELSIUS,27.3,CELSIUS,20.0,RAIN,0.0,MILLIMETERS,0.0,MILLIMETERS,1007.2,315.0,NORTHWEST,2.0,KILOMETERS_PER_HOUR,3.0,KILOMETERS_PER_HOUR,16.0,KILOMETERS,-1.9000000000000001,CELSIUS,33.4,CELSIUS,25.5,CELSIUS,0.0,MILLIMETERS,5.4916,MILLIMETERS,,,,2025-06-17 20:00:11.619000+07:00,2000
1137,90488,Pakkading - Bolikhamxai ,Pakkading - Bolikhamxai ,18.109902,104.281265,2025-06-17T13:01:19.402058731Z,0.0,85.0,0.0,40.0,100.0,Asia/Vientiane,https://maps.gstatic.com/weather/v1/drizzle,Light rain,en,LIGHT_RAIN,26.1,CELSIUS,29.2,CELSIUS,23.4,CELSIUS,29.2,CELSIUS,26.1,CELSIUS,25.0,RAIN,0.0,MILLIMETERS,0.5639000000000001,MILLIMETERS,1007.9,25.0,NORTH_NORTHEAST,2.0,KILOMETERS_PER_HOUR,10.0,KILOMETERS_PER_HOUR,16.0,KILOMETERS,0.4,CELSIUS,31.6,CELSIUS,24.2,CELSIUS,0.0,MILLIMETERS,6.9293000000000005,MILLIMETERS,,,,2025-06-17 20:00:11.619000+07:00,2000
1138,90490,"Nakhonxay Secondary School - Khamkeuth, - Borikhamxai ມັດທະຍົມ ນະຄອນໄຊ","Nakhonxay Secondary School - Khamkeuth, - Borikhamxai ມັດທະຍົມ ນະຄອນໄຊ",18.185553,104.983958,2025-06-17T13:01:20.665378590Z,0.0,84.0,0.0,0.0,100.0,Asia/Vientiane,https://maps.gstatic.com/weather/v1/cloudy,Cloudy,en,CLOUDY,24.2,CELSIUS,26.5,CELSIUS,21.4,CELSIUS,26.5,CELSIUS,24.2,CELSIUS,10.0,RAIN,0.0,MILLIMETERS,0.0,MILLIMETERS,1008.66,205.0,SOUTH_SOUTHWEST,5.0,KILOMETERS_PER_HOUR,10.0,KILOMETERS_PER_HOUR,16.0,KILOMETERS,0.8,CELSIUS,29.1,CELSIUS,21.6,CELSIUS,0.0,MILLIMETERS,1.4759,MILLIMETERS,,,,2025-06-17 20:00:11.619000+07:00,2000
1139,90491,Viengthong - Bolikhamxai,Viengthong - Bolikhamxai,18.512354,104.442835,2025-06-17T13:01:21.900967345Z,0.0,79.0,0.0,40.0,100.0,Asia/Vientiane,https://maps.gstatic.com/weather/v1/cloudy,Cloudy,en,CLOUDY,25.8,CELSIUS,28.1,CELSIUS,21.8,CELSIUS,28.1,CELSIUS,25.8,CELSIUS,20.0,RAIN,0.0,MILLIMETERS,0.20070000000000002,MILLIMETERS,1008.26,245.0,WEST_SOUTHWEST,3.0,KILOMETERS_PER_HOUR,10.0,KILOMETERS_PER_HOUR,16.0,KILOMETERS,0.5,CELSIUS,30.9,CELSIUS,22.7,CELSIUS,0.0,MILLIMETERS,3.0688,MILLIMETERS,,,,2025-06-17 20:00:11.619000+07:00,2000
1140,90492,"NamOn Secondary School - Xaychamphone, Borikhamxai ມັດທະຍົມ ນຳ້ອ້ອນ","NamOn Secondary School - Xaychamphone, Borikhamxai ມັດທະຍົມ ນຳ້ອ້ອນ",18.577559,104.981947,2025-06-17T13:01:23.148537191Z,0.0,84.0,0.0,0.0,100.0,Asia/Vientiane,https://maps.gstatic.com/weather/v1/cloudy,Cloudy,en,CLOUDY,24.2,CELSIUS,26.5,CELSIUS,21.4,CELSIUS,26.5,CELSIUS,24.2,CELSIUS,10.0,RAIN,0.0,MILLIMETERS,0.0,MILLIMETERS,1008.66,205.0,SOUTH_SOUTHWEST,5.0,KILOMETERS_PER_HOUR,10.0,KILOMETERS_PER_HOUR,16.0,KILOMETERS,0.8,CELSIUS,29.1,CELSIUS,21.6,CELSIUS,0.0,MILLIMETERS,1.4759,MILLIMETERS,,,,2025-06-17 20:00:11.619000+07:00,2000
1141,90493,Thakhek - Khammouan ,Thakhek - Khammouan ,17.392668,104.807495,2025-06-17T13:01:24.390015143Z,0.0,100.0,0.0,60.0,100.0,Asia/Vientiane,https://maps.gstatic.com/weather/v1/cloudy,Cloudy,en,CLOUDY,26.5,CELSIUS,32.0,CELSIUS,26.5,CELSIUS,32.0,CELSIUS,26.5,CELSIUS,20.0,RAIN,0.0,MILLIMETERS,0.11180000000000001,MILLIMETERS,1007.26,65.0,EAST_NORTHEAST,2.0,KILOMETERS_PER_HOUR,6.0,KILOMETERS_PER_HOUR,5.0,KILOMETERS,0.2,CELSIUS,33.7,CELSIUS,24.7,CELSIUS,0.0,MILLIMETERS,8.8445,MILLIMETERS,,,,2025-06-17 20:00:11.619000+07:00,2000
1142,90494,Mahaxay - Khammouan,Mahaxay - Khammouan,17.457352,105.160169,2025-06-17T13:01:25.621384462Z,0.0,98.0,0.0,50.0,100.0,Asia/Vientiane,https://maps.gstatic.com/weather/v1/cloudy,Cloudy,en,CLOUDY,25.1,CELSIUS,28.6,CELSIUS,24.9,CELSIUS,28.6,CELSIUS,25.1,CELSIUS,20.0,RAIN,0.0,MILLIMETERS,0.0,MILLIMETERS,1008.37,270.0,WEST,0.0,KILOMETERS_PER_HOUR,0.0,KILOMETERS_PER_HOUR,8.0,KILOMETERS,1.2,CELSIUS,31.5,CELSIUS,23.0,CELSIUS,0.0,MILLIMETERS,4.425,MILLIMETERS,,,,2025-06-17 20:00:11.619000+07:00,2000
1143,90495,Nongbok - Khammouan,Nongbok - Khammouan,16.962416,104.81156,2025-06-17T13:01:26.910540579Z,0.0,85.0,0.0,0.0,100.0,Asia/Vientiane,https://maps.gstatic.com/weather/v1/cloudy,Cloudy,en,CLOUDY,28.3,CELSIUS,33.9,CELSIUS,25.4,CELSIUS,33.9,CELSIUS,28.3,CELSIUS,10.0,RAIN,0.0,MILLIMETERS,0.0,MILLIMETERS,1007.01,203.0,SOUTH_SOUTHWEST,5.0,KILOMETERS_PER_HOUR,10.0,KILOMETERS_PER_HOUR,16.0,KILOMETERS,0.4,CELSIUS,33.7,CELSIUS,25.9,CELSIUS,0.0,MILLIMETERS,0.9755,MILLIMETERS,,,,2025-06-17 20:00:11.619000+07:00,2000
1144,90497,Nhommalath - Khammouan ,Nhommalath - Khammouan ,17.614203,105.170282,2025-06-17T13:01:28.175631155Z,0.0,98.0,0.0,50.0,100.0,Asia/Vientiane,https://maps.gstatic.com/weather/v1/cloudy,Cloudy,en,CLOUDY,25.1,CELSIUS,28.6,CELSIUS,24.9,CELSIUS,28.6,CELSIUS,25.1,CELSIUS,20.0,RAIN,0.0,MILLIMETERS,0.0,MILLIMETERS,1008.37,270.0,WEST,0.0,KILOMETERS_PER_HOUR,0.0,KILOMETERS_PER_HOUR,8.0,KILOMETERS,1.2,CELSIUS,31.5,CELSIUS,23.0,CELSIUS,0.0,MILLIMETERS,4.425,MILLIMETERS,,,,2025-06-17 20:00:11.619000+07:00,2000
1145,90500,"Xebangfay Secondary School - Xebangfay, Khammouane ມັດທະຍົມສົມບູນ ເຊບັ້ງໄຟ","Xebangfay Secondary School - Xebangfay, Khammouane ມັດທະຍົມສົມບູນ ເຊບັ້ງໄຟ",17.086149,104.981631,2025-06-17T13:01:29.429791250Z,0.0,100.0,0.0,60.0,100.0,Asia/Vientiane,https://maps.gstatic.com/weather/v1/cloudy,Cloudy,en,CLOUDY,26.3,CELSIUS,31.5,CELSIUS,26.3,CELSIUS,31.5,CELSIUS,26.3,CELSIUS,20.0,RAIN,0.0,MILLIMETERS,0.0,MILLIMETERS,1007.45,0.0,NORTH,0.0,KILOMETERS_PER_HOUR,3.0,KILOMETERS_PER_HOUR,5.0,KILOMETERS,-0.8,CELSIUS,32.8,CELSIUS,24.6,CELSIUS,0.0,MILLIMETERS,5.5931,MILLIMETERS,,,,2025-06-17 20:00:11.619000+07:00,2000
1146,90501,"Sivilay Secondary School - Xaybouathong, Khammouane ມັດທະຍົມສົມບູນ ສີວິໄລ","Sivilay Secondary School - Xaybouathong, Khammouane ມັດທະຍົມສົມບູນ ສີວິໄລ",17.171532,105.4273,2025-06-17T13:01:30.709127944Z,0.0,96.0,0.0,58.0,100.0,Asia/Vientiane,https://maps.gstatic.com/weather/v1/cloudy,Cloudy,en,CLOUDY,26.8,CELSIUS,32.2,CELSIUS,26.4,CELSIUS,32.2,CELSIUS,26.8,CELSIUS,20.0,RAIN,0.0,MILLIMETERS,0.020300000000000002,MILLIMETERS,1007.78,215.0,SOUTHWEST,5.0,KILOMETERS_PER_HOUR,16.0,KILOMETERS_PER_HOUR,10.0,KILOMETERS,-1.1,CELSIUS,31.8,CELSIUS,24.3,CELSIUS,0.0,MILLIMETERS,3.843,MILLIMETERS,,,,2025-06-17 20:00:11.619000+07:00,2000
1147,90502,"Nakang Secondary School - Khounkham, Khammouane ມັດທະຍົມສົມບູນ ນາກາງ","Nakang Secondary School - Khounkham, Khammouane ມັດທະຍົມສົມບູນ ນາກາງ",18.02845,104.65357,,,,,,,,,,,,,,,,,,,,,,,,,,,,,,,,,,,,,,,,,,,,,,,404.0,Information is not supported for this location. Please try a different location.,NOT_FOUND,2025-06-17 20:00:11.619000+07:00,2000
1148,90503,Kaysone Phomvihane - Sav,Kaysone Phomvihane - Sav,16.5702,104.75036,2025-06-17T13:01:33.188413990Z,0.0,80.0,0.0,0.0,100.0,Asia/Vientiane,https://maps.gstatic.com/weather/v1/cloudy,Cloudy,en,CLOUDY,28.8,CELSIUS,34.2,CELSIUS,24.9,CELSIUS,34.2,CELSIUS,28.8,CELSIUS,10.0,RAIN,0.0,MILLIMETERS,0.0025,MILLIMETERS,1007.03,203.0,SOUTH_SOUTHWEST,8.0,KILOMETERS_PER_HOUR,15.0,KILOMETERS_PER_HOUR,16.0,KILOMETERS,-0.1,CELSIUS,33.4,CELSIUS,26.5,CELSIUS,0.0,MILLIMETERS,0.3936,MILLIMETERS,,,,2025-06-17 20:00:11.619000+07:00,2000
1149,90504,"Lianxay Secondary School - Artsaphangthong, Savannakhet ມັດທະຍົມ ຫລຽນໄຊ","Lianxay Secondary School - Artsaphangthong, Savannakhet ມັດທະຍົມ ຫລຽນໄຊ",16.692124,105.409764,,,,,,,,,,,,,,,,,,,,,,,,,,,,,,,,,,,,,,,,,,,,,,,404.0,Information is not supported for this location. Please try a different location.,NOT_FOUND,2025-06-17 20:00:11.619000+07:00,2000
1150,90505,Sepone - Savannakhet,Sepone - Savannakhet,16.696651,106.209138,2025-06-17T13:01:35.674637405Z,0.0,84.0,0.0,0.0,100.0,Asia/Vientiane,https://maps.gstatic.com/weather/v1/cloudy,Cloudy,en,CLOUDY,24.2,CELSIUS,27.3,CELSIUS,21.0,CELSIUS,27.3,CELSIUS,24.2,CELSIUS,10.0,RAIN,0.0,MILLIMETERS,0.0,MILLIMETERS,1008.63,203.0,SOUTH_SOUTHWEST,6.0,KILOMETERS_PER_HOUR,13.0,KILOMETERS_PER_HOUR,16.0,KILOMETERS,0.30000000000000004,CELSIUS,28.8,CELSIUS,22.2,CELSIUS,0.0,MILLIMETERS,1.7425,MILLIMETERS,,,,2025-06-17 20:00:11.619000+07:00,2000
1151,90506,Nong - Savannakhet,Nong - Savannakhet,16.373875,106.495685,2025-06-17T13:01:36.945161657Z,0.0,85.0,0.0,0.0,100.0,Asia/Vientiane,https://maps.gstatic.com/weather/v1/cloudy,Cloudy,en,CLOUDY,25.5,CELSIUS,29.1,CELSIUS,22.8,CELSIUS,29.1,CELSIUS,25.5,CELSIUS,10.0,RAIN,0.0,MILLIMETERS,0.0889,MILLIMETERS,1008.15,158.0,SOUTH_SOUTHEAST,6.0,KILOMETERS_PER_HOUR,11.0,KILOMETERS_PER_HOUR,16.0,KILOMETERS,0.30000000000000004,CELSIUS,30.2,CELSIUS,23.5,CELSIUS,0.0,MILLIMETERS,1.6385,MILLIMETERS,,,,2025-06-17 20:00:11.619000+07:00,2000
1152,90508,Champhone - SAVA,Champhone - SAVA,16.489147,105.031659,2025-06-17T13:01:38.180002553Z,0.0,80.0,0.0,0.0,100.0,Asia/Vientiane,https://maps.gstatic.com/weather/v1/cloudy,Cloudy,en,CLOUDY,28.6,CELSIUS,33.8,CELSIUS,24.7,CELSIUS,33.8,CELSIUS,28.6,CELSIUS,10.0,RAIN,0.0,MILLIMETERS,0.0,MILLIMETERS,1007.03,203.0,SOUTH_SOUTHWEST,10.0,KILOMETERS_PER_HOUR,16.0,KILOMETERS_PER_HOUR,16.0,KILOMETERS,-0.2,CELSIUS,32.8,CELSIUS,26.2,CELSIUS,0.0,MILLIMETERS,0.7343000000000001,MILLIMETERS,,,,2025-06-17 20:00:11.619000+07:00,2000
1153,90509,Xaybuly - Savannakhet,Xaybuly - Savannakhet,17.075181,104.87732,2025-06-17T13:01:39.432746234Z,0.0,100.0,0.0,60.0,100.0,Asia/Vientiane,https://maps.gstatic.com/weather/v1/cloudy,Cloudy,en,CLOUDY,26.3,CELSIUS,31.5,CELSIUS,26.3,CELSIUS,31.5,CELSIUS,26.3,CELSIUS,20.0,RAIN,0.0,MILLIMETERS,0.0,MILLIMETERS,1007.46,0.0,NORTH,0.0,KILOMETERS_PER_HOUR,3.0,KILOMETERS_PER_HOUR,5.0,KILOMETERS,-0.8,CELSIUS,32.8,CELSIUS,24.6,CELSIUS,0.0,MILLIMETERS,5.5931,MILLIMETERS,,,,2025-06-17 20:00:11.619000+07:00,2000
1154,90512,"Phin Secondary School - Phin, Savannakhet ມັດທະຍົມ ພີນ","Phin Secondary School - Phin, Savannakhet ມັດທະຍົມ ພີນ",16.527879,106.021922,2025-06-17T13:01:40.670493114Z,0.0,85.0,0.0,0.0,100.0,Asia/Vientiane,https://maps.gstatic.com/weather/v1/cloudy,Cloudy,en,CLOUDY,24.8,CELSIUS,28.5,CELSIUS,22.2,CELSIUS,28.5,CELSIUS,24.8,CELSIUS,10.0,RAIN,0.0,MILLIMETERS,0.0889,MILLIMETERS,1008.15,158.0,SOUTH_SOUTHEAST,6.0,KILOMETERS_PER_HOUR,11.0,KILOMETERS_PER_HOUR,16.0,KILOMETERS,0.30000000000000004,CELSIUS,29.5,CELSIUS,22.8,CELSIUS,0.0,MILLIMETERS,1.6385,MILLIMETERS,,,,2025-06-17 20:00:11.619000+07:00,2000
1155,90513,Songkhone - Savannakhet,Songkhone - Savannakhet,16.237196,105.1965,2025-06-17T13:01:41.924819854Z,0.0,80.0,0.0,70.0,100.0,Asia/Vientiane,https://maps.gstatic.com/weather/v1/cloudy,Cloudy,en,CLOUDY,29.2,CELSIUS,35.0,CELSIUS,25.4,CELSIUS,35.0,CELSIUS,29.2,CELSIUS,20.0,RAIN,0.0,MILLIMETERS,0.0076,MILLIMETERS,1007.03,203.0,SOUTH_SOUTHWEST,8.0,KILOMETERS_PER_HOUR,15.0,KILOMETERS_PER_HOUR,16.0,KILOMETERS,-0.1,CELSIUS,32.9,CELSIUS,26.4,CELSIUS,0.0,MILLIMETERS,1.2496,MILLIMETERS,,,,2025-06-17 20:00:11.619000+07:00,2000
1156,90514,"Beungxang Secondary School - Xonbuly, Savannakhet ມັດທະຍົມ ບຶງຊ້າງ","Beungxang Secondary School - Xonbuly, Savannakhet ມັດທະຍົມ ບຶງຊ້າງ",16.388527,105.375363,2025-06-17T13:01:43.162743835Z,0.0,80.0,0.0,0.0,100.0,Asia/Vientiane,https://maps.gstatic.com/weather/v1/cloudy,Cloudy,en,CLOUDY,28.9,CELSIUS,34.4,CELSIUS,25.3,CELSIUS,34.4,CELSIUS,28.9,CELSIUS,10.0,RAIN,0.0,MILLIMETERS,0.0,MILLIMETERS,1007.7,203.0,SOUTH_SOUTHWEST,10.0,KILOMETERS_PER_HOUR,16.0,KILOMETERS_PER_HOUR,16.0,KILOMETERS,0.1,CELSIUS,32.3,CELSIUS,26.3,CELSIUS,0.0,MILLIMETERS,1.1457,MILLIMETERS,,,,2025-06-17 20:00:11.619000+07:00,2000
1157,90515,Vilabuly - Savannakhet,Vilabuly - Savannakhet,16.971649,105.944661,2025-06-17T13:01:44.419640139Z,0.0,96.0,0.0,58.0,100.0,Asia/Vientiane,https://maps.gstatic.com/weather/v1/cloudy,Cloudy,en,CLOUDY,26.8,CELSIUS,32.2,CELSIUS,26.4,CELSIUS,32.2,CELSIUS,26.8,CELSIUS,20.0,RAIN,0.0,MILLIMETERS,0.020300000000000002,MILLIMETERS,1007.78,215.0,SOUTHWEST,5.0,KILOMETERS_PER_HOUR,16.0,KILOMETERS_PER_HOUR,10.0,KILOMETERS,-1.1,CELSIUS,31.8,CELSIUS,24.3,CELSIUS,0.0,MILLIMETERS,3.843,MILLIMETERS,,,,2025-06-17 20:00:11.619000+07:00,2000
1158,90516,"Phoummachedy Secondary School - Xayphouthong, Savannakhet ມັດທະຍົມ ພູມມະເຈດີ","Phoummachedy Secondary School - Xayphouthong, Savannakhet ມັດທະຍົມ ພູມມະເຈດີ",16.367044,105.005653,2025-06-17T13:01:45.663663165Z,0.0,80.0,0.0,70.0,100.0,Asia/Vientiane,https://maps.gstatic.com/weather/v1/cloudy,Cloudy,en,CLOUDY,29.2,CELSIUS,35.0,CELSIUS,25.4,CELSIUS,35.0,CELSIUS,29.2,CELSIUS,20.0,RAIN,0.0,MILLIMETERS,0.0076,MILLIMETERS,1007.03,203.0,SOUTH_SOUTHWEST,8.0,KILOMETERS_PER_HOUR,15.0,KILOMETERS_PER_HOUR,16.0,KILOMETERS,-0.1,CELSIUS,32.9,CELSIUS,26.4,CELSIUS,0.0,MILLIMETERS,1.2496,MILLIMETERS,,,,2025-06-17 20:00:11.619000+07:00,2000
1159,90517,Phalanxay - Savannakhet,Phalanxay - Savannakhet,16.661353,105.58791,2025-06-17T13:01:46.923438780Z,0.0,96.0,0.0,58.0,100.0,Asia/Vientiane,https://maps.gstatic.com/weather/v1/cloudy,Cloudy,en,CLOUDY,26.8,CELSIUS,32.2,CELSIUS,26.4,CELSIUS,32.2,CELSIUS,26.8,CELSIUS,20.0,RAIN,0.0,MILLIMETERS,0.020300000000000002,MILLIMETERS,1007.78,215.0,SOUTHWEST,5.0,KILOMETERS_PER_HOUR,16.0,KILOMETERS_PER_HOUR,10.0,KILOMETERS,-1.1,CELSIUS,31.8,CELSIUS,24.3,CELSIUS,0.0,MILLIMETERS,3.843,MILLIMETERS,,,,2025-06-17 20:00:11.619000+07:00,2000
1160,90518,"Saravane Secondary School -Saravane, Saravane ມັດທະຍົມສົມບູນ ສາລະວັນ","Saravane Secondary School -Saravane, Saravane ມັດທະຍົມສົມບູນ ສາລະວັນ",15.707906,106.422189,2025-06-17T13:01:48.163765202Z,0.0,89.0,0.0,0.0,100.0,Asia/Vientiane,https://maps.gstatic.com/weather/v1/cloudy,Cloudy,en,CLOUDY,27.7,CELSIUS,33.0,CELSIUS,25.4,CELSIUS,33.0,CELSIUS,27.7,CELSIUS,10.0,RAIN,0.0,MILLIMETERS,0.055900000000000005,MILLIMETERS,1008.27,180.0,SOUTH,3.0,KILOMETERS_PER_HOUR,5.0,KILOMETERS_PER_HOUR,16.0,KILOMETERS,0.7000000000000001,CELSIUS,32.2,CELSIUS,24.3,CELSIUS,0.0,MILLIMETERS,2.9619,MILLIMETERS,,,,2025-06-17 20:00:11.619000+07:00,2000
1161,90520,"Toomlarn Secondary School - Toomlarn, Saravane ມັດທະຍົມສົມບູນ ຕຸ້ມລານ","Toomlarn Secondary School - Toomlarn, Saravane ມັດທະຍົມສົມບູນ ຕຸ້ມລານ",15.994499,106.192399,2025-06-17T13:01:49.425140606Z,0.0,85.0,0.0,0.0,100.0,Asia/Vientiane,https://maps.gstatic.com/weather/v1/cloudy,Cloudy,en,CLOUDY,24.8,CELSIUS,28.5,CELSIUS,22.2,CELSIUS,28.5,CELSIUS,24.8,CELSIUS,10.0,RAIN,0.0,MILLIMETERS,0.0889,MILLIMETERS,1008.15,158.0,SOUTH_SOUTHEAST,6.0,KILOMETERS_PER_HOUR,11.0,KILOMETERS_PER_HOUR,16.0,KILOMETERS,0.30000000000000004,CELSIUS,29.5,CELSIUS,22.8,CELSIUS,0.0,MILLIMETERS,1.6385,MILLIMETERS,,,,2025-06-17 20:00:11.619000+07:00,2000
1162,90521,"Lakhonesy Secondary School - Lakhonepheng, Saravane ມັດທະຍົມສົມບູນ ລະຄອນສີ","Lakhonesy Secondary School - Lakhonepheng, Saravane ມັດທະຍົມສົມບູນ ລະຄອນສີ",15.891245,105.567119,2025-06-17T13:01:50.704931983Z,0.0,86.0,0.0,70.0,100.0,Asia/Vientiane,https://maps.gstatic.com/weather/v1/drizzle,Light rain,en,LIGHT_RAIN,28.5,CELSIUS,34.6,CELSIUS,26.0,CELSIUS,34.6,CELSIUS,28.5,CELSIUS,25.0,RAIN,0.0,MILLIMETERS,0.11180000000000001,MILLIMETERS,1008.03,203.0,SOUTH_SOUTHWEST,6.0,KILOMETERS_PER_HOUR,11.0,KILOMETERS_PER_HOUR,16.0,KILOMETERS,0.4,CELSIUS,32.8,CELSIUS,25.8,CELSIUS,0.0,MILLIMETERS,1.5901,MILLIMETERS,,,,2025-06-17 20:00:11.619000+07:00,2000
1163,90522,Lao Ngarm - Salavan,Lao Ngarm - Salavan,15.461092,106.16172,2025-06-17T13:01:51.991539526Z,0.0,85.0,0.0,0.0,100.0,Asia/Vientiane,https://maps.gstatic.com/weather/v1/cloudy,Cloudy,en,CLOUDY,29.4,CELSIUS,34.8,CELSIUS,26.5,CELSIUS,34.8,CELSIUS,29.4,CELSIUS,10.0,RAIN,0.0,MILLIMETERS,0.0,MILLIMETERS,1008.21,203.0,SOUTH_SOUTHWEST,6.0,KILOMETERS_PER_HOUR,11.0,KILOMETERS_PER_HOUR,16.0,KILOMETERS,0.7000000000000001,CELSIUS,33.7,CELSIUS,26.0,CELSIUS,0.0,MILLIMETERS,3.1802,MILLIMETERS,,,,2025-06-17 20:00:11.619000+07:00,2000
1164,90524,Khongxedone - Salavan,Khongxedone - Salavan,15.59088,105.804115,2025-06-17T13:01:53.259701503Z,0.0,86.0,0.0,70.0,100.0,Asia/Vientiane,https://maps.gstatic.com/weather/v1/drizzle,Light rain,en,LIGHT_RAIN,28.5,CELSIUS,34.6,CELSIUS,26.0,CELSIUS,34.6,CELSIUS,28.5,CELSIUS,25.0,RAIN,0.0,MILLIMETERS,0.11180000000000001,MILLIMETERS,1008.03,203.0,SOUTH_SOUTHWEST,6.0,KILOMETERS_PER_HOUR,11.0,KILOMETERS_PER_HOUR,16.0,KILOMETERS,0.4,CELSIUS,32.8,CELSIUS,25.8,CELSIUS,0.0,MILLIMETERS,1.5901,MILLIMETERS,,,,2025-06-17 20:00:11.619000+07:00,2000
1165,90526,Lamarm - Sekong ,Lamarm - Sekong ,15.352494,106.722444,2025-06-17T13:01:54.525553236Z,0.0,91.0,0.0,50.0,100.0,Asia/Vientiane,https://maps.gstatic.com/weather/v1/cloudy,Cloudy,en,CLOUDY,27.1,CELSIUS,32.2,CELSIUS,25.6,CELSIUS,32.2,CELSIUS,27.1,CELSIUS,25.0,RAIN,0.0,MILLIMETERS,0.17270000000000002,MILLIMETERS,1008.43,270.0,WEST,3.0,KILOMETERS_PER_HOUR,5.0,KILOMETERS_PER_HOUR,14.0,KILOMETERS,0.30000000000000004,CELSIUS,31.2,CELSIUS,24.3,CELSIUS,0.0,MILLIMETERS,3.5357,MILLIMETERS,,,,2025-06-17 20:00:11.619000+07:00,2000
1166,90527,"Kaleum Secondary School - Kaleum, Sekong ມັດທະຍົມ ກະລຶມ","Kaleum Secondary School - Kaleum, Sekong ມັດທະຍົມ ກະລຶມ",15.784384,106.906754,2025-06-17T13:01:55.770774978Z,0.0,90.0,0.0,0.0,100.0,Asia/Vientiane,https://maps.gstatic.com/weather/v1/cloudy,Cloudy,en,CLOUDY,23.8,CELSIUS,26.0,CELSIUS,22.2,CELSIUS,26.0,CELSIUS,23.8,CELSIUS,10.0,RAIN,0.0,MILLIMETERS,0.0,MILLIMETERS,1010.96,45.0,NORTHEAST,2.0,KILOMETERS_PER_HOUR,3.0,KILOMETERS_PER_HOUR,16.0,KILOMETERS,0.4,CELSIUS,27.6,CELSIUS,21.2,CELSIUS,0.0,MILLIMETERS,3.6141,MILLIMETERS,,,,2025-06-17 20:00:11.619000+07:00,2000
1167,90528,"Dakcheung Secondary School - Dakcheung, Sekongມັດທະຍົມສົມບູນ ດາກຈຶງ","Dakcheung Secondary School - Dakcheung, Sekongມັດທະຍົມສົມບູນ ດາກຈຶງ",15.467532,107.271451,,,,,,,,,,,,,,,,,,,,,,,,,,,,,,,,,,,,,,,,,,,,,,,404.0,Information is not supported for this location. Please try a different location.,NOT_FOUND,2025-06-17 20:00:11.619000+07:00,2000
1168,90529,Thateng -Sekong,Thateng -Sekong,15.434018,106.382399,2025-06-17T13:01:58.227326250Z,0.0,89.0,0.0,0.0,100.0,Asia/Vientiane,https://maps.gstatic.com/weather/v1/cloudy,Cloudy,en,CLOUDY,31.6,CELSIUS,36.9,CELSIUS,29.3,CELSIUS,36.9,CELSIUS,31.6,CELSIUS,10.0,RAIN,0.0,MILLIMETERS,0.055900000000000005,MILLIMETERS,1008.27,180.0,SOUTH,3.0,KILOMETERS_PER_HOUR,5.0,KILOMETERS_PER_HOUR,16.0,KILOMETERS,0.7000000000000001,CELSIUS,36.1,CELSIUS,28.2,CELSIUS,0.0,MILLIMETERS,2.9619,MILLIMETERS,,,,2025-06-17 20:00:11.619000+07:00,2000
1169,90530,Pakse - Champasack,Pakse - Champasack,15.12006,105.80211,2025-06-17T13:01:59.493724414Z,0.0,90.0,0.0,0.0,100.0,Asia/Vientiane,https://maps.gstatic.com/weather/v1/cloudy,Cloudy,en,CLOUDY,29.0,CELSIUS,37.0,CELSIUS,27.1,CELSIUS,37.0,CELSIUS,29.0,CELSIUS,10.0,RAIN,0.0,MILLIMETERS,0.1321,MILLIMETERS,1008.03,158.0,SOUTH_SOUTHEAST,5.0,KILOMETERS_PER_HOUR,11.0,KILOMETERS_PER_HOUR,16.0,KILOMETERS,0.6000000000000001,CELSIUS,33.8,CELSIUS,25.6,CELSIUS,0.0,MILLIMETERS,2.0754,MILLIMETERS,,,,2025-06-17 20:00:11.619000+07:00,2000
1175,91254,"Chomphet Secondary School - Sisattanak, Vientiane Capital ມັດທະຍົມສົມບູນ ຈອມເພັດ","Chomphet Secondary School - Sisattanak, Vientiane Capital ມັດທະຍົມສົມບູນ ຈອມເພັດ",17.910254,102.622708,2025-06-17T13:02:00.725313224Z,0.0,79.0,0.0,50.0,100.0,Asia/Vientiane,https://maps.gstatic.com/weather/v1/cloudy,Cloudy,en,CLOUDY,25.6,CELSIUS,27.9,CELSIUS,21.6,CELSIUS,27.9,CELSIUS,25.6,CELSIUS,20.0,RAIN,0.0,MILLIMETERS,0.0,MILLIMETERS,1007.13,0.0,NORTH,3.0,KILOMETERS_PER_HOUR,6.0,KILOMETERS_PER_HOUR,16.0,KILOMETERS,-3.2,CELSIUS,34.1,CELSIUS,24.4,CELSIUS,0.0,MILLIMETERS,2.8857,MILLIMETERS,,,,2025-06-17 20:00:11.619000+07:00,2000
1229,152182,"ParkOu Secondary School - ParkOu, Luangprabang ມັດທະຍົມສົມບູນ ປາກອູ","ParkOu Secondary School - ParkOu, Luangprabang ມັດທະຍົມສົມບູນ ປາກອູ",20.087592,102.256569,2025-06-17T13:02:02.012378403Z,0.0,63.0,0.0,20.0,100.0,Asia/Vientiane,https://maps.gstatic.com/weather/v1/cloudy,Cloudy,en,CLOUDY,27.5,CELSIUS,29.4,CELSIUS,19.9,CELSIUS,29.4,CELSIUS,27.5,CELSIUS,20.0,RAIN,0.0,MILLIMETERS,0.1676,MILLIMETERS,1006.32,250.0,WEST_SOUTHWEST,5.0,KILOMETERS_PER_HOUR,11.0,KILOMETERS_PER_HOUR,16.0,KILOMETERS,0.9,CELSIUS,33.2,CELSIUS,24.1,CELSIUS,0.0,MILLIMETERS,5.1642,MILLIMETERS,,,,2025-06-17 20:00:11.619000+07:00,2000
1230,152240,"Phoukhoune Secondary School - Phoukhoune, Luangprabang ມັດທະຍົມ ພູຄູນ","Phoukhoune Secondary School - Phoukhoune, Luangprabang ມັດທະຍົມ ພູຄູນ",19.438824,102.428042,2025-06-17T13:02:03.277745131Z,0.0,85.0,0.0,20.0,100.0,Asia/Vientiane,https://maps.gstatic.com/weather/v1/cloudy,Cloudy,en,CLOUDY,21.6,CELSIUS,25.5,CELSIUS,19.0,CELSIUS,25.5,CELSIUS,21.6,CELSIUS,25.0,RAIN,0.0,MILLIMETERS,0.3683,MILLIMETERS,1009.16,180.0,SOUTH,6.0,KILOMETERS_PER_HOUR,19.0,KILOMETERS_PER_HOUR,16.0,KILOMETERS,-2.1,CELSIUS,30.0,CELSIUS,20.6,CELSIUS,0.0,MILLIMETERS,8.2377,MILLIMETERS,,,,2025-06-17 20:00:11.619000+07:00,2000
1235,152548,"Longsane Secondary School - Longsane , Xaysomboun ມັດທະຍົມສົມບຸນ ລ້ອງຊານ","Longsane Secondary School - Longsane , Xaysomboun ມັດທະຍົມສົມບຸນ ລ້ອງຊານ",18.550145,103.003076,2025-06-17T13:02:04.546834239Z,0.0,85.0,0.0,30.0,100.0,Asia/Vientiane,https://maps.gstatic.com/weather/v1/cloudy,Cloudy,en,CLOUDY,19.6,CELSIUS,21.7,CELSIUS,16.8,CELSIUS,21.7,CELSIUS,19.6,CELSIUS,25.0,RAIN,0.0,MILLIMETERS,0.0,MILLIMETERS,1007.88,315.0,NORTHWEST,3.0,KILOMETERS_PER_HOUR,6.0,KILOMETERS_PER_HOUR,16.0,KILOMETERS,-2.5,CELSIUS,27.3,CELSIUS,19.0,CELSIUS,0.0,MILLIMETERS,2.3167,MILLIMETERS,,,,2025-06-17 20:00:11.619000+07:00,2000
1251,153774,Bachiangchaleunsook - Champasack,Bachiangchaleunsook - Champasack,15.060355,105.897898,2025-06-17T13:02:05.818520256Z,0.0,90.0,0.0,0.0,100.0,Asia/Vientiane,https://maps.gstatic.com/weather/v1/cloudy,Cloudy,en,CLOUDY,29.0,CELSIUS,37.0,CELSIUS,27.1,CELSIUS,37.0,CELSIUS,29.0,CELSIUS,10.0,RAIN,0.0,MILLIMETERS,0.1321,MILLIMETERS,1008.03,158.0,SOUTH_SOUTHEAST,5.0,KILOMETERS_PER_HOUR,11.0,KILOMETERS_PER_HOUR,16.0,KILOMETERS,0.6000000000000001,CELSIUS,33.8,CELSIUS,25.6,CELSIUS,0.0,MILLIMETERS,2.0754,MILLIMETERS,,,,2025-06-17 20:00:11.619000+07:00,2000
1252,153777,"Dorntalath Secondary School - Champasack, Champasack ມັດທະຍົມ ດອນຕະລາດ","Dorntalath Secondary School - Champasack, Champasack ມັດທະຍົມ ດອນຕະລາດ",14.784126,105.819789,2025-06-17T13:02:07.068626386Z,0.0,90.0,0.0,0.0,100.0,Asia/Vientiane,https://maps.gstatic.com/weather/v1/cloudy,Cloudy,en,CLOUDY,28.3,CELSIUS,35.1,CELSIUS,26.8,CELSIUS,35.1,CELSIUS,28.3,CELSIUS,10.0,RAIN,0.0,MILLIMETERS,0.0178,MILLIMETERS,1008.04,180.0,SOUTH,3.0,KILOMETERS_PER_HOUR,6.0,KILOMETERS_PER_HOUR,14.0,KILOMETERS,0.4,CELSIUS,33.1,CELSIUS,25.2,CELSIUS,0.0,MILLIMETERS,4.0514,MILLIMETERS,,,,2025-06-17 20:00:11.619000+07:00,2000
1253,153789,"Sukhuma Secondary School - Sukhuma, Champasack ມັດທະຍົມ ສຸຂຸມາ","Sukhuma Secondary School - Sukhuma, Champasack ມັດທະຍົມ ສຸຂຸມາ",14.649459,105.804529,2025-06-17T13:02:08.306301162Z,0.0,90.0,0.0,0.0,100.0,Asia/Vientiane,https://maps.gstatic.com/weather/v1/cloudy,Cloudy,en,CLOUDY,28.3,CELSIUS,35.1,CELSIUS,26.8,CELSIUS,35.1,CELSIUS,28.3,CELSIUS,10.0,RAIN,0.0,MILLIMETERS,0.0178,MILLIMETERS,1008.04,180.0,SOUTH,3.0,KILOMETERS_PER_HOUR,6.0,KILOMETERS_PER_HOUR,14.0,KILOMETERS,0.4,CELSIUS,33.1,CELSIUS,25.2,CELSIUS,0.0,MILLIMETERS,4.0514,MILLIMETERS,,,,2025-06-17 20:00:11.619000+07:00,2000
1254,153790,Khong - Champasack,Khong - Champasack,14.048226,105.896012,2025-06-17T13:02:09.630408709Z,0.0,90.0,0.0,67.0,100.0,Asia/Vientiane,https://maps.gstatic.com/weather/v1/cloudy,Cloudy,en,CLOUDY,28.8,CELSIUS,36.2,CELSIUS,26.9,CELSIUS,36.2,CELSIUS,28.8,CELSIUS,20.0,RAIN,0.0,MILLIMETERS,0.0813,MILLIMETERS,1008.04,203.0,SOUTH_SOUTHWEST,3.0,KILOMETERS_PER_HOUR,8.0,KILOMETERS_PER_HOUR,16.0,KILOMETERS,0.1,CELSIUS,33.1,CELSIUS,25.6,CELSIUS,0.0,MILLIMETERS,9.6981,MILLIMETERS,,,,2025-06-17 20:00:11.619000+07:00,2000
1255,153866,Samakkhixay - Attapeu,Samakkhixay - Attapeu,14.812678,106.829211,2025-06-17T13:02:10.904856002Z,0.0,86.0,0.0,50.0,100.0,Asia/Vientiane,https://maps.gstatic.com/weather/v1/strong_tstorms,Light thunderstorms and rain,en,LIGHT_THUNDERSTORM_RAIN,27.8,CELSIUS,32.8,CELSIUS,25.4,CELSIUS,32.8,CELSIUS,27.8,CELSIUS,40.0,RAIN,0.0,MILLIMETERS,0.1524,MILLIMETERS,1008.33,203.0,SOUTH_SOUTHWEST,3.0,KILOMETERS_PER_HOUR,6.0,KILOMETERS_PER_HOUR,16.0,KILOMETERS,0.5,CELSIUS,32.9,CELSIUS,24.4,CELSIUS,0.0,MILLIMETERS,8.0871,MILLIMETERS,,,,2025-06-17 20:00:11.619000+07:00,2000
1301,156307,UNICEF Lao PDR CO,UNICEF Lao PDR CO,17.9376508179,102.617231896,2025-06-17T13:02:12.136416621Z,0.0,79.0,0.0,50.0,100.0,Asia/Vientiane,https://maps.gstatic.com/weather/v1/cloudy,Cloudy,en,CLOUDY,25.6,CELSIUS,27.9,CELSIUS,21.6,CELSIUS,27.9,CELSIUS,25.6,CELSIUS,20.0,RAIN,0.0,MILLIMETERS,0.0,MILLIMETERS,1007.13,0.0,NORTH,3.0,KILOMETERS_PER_HOUR,6.0,KILOMETERS_PER_HOUR,16.0,KILOMETERS,-3.2,CELSIUS,34.1,CELSIUS,24.4,CELSIUS,0.0,MILLIMETERS,2.8857,MILLIMETERS,,,,2025-06-17 20:00:11.619000+07:00,2000
1088,90402,"Sathit Secondary School - Xaythani, Vientiane Capital ມັດທະຍົມ ສາທິດ","Sathit Secondary School - Xaythani, Vientiane Capital ມັດທະຍົມ ສາທິດ",18.035248,102.63994,2025-06-17T14:00:12.614396345Z,0.0,75.0,0.0,40.0,100.0,Asia/Vientiane,https://maps.gstatic.com/weather/v1/cloudy,Cloudy,en,CLOUDY,25.7,CELSIUS,27.7,CELSIUS,20.9,CELSIUS,27.7,CELSIUS,25.7,CELSIUS,25.0,RAIN,0.0,MILLIMETERS,0.0965,MILLIMETERS,1008.0,0.0,NORTH,2.0,KILOMETERS_PER_HOUR,3.0,KILOMETERS_PER_HOUR,16.0,KILOMETERS,-2.1,CELSIUS,34.1,CELSIUS,24.4,CELSIUS,0.0,MILLIMETERS,2.8831,MILLIMETERS,,,,2025-06-17 21:00:08.497000+07:00,2100
1089,90410,"Naxaithong Secondary School - Naxaithong, Vientiane Capital ມັດທະຍົມ ນາຊາຍທອງ","Naxaithong Secondary School - Naxaithong, Vientiane Capital ມັດທະຍົມ ນາຊາຍທອງ",18.068595,102.535866,2025-06-17T14:00:13.871851820Z,0.0,76.0,0.0,40.0,100.0,Asia/Vientiane,https://maps.gstatic.com/weather/v1/cloudy,Cloudy,en,CLOUDY,25.6,CELSIUS,27.7,CELSIUS,21.1,CELSIUS,27.7,CELSIUS,25.6,CELSIUS,20.0,RAIN,0.0,MILLIMETERS,0.0737,MILLIMETERS,1008.0,0.0,NORTH,2.0,KILOMETERS_PER_HOUR,3.0,KILOMETERS_PER_HOUR,16.0,KILOMETERS,-2.3,CELSIUS,33.9,CELSIUS,24.1,CELSIUS,0.0,MILLIMETERS,3.1828,MILLIMETERS,,,,2025-06-17 21:00:08.497000+07:00,2100
1090,90411,d83bda1bc98c Phongsaly - Phongsaly,d83bda1bc98c Phongsaly - Phongsaly,21.695,102.085,2025-06-17T14:00:15.105291081Z,0.0,93.0,0.0,20.0,100.0,Asia/Vientiane,https://maps.gstatic.com/weather/v1/cloudy,Cloudy,en,CLOUDY,22.7,CELSIUS,25.0,CELSIUS,21.4,CELSIUS,25.0,CELSIUS,22.7,CELSIUS,20.0,RAIN,0.0,MILLIMETERS,0.1626,MILLIMETERS,1008.24,90.0,EAST,2.0,KILOMETERS_PER_HOUR,2.0,KILOMETERS_PER_HOUR,13.0,KILOMETERS,0.30000000000000004,CELSIUS,26.6,CELSIUS,20.3,CELSIUS,0.0,MILLIMETERS,16.4998,MILLIMETERS,,,,2025-06-17 21:00:08.497000+07:00,2100
1091,90412,May - Phongsaly,May - Phongsaly,21.172583,102.722705,2025-06-17T14:00:16.480721259Z,0.0,83.0,0.0,10.0,100.0,Asia/Vientiane,https://maps.gstatic.com/weather/v1/cloudy,Cloudy,en,CLOUDY,21.9,CELSIUS,23.9,CELSIUS,18.6,CELSIUS,23.9,CELSIUS,21.9,CELSIUS,20.0,RAIN,0.0,MILLIMETERS,0.0,MILLIMETERS,1009.35,200.0,SOUTH_SOUTHWEST,5.0,KILOMETERS_PER_HOUR,8.0,KILOMETERS_PER_HOUR,16.0,KILOMETERS,0.9,CELSIUS,27.2,CELSIUS,19.9,CELSIUS,0.0,MILLIMETERS,11.8489,MILLIMETERS,,,,2025-06-17 21:00:08.497000+07:00,2100
1092,90413,"Natoon Secondary School - Khua, Phongsaly ມັດທະຍົມສົມບູນ ນາຕູ່ນ","Natoon Secondary School - Khua, Phongsaly ມັດທະຍົມສົມບູນ ນາຕູ່ນ",21.078865,102.505833,2025-06-17T14:00:17.831008444Z,0.0,86.0,0.0,20.0,100.0,Asia/Vientiane,https://maps.gstatic.com/weather/v1/cloudy,Cloudy,en,CLOUDY,21.0,CELSIUS,23.2,CELSIUS,18.5,CELSIUS,23.2,CELSIUS,21.0,CELSIUS,20.0,RAIN,0.0,MILLIMETERS,0.0,MILLIMETERS,1008.8,180.0,SOUTH,5.0,KILOMETERS_PER_HOUR,10.0,KILOMETERS_PER_HOUR,16.0,KILOMETERS,0.0,CELSIUS,27.0,CELSIUS,19.8,CELSIUS,0.0,MILLIMETERS,5.3876,MILLIMETERS,,,,2025-06-17 21:00:08.497000+07:00,2100
1093,90414,"Naxay Secondary School - Samphanh, Phongsaly ມັດທະຍົມສົມບູນ ນາໄຊ","Naxay Secondary School - Samphanh, Phongsaly ມັດທະຍົມສົມບູນ ນາໄຊ",21.346014,102.349329,2025-06-17T14:00:19.133729225Z,0.0,99.0,0.0,20.0,100.0,Asia/Vientiane,https://maps.gstatic.com/weather/v1/cloudy,Cloudy,en,CLOUDY,12.5,CELSIUS,16.2,CELSIUS,12.3,CELSIUS,16.2,CELSIUS,12.5,CELSIUS,20.0,RAIN,0.0,MILLIMETERS,0.0,MILLIMETERS,1009.26,205.0,SOUTH_SOUTHWEST,8.0,KILOMETERS_PER_HOUR,18.0,KILOMETERS_PER_HOUR,6.0,KILOMETERS,0.4,CELSIUS,16.0,CELSIUS,10.8,CELSIUS,0.0,MILLIMETERS,13.2591,MILLIMETERS,,,,2025-06-17 21:00:08.497000+07:00,2100
1094,90419,"Long Secondary School - Long, LuangNamtha ມັດທະຍົມສົມບູນ ເມືອງລອງ","Long Secondary School - Long, LuangNamtha ມັດທະຍົມສົມບູນ ເມືອງລອງ",20.962029,100.82109,2025-06-17T14:00:20.461591303Z,0.0,92.0,0.0,10.0,100.0,Asia/Vientiane,https://maps.gstatic.com/weather/v1/cloudy,Cloudy,en,CLOUDY,22.8,CELSIUS,25.1,CELSIUS,21.4,CELSIUS,25.1,CELSIUS,22.8,CELSIUS,25.0,RAIN,0.0,MILLIMETERS,0.1626,MILLIMETERS,1009.01,203.0,SOUTH_SOUTHWEST,5.0,KILOMETERS_PER_HOUR,11.0,KILOMETERS_PER_HOUR,14.0,KILOMETERS,0.1,CELSIUS,27.2,CELSIUS,21.9,CELSIUS,0.0,MILLIMETERS,6.3401,MILLIMETERS,,,,2025-06-17 21:00:08.497000+07:00,2100
1095,90421,"Sing Secondary School - Sing, LuangNamtha ມັດທະຍົມສົມບູນ ເມືອງສິງ","Sing Secondary School - Sing, LuangNamtha ມັດທະຍົມສົມບູນ ເມືອງສິງ",21.190223,101.144937,2025-06-17T14:00:21.894256424Z,0.0,92.0,0.0,10.0,100.0,Asia/Vientiane,https://maps.gstatic.com/weather/v1/cloudy,Cloudy,en,CLOUDY,22.8,CELSIUS,25.1,CELSIUS,21.4,CELSIUS,25.1,CELSIUS,22.8,CELSIUS,25.0,RAIN,0.0,MILLIMETERS,0.1626,MILLIMETERS,1009.01,203.0,SOUTH_SOUTHWEST,5.0,KILOMETERS_PER_HOUR,11.0,KILOMETERS_PER_HOUR,14.0,KILOMETERS,0.1,CELSIUS,27.2,CELSIUS,21.9,CELSIUS,0.0,MILLIMETERS,6.3401,MILLIMETERS,,,,2025-06-17 21:00:08.497000+07:00,2100
1096,90424,"La Secondary School - La, Oudomxai ມັດທະຍົມສົມບູນ ເມືອງຫລາ","La Secondary School - La, Oudomxai ມັດທະຍົມສົມບູນ ເມືອງຫລາ",20.870865,102.110246,2025-06-17T14:00:23.160064314Z,0.0,86.0,0.0,20.0,100.0,Asia/Vientiane,https://maps.gstatic.com/weather/v1/cloudy,Cloudy,en,CLOUDY,21.7,CELSIUS,23.9,CELSIUS,19.2,CELSIUS,23.9,CELSIUS,21.7,CELSIUS,20.0,RAIN,0.0,MILLIMETERS,0.0,MILLIMETERS,1008.81,180.0,SOUTH,5.0,KILOMETERS_PER_HOUR,10.0,KILOMETERS_PER_HOUR,16.0,KILOMETERS,0.0,CELSIUS,27.6,CELSIUS,20.5,CELSIUS,0.0,MILLIMETERS,5.3876,MILLIMETERS,,,,2025-06-17 21:00:08.497000+07:00,2100
1097,90425,"Namor Secondary School - Namor, Oudomxay ມັດທະຍົມ ເມືອງນາໝໍ້","Namor Secondary School - Namor, Oudomxay ມັດທະຍົມ ເມືອງນາໝໍ້",20.914061,101.764456,2025-06-17T14:00:24.514602794Z,0.0,93.0,0.0,20.0,100.0,Asia/Vientiane,https://maps.gstatic.com/weather/v1/drizzle,Light rain,en,LIGHT_RAIN,21.5,CELSIUS,23.9,CELSIUS,20.4,CELSIUS,23.9,CELSIUS,21.5,CELSIUS,40.0,RAIN,0.0,MILLIMETERS,0.46480000000000005,MILLIMETERS,1008.98,203.0,SOUTH_SOUTHWEST,6.0,KILOMETERS_PER_HOUR,13.0,KILOMETERS_PER_HOUR,11.0,KILOMETERS,0.1,CELSIUS,27.9,CELSIUS,20.8,CELSIUS,0.0,MILLIMETERS,9.5733,MILLIMETERS,,,,2025-06-17 21:00:08.497000+07:00,2100
1098,90426,Nga - Oudomxai,Nga - Oudomxai,20.282849,101.973769,2025-06-17T14:00:25.832156321Z,0.0,76.0,0.0,0.0,100.0,Asia/Vientiane,https://maps.gstatic.com/weather/v1/cloudy,Cloudy,en,CLOUDY,25.6,CELSIUS,27.4,CELSIUS,21.1,CELSIUS,27.4,CELSIUS,25.6,CELSIUS,10.0,RAIN,0.0,MILLIMETERS,0.0,MILLIMETERS,1008.44,245.0,WEST_SOUTHWEST,5.0,KILOMETERS_PER_HOUR,11.0,KILOMETERS_PER_HOUR,16.0,KILOMETERS,-0.6000000000000001,CELSIUS,31.3,CELSIUS,24.4,CELSIUS,0.0,MILLIMETERS,7.3281,MILLIMETERS,,,,2025-06-17 21:00:08.497000+07:00,2100
1099,90427,Beng - Oudomxai,Beng - Oudomxai,20.296295,101.639666,2025-06-17T14:00:27.179869629Z,0.0,85.0,0.0,0.0,100.0,Asia/Vientiane,https://maps.gstatic.com/weather/v1/cloudy,Cloudy,en,CLOUDY,24.4,CELSIUS,26.6,CELSIUS,21.8,CELSIUS,26.6,CELSIUS,24.4,CELSIUS,10.0,RAIN,0.0,MILLIMETERS,0.0965,MILLIMETERS,1008.59,203.0,SOUTH_SOUTHWEST,5.0,KILOMETERS_PER_HOUR,11.0,KILOMETERS_PER_HOUR,16.0,KILOMETERS,0.5,CELSIUS,29.2,CELSIUS,22.9,CELSIUS,0.0,MILLIMETERS,3.6447,MILLIMETERS,,,,2025-06-17 21:00:08.497000+07:00,2100
1100,90428,"Hoon Secondary School - Hoon, Oudomxay ມັດທະຍົມ ເມືອງຮຸນ","Hoon Secondary School - Hoon, Oudomxay ມັດທະຍົມ ເມືອງຮຸນ",20.146431,101.467765,2025-06-17T14:00:28.526364185Z,0.0,85.0,0.0,0.0,100.0,Asia/Vientiane,https://maps.gstatic.com/weather/v1/cloudy,Cloudy,en,CLOUDY,24.4,CELSIUS,26.6,CELSIUS,21.8,CELSIUS,26.6,CELSIUS,24.4,CELSIUS,10.0,RAIN,0.0,MILLIMETERS,0.0965,MILLIMETERS,1008.59,203.0,SOUTH_SOUTHWEST,5.0,KILOMETERS_PER_HOUR,11.0,KILOMETERS_PER_HOUR,16.0,KILOMETERS,0.5,CELSIUS,29.2,CELSIUS,22.9,CELSIUS,0.0,MILLIMETERS,3.6447,MILLIMETERS,,,,2025-06-17 21:00:08.497000+07:00,2100
1101,90430,"Nampook Secondary School - Huoixai, Bokeo ມັດທະຍົມສົມບູນ ນ້ຳປຸກ","Nampook Secondary School - Huoixai, Bokeo ມັດທະຍົມສົມບູນ ນ້ຳປຸກ",20.217811,100.565439,2025-06-17T14:00:29.804641191Z,0.0,90.0,0.0,20.0,100.0,Asia/Vientiane,https://maps.gstatic.com/weather/v1/cloudy,Cloudy,en,CLOUDY,26.0,CELSIUS,29.5,CELSIUS,24.0,CELSIUS,29.5,CELSIUS,26.0,CELSIUS,25.0,RAIN,0.0,MILLIMETERS,0.5232,MILLIMETERS,1008.0,225.0,SOUTHWEST,3.0,KILOMETERS_PER_HOUR,5.0,KILOMETERS_PER_HOUR,16.0,KILOMETERS,0.8,CELSIUS,30.5,CELSIUS,24.2,CELSIUS,0.0,MILLIMETERS,23.4365,MILLIMETERS,,,,2025-06-17 21:00:08.497000+07:00,2100
1102,90432,Meung - Bokeo,Meung - Bokeo,20.565749,100.592003,2025-06-17T14:00:31.115391257Z,0.0,90.0,0.0,20.0,100.0,Asia/Vientiane,https://maps.gstatic.com/weather/v1/cloudy,Cloudy,en,CLOUDY,21.9,CELSIUS,24.3,CELSIUS,20.1,CELSIUS,24.3,CELSIUS,21.9,CELSIUS,20.0,RAIN,0.0,MILLIMETERS,0.254,MILLIMETERS,1008.32,203.0,SOUTH_SOUTHWEST,5.0,KILOMETERS_PER_HOUR,10.0,KILOMETERS_PER_HOUR,16.0,KILOMETERS,0.5,CELSIUS,27.0,CELSIUS,20.4,CELSIUS,0.0,MILLIMETERS,13.5916,MILLIMETERS,,,,2025-06-17 21:00:08.497000+07:00,2100
1103,90433,Pha Oudom - Bokeo,Pha Oudom - Bokeo,20.086216,100.831707,2025-06-17T14:00:32.405639186Z,0.0,90.0,0.0,20.0,100.0,Asia/Vientiane,https://maps.gstatic.com/weather/v1/cloudy,Cloudy,en,CLOUDY,20.3,CELSIUS,22.7,CELSIUS,18.7,CELSIUS,22.7,CELSIUS,20.3,CELSIUS,25.0,RAIN,0.0,MILLIMETERS,0.1753,MILLIMETERS,1008.73,180.0,SOUTH,3.0,KILOMETERS_PER_HOUR,6.0,KILOMETERS_PER_HOUR,16.0,KILOMETERS,0.6000000000000001,CELSIUS,24.0,CELSIUS,18.8,CELSIUS,0.0,MILLIMETERS,10.983,MILLIMETERS,,,,2025-06-17 21:00:08.497000+07:00,2100
1104,90434,Paktha - Bokeo,Paktha - Bokeo,20.105423,100.597269,2025-06-17T14:00:33.711750617Z,0.0,90.0,0.0,20.0,100.0,Asia/Vientiane,https://maps.gstatic.com/weather/v1/cloudy,Cloudy,en,CLOUDY,26.0,CELSIUS,29.5,CELSIUS,24.0,CELSIUS,29.5,CELSIUS,26.0,CELSIUS,25.0,RAIN,0.0,MILLIMETERS,0.5232,MILLIMETERS,1008.01,225.0,SOUTHWEST,3.0,KILOMETERS_PER_HOUR,5.0,KILOMETERS_PER_HOUR,16.0,KILOMETERS,0.8,CELSIUS,30.5,CELSIUS,24.2,CELSIUS,0.0,MILLIMETERS,23.4365,MILLIMETERS,,,,2025-06-17 21:00:08.497000+07:00,2100
1105,90435,"Santiphab Secondary School - Luangprabang, Luangprabang ມັດທະຍົມ ສັນຕິພາບ","Santiphab Secondary School - Luangprabang, Luangprabang ມັດທະຍົມ ສັນຕິພາບ",19.880332,102.139832,2025-06-17T14:00:35.082632714Z,0.0,75.0,0.0,20.0,100.0,Asia/Vientiane,https://maps.gstatic.com/weather/v1/cloudy,Cloudy,en,CLOUDY,25.6,CELSIUS,27.6,CELSIUS,20.7,CELSIUS,27.6,CELSIUS,25.6,CELSIUS,20.0,RAIN,0.0,MILLIMETERS,0.0,MILLIMETERS,1007.94,270.0,WEST,3.0,KILOMETERS_PER_HOUR,8.0,KILOMETERS_PER_HOUR,16.0,KILOMETERS,-0.4,CELSIUS,33.3,CELSIUS,24.2,CELSIUS,0.0,MILLIMETERS,4.7578000000000005,MILLIMETERS,,,,2025-06-17 21:00:08.497000+07:00,2100
1106,90437,"PakXeng Secondary School - PakXeng, Luangprabang ມັດທະຍົມສົມບູນ ປາກແຊງ","PakXeng Secondary School - PakXeng, Luangprabang ມັດທະຍົມສົມບູນ ປາກແຊງ",20.174492,102.675657,2025-06-17T14:00:36.342612179Z,0.0,81.0,0.0,0.0,100.0,Asia/Vientiane,https://maps.gstatic.com/weather/v1/cloudy,Cloudy,en,CLOUDY,20.2,CELSIUS,22.2,CELSIUS,16.7,CELSIUS,22.2,CELSIUS,20.2,CELSIUS,10.0,RAIN,0.0,MILLIMETERS,0.0,MILLIMETERS,1008.72,180.0,SOUTH,2.0,KILOMETERS_PER_HOUR,5.0,KILOMETERS_PER_HOUR,16.0,KILOMETERS,1.1,CELSIUS,26.8,CELSIUS,18.0,CELSIUS,0.0,MILLIMETERS,7.2519,MILLIMETERS,,,,2025-06-17 21:00:08.497000+07:00,2100
1107,90438,"Phonxay Secpondary School - Phonxay, Luangprabang ມັດທະຍົມສົມບູນ ເມືອງໂພນໄຊ","Phonxay Secpondary School - Phonxay, Luangprabang ມັດທະຍົມສົມບູນ ເມືອງໂພນໄຊ",19.958916,102.572347,,,,,,,,,,,,,,,,,,,,,,,,,,,,,,,,,,,,,,,,,,,,,,,404.0,Information is not supported for this location. Please try a different location.,NOT_FOUND,2025-06-17 21:00:08.497000+07:00,2100
1108,90440,"Vangxieng Secondary School - Phonthong, Luangprabang ມັດທະຍົມ ວັງຊຽງ","Vangxieng Secondary School - Phonthong, Luangprabang ມັດທະຍົມ ວັງຊຽງ",20.737745,103.073231,2025-06-17T14:00:39.030870617Z,0.0,83.0,0.0,10.0,100.0,Asia/Vientiane,https://maps.gstatic.com/weather/v1/cloudy,Cloudy,en,CLOUDY,22.5,CELSIUS,24.6,CELSIUS,19.3,CELSIUS,24.6,CELSIUS,22.5,CELSIUS,20.0,RAIN,0.0,MILLIMETERS,0.0,MILLIMETERS,1009.36,200.0,SOUTH_SOUTHWEST,5.0,KILOMETERS_PER_HOUR,8.0,KILOMETERS_PER_HOUR,16.0,KILOMETERS,0.8,CELSIUS,27.9,CELSIUS,20.5,CELSIUS,0.0,MILLIMETERS,11.8489,MILLIMETERS,,,,2025-06-17 21:00:08.497000+07:00,2100
1109,90441,"Kiwkachum Secondary School - XiengNgeun, Luangprabang ມັດທະຍົມ ກິ່ວກະຈຳ","Kiwkachum Secondary School - XiengNgeun, Luangprabang ມັດທະຍົມ ກິ່ວກະຈຳ",19.555,102.234,2025-06-17T14:00:40.401761710Z,0.0,89.0,0.0,10.0,100.0,Asia/Vientiane,https://maps.gstatic.com/weather/v1/cloudy,Cloudy,en,CLOUDY,21.1,CELSIUS,25.5,CELSIUS,19.3,CELSIUS,25.5,CELSIUS,21.1,CELSIUS,20.0,RAIN,0.0,MILLIMETERS,0.09910000000000001,MILLIMETERS,1010.35,200.0,SOUTH_SOUTHWEST,5.0,KILOMETERS_PER_HOUR,16.0,KILOMETERS_PER_HOUR,16.0,KILOMETERS,-1.3,CELSIUS,30.0,CELSIUS,20.6,CELSIUS,0.0,MILLIMETERS,8.1361,MILLIMETERS,,,,2025-06-17 21:00:08.497000+07:00,2100
1110,90442,"Nan Secondary School - Nan, Luangprabang ມັດທະຍົມ ເມືອງນານ","Nan Secondary School - Nan, Luangprabang ມັດທະຍົມ ເມືອງນານ",19.498539,101.883867,2025-06-17T14:00:41.782627380Z,0.0,89.0,0.0,20.0,100.0,Asia/Vientiane,https://maps.gstatic.com/weather/v1/cloudy,Cloudy,en,CLOUDY,20.3,CELSIUS,22.7,CELSIUS,18.7,CELSIUS,22.7,CELSIUS,20.3,CELSIUS,20.0,RAIN,0.0,MILLIMETERS,0.1524,MILLIMETERS,1008.9,225.0,SOUTHWEST,5.0,KILOMETERS_PER_HOUR,8.0,KILOMETERS_PER_HOUR,16.0,KILOMETERS,0.1,CELSIUS,26.3,CELSIUS,19.1,CELSIUS,0.0,MILLIMETERS,9.947,MILLIMETERS,,,,2025-06-17 21:00:08.497000+07:00,2100
1111,90447,Xamneua - Houaphan,Xamneua - Houaphan,20.413807,104.050733,2025-06-17T14:00:43.161218876Z,0.0,79.0,0.0,0.0,100.0,Asia/Vientiane,https://maps.gstatic.com/weather/v1/cloudy,Cloudy,en,CLOUDY,22.8,CELSIUS,24.9,CELSIUS,18.8,CELSIUS,24.9,CELSIUS,22.8,CELSIUS,10.0,RAIN,0.0,MILLIMETERS,0.0,MILLIMETERS,1008.4,245.0,WEST_SOUTHWEST,8.0,KILOMETERS_PER_HOUR,19.0,KILOMETERS_PER_HOUR,16.0,KILOMETERS,1.9000000000000001,CELSIUS,30.4,CELSIUS,20.3,CELSIUS,0.0,MILLIMETERS,3.7442,MILLIMETERS,,,,2025-06-17 21:00:08.497000+07:00,2100
1112,90449,"BouamNgam Secondary School - Huameuang, Houaphan  ມັດທະຍົມ ບວມງາມ","BouamNgam Secondary School - Huameuang, Houaphan  ມັດທະຍົມ ບວມງາມ",20.199501,103.875166,2025-06-17T14:00:44.501701469Z,0.0,87.0,0.0,0.0,100.0,Asia/Vientiane,https://maps.gstatic.com/weather/v1/cloudy,Cloudy,en,CLOUDY,20.6,CELSIUS,23.6,CELSIUS,18.3,CELSIUS,23.6,CELSIUS,20.6,CELSIUS,10.0,RAIN,0.0,MILLIMETERS,0.0,MILLIMETERS,1009.76,225.0,SOUTHWEST,3.0,KILOMETERS_PER_HOUR,6.0,KILOMETERS_PER_HOUR,16.0,KILOMETERS,0.30000000000000004,CELSIUS,26.9,CELSIUS,19.2,CELSIUS,0.0,MILLIMETERS,5.7738,MILLIMETERS,,,,2025-06-17 21:00:08.497000+07:00,2100
1113,90450,Xamtay - Houaphan,Xamtay - Houaphan,19.999194,104.64011,2025-06-17T14:00:45.887553662Z,0.0,76.0,0.0,0.0,100.0,Asia/Vientiane,https://maps.gstatic.com/weather/v1/cloudy,Cloudy,en,CLOUDY,21.9,CELSIUS,23.9,CELSIUS,17.5,CELSIUS,23.9,CELSIUS,21.9,CELSIUS,10.0,RAIN,0.0,MILLIMETERS,0.0,MILLIMETERS,1008.71,250.0,WEST_SOUTHWEST,5.0,KILOMETERS_PER_HOUR,10.0,KILOMETERS_PER_HOUR,16.0,KILOMETERS,1.6,CELSIUS,29.0,CELSIUS,19.1,CELSIUS,0.0,MILLIMETERS,3.1446,MILLIMETERS,,,,2025-06-17 21:00:08.497000+07:00,2100
1114,90451,"Add Secondary School - Add, Houaphan ມັດທະຍົມ ແອດ","Add Secondary School - Add, Houaphan ມັດທະຍົມ ແອດ",20.820542,104.004618,,,,,,,,,,,,,,,,,,,,,,,,,,,,,,,,,,,,,,,,,,,,,,,404.0,Information is not supported for this location. Please try a different location.,NOT_FOUND,2025-06-17 21:00:08.497000+07:00,2100
1115,90452,Xon - Houaphan,Xon - Houaphan,20.466813,103.34797,2025-06-17T14:00:48.683337942Z,0.0,87.0,0.0,0.0,100.0,Asia/Vientiane,https://maps.gstatic.com/weather/v1/cloudy,Cloudy,en,CLOUDY,18.0,CELSIUS,21.0,CELSIUS,15.7,CELSIUS,21.0,CELSIUS,18.0,CELSIUS,10.0,RAIN,0.0,MILLIMETERS,0.0,MILLIMETERS,1009.76,225.0,SOUTHWEST,3.0,KILOMETERS_PER_HOUR,6.0,KILOMETERS_PER_HOUR,16.0,KILOMETERS,0.30000000000000004,CELSIUS,24.3,CELSIUS,16.6,CELSIUS,0.0,MILLIMETERS,5.7738,MILLIMETERS,,,,2025-06-17 21:00:08.497000+07:00,2100
1116,90453,Xiengkhor - Houaphan,Xiengkhor - Houaphan,20.813892,104.146676,,,,,,,,,,,,,,,,,,,,,,,,,,,,,,,,,,,,,,,,,,,,,,,404.0,Information is not supported for this location. Please try a different location.,NOT_FOUND,2025-06-17 21:00:08.497000+07:00,2100
1117,90454," Viengthong Secondary School - Hiem, Houaphan ມັດທະຍົມ ວຽງທອງ"," Viengthong Secondary School - Hiem, Houaphan ມັດທະຍົມ ວຽງທອງ",20.099855,103.380396,2025-06-17T14:00:51.236419957Z,0.0,87.0,0.0,0.0,100.0,Asia/Vientiane,https://maps.gstatic.com/weather/v1/cloudy,Cloudy,en,CLOUDY,18.0,CELSIUS,21.0,CELSIUS,15.7,CELSIUS,21.0,CELSIUS,18.0,CELSIUS,10.0,RAIN,0.0,MILLIMETERS,0.0,MILLIMETERS,1009.76,225.0,SOUTHWEST,3.0,KILOMETERS_PER_HOUR,6.0,KILOMETERS_PER_HOUR,16.0,KILOMETERS,0.30000000000000004,CELSIUS,24.3,CELSIUS,16.6,CELSIUS,0.0,MILLIMETERS,5.7738,MILLIMETERS,,,,2025-06-17 21:00:08.497000+07:00,2100
1118,90455,"Sopbao Secondary School - Sopbao, Houaphan ມັດທະຍົມ ສົບເບົາ","Sopbao Secondary School - Sopbao, Houaphan ມັດທະຍົມ ສົບເບົາ",20.710206,104.384946,2025-06-17T14:00:52.544106174Z,0.0,79.0,0.0,0.0,100.0,Asia/Vientiane,https://maps.gstatic.com/weather/v1/cloudy,Cloudy,en,CLOUDY,18.9,CELSIUS,21.0,CELSIUS,14.9,CELSIUS,21.0,CELSIUS,18.9,CELSIUS,10.0,RAIN,0.0,MILLIMETERS,0.0,MILLIMETERS,1008.4,245.0,WEST_SOUTHWEST,8.0,KILOMETERS_PER_HOUR,19.0,KILOMETERS_PER_HOUR,16.0,KILOMETERS,1.9000000000000001,CELSIUS,26.5,CELSIUS,16.4,CELSIUS,0.0,MILLIMETERS,3.7442,MILLIMETERS,,,,2025-06-17 21:00:08.497000+07:00,2100
1119,90456,"Kuan Secondary School - Kuan, Houaphan ມັດທະຍົມສົມບູນ ກັວນ","Kuan Secondary School - Kuan, Houaphan ມັດທະຍົມສົມບູນ ກັວນ",19.835863,104.561303,2025-06-17T14:00:53.809189132Z,0.0,76.0,0.0,0.0,100.0,Asia/Vientiane,https://maps.gstatic.com/weather/v1/cloudy,Cloudy,en,CLOUDY,23.2,CELSIUS,25.2,CELSIUS,18.8,CELSIUS,25.2,CELSIUS,23.2,CELSIUS,10.0,RAIN,0.0,MILLIMETERS,0.0,MILLIMETERS,1008.71,250.0,WEST_SOUTHWEST,5.0,KILOMETERS_PER_HOUR,10.0,KILOMETERS_PER_HOUR,16.0,KILOMETERS,1.6,CELSIUS,30.3,CELSIUS,20.4,CELSIUS,0.0,MILLIMETERS,3.1446,MILLIMETERS,,,,2025-06-17 21:00:08.497000+07:00,2100
1120,90457,"Khob Secondary School - Khob, Xayabouli ມັດທະຍົມ ເມືອງຄອບ","Khob Secondary School - Khob, Xayabouli ມັດທະຍົມ ເມືອງຄອບ",19.699713,100.5572,2025-06-17T14:00:55.163477121Z,0.0,89.0,0.0,20.0,100.0,Asia/Vientiane,https://maps.gstatic.com/weather/v1/cloudy,Cloudy,en,CLOUDY,25.4,CELSIUS,28.4,CELSIUS,23.3,CELSIUS,28.4,CELSIUS,25.4,CELSIUS,20.0,RAIN,0.0,MILLIMETERS,0.2235,MILLIMETERS,1008.87,180.0,SOUTH,11.0,KILOMETERS_PER_HOUR,21.0,KILOMETERS_PER_HOUR,16.0,KILOMETERS,-0.2,CELSIUS,30.1,CELSIUS,23.7,CELSIUS,0.0,MILLIMETERS,15.7022,MILLIMETERS,,,,2025-06-17 21:00:08.497000+07:00,2100
1121,90458,"Hongsa Secondary School - Hongsa, Xaignabouly ມັດທະຍົມສົມບູນ ຫົງສາ","Hongsa Secondary School - Hongsa, Xaignabouly ມັດທະຍົມສົມບູນ ຫົງສາ",19.70693,101.342893,2025-06-17T14:00:56.491378111Z,0.0,89.0,0.0,20.0,100.0,Asia/Vientiane,https://maps.gstatic.com/weather/v1/cloudy,Cloudy,en,CLOUDY,21.6,CELSIUS,24.0,CELSIUS,20.0,CELSIUS,24.0,CELSIUS,21.6,CELSIUS,20.0,RAIN,0.0,MILLIMETERS,0.1524,MILLIMETERS,1008.91,225.0,SOUTHWEST,5.0,KILOMETERS_PER_HOUR,8.0,KILOMETERS_PER_HOUR,16.0,KILOMETERS,0.1,CELSIUS,27.6,CELSIUS,20.4,CELSIUS,0.0,MILLIMETERS,9.947,MILLIMETERS,,,,2025-06-17 21:00:08.497000+07:00,2100
1122,90459,Phiang - Xaignabouly,Phiang - Xaignabouly,19.094645,101.529558,2025-06-17T14:00:57.737794916Z,0.0,85.0,0.0,0.0,100.0,Asia/Vientiane,https://maps.gstatic.com/weather/v1/cloudy,Cloudy,en,CLOUDY,26.1,CELSIUS,29.2,CELSIUS,23.0,CELSIUS,29.2,CELSIUS,26.1,CELSIUS,10.0,RAIN,0.0,MILLIMETERS,0.0178,MILLIMETERS,1008.9,203.0,SOUTH_SOUTHWEST,5.0,KILOMETERS_PER_HOUR,10.0,KILOMETERS_PER_HOUR,16.0,KILOMETERS,-0.2,CELSIUS,32.2,CELSIUS,23.7,CELSIUS,0.0,MILLIMETERS,5.2325,MILLIMETERS,,,,2025-06-17 21:00:08.497000+07:00,2100
1123,90463,"Ekaphab Secondary School - Xayabury, Xayabury ມັດທະຍົມ ເອກະພາບ","Ekaphab Secondary School - Xayabury, Xayabury ມັດທະຍົມ ເອກະພາບ",19.237566,101.714751,2025-06-17T14:00:59.125978542Z,0.0,81.0,0.0,0.0,100.0,Asia/Vientiane,https://maps.gstatic.com/weather/v1/cloudy,Cloudy,en,CLOUDY,26.2,CELSIUS,29.0,CELSIUS,22.8,CELSIUS,29.0,CELSIUS,26.2,CELSIUS,10.0,RAIN,0.0,MILLIMETERS,0.012700000000000001,MILLIMETERS,1008.14,180.0,SOUTH,5.0,KILOMETERS_PER_HOUR,8.0,KILOMETERS_PER_HOUR,16.0,KILOMETERS,0.2,CELSIUS,32.1,CELSIUS,24.8,CELSIUS,0.0,MILLIMETERS,1.9329,MILLIMETERS,,,,2025-06-17 21:00:08.497000+07:00,2100
1124,90465,Xienghone - Xaignabouly ,Xienghone - Xaignabouly ,19.631763,100.814901,2025-06-17T14:01:00.371981463Z,0.0,90.0,0.0,0.0,100.0,Asia/Vientiane,https://maps.gstatic.com/weather/v1/cloudy,Cloudy,en,CLOUDY,21.8,CELSIUS,24.2,CELSIUS,20.1,CELSIUS,24.2,CELSIUS,21.8,CELSIUS,10.0,RAIN,0.0,MILLIMETERS,0.11180000000000001,MILLIMETERS,1009.02,203.0,SOUTH_SOUTHWEST,6.0,KILOMETERS_PER_HOUR,11.0,KILOMETERS_PER_HOUR,16.0,KILOMETERS,0.1,CELSIUS,26.8,CELSIUS,20.2,CELSIUS,0.0,MILLIMETERS,8.0314,MILLIMETERS,,,,2025-06-17 21:00:08.497000+07:00,2100
1125,90466,"Kenethao Secondary School - Kenethao, Xayabury ມັດທະຍົມສົມບຸນ ແກ່ນທ້າວ","Kenethao Secondary School - Kenethao, Xayabury ມັດທະຍົມສົມບຸນ ແກ່ນທ້າວ",17.740569,101.403471,2025-06-17T14:01:01.765667648Z,0.0,76.0,0.0,0.0,100.0,Asia/Vientiane,https://maps.gstatic.com/weather/v1/cloudy,Cloudy,en,CLOUDY,27.7,CELSIUS,31.1,CELSIUS,23.1,CELSIUS,31.1,CELSIUS,27.7,CELSIUS,10.0,RAIN,0.0,MILLIMETERS,0.0,MILLIMETERS,1008.02,225.0,SOUTHWEST,6.0,KILOMETERS_PER_HOUR,13.0,KILOMETERS_PER_HOUR,16.0,KILOMETERS,-0.5,CELSIUS,32.3,CELSIUS,25.2,CELSIUS,0.0,MILLIMETERS,8.9738,MILLIMETERS,,,,2025-06-17 21:00:08.497000+07:00,2100
1126,90468,Pek - Xiengkhouang,Pek - Xiengkhouang,19.444636,103.205788,2025-06-17T14:01:03.035598928Z,0.0,79.0,0.0,20.0,100.0,Asia/Vientiane,https://maps.gstatic.com/weather/v1/cloudy,Cloudy,en,CLOUDY,20.8,CELSIUS,24.3,CELSIUS,16.9,CELSIUS,24.3,CELSIUS,20.8,CELSIUS,20.0,RAIN,0.0,MILLIMETERS,0.0,MILLIMETERS,1010.84,200.0,SOUTH_SOUTHWEST,5.0,KILOMETERS_PER_HOUR,11.0,KILOMETERS_PER_HOUR,16.0,KILOMETERS,-1.1,CELSIUS,28.8,CELSIUS,20.1,CELSIUS,0.0,MILLIMETERS,6.9573,MILLIMETERS,,,,2025-06-17 21:00:08.497000+07:00,2100
1127,90469,Nonghed - Xiengkhouang,Nonghed - Xiengkhouang,19.49661,103.986121,,,,,,,,,,,,,,,,,,,,,,,,,,,,,,,,,,,,,,,,,,,,,,,404.0,Information is not supported for this location. Please try a different location.,NOT_FOUND,2025-06-17 21:00:08.497000+07:00,2100
1128,90471,"Napa Secondary School - Kham, Xiengkhouang ມັດທະຍົມ ນາປາ","Napa Secondary School - Kham, Xiengkhouang ມັດທະຍົມ ນາປາ",19.590573,103.662369,2025-06-17T14:01:05.702505008Z,0.0,83.0,0.0,0.0,100.0,Asia/Vientiane,https://maps.gstatic.com/weather/v1/cloudy,Cloudy,en,CLOUDY,22.8,CELSIUS,25.0,CELSIUS,19.8,CELSIUS,25.0,CELSIUS,22.8,CELSIUS,10.0,RAIN,0.0,MILLIMETERS,0.0,MILLIMETERS,1009.48,270.0,WEST,2.0,KILOMETERS_PER_HOUR,2.0,KILOMETERS_PER_HOUR,16.0,KILOMETERS,0.1,CELSIUS,31.8,CELSIUS,20.9,CELSIUS,0.0,MILLIMETERS,3.3937,MILLIMETERS,,,,2025-06-17 21:00:08.497000+07:00,2100
1129,90472,"Chomphet Seconbdary School - Khoune, Xiengkhuang ມັດທະຍົມ ຈອມເພັດ","Chomphet Seconbdary School - Khoune, Xiengkhuang ມັດທະຍົມ ຈອມເພັດ",19.340999,103.371433,2025-06-17T14:01:07.062153124Z,0.0,79.0,0.0,20.0,100.0,Asia/Vientiane,https://maps.gstatic.com/weather/v1/cloudy,Cloudy,en,CLOUDY,20.8,CELSIUS,24.3,CELSIUS,16.9,CELSIUS,24.3,CELSIUS,20.8,CELSIUS,20.0,RAIN,0.0,MILLIMETERS,0.0,MILLIMETERS,1010.84,200.0,SOUTH_SOUTHWEST,5.0,KILOMETERS_PER_HOUR,11.0,KILOMETERS_PER_HOUR,16.0,KILOMETERS,-1.1,CELSIUS,28.8,CELSIUS,20.1,CELSIUS,0.0,MILLIMETERS,6.9573,MILLIMETERS,,,,2025-06-17 21:00:08.497000+07:00,2100
1130,90474,"Lardkhai Secondary School - Phaxay, Xiengkhouang ມັດທະຍົມ ລາດຄ້າຍ","Lardkhai Secondary School - Phaxay, Xiengkhouang ມັດທະຍົມ ລາດຄ້າຍ",19.29915,103.133374,2025-06-17T14:01:08.405036998Z,0.0,79.0,0.0,20.0,100.0,Asia/Vientiane,https://maps.gstatic.com/weather/v1/cloudy,Cloudy,en,CLOUDY,20.8,CELSIUS,24.3,CELSIUS,16.9,CELSIUS,24.3,CELSIUS,20.8,CELSIUS,20.0,RAIN,0.0,MILLIMETERS,0.0,MILLIMETERS,1010.84,200.0,SOUTH_SOUTHWEST,5.0,KILOMETERS_PER_HOUR,11.0,KILOMETERS_PER_HOUR,16.0,KILOMETERS,-1.1,CELSIUS,28.8,CELSIUS,20.1,CELSIUS,0.0,MILLIMETERS,6.9573,MILLIMETERS,,,,2025-06-17 21:00:08.497000+07:00,2100
1131,90475,Phonhong - Vientiane,Phonhong - Vientiane,18.350024,102.42424,2025-06-17T14:01:09.705268854Z,0.0,81.0,0.0,30.0,100.0,Asia/Vientiane,https://maps.gstatic.com/weather/v1/cloudy,Cloudy,en,CLOUDY,24.5,CELSIUS,26.4,CELSIUS,20.9,CELSIUS,26.4,CELSIUS,24.5,CELSIUS,20.0,RAIN,0.0,MILLIMETERS,0.0,MILLIMETERS,1008.29,0.0,NORTH,3.0,KILOMETERS_PER_HOUR,6.0,KILOMETERS_PER_HOUR,16.0,KILOMETERS,-2.6,CELSIUS,34.3,CELSIUS,23.0,CELSIUS,0.0,MILLIMETERS,8.1741,MILLIMETERS,,,,2025-06-17 21:00:08.497000+07:00,2100
1132,90476,"Kasy Secondary School - Kasy, Vientiane Province ມັດທະຍົມສົມບູນ ກາສີ","Kasy Secondary School - Kasy, Vientiane Province ມັດທະຍົມສົມບູນ ກາສີ",19.225034,102.25219,2025-06-17T14:01:11.027414812Z,0.0,86.0,0.0,20.0,100.0,Asia/Vientiane,https://maps.gstatic.com/weather/v1/cloudy,Cloudy,en,CLOUDY,21.7,CELSIUS,24.3,CELSIUS,19.3,CELSIUS,24.3,CELSIUS,21.7,CELSIUS,25.0,RAIN,0.0,MILLIMETERS,0.39880000000000004,MILLIMETERS,1009.81,0.0,NORTH,2.0,KILOMETERS_PER_HOUR,3.0,KILOMETERS_PER_HOUR,16.0,KILOMETERS,-3.1,CELSIUS,30.2,CELSIUS,21.3,CELSIUS,0.0,MILLIMETERS,18.4634,MILLIMETERS,,,,2025-06-17 21:00:08.497000+07:00,2100
1133,90477,"Xanakharm Secondary School - Xanakharm, Vieniane Province ມັດທະຍົມສົບຸນ ຊະນະຄາມ","Xanakharm Secondary School - Xanakharm, Vieniane Province ມັດທະຍົມສົບຸນ ຊະນະຄາມ",17.910218,101.670662,2025-06-17T14:01:12.448136997Z,0.0,82.0,0.0,0.0,100.0,Asia/Vientiane,https://maps.gstatic.com/weather/v1/cloudy,Cloudy,en,CLOUDY,27.4,CELSIUS,31.3,CELSIUS,23.9,CELSIUS,31.3,CELSIUS,27.4,CELSIUS,10.0,RAIN,0.0,MILLIMETERS,0.0051,MILLIMETERS,1008.02,225.0,SOUTHWEST,3.0,KILOMETERS_PER_HOUR,6.0,KILOMETERS_PER_HOUR,16.0,KILOMETERS,0.0,CELSIUS,32.1,CELSIUS,25.1,CELSIUS,0.0,MILLIMETERS,7.7318,MILLIMETERS,,,,2025-06-17 21:00:08.497000+07:00,2100
1134,90478,Mad - Vientiane,Mad - Vientiane,18.448868,101.76322,2025-06-17T14:01:13.825557997Z,0.0,75.0,0.0,0.0,100.0,Asia/Vientiane,https://maps.gstatic.com/weather/v1/cloudy,Cloudy,en,CLOUDY,27.5,CELSIUS,30.7,CELSIUS,22.8,CELSIUS,30.7,CELSIUS,27.5,CELSIUS,10.0,RAIN,0.0,MILLIMETERS,0.0,MILLIMETERS,1008.02,248.0,WEST_SOUTHWEST,5.0,KILOMETERS_PER_HOUR,10.0,KILOMETERS_PER_HOUR,16.0,KILOMETERS,-0.1,CELSIUS,32.7,CELSIUS,25.0,CELSIUS,0.0,MILLIMETERS,3.5508,MILLIMETERS,,,,2025-06-17 21:00:08.497000+07:00,2100
1135,90479,"Phonmi Secondary School - Viengkham, Vientiane Province ມັດທະຍົມສົມບຸນ ໂພນໝີ","Phonmi Secondary School - Viengkham, Vientiane Province ມັດທະຍົມສົມບຸນ ໂພນໝີ",18.48451,102.485942,2025-06-17T14:01:15.162026937Z,0.0,81.0,0.0,30.0,100.0,Asia/Vientiane,https://maps.gstatic.com/weather/v1/cloudy,Cloudy,en,CLOUDY,24.5,CELSIUS,26.4,CELSIUS,20.9,CELSIUS,26.4,CELSIUS,24.5,CELSIUS,20.0,RAIN,0.0,MILLIMETERS,0.0,MILLIMETERS,1008.29,0.0,NORTH,3.0,KILOMETERS_PER_HOUR,6.0,KILOMETERS_PER_HOUR,16.0,KILOMETERS,-2.6,CELSIUS,34.3,CELSIUS,23.0,CELSIUS,0.0,MILLIMETERS,8.1741,MILLIMETERS,,,,2025-06-17 21:00:08.497000+07:00,2100
1136,90482,"KeoKou Secondary School - KeoOudom, Vientiane Province ມັດທະຍົມສົມບູນ ແກ້ວກູ່","KeoKou Secondary School - KeoOudom, Vientiane Province ມັດທະຍົມສົມບູນ ແກ້ວກູ່",18.554884,102.502844,2025-06-17T14:01:16.488143743Z,0.0,81.0,0.0,30.0,100.0,Asia/Vientiane,https://maps.gstatic.com/weather/v1/cloudy,Cloudy,en,CLOUDY,24.5,CELSIUS,26.4,CELSIUS,20.9,CELSIUS,26.4,CELSIUS,24.5,CELSIUS,20.0,RAIN,0.0,MILLIMETERS,0.0,MILLIMETERS,1008.29,0.0,NORTH,3.0,KILOMETERS_PER_HOUR,6.0,KILOMETERS_PER_HOUR,16.0,KILOMETERS,-2.6,CELSIUS,34.3,CELSIUS,23.0,CELSIUS,0.0,MILLIMETERS,8.1741,MILLIMETERS,,,,2025-06-17 21:00:08.497000+07:00,2100
1137,90485,Meun - Vientiane,Meun - Vientiane,18.28379,101.941138,2025-06-17T14:01:17.786287322Z,0.0,76.0,0.0,29.0,100.0,Asia/Vientiane,https://maps.gstatic.com/weather/v1/cloudy,Cloudy,en,CLOUDY,25.9,CELSIUS,28.1,CELSIUS,21.4,CELSIUS,28.1,CELSIUS,25.9,CELSIUS,20.0,RAIN,0.0,MILLIMETERS,0.0,MILLIMETERS,1008.31,45.0,NORTHEAST,3.0,KILOMETERS_PER_HOUR,8.0,KILOMETERS_PER_HOUR,16.0,KILOMETERS,-2.1,CELSIUS,33.6,CELSIUS,23.1,CELSIUS,0.0,MILLIMETERS,5.4761,MILLIMETERS,,,,2025-06-17 21:00:08.497000+07:00,2100
1138,90487,"Thaphabath Secondary School - Thaphabath, Bolikhamxai","Thaphabath Secondary School - Thaphabath, Bolikhamxai",18.356826,103.198076,2025-06-17T14:01:19.103660154Z,0.0,79.0,0.0,30.0,100.0,Asia/Vientiane,https://maps.gstatic.com/weather/v1/drizzle,Light rain,en,LIGHT_RAIN,27.3,CELSIUS,30.8,CELSIUS,23.4,CELSIUS,30.8,CELSIUS,27.3,CELSIUS,25.0,RAIN,0.0,MILLIMETERS,0.0737,MILLIMETERS,1008.19,315.0,NORTHWEST,2.0,KILOMETERS_PER_HOUR,3.0,KILOMETERS_PER_HOUR,16.0,KILOMETERS,-0.9,CELSIUS,33.4,CELSIUS,25.5,CELSIUS,0.0,MILLIMETERS,5.4662,MILLIMETERS,,,,2025-06-17 21:00:08.497000+07:00,2100
1139,90488,Pakkading - Bolikhamxai ,Pakkading - Bolikhamxai ,18.109902,104.281265,2025-06-17T14:01:20.421611839Z,0.0,85.0,0.0,40.0,100.0,Asia/Vientiane,https://maps.gstatic.com/weather/v1/drizzle,Light rain,en,LIGHT_RAIN,26.0,CELSIUS,29.0,CELSIUS,23.3,CELSIUS,29.0,CELSIUS,26.0,CELSIUS,25.0,RAIN,0.0,MILLIMETERS,0.3912,MILLIMETERS,1009.19,270.0,WEST,0.0,KILOMETERS_PER_HOUR,2.0,KILOMETERS_PER_HOUR,16.0,KILOMETERS,0.9,CELSIUS,31.6,CELSIUS,24.2,CELSIUS,0.0,MILLIMETERS,7.2951,MILLIMETERS,,,,2025-06-17 21:00:08.497000+07:00,2100
1140,90490,"Nakhonxay Secondary School - Khamkeuth, - Borikhamxai ມັດທະຍົມ ນະຄອນໄຊ","Nakhonxay Secondary School - Khamkeuth, - Borikhamxai ມັດທະຍົມ ນະຄອນໄຊ",18.185553,104.983958,2025-06-17T14:01:21.892438879Z,0.0,89.0,0.0,0.0,100.0,Asia/Vientiane,https://maps.gstatic.com/weather/v1/cloudy,Cloudy,en,CLOUDY,23.3,CELSIUS,25.6,CELSIUS,21.5,CELSIUS,25.6,CELSIUS,23.3,CELSIUS,10.0,RAIN,0.0,MILLIMETERS,0.0,MILLIMETERS,1009.95,160.0,SOUTH_SOUTHEAST,5.0,KILOMETERS_PER_HOUR,13.0,KILOMETERS_PER_HOUR,16.0,KILOMETERS,0.30000000000000004,CELSIUS,29.1,CELSIUS,21.6,CELSIUS,0.0,MILLIMETERS,1.4759,MILLIMETERS,,,,2025-06-17 21:00:08.497000+07:00,2100
1141,90491,Viengthong - Bolikhamxai,Viengthong - Bolikhamxai,18.512354,104.442835,2025-06-17T14:01:23.260993379Z,0.0,83.0,0.0,40.0,100.0,Asia/Vientiane,https://maps.gstatic.com/weather/v1/cloudy,Cloudy,en,CLOUDY,25.3,CELSIUS,27.7,CELSIUS,22.2,CELSIUS,27.7,CELSIUS,25.3,CELSIUS,20.0,RAIN,0.0,MILLIMETERS,0.09910000000000001,MILLIMETERS,1009.36,225.0,SOUTHWEST,3.0,KILOMETERS_PER_HOUR,10.0,KILOMETERS_PER_HOUR,16.0,KILOMETERS,0.7000000000000001,CELSIUS,30.9,CELSIUS,22.7,CELSIUS,0.0,MILLIMETERS,3.0688,MILLIMETERS,,,,2025-06-17 21:00:08.497000+07:00,2100
1142,90492,"NamOn Secondary School - Xaychamphone, Borikhamxai ມັດທະຍົມ ນຳ້ອ້ອນ","NamOn Secondary School - Xaychamphone, Borikhamxai ມັດທະຍົມ ນຳ້ອ້ອນ",18.577559,104.981947,2025-06-17T14:01:24.604125960Z,0.0,89.0,0.0,0.0,100.0,Asia/Vientiane,https://maps.gstatic.com/weather/v1/cloudy,Cloudy,en,CLOUDY,23.3,CELSIUS,25.6,CELSIUS,21.5,CELSIUS,25.6,CELSIUS,23.3,CELSIUS,10.0,RAIN,0.0,MILLIMETERS,0.0,MILLIMETERS,1009.95,160.0,SOUTH_SOUTHEAST,5.0,KILOMETERS_PER_HOUR,13.0,KILOMETERS_PER_HOUR,16.0,KILOMETERS,0.30000000000000004,CELSIUS,29.1,CELSIUS,21.6,CELSIUS,0.0,MILLIMETERS,1.4759,MILLIMETERS,,,,2025-06-17 21:00:08.497000+07:00,2100
1143,90493,Thakhek - Khammouan ,Thakhek - Khammouan ,17.392668,104.807495,2025-06-17T14:01:25.939562015Z,0.0,97.0,0.0,60.0,100.0,Asia/Vientiane,https://maps.gstatic.com/weather/v1/cloudy,Cloudy,en,CLOUDY,26.3,CELSIUS,31.2,CELSIUS,25.7,CELSIUS,31.2,CELSIUS,26.3,CELSIUS,20.0,RAIN,0.0,MILLIMETERS,0.0,MILLIMETERS,1008.36,65.0,EAST_NORTHEAST,3.0,KILOMETERS_PER_HOUR,6.0,KILOMETERS_PER_HOUR,10.0,KILOMETERS,0.7000000000000001,CELSIUS,33.7,CELSIUS,24.7,CELSIUS,0.0,MILLIMETERS,8.7454,MILLIMETERS,,,,2025-06-17 21:00:08.497000+07:00,2100
1144,90494,Mahaxay - Khammouan,Mahaxay - Khammouan,17.457352,105.160169,2025-06-17T14:01:27.194928144Z,0.0,95.0,0.0,49.0,100.0,Asia/Vientiane,https://maps.gstatic.com/weather/v1/cloudy,Cloudy,en,CLOUDY,24.6,CELSIUS,27.4,CELSIUS,23.7,CELSIUS,27.4,CELSIUS,24.6,CELSIUS,20.0,RAIN,0.0,MILLIMETERS,0.0,MILLIMETERS,1009.47,270.0,WEST,0.0,KILOMETERS_PER_HOUR,0.0,KILOMETERS_PER_HOUR,11.0,KILOMETERS,1.2,CELSIUS,31.5,CELSIUS,23.0,CELSIUS,0.0,MILLIMETERS,4.3259,MILLIMETERS,,,,2025-06-17 21:00:08.497000+07:00,2100
1145,90495,Nongbok - Khammouan,Nongbok - Khammouan,16.962416,104.81156,2025-06-17T14:01:28.577564866Z,0.0,87.0,0.0,0.0,100.0,Asia/Vientiane,https://maps.gstatic.com/weather/v1/cloudy,Cloudy,en,CLOUDY,28.1,CELSIUS,33.8,CELSIUS,25.7,CELSIUS,33.8,CELSIUS,28.1,CELSIUS,10.0,RAIN,0.0,MILLIMETERS,0.0,MILLIMETERS,1007.51,203.0,SOUTH_SOUTHWEST,5.0,KILOMETERS_PER_HOUR,10.0,KILOMETERS_PER_HOUR,16.0,KILOMETERS,0.4,CELSIUS,33.7,CELSIUS,25.9,CELSIUS,0.0,MILLIMETERS,0.9755,MILLIMETERS,,,,2025-06-17 21:00:08.497000+07:00,2100
1146,90497,Nhommalath - Khammouan ,Nhommalath - Khammouan ,17.614203,105.170282,2025-06-17T14:01:29.915085885Z,0.0,95.0,0.0,49.0,100.0,Asia/Vientiane,https://maps.gstatic.com/weather/v1/cloudy,Cloudy,en,CLOUDY,24.6,CELSIUS,27.4,CELSIUS,23.7,CELSIUS,27.4,CELSIUS,24.6,CELSIUS,20.0,RAIN,0.0,MILLIMETERS,0.0,MILLIMETERS,1009.47,270.0,WEST,0.0,KILOMETERS_PER_HOUR,0.0,KILOMETERS_PER_HOUR,11.0,KILOMETERS,1.2,CELSIUS,31.5,CELSIUS,23.0,CELSIUS,0.0,MILLIMETERS,4.3259,MILLIMETERS,,,,2025-06-17 21:00:08.497000+07:00,2100
1147,90500,"Xebangfay Secondary School - Xebangfay, Khammouane ມັດທະຍົມສົມບູນ ເຊບັ້ງໄຟ","Xebangfay Secondary School - Xebangfay, Khammouane ມັດທະຍົມສົມບູນ ເຊບັ້ງໄຟ",17.086149,104.981631,2025-06-17T14:01:31.264195535Z,0.0,100.0,0.0,60.0,100.0,Asia/Vientiane,https://maps.gstatic.com/weather/v1/cloudy,Cloudy,en,CLOUDY,26.2,CELSIUS,31.4,CELSIUS,26.2,CELSIUS,31.4,CELSIUS,26.2,CELSIUS,20.0,RAIN,0.0,MILLIMETERS,0.0,MILLIMETERS,1008.49,90.0,EAST,2.0,KILOMETERS_PER_HOUR,3.0,KILOMETERS_PER_HOUR,5.0,KILOMETERS,0.0,CELSIUS,32.8,CELSIUS,24.6,CELSIUS,0.0,MILLIMETERS,5.5931,MILLIMETERS,,,,2025-06-17 21:00:08.497000+07:00,2100
1148,90501,"Sivilay Secondary School - Xaybouathong, Khammouane ມັດທະຍົມສົມບູນ ສີວິໄລ","Sivilay Secondary School - Xaybouathong, Khammouane ມັດທະຍົມສົມບູນ ສີວິໄລ",17.171532,105.4273,2025-06-17T14:01:32.601759340Z,0.0,97.0,0.0,0.0,100.0,Asia/Vientiane,https://maps.gstatic.com/weather/v1/cloudy,Cloudy,en,CLOUDY,26.6,CELSIUS,31.8,CELSIUS,26.3,CELSIUS,31.8,CELSIUS,26.6,CELSIUS,10.0,RAIN,0.0,MILLIMETERS,0.0,MILLIMETERS,1008.37,200.0,SOUTH_SOUTHWEST,5.0,KILOMETERS_PER_HOUR,10.0,KILOMETERS_PER_HOUR,8.0,KILOMETERS,-0.30000000000000004,CELSIUS,31.8,CELSIUS,24.3,CELSIUS,0.0,MILLIMETERS,3.843,MILLIMETERS,,,,2025-06-17 21:00:08.497000+07:00,2100
1149,90502,"Nakang Secondary School - Khounkham, Khammouane ມັດທະຍົມສົມບູນ ນາກາງ","Nakang Secondary School - Khounkham, Khammouane ມັດທະຍົມສົມບູນ ນາກາງ",18.02845,104.65357,,,,,,,,,,,,,,,,,,,,,,,,,,,,,,,,,,,,,,,,,,,,,,,404.0,Information is not supported for this location. Please try a different location.,NOT_FOUND,2025-06-17 21:00:08.497000+07:00,2100
1150,90503,Kaysone Phomvihane - Sav,Kaysone Phomvihane - Sav,16.5702,104.75036,2025-06-17T14:01:35.198448655Z,0.0,80.0,0.0,0.0,100.0,Asia/Vientiane,https://maps.gstatic.com/weather/v1/cloudy,Cloudy,en,CLOUDY,28.6,CELSIUS,33.7,CELSIUS,24.8,CELSIUS,33.7,CELSIUS,28.6,CELSIUS,10.0,RAIN,0.0,MILLIMETERS,0.0,MILLIMETERS,1008.02,203.0,SOUTH_SOUTHWEST,10.0,KILOMETERS_PER_HOUR,16.0,KILOMETERS_PER_HOUR,16.0,KILOMETERS,0.0,CELSIUS,33.4,CELSIUS,26.5,CELSIUS,0.0,MILLIMETERS,0.3936,MILLIMETERS,,,,2025-06-17 21:00:08.497000+07:00,2100
1151,90504,"Lianxay Secondary School - Artsaphangthong, Savannakhet ມັດທະຍົມ ຫລຽນໄຊ","Lianxay Secondary School - Artsaphangthong, Savannakhet ມັດທະຍົມ ຫລຽນໄຊ",16.692124,105.409764,,,,,,,,,,,,,,,,,,,,,,,,,,,,,,,,,,,,,,,,,,,,,,,404.0,Information is not supported for this location. Please try a different location.,NOT_FOUND,2025-06-17 21:00:08.497000+07:00,2100
1152,90505,Sepone - Savannakhet,Sepone - Savannakhet,16.696651,106.209138,2025-06-17T14:01:37.704992871Z,0.0,85.0,0.0,0.0,90.0,Asia/Vientiane,https://maps.gstatic.com/weather/v1/cloudy,Cloudy,en,CLOUDY,24.0,CELSIUS,27.0,CELSIUS,21.1,CELSIUS,27.0,CELSIUS,24.0,CELSIUS,10.0,RAIN,0.0,MILLIMETERS,0.0,MILLIMETERS,1009.61,203.0,SOUTH_SOUTHWEST,6.0,KILOMETERS_PER_HOUR,13.0,KILOMETERS_PER_HOUR,16.0,KILOMETERS,0.4,CELSIUS,28.8,CELSIUS,22.2,CELSIUS,0.0,MILLIMETERS,1.7425,MILLIMETERS,,,,2025-06-17 21:00:08.497000+07:00,2100
1153,90506,Nong - Savannakhet,Nong - Savannakhet,16.373875,106.495685,2025-06-17T14:01:39.016245570Z,0.0,85.0,0.0,0.0,91.0,Asia/Vientiane,https://maps.gstatic.com/weather/v1/cloudy,Cloudy,en,CLOUDY,25.2,CELSIUS,28.6,CELSIUS,22.5,CELSIUS,28.6,CELSIUS,25.2,CELSIUS,10.0,RAIN,0.0,MILLIMETERS,0.0,MILLIMETERS,1009.14,158.0,SOUTH_SOUTHEAST,6.0,KILOMETERS_PER_HOUR,10.0,KILOMETERS_PER_HOUR,16.0,KILOMETERS,0.2,CELSIUS,30.2,CELSIUS,23.5,CELSIUS,0.0,MILLIMETERS,1.6385,MILLIMETERS,,,,2025-06-17 21:00:08.497000+07:00,2100
1154,90508,Champhone - SAVA,Champhone - SAVA,16.489147,105.031659,2025-06-17T14:01:40.391661987Z,0.0,80.0,0.0,0.0,100.0,Asia/Vientiane,https://maps.gstatic.com/weather/v1/cloudy,Cloudy,en,CLOUDY,28.6,CELSIUS,33.8,CELSIUS,24.6,CELSIUS,33.8,CELSIUS,28.6,CELSIUS,10.0,RAIN,0.0,MILLIMETERS,0.0,MILLIMETERS,1008.0,203.0,SOUTH_SOUTHWEST,10.0,KILOMETERS_PER_HOUR,18.0,KILOMETERS_PER_HOUR,16.0,KILOMETERS,0.30000000000000004,CELSIUS,32.8,CELSIUS,26.2,CELSIUS,0.0,MILLIMETERS,0.7343000000000001,MILLIMETERS,,,,2025-06-17 21:00:08.497000+07:00,2100
1155,90509,Xaybuly - Savannakhet,Xaybuly - Savannakhet,17.075181,104.87732,2025-06-17T14:01:41.632598593Z,0.0,100.0,0.0,60.0,100.0,Asia/Vientiane,https://maps.gstatic.com/weather/v1/cloudy,Cloudy,en,CLOUDY,26.2,CELSIUS,31.4,CELSIUS,26.2,CELSIUS,31.4,CELSIUS,26.2,CELSIUS,20.0,RAIN,0.0,MILLIMETERS,0.0,MILLIMETERS,1008.49,90.0,EAST,2.0,KILOMETERS_PER_HOUR,3.0,KILOMETERS_PER_HOUR,5.0,KILOMETERS,0.0,CELSIUS,32.8,CELSIUS,24.6,CELSIUS,0.0,MILLIMETERS,5.5931,MILLIMETERS,,,,2025-06-17 21:00:08.497000+07:00,2100
1156,90512,"Phin Secondary School - Phin, Savannakhet ມັດທະຍົມ ພີນ","Phin Secondary School - Phin, Savannakhet ມັດທະຍົມ ພີນ",16.527879,106.021922,2025-06-17T14:01:42.997613246Z,0.0,85.0,0.0,0.0,91.0,Asia/Vientiane,https://maps.gstatic.com/weather/v1/cloudy,Cloudy,en,CLOUDY,24.5,CELSIUS,27.9,CELSIUS,21.9,CELSIUS,27.9,CELSIUS,24.5,CELSIUS,10.0,RAIN,0.0,MILLIMETERS,0.0,MILLIMETERS,1009.15,158.0,SOUTH_SOUTHEAST,6.0,KILOMETERS_PER_HOUR,10.0,KILOMETERS_PER_HOUR,16.0,KILOMETERS,0.2,CELSIUS,29.5,CELSIUS,22.8,CELSIUS,0.0,MILLIMETERS,1.6385,MILLIMETERS,,,,2025-06-17 21:00:08.497000+07:00,2100
1157,90513,Songkhone - Savannakhet,Songkhone - Savannakhet,16.237196,105.1965,2025-06-17T14:01:44.310239743Z,0.0,80.0,0.0,70.0,100.0,Asia/Vientiane,https://maps.gstatic.com/weather/v1/cloudy,Cloudy,en,CLOUDY,28.8,CELSIUS,34.3,CELSIUS,25.0,CELSIUS,34.3,CELSIUS,28.8,CELSIUS,20.0,RAIN,0.0,MILLIMETERS,0.0762,MILLIMETERS,1008.03,203.0,SOUTH_SOUTHWEST,10.0,KILOMETERS_PER_HOUR,18.0,KILOMETERS_PER_HOUR,16.0,KILOMETERS,-0.1,CELSIUS,32.9,CELSIUS,26.4,CELSIUS,0.0,MILLIMETERS,1.3258,MILLIMETERS,,,,2025-06-17 21:00:08.497000+07:00,2100
1158,90514,"Beungxang Secondary School - Xonbuly, Savannakhet ມັດທະຍົມ ບຶງຊ້າງ","Beungxang Secondary School - Xonbuly, Savannakhet ມັດທະຍົມ ບຶງຊ້າງ",16.388527,105.375363,2025-06-17T14:01:45.628686558Z,0.0,80.0,0.0,0.0,100.0,Asia/Vientiane,https://maps.gstatic.com/weather/v1/cloudy,Cloudy,en,CLOUDY,28.6,CELSIUS,33.7,CELSIUS,25.2,CELSIUS,33.7,CELSIUS,28.6,CELSIUS,10.0,RAIN,0.0,MILLIMETERS,0.0,MILLIMETERS,1008.03,203.0,SOUTH_SOUTHWEST,10.0,KILOMETERS_PER_HOUR,18.0,KILOMETERS_PER_HOUR,16.0,KILOMETERS,0.2,CELSIUS,32.3,CELSIUS,26.3,CELSIUS,0.0,MILLIMETERS,1.1457,MILLIMETERS,,,,2025-06-17 21:00:08.497000+07:00,2100
1159,90515,Vilabuly - Savannakhet,Vilabuly - Savannakhet,16.971649,105.944661,2025-06-17T14:01:46.962176550Z,0.0,97.0,0.0,0.0,100.0,Asia/Vientiane,https://maps.gstatic.com/weather/v1/cloudy,Cloudy,en,CLOUDY,26.6,CELSIUS,31.8,CELSIUS,26.3,CELSIUS,31.8,CELSIUS,26.6,CELSIUS,10.0,RAIN,0.0,MILLIMETERS,0.0,MILLIMETERS,1008.37,200.0,SOUTH_SOUTHWEST,5.0,KILOMETERS_PER_HOUR,10.0,KILOMETERS_PER_HOUR,8.0,KILOMETERS,-0.30000000000000004,CELSIUS,31.8,CELSIUS,24.3,CELSIUS,0.0,MILLIMETERS,3.843,MILLIMETERS,,,,2025-06-17 21:00:08.497000+07:00,2100
1160,90516,"Phoummachedy Secondary School - Xayphouthong, Savannakhet ມັດທະຍົມ ພູມມະເຈດີ","Phoummachedy Secondary School - Xayphouthong, Savannakhet ມັດທະຍົມ ພູມມະເຈດີ",16.367044,105.005653,2025-06-17T14:01:48.345708559Z,0.0,80.0,0.0,70.0,100.0,Asia/Vientiane,https://maps.gstatic.com/weather/v1/cloudy,Cloudy,en,CLOUDY,28.8,CELSIUS,34.3,CELSIUS,25.0,CELSIUS,34.3,CELSIUS,28.8,CELSIUS,20.0,RAIN,0.0,MILLIMETERS,0.0762,MILLIMETERS,1008.03,203.0,SOUTH_SOUTHWEST,10.0,KILOMETERS_PER_HOUR,18.0,KILOMETERS_PER_HOUR,16.0,KILOMETERS,-0.1,CELSIUS,32.9,CELSIUS,26.4,CELSIUS,0.0,MILLIMETERS,1.3258,MILLIMETERS,,,,2025-06-17 21:00:08.497000+07:00,2100
1161,90517,Phalanxay - Savannakhet,Phalanxay - Savannakhet,16.661353,105.58791,2025-06-17T14:01:49.689057243Z,0.0,97.0,0.0,0.0,100.0,Asia/Vientiane,https://maps.gstatic.com/weather/v1/cloudy,Cloudy,en,CLOUDY,26.6,CELSIUS,31.8,CELSIUS,26.3,CELSIUS,31.8,CELSIUS,26.6,CELSIUS,10.0,RAIN,0.0,MILLIMETERS,0.0,MILLIMETERS,1008.38,200.0,SOUTH_SOUTHWEST,5.0,KILOMETERS_PER_HOUR,10.0,KILOMETERS_PER_HOUR,8.0,KILOMETERS,-0.30000000000000004,CELSIUS,31.8,CELSIUS,24.3,CELSIUS,0.0,MILLIMETERS,3.843,MILLIMETERS,,,,2025-06-17 21:00:08.497000+07:00,2100
1162,90518,"Saravane Secondary School -Saravane, Saravane ມັດທະຍົມສົມບູນ ສາລະວັນ","Saravane Secondary School -Saravane, Saravane ມັດທະຍົມສົມບູນ ສາລະວັນ",15.707906,106.422189,2025-06-17T14:01:50.981826695Z,0.0,87.0,0.0,0.0,100.0,Asia/Vientiane,https://maps.gstatic.com/weather/v1/cloudy,Cloudy,en,CLOUDY,27.2,CELSIUS,31.6,CELSIUS,25.0,CELSIUS,31.6,CELSIUS,27.2,CELSIUS,10.0,RAIN,0.0,MILLIMETERS,0.025400000000000002,MILLIMETERS,1008.78,158.0,SOUTH_SOUTHEAST,5.0,KILOMETERS_PER_HOUR,6.0,KILOMETERS_PER_HOUR,16.0,KILOMETERS,0.8,CELSIUS,32.2,CELSIUS,24.3,CELSIUS,0.0,MILLIMETERS,2.9873,MILLIMETERS,,,,2025-06-17 21:00:08.497000+07:00,2100
1163,90520,"Toomlarn Secondary School - Toomlarn, Saravane ມັດທະຍົມສົມບູນ ຕຸ້ມລານ","Toomlarn Secondary School - Toomlarn, Saravane ມັດທະຍົມສົມບູນ ຕຸ້ມລານ",15.994499,106.192399,2025-06-17T14:01:52.207824582Z,0.0,85.0,0.0,0.0,91.0,Asia/Vientiane,https://maps.gstatic.com/weather/v1/cloudy,Cloudy,en,CLOUDY,24.5,CELSIUS,27.9,CELSIUS,21.9,CELSIUS,27.9,CELSIUS,24.5,CELSIUS,10.0,RAIN,0.0,MILLIMETERS,0.0,MILLIMETERS,1009.15,158.0,SOUTH_SOUTHEAST,6.0,KILOMETERS_PER_HOUR,10.0,KILOMETERS_PER_HOUR,16.0,KILOMETERS,0.2,CELSIUS,29.5,CELSIUS,22.8,CELSIUS,0.0,MILLIMETERS,1.6385,MILLIMETERS,,,,2025-06-17 21:00:08.497000+07:00,2100
1164,90521,"Lakhonesy Secondary School - Lakhonepheng, Saravane ມັດທະຍົມສົມບູນ ລະຄອນສີ","Lakhonesy Secondary School - Lakhonepheng, Saravane ມັດທະຍົມສົມບູນ ລະຄອນສີ",15.891245,105.567119,2025-06-17T14:01:53.506027315Z,0.0,86.0,0.0,60.0,100.0,Asia/Vientiane,https://maps.gstatic.com/weather/v1/strong_tstorms,Light thunderstorms and rain,en,LIGHT_THUNDERSTORM_RAIN,28.0,CELSIUS,33.3,CELSIUS,25.8,CELSIUS,33.3,CELSIUS,28.0,CELSIUS,35.0,RAIN,0.0,MILLIMETERS,0.2997,MILLIMETERS,1009.03,203.0,SOUTH_SOUTHWEST,5.0,KILOMETERS_PER_HOUR,11.0,KILOMETERS_PER_HOUR,16.0,KILOMETERS,0.4,CELSIUS,32.8,CELSIUS,25.8,CELSIUS,0.0,MILLIMETERS,1.8746,MILLIMETERS,,,,2025-06-17 21:00:08.497000+07:00,2100
1165,90522,Lao Ngarm - Salavan,Lao Ngarm - Salavan,15.461092,106.16172,2025-06-17T14:01:54.863254157Z,0.0,85.0,0.0,0.0,100.0,Asia/Vientiane,https://maps.gstatic.com/weather/v1/cloudy,Cloudy,en,CLOUDY,29.1,CELSIUS,33.9,CELSIUS,26.1,CELSIUS,33.9,CELSIUS,29.1,CELSIUS,10.0,RAIN,0.0,MILLIMETERS,0.0,MILLIMETERS,1009.2,203.0,SOUTH_SOUTHWEST,6.0,KILOMETERS_PER_HOUR,11.0,KILOMETERS_PER_HOUR,16.0,KILOMETERS,0.9,CELSIUS,33.7,CELSIUS,26.0,CELSIUS,0.0,MILLIMETERS,3.1802,MILLIMETERS,,,,2025-06-17 21:00:08.497000+07:00,2100
1166,90524,Khongxedone - Salavan,Khongxedone - Salavan,15.59088,105.804115,2025-06-17T14:01:56.223141467Z,0.0,86.0,0.0,60.0,100.0,Asia/Vientiane,https://maps.gstatic.com/weather/v1/strong_tstorms,Light thunderstorms and rain,en,LIGHT_THUNDERSTORM_RAIN,28.0,CELSIUS,33.3,CELSIUS,25.8,CELSIUS,33.3,CELSIUS,28.0,CELSIUS,35.0,RAIN,0.0,MILLIMETERS,0.2997,MILLIMETERS,1009.03,203.0,SOUTH_SOUTHWEST,5.0,KILOMETERS_PER_HOUR,11.0,KILOMETERS_PER_HOUR,16.0,KILOMETERS,0.4,CELSIUS,32.8,CELSIUS,25.8,CELSIUS,0.0,MILLIMETERS,1.8746,MILLIMETERS,,,,2025-06-17 21:00:08.497000+07:00,2100
1167,90526,Lamarm - Sekong ,Lamarm - Sekong ,15.352494,106.722444,2025-06-17T14:01:57.553971853Z,0.0,92.0,0.0,40.0,100.0,Asia/Vientiane,https://maps.gstatic.com/weather/v1/drizzle,Light rain,en,LIGHT_RAIN,26.5,CELSIUS,30.8,CELSIUS,25.2,CELSIUS,30.8,CELSIUS,26.5,CELSIUS,25.0,RAIN,0.0,MILLIMETERS,0.2515,MILLIMETERS,1009.42,135.0,SOUTHEAST,3.0,KILOMETERS_PER_HOUR,5.0,KILOMETERS_PER_HOUR,13.0,KILOMETERS,0.2,CELSIUS,31.2,CELSIUS,24.3,CELSIUS,0.0,MILLIMETERS,3.6805,MILLIMETERS,,,,2025-06-17 21:00:08.497000+07:00,2100
1168,90527,"Kaleum Secondary School - Kaleum, Sekong ມັດທະຍົມ ກະລຶມ","Kaleum Secondary School - Kaleum, Sekong ມັດທະຍົມ ກະລຶມ",15.784384,106.906754,2025-06-17T14:01:58.860651206Z,0.0,90.0,0.0,0.0,100.0,Asia/Vientiane,https://maps.gstatic.com/weather/v1/cloudy,Cloudy,en,CLOUDY,23.3,CELSIUS,25.5,CELSIUS,21.6,CELSIUS,25.5,CELSIUS,23.3,CELSIUS,10.0,RAIN,0.0,MILLIMETERS,0.0152,MILLIMETERS,1011.5,45.0,NORTHEAST,3.0,KILOMETERS_PER_HOUR,5.0,KILOMETERS_PER_HOUR,15.0,KILOMETERS,0.2,CELSIUS,27.6,CELSIUS,21.2,CELSIUS,0.0,MILLIMETERS,3.6293,MILLIMETERS,,,,2025-06-17 21:00:08.497000+07:00,2100
1169,90528,"Dakcheung Secondary School - Dakcheung, Sekongມັດທະຍົມສົມບູນ ດາກຈຶງ","Dakcheung Secondary School - Dakcheung, Sekongມັດທະຍົມສົມບູນ ດາກຈຶງ",15.467532,107.271451,,,,,,,,,,,,,,,,,,,,,,,,,,,,,,,,,,,,,,,,,,,,,,,404.0,Information is not supported for this location. Please try a different location.,NOT_FOUND,2025-06-17 21:00:08.497000+07:00,2100
1170,90529,Thateng -Sekong,Thateng -Sekong,15.434018,106.382399,2025-06-17T14:02:01.462262614Z,0.0,87.0,0.0,0.0,100.0,Asia/Vientiane,https://maps.gstatic.com/weather/v1/cloudy,Cloudy,en,CLOUDY,31.1,CELSIUS,35.5,CELSIUS,28.9,CELSIUS,35.5,CELSIUS,31.1,CELSIUS,10.0,RAIN,0.0,MILLIMETERS,0.025400000000000002,MILLIMETERS,1008.78,158.0,SOUTH_SOUTHEAST,5.0,KILOMETERS_PER_HOUR,6.0,KILOMETERS_PER_HOUR,16.0,KILOMETERS,0.8,CELSIUS,36.1,CELSIUS,28.2,CELSIUS,0.0,MILLIMETERS,2.9873,MILLIMETERS,,,,2025-06-17 21:00:08.497000+07:00,2100
1171,90530,Pakse - Champasack,Pakse - Champasack,15.12006,105.80211,2025-06-17T14:02:02.705342867Z,0.0,90.0,0.0,2.0,100.0,Asia/Vientiane,https://maps.gstatic.com/weather/v1/cloudy,Cloudy,en,CLOUDY,28.5,CELSIUS,35.6,CELSIUS,26.7,CELSIUS,35.6,CELSIUS,28.5,CELSIUS,11.0,RAIN,0.0,MILLIMETERS,0.030500000000000003,MILLIMETERS,1009.01,158.0,SOUTH_SOUTHEAST,5.0,KILOMETERS_PER_HOUR,11.0,KILOMETERS_PER_HOUR,16.0,KILOMETERS,0.5,CELSIUS,33.8,CELSIUS,25.6,CELSIUS,0.0,MILLIMETERS,2.1059,MILLIMETERS,,,,2025-06-17 21:00:08.497000+07:00,2100
1177,91254,"Chomphet Secondary School - Sisattanak, Vientiane Capital ມັດທະຍົມສົມບູນ ຈອມເພັດ","Chomphet Secondary School - Sisattanak, Vientiane Capital ມັດທະຍົມສົມບູນ ຈອມເພັດ",17.910254,102.622708,2025-06-17T14:02:03.961849256Z,0.0,75.0,0.0,40.0,100.0,Asia/Vientiane,https://maps.gstatic.com/weather/v1/cloudy,Cloudy,en,CLOUDY,25.7,CELSIUS,27.7,CELSIUS,20.9,CELSIUS,27.7,CELSIUS,25.7,CELSIUS,25.0,RAIN,0.0,MILLIMETERS,0.0965,MILLIMETERS,1008.02,0.0,NORTH,2.0,KILOMETERS_PER_HOUR,3.0,KILOMETERS_PER_HOUR,16.0,KILOMETERS,-2.1,CELSIUS,34.1,CELSIUS,24.4,CELSIUS,0.0,MILLIMETERS,2.8831,MILLIMETERS,,,,2025-06-17 21:00:08.497000+07:00,2100
1230,152182,"ParkOu Secondary School - ParkOu, Luangprabang ມັດທະຍົມສົມບູນ ປາກອູ","ParkOu Secondary School - ParkOu, Luangprabang ມັດທະຍົມສົມບູນ ປາກອູ",20.087592,102.256569,2025-06-17T14:02:05.231572544Z,0.0,75.0,0.0,19.0,100.0,Asia/Vientiane,https://maps.gstatic.com/weather/v1/cloudy,Cloudy,en,CLOUDY,25.5,CELSIUS,27.4,CELSIUS,20.6,CELSIUS,27.4,CELSIUS,25.5,CELSIUS,20.0,RAIN,0.0,MILLIMETERS,0.0,MILLIMETERS,1008.02,270.0,WEST,3.0,KILOMETERS_PER_HOUR,8.0,KILOMETERS_PER_HOUR,16.0,KILOMETERS,-0.4,CELSIUS,33.2,CELSIUS,24.1,CELSIUS,0.0,MILLIMETERS,4.8416,MILLIMETERS,,,,2025-06-17 21:00:08.497000+07:00,2100
1231,152240,"Phoukhoune Secondary School - Phoukhoune, Luangprabang ມັດທະຍົມ ພູຄູນ","Phoukhoune Secondary School - Phoukhoune, Luangprabang ມັດທະຍົມ ພູຄູນ",19.438824,102.428042,2025-06-17T14:02:06.535705257Z,0.0,89.0,0.0,10.0,100.0,Asia/Vientiane,https://maps.gstatic.com/weather/v1/cloudy,Cloudy,en,CLOUDY,21.1,CELSIUS,25.5,CELSIUS,19.3,CELSIUS,25.5,CELSIUS,21.1,CELSIUS,20.0,RAIN,0.0,MILLIMETERS,0.09910000000000001,MILLIMETERS,1010.37,200.0,SOUTH_SOUTHWEST,5.0,KILOMETERS_PER_HOUR,16.0,KILOMETERS_PER_HOUR,16.0,KILOMETERS,-1.3,CELSIUS,30.0,CELSIUS,20.6,CELSIUS,0.0,MILLIMETERS,8.1361,MILLIMETERS,,,,2025-06-17 21:00:08.497000+07:00,2100
1236,152548,"Longsane Secondary School - Longsane , Xaysomboun ມັດທະຍົມສົມບຸນ ລ້ອງຊານ","Longsane Secondary School - Longsane , Xaysomboun ມັດທະຍົມສົມບຸນ ລ້ອງຊານ",18.550145,103.003076,2025-06-17T14:02:07.906665456Z,0.0,84.0,0.0,30.0,100.0,Asia/Vientiane,https://maps.gstatic.com/weather/v1/drizzle,Light rain,en,LIGHT_RAIN,19.3,CELSIUS,21.3,CELSIUS,16.3,CELSIUS,21.3,CELSIUS,19.3,CELSIUS,35.0,RAIN,0.0,MILLIMETERS,0.20070000000000002,MILLIMETERS,1008.99,315.0,NORTHWEST,3.0,KILOMETERS_PER_HOUR,6.0,KILOMETERS_PER_HOUR,16.0,KILOMETERS,-1.9000000000000001,CELSIUS,27.3,CELSIUS,18.6,CELSIUS,0.0,MILLIMETERS,2.3167,MILLIMETERS,,,,2025-06-17 21:00:08.497000+07:00,2100
1241,153035,Sanxay - Attapeu,Sanxay - Attapeu,14.925784,107.052837,2025-06-17T14:02:09.265997414Z,0.0,95.0,0.0,40.0,100.0,Asia/Vientiane,https://maps.gstatic.com/weather/v1/drizzle,Light rain,en,LIGHT_RAIN,20.0,CELSIUS,23.0,CELSIUS,19.3,CELSIUS,23.0,CELSIUS,20.0,CELSIUS,64.0,RAIN,0.0,MILLIMETERS,1.1608,MILLIMETERS,1010.98,270.0,WEST,2.0,KILOMETERS_PER_HOUR,3.0,KILOMETERS_PER_HOUR,8.0,KILOMETERS,-0.1,CELSIUS,25.8,CELSIUS,18.2,CELSIUS,0.0,MILLIMETERS,10.0561,MILLIMETERS,,,,2025-06-17 21:00:08.497000+07:00,2100
1253,153774,Bachiangchaleunsook - Champasack,Bachiangchaleunsook - Champasack,15.060355,105.897898,2025-06-17T14:02:10.612946780Z,0.0,90.0,0.0,2.0,100.0,Asia/Vientiane,https://maps.gstatic.com/weather/v1/cloudy,Cloudy,en,CLOUDY,28.5,CELSIUS,35.6,CELSIUS,26.7,CELSIUS,35.6,CELSIUS,28.5,CELSIUS,11.0,RAIN,0.0,MILLIMETERS,0.030500000000000003,MILLIMETERS,1009.01,158.0,SOUTH_SOUTHEAST,5.0,KILOMETERS_PER_HOUR,11.0,KILOMETERS_PER_HOUR,16.0,KILOMETERS,0.5,CELSIUS,33.8,CELSIUS,25.6,CELSIUS,0.0,MILLIMETERS,2.1059,MILLIMETERS,,,,2025-06-17 21:00:08.497000+07:00,2100
1254,153777,"Dorntalath Secondary School - Champasack, Champasack ມັດທະຍົມ ດອນຕະລາດ","Dorntalath Secondary School - Champasack, Champasack ມັດທະຍົມ ດອນຕະລາດ",14.784126,105.819789,2025-06-17T14:02:11.850856946Z,0.0,90.0,0.0,2.0,100.0,Asia/Vientiane,https://maps.gstatic.com/weather/v1/cloudy,Cloudy,en,CLOUDY,28.0,CELSIUS,34.3,CELSIUS,26.6,CELSIUS,34.3,CELSIUS,28.0,CELSIUS,10.0,RAIN,0.0,MILLIMETERS,0.0,MILLIMETERS,1009.04,180.0,SOUTH,3.0,KILOMETERS_PER_HOUR,6.0,KILOMETERS_PER_HOUR,14.0,KILOMETERS,0.7000000000000001,CELSIUS,33.1,CELSIUS,25.2,CELSIUS,0.0,MILLIMETERS,4.0514,MILLIMETERS,,,,2025-06-17 21:00:08.497000+07:00,2100
1255,153789,"Sukhuma Secondary School - Sukhuma, Champasack ມັດທະຍົມ ສຸຂຸມາ","Sukhuma Secondary School - Sukhuma, Champasack ມັດທະຍົມ ສຸຂຸມາ",14.649459,105.804529,2025-06-17T14:02:13.278175931Z,0.0,90.0,0.0,2.0,100.0,Asia/Vientiane,https://maps.gstatic.com/weather/v1/cloudy,Cloudy,en,CLOUDY,28.0,CELSIUS,34.3,CELSIUS,26.6,CELSIUS,34.3,CELSIUS,28.0,CELSIUS,10.0,RAIN,0.0,MILLIMETERS,0.0,MILLIMETERS,1009.04,180.0,SOUTH,3.0,KILOMETERS_PER_HOUR,6.0,KILOMETERS_PER_HOUR,14.0,KILOMETERS,0.7000000000000001,CELSIUS,33.1,CELSIUS,25.2,CELSIUS,0.0,MILLIMETERS,4.0514,MILLIMETERS,,,,2025-06-17 21:00:08.497000+07:00,2100
1256,153790,Khong - Champasack,Khong - Champasack,14.048226,105.896012,2025-06-17T14:02:14.540826835Z,0.0,90.0,0.0,2.0,100.0,Asia/Vientiane,https://maps.gstatic.com/weather/v1/cloudy,Cloudy,en,CLOUDY,28.4,CELSIUS,35.0,CELSIUS,26.7,CELSIUS,35.0,CELSIUS,28.4,CELSIUS,10.0,RAIN,0.0,MILLIMETERS,0.0737,MILLIMETERS,1009.04,225.0,SOUTHWEST,3.0,KILOMETERS_PER_HOUR,8.0,KILOMETERS_PER_HOUR,16.0,KILOMETERS,0.5,CELSIUS,33.1,CELSIUS,25.6,CELSIUS,0.0,MILLIMETERS,9.7718,MILLIMETERS,,,,2025-06-17 21:00:08.497000+07:00,2100
1257,153866,Samakkhixay - Attapeu,Samakkhixay - Attapeu,14.812678,106.829211,2025-06-17T14:02:15.914721153Z,0.0,91.0,0.0,40.0,100.0,Asia/Vientiane,https://maps.gstatic.com/weather/v1/drizzle,Light rain,en,LIGHT_RAIN,26.8,CELSIUS,31.4,CELSIUS,25.2,CELSIUS,31.4,CELSIUS,26.8,CELSIUS,40.0,RAIN,0.0,MILLIMETERS,0.5690000000000001,MILLIMETERS,1009.55,225.0,SOUTHWEST,3.0,KILOMETERS_PER_HOUR,6.0,KILOMETERS_PER_HOUR,14.0,KILOMETERS,0.0,CELSIUS,32.9,CELSIUS,24.4,CELSIUS,0.0,MILLIMETERS,8.6561,MILLIMETERS,,,,2025-06-17 21:00:08.497000+07:00,2100
1261,153913,Xaysetha - Attapeu,Xaysetha - Attapeu,14.816824,106.930954,2025-06-17T14:02:17.178077588Z,0.0,91.0,0.0,40.0,100.0,Asia/Vientiane,https://maps.gstatic.com/weather/v1/drizzle,Light rain,en,LIGHT_RAIN,26.8,CELSIUS,31.4,CELSIUS,25.2,CELSIUS,31.4,CELSIUS,26.8,CELSIUS,40.0,RAIN,0.0,MILLIMETERS,0.5690000000000001,MILLIMETERS,1009.55,225.0,SOUTHWEST,3.0,KILOMETERS_PER_HOUR,6.0,KILOMETERS_PER_HOUR,14.0,KILOMETERS,0.0,CELSIUS,32.9,CELSIUS,24.4,CELSIUS,0.0,MILLIMETERS,8.6561,MILLIMETERS,,,,2025-06-17 21:00:08.497000+07:00,2100
1304,156307,UNICEF Lao PDR CO,UNICEF Lao PDR CO,17.9376508179,102.617231896,2025-06-17T14:02:18.430626518Z,0.0,75.0,0.0,40.0,100.0,Asia/Vientiane,https://maps.gstatic.com/weather/v1/cloudy,Cloudy,en,CLOUDY,25.7,CELSIUS,27.7,CELSIUS,20.9,CELSIUS,27.7,CELSIUS,25.7,CELSIUS,25.0,RAIN,0.0,MILLIMETERS,0.0965,MILLIMETERS,1008.02,0.0,NORTH,2.0,KILOMETERS_PER_HOUR,3.0,KILOMETERS_PER_HOUR,16.0,KILOMETERS,-2.1,CELSIUS,34.1,CELSIUS,24.4,CELSIUS,0.0,MILLIMETERS,2.8831,MILLIMETERS,,,,2025-06-17 21:00:08.497000+07:00,2100
1089,90402,"Sathit Secondary School - Xaythani, Vientiane Capital ມັດທະຍົມ ສາທິດ","Sathit Secondary School - Xaythani, Vientiane Capital ມັດທະຍົມ ສາທິດ",18.035248,102.63994,2025-06-17T15:00:12.689783997Z,0.0,74.0,0.0,40.0,100.0,Asia/Vientiane,https://maps.gstatic.com/weather/v1/cloudy,Cloudy,en,CLOUDY,26.2,CELSIUS,28.3,CELSIUS,21.1,CELSIUS,28.3,CELSIUS,26.2,CELSIUS,20.0,RAIN,0.0,MILLIMETERS,0.09910000000000001,MILLIMETERS,1008.5,0.0,NORTH,2.0,KILOMETERS_PER_HOUR,2.0,KILOMETERS_PER_HOUR,16.0,KILOMETERS,-1.7,CELSIUS,34.1,CELSIUS,24.4,CELSIUS,0.0,MILLIMETERS,2.9822,MILLIMETERS,,,,2025-06-17 22:00:08.552000+07:00,2200
1090,90410,"Naxaithong Secondary School - Naxaithong, Vientiane Capital ມັດທະຍົມ ນາຊາຍທອງ","Naxaithong Secondary School - Naxaithong, Vientiane Capital ມັດທະຍົມ ນາຊາຍທອງ",18.068595,102.535866,2025-06-17T15:00:13.952624391Z,0.0,74.0,0.0,40.0,100.0,Asia/Vientiane,https://maps.gstatic.com/weather/v1/cloudy,Cloudy,en,CLOUDY,26.2,CELSIUS,28.3,CELSIUS,21.1,CELSIUS,28.3,CELSIUS,26.2,CELSIUS,20.0,RAIN,0.0,MILLIMETERS,0.09910000000000001,MILLIMETERS,1008.5,0.0,NORTH,2.0,KILOMETERS_PER_HOUR,3.0,KILOMETERS_PER_HOUR,16.0,KILOMETERS,-1.7,CELSIUS,33.9,CELSIUS,24.1,CELSIUS,0.0,MILLIMETERS,3.2819,MILLIMETERS,,,,2025-06-17 22:00:08.552000+07:00,2200
1091,90411,d83bda1bc98c Phongsaly - Phongsaly,d83bda1bc98c Phongsaly - Phongsaly,21.695,102.085,2025-06-17T15:00:15.242452832Z,0.0,92.0,0.0,10.0,100.0,Asia/Vientiane,https://maps.gstatic.com/weather/v1/cloudy,Cloudy,en,CLOUDY,22.2,CELSIUS,24.7,CELSIUS,20.8,CELSIUS,24.7,CELSIUS,22.2,CELSIUS,20.0,RAIN,0.0,MILLIMETERS,0.13970000000000002,MILLIMETERS,1009.24,135.0,SOUTHEAST,2.0,KILOMETERS_PER_HOUR,2.0,KILOMETERS_PER_HOUR,14.0,KILOMETERS,0.30000000000000004,CELSIUS,26.6,CELSIUS,20.3,CELSIUS,0.0,MILLIMETERS,16.5938,MILLIMETERS,,,,2025-06-17 22:00:08.552000+07:00,2200
1092,90412,May - Phongsaly,May - Phongsaly,21.172583,102.722705,2025-06-17T15:00:16.516508246Z,0.0,82.0,0.0,0.0,100.0,Asia/Vientiane,https://maps.gstatic.com/weather/v1/cloudy,Cloudy,en,CLOUDY,21.6,CELSIUS,23.7,CELSIUS,18.3,CELSIUS,23.7,CELSIUS,21.6,CELSIUS,10.0,RAIN,0.0,MILLIMETERS,0.0,MILLIMETERS,1010.15,225.0,SOUTHWEST,6.0,KILOMETERS_PER_HOUR,8.0,KILOMETERS_PER_HOUR,16.0,KILOMETERS,1.0,CELSIUS,27.2,CELSIUS,19.9,CELSIUS,0.0,MILLIMETERS,11.8489,MILLIMETERS,,,,2025-06-17 22:00:08.552000+07:00,2200
1093,90413,"Natoon Secondary School - Khua, Phongsaly ມັດທະຍົມສົມບູນ ນາຕູ່ນ","Natoon Secondary School - Khua, Phongsaly ມັດທະຍົມສົມບູນ ນາຕູ່ນ",21.078865,102.505833,2025-06-17T15:00:17.886158416Z,0.0,87.0,0.0,10.0,100.0,Asia/Vientiane,https://maps.gstatic.com/weather/v1/cloudy,Cloudy,en,CLOUDY,20.7,CELSIUS,22.9,CELSIUS,18.2,CELSIUS,22.9,CELSIUS,20.7,CELSIUS,20.0,RAIN,0.0,MILLIMETERS,0.09910000000000001,MILLIMETERS,1009.6,200.0,SOUTH_SOUTHWEST,5.0,KILOMETERS_PER_HOUR,6.0,KILOMETERS_PER_HOUR,16.0,KILOMETERS,-0.1,CELSIUS,27.0,CELSIUS,19.8,CELSIUS,0.0,MILLIMETERS,5.0879,MILLIMETERS,,,,2025-06-17 22:00:08.552000+07:00,2200
1094,90414,"Naxay Secondary School - Samphanh, Phongsaly ມັດທະຍົມສົມບູນ ນາໄຊ","Naxay Secondary School - Samphanh, Phongsaly ມັດທະຍົມສົມບູນ ນາໄຊ",21.346014,102.349329,2025-06-17T15:00:19.163598300Z,0.0,99.0,0.0,10.0,100.0,Asia/Vientiane,https://maps.gstatic.com/weather/v1/cloudy,Cloudy,en,CLOUDY,12.1,CELSIUS,16.2,CELSIUS,12.0,CELSIUS,16.2,CELSIUS,12.1,CELSIUS,20.0,RAIN,0.0,MILLIMETERS,0.09910000000000001,MILLIMETERS,1010.16,205.0,SOUTH_SOUTHWEST,8.0,KILOMETERS_PER_HOUR,18.0,KILOMETERS_PER_HOUR,5.0,KILOMETERS,0.30000000000000004,CELSIUS,16.0,CELSIUS,10.8,CELSIUS,0.0,MILLIMETERS,12.8578,MILLIMETERS,,,,2025-06-17 22:00:08.552000+07:00,2200
1095,90419,"Long Secondary School - Long, LuangNamtha ມັດທະຍົມສົມບູນ ເມືອງລອງ","Long Secondary School - Long, LuangNamtha ມັດທະຍົມສົມບູນ ເມືອງລອງ",20.962029,100.82109,2025-06-17T15:00:20.412216355Z,0.0,95.0,0.0,10.0,100.0,Asia/Vientiane,https://maps.gstatic.com/weather/v1/cloudy,Cloudy,en,CLOUDY,22.4,CELSIUS,24.9,CELSIUS,21.3,CELSIUS,24.9,CELSIUS,22.4,CELSIUS,25.0,RAIN,0.0,MILLIMETERS,0.1981,MILLIMETERS,1010.0,203.0,SOUTH_SOUTHWEST,5.0,KILOMETERS_PER_HOUR,11.0,KILOMETERS_PER_HOUR,13.0,KILOMETERS,-0.30000000000000004,CELSIUS,27.2,CELSIUS,21.9,CELSIUS,0.0,MILLIMETERS,6.5357,MILLIMETERS,,,,2025-06-17 22:00:08.552000+07:00,2200
1096,90421,"Sing Secondary School - Sing, LuangNamtha ມັດທະຍົມສົມບູນ ເມືອງສິງ","Sing Secondary School - Sing, LuangNamtha ມັດທະຍົມສົມບູນ ເມືອງສິງ",21.190223,101.144937,2025-06-17T15:00:21.855422102Z,0.0,95.0,0.0,10.0,100.0,Asia/Vientiane,https://maps.gstatic.com/weather/v1/cloudy,Cloudy,en,CLOUDY,22.4,CELSIUS,24.9,CELSIUS,21.3,CELSIUS,24.9,CELSIUS,22.4,CELSIUS,25.0,RAIN,0.0,MILLIMETERS,0.1981,MILLIMETERS,1010.0,203.0,SOUTH_SOUTHWEST,5.0,KILOMETERS_PER_HOUR,11.0,KILOMETERS_PER_HOUR,13.0,KILOMETERS,-0.30000000000000004,CELSIUS,27.2,CELSIUS,21.9,CELSIUS,0.0,MILLIMETERS,6.5357,MILLIMETERS,,,,2025-06-17 22:00:08.552000+07:00,2200
1097,90424,"La Secondary School - La, Oudomxai ມັດທະຍົມສົມບູນ ເມືອງຫລາ","La Secondary School - La, Oudomxai ມັດທະຍົມສົມບູນ ເມືອງຫລາ",20.870865,102.110246,2025-06-17T15:00:23.187471142Z,0.0,87.0,0.0,10.0,100.0,Asia/Vientiane,https://maps.gstatic.com/weather/v1/cloudy,Cloudy,en,CLOUDY,21.3,CELSIUS,23.6,CELSIUS,18.9,CELSIUS,23.6,CELSIUS,21.3,CELSIUS,20.0,RAIN,0.0,MILLIMETERS,0.09910000000000001,MILLIMETERS,1009.6,200.0,SOUTH_SOUTHWEST,5.0,KILOMETERS_PER_HOUR,6.0,KILOMETERS_PER_HOUR,16.0,KILOMETERS,-0.1,CELSIUS,27.6,CELSIUS,20.5,CELSIUS,0.0,MILLIMETERS,5.0879,MILLIMETERS,,,,2025-06-17 22:00:08.552000+07:00,2200
1098,90425,"Namor Secondary School - Namor, Oudomxay ມັດທະຍົມ ເມືອງນາໝໍ້","Namor Secondary School - Namor, Oudomxay ມັດທະຍົມ ເມືອງນາໝໍ້",20.914061,101.764456,2025-06-17T15:00:24.519543704Z,0.0,95.0,0.0,20.0,100.0,Asia/Vientiane,https://maps.gstatic.com/weather/v1/drizzle,Light rain,en,LIGHT_RAIN,21.0,CELSIUS,23.5,CELSIUS,20.3,CELSIUS,23.5,CELSIUS,21.0,CELSIUS,40.0,RAIN,0.0,MILLIMETERS,0.5664,MILLIMETERS,1009.97,203.0,SOUTH_SOUTHWEST,6.0,KILOMETERS_PER_HOUR,13.0,KILOMETERS_PER_HOUR,10.0,KILOMETERS,-0.30000000000000004,CELSIUS,27.9,CELSIUS,20.8,CELSIUS,0.0,MILLIMETERS,10.1067,MILLIMETERS,,,,2025-06-17 22:00:08.552000+07:00,2200
1099,90426,Nga - Oudomxai,Nga - Oudomxai,20.282849,101.973769,2025-06-17T15:00:25.801656813Z,0.0,77.0,0.0,0.0,100.0,Asia/Vientiane,https://maps.gstatic.com/weather/v1/cloudy,Cloudy,en,CLOUDY,25.2,CELSIUS,27.0,CELSIUS,20.8,CELSIUS,27.0,CELSIUS,25.2,CELSIUS,10.0,RAIN,0.0,MILLIMETERS,0.0,MILLIMETERS,1009.11,250.0,WEST_SOUTHWEST,5.0,KILOMETERS_PER_HOUR,11.0,KILOMETERS_PER_HOUR,16.0,KILOMETERS,-0.4,CELSIUS,31.3,CELSIUS,24.4,CELSIUS,0.0,MILLIMETERS,7.1122,MILLIMETERS,,,,2025-06-17 22:00:08.552000+07:00,2200
1100,90427,Beng - Oudomxai,Beng - Oudomxai,20.296295,101.639666,2025-06-17T15:00:27.097886938Z,0.0,88.0,0.0,10.0,100.0,Asia/Vientiane,https://maps.gstatic.com/weather/v1/cloudy,Cloudy,en,CLOUDY,23.9,CELSIUS,26.1,CELSIUS,21.7,CELSIUS,26.1,CELSIUS,23.9,CELSIUS,20.0,RAIN,0.0,MILLIMETERS,0.0051,MILLIMETERS,1009.58,203.0,SOUTH_SOUTHWEST,5.0,KILOMETERS_PER_HOUR,10.0,KILOMETERS_PER_HOUR,16.0,KILOMETERS,0.0,CELSIUS,29.2,CELSIUS,22.9,CELSIUS,0.0,MILLIMETERS,3.6041,MILLIMETERS,,,,2025-06-17 22:00:08.552000+07:00,2200
1101,90428,"Hoon Secondary School - Hoon, Oudomxay ມັດທະຍົມ ເມືອງຮຸນ","Hoon Secondary School - Hoon, Oudomxay ມັດທະຍົມ ເມືອງຮຸນ",20.146431,101.467765,2025-06-17T15:00:28.503645479Z,0.0,88.0,0.0,10.0,100.0,Asia/Vientiane,https://maps.gstatic.com/weather/v1/cloudy,Cloudy,en,CLOUDY,23.9,CELSIUS,26.1,CELSIUS,21.7,CELSIUS,26.1,CELSIUS,23.9,CELSIUS,20.0,RAIN,0.0,MILLIMETERS,0.0051,MILLIMETERS,1009.58,203.0,SOUTH_SOUTHWEST,5.0,KILOMETERS_PER_HOUR,10.0,KILOMETERS_PER_HOUR,16.0,KILOMETERS,0.0,CELSIUS,29.2,CELSIUS,22.9,CELSIUS,0.0,MILLIMETERS,3.6041,MILLIMETERS,,,,2025-06-17 22:00:08.552000+07:00,2200
1102,90430,"Nampook Secondary School - Huoixai, Bokeo ມັດທະຍົມສົມບູນ ນ້ຳປຸກ","Nampook Secondary School - Huoixai, Bokeo ມັດທະຍົມສົມບູນ ນ້ຳປຸກ",20.217811,100.565439,2025-06-17T15:00:29.760136773Z,0.0,90.0,0.0,20.0,100.0,Asia/Vientiane,https://maps.gstatic.com/weather/v1/cloudy,Cloudy,en,CLOUDY,25.7,CELSIUS,28.9,CELSIUS,23.9,CELSIUS,28.9,CELSIUS,25.7,CELSIUS,25.0,RAIN,0.0,MILLIMETERS,0.20070000000000002,MILLIMETERS,1008.56,225.0,SOUTHWEST,3.0,KILOMETERS_PER_HOUR,5.0,KILOMETERS_PER_HOUR,16.0,KILOMETERS,0.8,CELSIUS,30.5,CELSIUS,24.2,CELSIUS,0.0,MILLIMETERS,21.849,MILLIMETERS,,,,2025-06-17 22:00:08.552000+07:00,2200
1103,90432,Meung - Bokeo,Meung - Bokeo,20.565749,100.592003,2025-06-17T15:00:31.107168218Z,0.0,90.0,0.0,20.0,100.0,Asia/Vientiane,https://maps.gstatic.com/weather/v1/cloudy,Cloudy,en,CLOUDY,21.4,CELSIUS,23.7,CELSIUS,19.9,CELSIUS,23.7,CELSIUS,21.4,CELSIUS,20.0,RAIN,0.0,MILLIMETERS,0.2489,MILLIMETERS,1009.31,203.0,SOUTH_SOUTHWEST,5.0,KILOMETERS_PER_HOUR,10.0,KILOMETERS_PER_HOUR,14.0,KILOMETERS,0.2,CELSIUS,27.0,CELSIUS,20.4,CELSIUS,0.0,MILLIMETERS,13.4417,MILLIMETERS,,,,2025-06-17 22:00:08.552000+07:00,2200
1104,90433,Pha Oudom - Bokeo,Pha Oudom - Bokeo,20.086216,100.831707,2025-06-17T15:00:32.380984320Z,0.0,93.0,0.0,10.0,100.0,Asia/Vientiane,https://maps.gstatic.com/weather/v1/cloudy,Cloudy,en,CLOUDY,20.0,CELSIUS,22.4,CELSIUS,18.5,CELSIUS,22.4,CELSIUS,20.0,CELSIUS,25.0,RAIN,0.0,MILLIMETERS,0.188,MILLIMETERS,1009.72,180.0,SOUTH,3.0,KILOMETERS_PER_HOUR,6.0,KILOMETERS_PER_HOUR,14.0,KILOMETERS,0.5,CELSIUS,24.0,CELSIUS,18.8,CELSIUS,0.0,MILLIMETERS,10.6249,MILLIMETERS,,,,2025-06-17 22:00:08.552000+07:00,2200
1105,90434,Paktha - Bokeo,Paktha - Bokeo,20.105423,100.597269,2025-06-17T15:00:33.654724091Z,0.0,90.0,0.0,20.0,100.0,Asia/Vientiane,https://maps.gstatic.com/weather/v1/cloudy,Cloudy,en,CLOUDY,25.7,CELSIUS,28.9,CELSIUS,23.9,CELSIUS,28.9,CELSIUS,25.7,CELSIUS,25.0,RAIN,0.0,MILLIMETERS,0.20070000000000002,MILLIMETERS,1008.55,225.0,SOUTHWEST,3.0,KILOMETERS_PER_HOUR,5.0,KILOMETERS_PER_HOUR,16.0,KILOMETERS,0.8,CELSIUS,30.5,CELSIUS,24.2,CELSIUS,0.0,MILLIMETERS,21.849,MILLIMETERS,,,,2025-06-17 22:00:08.552000+07:00,2200
1106,90435,"Santiphab Secondary School - Luangprabang, Luangprabang ມັດທະຍົມ ສັນຕິພາບ","Santiphab Secondary School - Luangprabang, Luangprabang ມັດທະຍົມ ສັນຕິພາບ",19.880332,102.139832,2025-06-17T15:00:34.925693924Z,0.0,75.0,0.0,0.0,100.0,Asia/Vientiane,https://maps.gstatic.com/weather/v1/cloudy,Cloudy,en,CLOUDY,25.3,CELSIUS,27.2,CELSIUS,20.4,CELSIUS,27.2,CELSIUS,25.3,CELSIUS,10.0,RAIN,0.0,MILLIMETERS,0.0,MILLIMETERS,1008.73,245.0,WEST_SOUTHWEST,3.0,KILOMETERS_PER_HOUR,6.0,KILOMETERS_PER_HOUR,16.0,KILOMETERS,-0.30000000000000004,CELSIUS,33.3,CELSIUS,24.2,CELSIUS,0.0,MILLIMETERS,4.6587,MILLIMETERS,,,,2025-06-17 22:00:08.552000+07:00,2200
1107,90437,"PakXeng Secondary School - PakXeng, Luangprabang ມັດທະຍົມສົມບູນ ປາກແຊງ","PakXeng Secondary School - PakXeng, Luangprabang ມັດທະຍົມສົມບູນ ປາກແຊງ",20.174492,102.675657,2025-06-17T15:00:36.177626657Z,0.0,82.0,0.0,0.0,100.0,Asia/Vientiane,https://maps.gstatic.com/weather/v1/cloudy,Cloudy,en,CLOUDY,19.8,CELSIUS,21.9,CELSIUS,16.5,CELSIUS,21.9,CELSIUS,19.8,CELSIUS,10.0,RAIN,0.0,MILLIMETERS,0.0,MILLIMETERS,1009.42,180.0,SOUTH,3.0,KILOMETERS_PER_HOUR,8.0,KILOMETERS_PER_HOUR,16.0,KILOMETERS,1.2,CELSIUS,26.8,CELSIUS,18.0,CELSIUS,0.0,MILLIMETERS,6.8531,MILLIMETERS,,,,2025-06-17 22:00:08.552000+07:00,2200
1108,90438,"Phonxay Secpondary School - Phonxay, Luangprabang ມັດທະຍົມສົມບູນ ເມືອງໂພນໄຊ","Phonxay Secpondary School - Phonxay, Luangprabang ມັດທະຍົມສົມບູນ ເມືອງໂພນໄຊ",19.958916,102.572347,,,,,,,,,,,,,,,,,,,,,,,,,,,,,,,,,,,,,,,,,,,,,,,404.0,Information is not supported for this location. Please try a different location.,NOT_FOUND,2025-06-17 22:00:08.552000+07:00,2200
1109,90440,"Vangxieng Secondary School - Phonthong, Luangprabang ມັດທະຍົມ ວັງຊຽງ","Vangxieng Secondary School - Phonthong, Luangprabang ມັດທະຍົມ ວັງຊຽງ",20.737745,103.073231,2025-06-17T15:00:38.718896731Z,0.0,82.0,0.0,0.0,100.0,Asia/Vientiane,https://maps.gstatic.com/weather/v1/cloudy,Cloudy,en,CLOUDY,22.2,CELSIUS,24.4,CELSIUS,18.9,CELSIUS,24.4,CELSIUS,22.2,CELSIUS,10.0,RAIN,0.0,MILLIMETERS,0.0,MILLIMETERS,1010.15,225.0,SOUTHWEST,6.0,KILOMETERS_PER_HOUR,8.0,KILOMETERS_PER_HOUR,16.0,KILOMETERS,1.0,CELSIUS,27.9,CELSIUS,20.5,CELSIUS,0.0,MILLIMETERS,11.8489,MILLIMETERS,,,,2025-06-17 22:00:08.552000+07:00,2200
1110,90441,"Kiwkachum Secondary School - XiengNgeun, Luangprabang ມັດທະຍົມ ກິ່ວກະຈຳ","Kiwkachum Secondary School - XiengNgeun, Luangprabang ມັດທະຍົມ ກິ່ວກະຈຳ",19.555,102.234,2025-06-17T15:00:39.998129031Z,0.0,90.0,0.0,0.0,100.0,Asia/Vientiane,https://maps.gstatic.com/weather/v1/cloudy,Cloudy,en,CLOUDY,20.9,CELSIUS,25.5,CELSIUS,19.2,CELSIUS,25.5,CELSIUS,20.9,CELSIUS,10.0,RAIN,0.0,MILLIMETERS,0.0,MILLIMETERS,1011.14,180.0,SOUTH,5.0,KILOMETERS_PER_HOUR,13.0,KILOMETERS_PER_HOUR,16.0,KILOMETERS,-1.1,CELSIUS,30.0,CELSIUS,20.6,CELSIUS,0.0,MILLIMETERS,7.8694,MILLIMETERS,,,,2025-06-17 22:00:08.552000+07:00,2200
1111,90442,"Nan Secondary School - Nan, Luangprabang ມັດທະຍົມ ເມືອງນານ","Nan Secondary School - Nan, Luangprabang ມັດທະຍົມ ເມືອງນານ",19.498539,101.883867,2025-06-17T15:00:41.386347830Z,0.0,92.0,0.0,20.0,100.0,Asia/Vientiane,https://maps.gstatic.com/weather/v1/cloudy,Cloudy,en,CLOUDY,20.2,CELSIUS,22.6,CELSIUS,18.7,CELSIUS,22.6,CELSIUS,20.2,CELSIUS,20.0,RAIN,0.0,MILLIMETERS,0.0635,MILLIMETERS,1009.88,225.0,SOUTHWEST,5.0,KILOMETERS_PER_HOUR,8.0,KILOMETERS_PER_HOUR,14.0,KILOMETERS,0.0,CELSIUS,26.3,CELSIUS,19.1,CELSIUS,0.0,MILLIMETERS,9.8733,MILLIMETERS,,,,2025-06-17 22:00:08.552000+07:00,2200
1112,90447,Xamneua - Houaphan,Xamneua - Houaphan,20.413807,104.050733,2025-06-17T15:00:42.780827120Z,0.0,80.0,0.0,0.0,100.0,Asia/Vientiane,https://maps.gstatic.com/weather/v1/cloudy,Cloudy,en,CLOUDY,21.9,CELSIUS,24.5,CELSIUS,18.4,CELSIUS,24.5,CELSIUS,21.9,CELSIUS,10.0,RAIN,0.0,MILLIMETERS,0.0,MILLIMETERS,1009.1,245.0,WEST_SOUTHWEST,8.0,KILOMETERS_PER_HOUR,18.0,KILOMETERS_PER_HOUR,16.0,KILOMETERS,1.6,CELSIUS,30.4,CELSIUS,20.3,CELSIUS,0.0,MILLIMETERS,3.6401,MILLIMETERS,,,,2025-06-17 22:00:08.552000+07:00,2200
1113,90449,"BouamNgam Secondary School - Huameuang, Houaphan  ມັດທະຍົມ ບວມງາມ","BouamNgam Secondary School - Huameuang, Houaphan  ມັດທະຍົມ ບວມງາມ",20.199501,103.875166,2025-06-17T15:00:44.035056381Z,0.0,89.0,0.0,0.0,100.0,Asia/Vientiane,https://maps.gstatic.com/weather/v1/cloudy,Cloudy,en,CLOUDY,20.0,CELSIUS,23.5,CELSIUS,18.0,CELSIUS,23.5,CELSIUS,20.0,CELSIUS,10.0,RAIN,0.0,MILLIMETERS,0.0,MILLIMETERS,1010.45,225.0,SOUTHWEST,3.0,KILOMETERS_PER_HOUR,8.0,KILOMETERS_PER_HOUR,16.0,KILOMETERS,0.30000000000000004,CELSIUS,26.9,CELSIUS,19.2,CELSIUS,0.0,MILLIMETERS,5.7738,MILLIMETERS,,,,2025-06-17 22:00:08.552000+07:00,2200
1114,90450,Xamtay - Houaphan,Xamtay - Houaphan,19.999194,104.64011,2025-06-17T15:00:45.309152291Z,0.0,77.0,0.0,0.0,100.0,Asia/Vientiane,https://maps.gstatic.com/weather/v1/cloudy,Cloudy,en,CLOUDY,21.3,CELSIUS,23.5,CELSIUS,17.0,CELSIUS,23.5,CELSIUS,21.3,CELSIUS,10.0,RAIN,0.0,MILLIMETERS,0.0,MILLIMETERS,1009.48,245.0,WEST_SOUTHWEST,5.0,KILOMETERS_PER_HOUR,6.0,KILOMETERS_PER_HOUR,16.0,KILOMETERS,1.7,CELSIUS,29.0,CELSIUS,19.1,CELSIUS,0.0,MILLIMETERS,3.1446,MILLIMETERS,,,,2025-06-17 22:00:08.552000+07:00,2200
1115,90451,"Add Secondary School - Add, Houaphan ມັດທະຍົມ ແອດ","Add Secondary School - Add, Houaphan ມັດທະຍົມ ແອດ",20.820542,104.004618,,,,,,,,,,,,,,,,,,,,,,,,,,,,,,,,,,,,,,,,,,,,,,,404.0,Information is not supported for this location. Please try a different location.,NOT_FOUND,2025-06-17 22:00:08.552000+07:00,2200
1116,90452,Xon - Houaphan,Xon - Houaphan,20.466813,103.34797,2025-06-17T15:00:47.836967928Z,0.0,89.0,0.0,0.0,100.0,Asia/Vientiane,https://maps.gstatic.com/weather/v1/cloudy,Cloudy,en,CLOUDY,17.4,CELSIUS,20.9,CELSIUS,15.4,CELSIUS,20.9,CELSIUS,17.4,CELSIUS,10.0,RAIN,0.0,MILLIMETERS,0.0,MILLIMETERS,1010.45,225.0,SOUTHWEST,3.0,KILOMETERS_PER_HOUR,8.0,KILOMETERS_PER_HOUR,16.0,KILOMETERS,0.30000000000000004,CELSIUS,24.3,CELSIUS,16.6,CELSIUS,0.0,MILLIMETERS,5.7738,MILLIMETERS,,,,2025-06-17 22:00:08.552000+07:00,2200
1117,90453,Xiengkhor - Houaphan,Xiengkhor - Houaphan,20.813892,104.146676,,,,,,,,,,,,,,,,,,,,,,,,,,,,,,,,,,,,,,,,,,,,,,,404.0,Information is not supported for this location. Please try a different location.,NOT_FOUND,2025-06-17 22:00:08.552000+07:00,2200
1118,90454," Viengthong Secondary School - Hiem, Houaphan ມັດທະຍົມ ວຽງທອງ"," Viengthong Secondary School - Hiem, Houaphan ມັດທະຍົມ ວຽງທອງ",20.099855,103.380396,2025-06-17T15:00:50.342210887Z,0.0,89.0,0.0,0.0,100.0,Asia/Vientiane,https://maps.gstatic.com/weather/v1/cloudy,Cloudy,en,CLOUDY,17.4,CELSIUS,20.9,CELSIUS,15.4,CELSIUS,20.9,CELSIUS,17.4,CELSIUS,10.0,RAIN,0.0,MILLIMETERS,0.0,MILLIMETERS,1010.45,225.0,SOUTHWEST,3.0,KILOMETERS_PER_HOUR,8.0,KILOMETERS_PER_HOUR,16.0,KILOMETERS,0.30000000000000004,CELSIUS,24.3,CELSIUS,16.6,CELSIUS,0.0,MILLIMETERS,5.7738,MILLIMETERS,,,,2025-06-17 22:00:08.552000+07:00,2200
1119,90455,"Sopbao Secondary School - Sopbao, Houaphan ມັດທະຍົມ ສົບເບົາ","Sopbao Secondary School - Sopbao, Houaphan ມັດທະຍົມ ສົບເບົາ",20.710206,104.384946,2025-06-17T15:00:51.678146988Z,0.0,80.0,0.0,0.0,100.0,Asia/Vientiane,https://maps.gstatic.com/weather/v1/cloudy,Cloudy,en,CLOUDY,18.0,CELSIUS,20.6,CELSIUS,14.5,CELSIUS,20.6,CELSIUS,18.0,CELSIUS,10.0,RAIN,0.0,MILLIMETERS,0.0,MILLIMETERS,1009.1,245.0,WEST_SOUTHWEST,8.0,KILOMETERS_PER_HOUR,18.0,KILOMETERS_PER_HOUR,16.0,KILOMETERS,1.6,CELSIUS,26.5,CELSIUS,16.4,CELSIUS,0.0,MILLIMETERS,3.6401,MILLIMETERS,,,,2025-06-17 22:00:08.552000+07:00,2200
1120,90456,"Kuan Secondary School - Kuan, Houaphan ມັດທະຍົມສົມບູນ ກັວນ","Kuan Secondary School - Kuan, Houaphan ມັດທະຍົມສົມບູນ ກັວນ",19.835863,104.561303,2025-06-17T15:00:52.950136587Z,0.0,77.0,0.0,0.0,100.0,Asia/Vientiane,https://maps.gstatic.com/weather/v1/cloudy,Cloudy,en,CLOUDY,22.6,CELSIUS,24.8,CELSIUS,18.3,CELSIUS,24.8,CELSIUS,22.6,CELSIUS,10.0,RAIN,0.0,MILLIMETERS,0.0,MILLIMETERS,1009.48,245.0,WEST_SOUTHWEST,5.0,KILOMETERS_PER_HOUR,6.0,KILOMETERS_PER_HOUR,16.0,KILOMETERS,1.7,CELSIUS,30.3,CELSIUS,20.4,CELSIUS,0.0,MILLIMETERS,3.1446,MILLIMETERS,,,,2025-06-17 22:00:08.552000+07:00,2200
1121,90457,"Khob Secondary School - Khob, Xayabouli ມັດທະຍົມ ເມືອງຄອບ","Khob Secondary School - Khob, Xayabouli ມັດທະຍົມ ເມືອງຄອບ",19.699713,100.5572,2025-06-17T15:00:54.322140688Z,0.0,89.0,0.0,10.0,100.0,Asia/Vientiane,https://maps.gstatic.com/weather/v1/cloudy,Cloudy,en,CLOUDY,25.4,CELSIUS,28.4,CELSIUS,23.4,CELSIUS,28.4,CELSIUS,25.4,CELSIUS,20.0,RAIN,0.0,MILLIMETERS,0.0889,MILLIMETERS,1009.73,180.0,SOUTH,11.0,KILOMETERS_PER_HOUR,21.0,KILOMETERS_PER_HOUR,16.0,KILOMETERS,-0.30000000000000004,CELSIUS,30.1,CELSIUS,23.7,CELSIUS,0.0,MILLIMETERS,15.7911,MILLIMETERS,,,,2025-06-17 22:00:08.552000+07:00,2200
1122,90458,"Hongsa Secondary School - Hongsa, Xaignabouly ມັດທະຍົມສົມບູນ ຫົງສາ","Hongsa Secondary School - Hongsa, Xaignabouly ມັດທະຍົມສົມບູນ ຫົງສາ",19.70693,101.342893,2025-06-17T15:00:55.702009806Z,0.0,92.0,0.0,20.0,100.0,Asia/Vientiane,https://maps.gstatic.com/weather/v1/cloudy,Cloudy,en,CLOUDY,21.5,CELSIUS,23.9,CELSIUS,20.0,CELSIUS,23.9,CELSIUS,21.5,CELSIUS,20.0,RAIN,0.0,MILLIMETERS,0.0635,MILLIMETERS,1009.88,225.0,SOUTHWEST,5.0,KILOMETERS_PER_HOUR,8.0,KILOMETERS_PER_HOUR,14.0,KILOMETERS,0.0,CELSIUS,27.6,CELSIUS,20.4,CELSIUS,0.0,MILLIMETERS,9.8733,MILLIMETERS,,,,2025-06-17 22:00:08.552000+07:00,2200
1123,90459,Phiang - Xaignabouly,Phiang - Xaignabouly,19.094645,101.529558,2025-06-17T15:00:56.975978464Z,0.0,85.0,0.0,0.0,100.0,Asia/Vientiane,https://maps.gstatic.com/weather/v1/cloudy,Cloudy,en,CLOUDY,25.8,CELSIUS,28.7,CELSIUS,23.1,CELSIUS,28.7,CELSIUS,25.8,CELSIUS,10.0,RAIN,0.0,MILLIMETERS,0.0178,MILLIMETERS,1009.07,203.0,SOUTH_SOUTHWEST,5.0,KILOMETERS_PER_HOUR,10.0,KILOMETERS_PER_HOUR,16.0,KILOMETERS,0.0,CELSIUS,32.2,CELSIUS,23.7,CELSIUS,0.0,MILLIMETERS,5.2478,MILLIMETERS,,,,2025-06-17 22:00:08.552000+07:00,2200
1124,90463,"Ekaphab Secondary School - Xayabury, Xayabury ມັດທະຍົມ ເອກະພາບ","Ekaphab Secondary School - Xayabury, Xayabury ມັດທະຍົມ ເອກະພາບ",19.237566,101.714751,2025-06-17T15:00:58.245665285Z,0.0,81.0,0.0,0.0,100.0,Asia/Vientiane,https://maps.gstatic.com/weather/v1/cloudy,Cloudy,en,CLOUDY,26.0,CELSIUS,28.7,CELSIUS,22.9,CELSIUS,28.7,CELSIUS,26.0,CELSIUS,10.0,RAIN,0.0,MILLIMETERS,0.0,MILLIMETERS,1008.99,180.0,SOUTH,5.0,KILOMETERS_PER_HOUR,8.0,KILOMETERS_PER_HOUR,16.0,KILOMETERS,0.2,CELSIUS,32.1,CELSIUS,24.8,CELSIUS,0.0,MILLIMETERS,1.9329,MILLIMETERS,,,,2025-06-17 22:00:08.552000+07:00,2200
1125,90465,Xienghone - Xaignabouly ,Xienghone - Xaignabouly ,19.631763,100.814901,2025-06-17T15:00:59.470885341Z,0.0,91.0,0.0,0.0,100.0,Asia/Vientiane,https://maps.gstatic.com/weather/v1/cloudy,Cloudy,en,CLOUDY,21.5,CELSIUS,24.0,CELSIUS,20.2,CELSIUS,24.0,CELSIUS,21.5,CELSIUS,10.0,RAIN,0.0,MILLIMETERS,0.0,MILLIMETERS,1010.0,203.0,SOUTH_SOUTHWEST,5.0,KILOMETERS_PER_HOUR,10.0,KILOMETERS_PER_HOUR,14.0,KILOMETERS,0.0,CELSIUS,26.8,CELSIUS,20.2,CELSIUS,0.0,MILLIMETERS,7.9323,MILLIMETERS,,,,2025-06-17 22:00:08.552000+07:00,2200
1126,90466,"Kenethao Secondary School - Kenethao, Xayabury ມັດທະຍົມສົມບຸນ ແກ່ນທ້າວ","Kenethao Secondary School - Kenethao, Xayabury ມັດທະຍົມສົມບຸນ ແກ່ນທ້າວ",17.740569,101.403471,2025-06-17T15:01:00.805928875Z,0.0,76.0,0.0,0.0,100.0,Asia/Vientiane,https://maps.gstatic.com/weather/v1/cloudy,Cloudy,en,CLOUDY,27.3,CELSIUS,30.4,CELSIUS,22.9,CELSIUS,30.4,CELSIUS,27.3,CELSIUS,10.0,RAIN,0.0,MILLIMETERS,0.0,MILLIMETERS,1008.98,225.0,SOUTHWEST,6.0,KILOMETERS_PER_HOUR,13.0,KILOMETERS_PER_HOUR,16.0,KILOMETERS,-0.5,CELSIUS,32.3,CELSIUS,25.2,CELSIUS,0.0,MILLIMETERS,8.9738,MILLIMETERS,,,,2025-06-17 22:00:08.552000+07:00,2200
1127,90468,Pek - Xiengkhouang,Pek - Xiengkhouang,19.444636,103.205788,2025-06-17T15:01:02.164981533Z,0.0,79.0,0.0,0.0,100.0,Asia/Vientiane,https://maps.gstatic.com/weather/v1/cloudy,Cloudy,en,CLOUDY,20.8,CELSIUS,24.3,CELSIUS,16.8,CELSIUS,24.3,CELSIUS,20.8,CELSIUS,10.0,RAIN,0.0,MILLIMETERS,0.0,MILLIMETERS,1011.56,200.0,SOUTH_SOUTHWEST,5.0,KILOMETERS_PER_HOUR,8.0,KILOMETERS_PER_HOUR,16.0,KILOMETERS,-0.6000000000000001,CELSIUS,28.8,CELSIUS,20.1,CELSIUS,0.0,MILLIMETERS,6.7566,MILLIMETERS,,,,2025-06-17 22:00:08.552000+07:00,2200
1128,90469,Nonghed - Xiengkhouang,Nonghed - Xiengkhouang,19.49661,103.986121,,,,,,,,,,,,,,,,,,,,,,,,,,,,,,,,,,,,,,,,,,,,,,,404.0,Information is not supported for this location. Please try a different location.,NOT_FOUND,2025-06-17 22:00:08.552000+07:00,2200
1129,90471,"Napa Secondary School - Kham, Xiengkhouang ມັດທະຍົມ ນາປາ","Napa Secondary School - Kham, Xiengkhouang ມັດທະຍົມ ນາປາ",19.590573,103.662369,2025-06-17T15:01:04.785149350Z,0.0,84.0,0.0,0.0,100.0,Asia/Vientiane,https://maps.gstatic.com/weather/v1/cloudy,Cloudy,en,CLOUDY,22.4,CELSIUS,24.7,CELSIUS,19.6,CELSIUS,24.7,CELSIUS,22.4,CELSIUS,10.0,RAIN,0.0,MILLIMETERS,0.0,MILLIMETERS,1010.12,270.0,WEST,2.0,KILOMETERS_PER_HOUR,2.0,KILOMETERS_PER_HOUR,16.0,KILOMETERS,0.0,CELSIUS,31.8,CELSIUS,20.9,CELSIUS,0.0,MILLIMETERS,3.193,MILLIMETERS,,,,2025-06-17 22:00:08.552000+07:00,2200
1130,90472,"Chomphet Seconbdary School - Khoune, Xiengkhuang ມັດທະຍົມ ຈອມເພັດ","Chomphet Seconbdary School - Khoune, Xiengkhuang ມັດທະຍົມ ຈອມເພັດ",19.340999,103.371433,2025-06-17T15:01:06.104965246Z,0.0,79.0,0.0,0.0,100.0,Asia/Vientiane,https://maps.gstatic.com/weather/v1/cloudy,Cloudy,en,CLOUDY,20.8,CELSIUS,24.3,CELSIUS,16.8,CELSIUS,24.3,CELSIUS,20.8,CELSIUS,10.0,RAIN,0.0,MILLIMETERS,0.0,MILLIMETERS,1011.56,200.0,SOUTH_SOUTHWEST,5.0,KILOMETERS_PER_HOUR,8.0,KILOMETERS_PER_HOUR,16.0,KILOMETERS,-0.6000000000000001,CELSIUS,28.8,CELSIUS,20.1,CELSIUS,0.0,MILLIMETERS,6.7566,MILLIMETERS,,,,2025-06-17 22:00:08.552000+07:00,2200
1131,90474,"Lardkhai Secondary School - Phaxay, Xiengkhouang ມັດທະຍົມ ລາດຄ້າຍ","Lardkhai Secondary School - Phaxay, Xiengkhouang ມັດທະຍົມ ລາດຄ້າຍ",19.29915,103.133374,2025-06-17T15:01:07.370012557Z,0.0,79.0,0.0,0.0,100.0,Asia/Vientiane,https://maps.gstatic.com/weather/v1/cloudy,Cloudy,en,CLOUDY,20.8,CELSIUS,24.3,CELSIUS,16.8,CELSIUS,24.3,CELSIUS,20.8,CELSIUS,10.0,RAIN,0.0,MILLIMETERS,0.0,MILLIMETERS,1011.56,200.0,SOUTH_SOUTHWEST,5.0,KILOMETERS_PER_HOUR,8.0,KILOMETERS_PER_HOUR,16.0,KILOMETERS,-0.6000000000000001,CELSIUS,28.8,CELSIUS,20.1,CELSIUS,0.0,MILLIMETERS,6.7566,MILLIMETERS,,,,2025-06-17 22:00:08.552000+07:00,2200
1132,90475,Phonhong - Vientiane,Phonhong - Vientiane,18.350024,102.42424,2025-06-17T15:01:08.663297134Z,0.0,79.0,0.0,29.0,100.0,Asia/Vientiane,https://maps.gstatic.com/weather/v1/cloudy,Cloudy,en,CLOUDY,25.0,CELSIUS,27.0,CELSIUS,20.9,CELSIUS,27.0,CELSIUS,25.0,CELSIUS,20.0,RAIN,0.0,MILLIMETERS,0.09910000000000001,MILLIMETERS,1008.8,335.0,NORTH_NORTHWEST,3.0,KILOMETERS_PER_HOUR,5.0,KILOMETERS_PER_HOUR,16.0,KILOMETERS,-1.8,CELSIUS,34.3,CELSIUS,23.0,CELSIUS,0.0,MILLIMETERS,8.2732,MILLIMETERS,,,,2025-06-17 22:00:08.552000+07:00,2200
1133,90476,"Kasy Secondary School - Kasy, Vientiane Province ມັດທະຍົມສົມບູນ ກາສີ","Kasy Secondary School - Kasy, Vientiane Province ມັດທະຍົມສົມບູນ ກາສີ",19.225034,102.25219,2025-06-17T15:01:09.939845928Z,0.0,84.0,0.0,20.0,100.0,Asia/Vientiane,https://maps.gstatic.com/weather/v1/cloudy,Cloudy,en,CLOUDY,22.2,CELSIUS,24.6,CELSIUS,19.3,CELSIUS,24.6,CELSIUS,22.2,CELSIUS,20.0,RAIN,0.0,MILLIMETERS,0.09910000000000001,MILLIMETERS,1010.33,0.0,NORTH,2.0,KILOMETERS_PER_HOUR,3.0,KILOMETERS_PER_HOUR,16.0,KILOMETERS,-2.4,CELSIUS,30.2,CELSIUS,21.3,CELSIUS,0.0,MILLIMETERS,18.2018,MILLIMETERS,,,,2025-06-17 22:00:08.552000+07:00,2200
1134,90477,"Xanakharm Secondary School - Xanakharm, Vieniane Province ມັດທະຍົມສົບຸນ ຊະນະຄາມ","Xanakharm Secondary School - Xanakharm, Vieniane Province ມັດທະຍົມສົບຸນ ຊະນະຄາມ",17.910218,101.670662,2025-06-17T15:01:11.253109753Z,0.0,82.0,0.0,0.0,100.0,Asia/Vientiane,https://maps.gstatic.com/weather/v1/cloudy,Cloudy,en,CLOUDY,27.1,CELSIUS,30.7,CELSIUS,23.8,CELSIUS,30.7,CELSIUS,27.1,CELSIUS,10.0,RAIN,0.0,MILLIMETERS,0.0051,MILLIMETERS,1008.99,225.0,SOUTHWEST,3.0,KILOMETERS_PER_HOUR,6.0,KILOMETERS_PER_HOUR,16.0,KILOMETERS,0.0,CELSIUS,32.1,CELSIUS,25.1,CELSIUS,0.0,MILLIMETERS,7.6937,MILLIMETERS,,,,2025-06-17 22:00:08.552000+07:00,2200
1135,90478,Mad - Vientiane,Mad - Vientiane,18.448868,101.76322,2025-06-17T15:01:12.538621280Z,0.0,75.0,0.0,0.0,100.0,Asia/Vientiane,https://maps.gstatic.com/weather/v1/cloudy,Cloudy,en,CLOUDY,27.2,CELSIUS,30.0,CELSIUS,22.6,CELSIUS,30.0,CELSIUS,27.2,CELSIUS,10.0,RAIN,0.0,MILLIMETERS,0.0,MILLIMETERS,1009.0,248.0,WEST_SOUTHWEST,5.0,KILOMETERS_PER_HOUR,10.0,KILOMETERS_PER_HOUR,16.0,KILOMETERS,0.0,CELSIUS,32.7,CELSIUS,25.0,CELSIUS,0.0,MILLIMETERS,3.5508,MILLIMETERS,,,,2025-06-17 22:00:08.552000+07:00,2200
1136,90479,"Phonmi Secondary School - Viengkham, Vientiane Province ມັດທະຍົມສົມບຸນ ໂພນໝີ","Phonmi Secondary School - Viengkham, Vientiane Province ມັດທະຍົມສົມບຸນ ໂພນໝີ",18.48451,102.485942,2025-06-17T15:01:13.850702975Z,0.0,79.0,0.0,29.0,100.0,Asia/Vientiane,https://maps.gstatic.com/weather/v1/cloudy,Cloudy,en,CLOUDY,25.0,CELSIUS,27.0,CELSIUS,20.9,CELSIUS,27.0,CELSIUS,25.0,CELSIUS,20.0,RAIN,0.0,MILLIMETERS,0.09910000000000001,MILLIMETERS,1008.8,335.0,NORTH_NORTHWEST,3.0,KILOMETERS_PER_HOUR,5.0,KILOMETERS_PER_HOUR,16.0,KILOMETERS,-1.8,CELSIUS,34.3,CELSIUS,23.0,CELSIUS,0.0,MILLIMETERS,8.2732,MILLIMETERS,,,,2025-06-17 22:00:08.552000+07:00,2200
1137,90482,"KeoKou Secondary School - KeoOudom, Vientiane Province ມັດທະຍົມສົມບູນ ແກ້ວກູ່","KeoKou Secondary School - KeoOudom, Vientiane Province ມັດທະຍົມສົມບູນ ແກ້ວກູ່",18.554884,102.502844,2025-06-17T15:01:15.145206740Z,0.0,79.0,0.0,29.0,100.0,Asia/Vientiane,https://maps.gstatic.com/weather/v1/cloudy,Cloudy,en,CLOUDY,25.0,CELSIUS,27.0,CELSIUS,20.9,CELSIUS,27.0,CELSIUS,25.0,CELSIUS,20.0,RAIN,0.0,MILLIMETERS,0.09910000000000001,MILLIMETERS,1008.8,335.0,NORTH_NORTHWEST,3.0,KILOMETERS_PER_HOUR,5.0,KILOMETERS_PER_HOUR,16.0,KILOMETERS,-1.8,CELSIUS,34.3,CELSIUS,23.0,CELSIUS,0.0,MILLIMETERS,8.2732,MILLIMETERS,,,,2025-06-17 22:00:08.552000+07:00,2200
1138,90485,Meun - Vientiane,Meun - Vientiane,18.28379,101.941138,2025-06-17T15:01:16.421073580Z,0.0,75.0,0.0,0.0,100.0,Asia/Vientiane,https://maps.gstatic.com/weather/v1/cloudy,Cloudy,en,CLOUDY,25.3,CELSIUS,27.2,CELSIUS,20.5,CELSIUS,27.2,CELSIUS,25.3,CELSIUS,10.0,RAIN,0.0,MILLIMETERS,0.0,MILLIMETERS,1009.01,270.0,WEST,0.0,KILOMETERS_PER_HOUR,2.0,KILOMETERS_PER_HOUR,16.0,KILOMETERS,-2.5,CELSIUS,33.6,CELSIUS,23.1,CELSIUS,0.0,MILLIMETERS,5.4761,MILLIMETERS,,,,2025-06-17 22:00:08.552000+07:00,2200
1139,90487,"Thaphabath Secondary School - Thaphabath, Bolikhamxai","Thaphabath Secondary School - Thaphabath, Bolikhamxai",18.356826,103.198076,2025-06-17T15:01:17.695777759Z,0.0,76.0,0.0,20.0,100.0,Asia/Vientiane,https://maps.gstatic.com/weather/v1/cloudy,Cloudy,en,CLOUDY,26.8,CELSIUS,29.4,CELSIUS,22.1,CELSIUS,29.4,CELSIUS,26.8,CELSIUS,25.0,RAIN,0.0,MILLIMETERS,0.29460000000000003,MILLIMETERS,1008.9,315.0,NORTHWEST,2.0,KILOMETERS_PER_HOUR,10.0,KILOMETERS_PER_HOUR,16.0,KILOMETERS,-1.1,CELSIUS,33.4,CELSIUS,25.5,CELSIUS,0.0,MILLIMETERS,5.6617,MILLIMETERS,,,,2025-06-17 22:00:08.552000+07:00,2200
1140,90488,Pakkading - Bolikhamxai ,Pakkading - Bolikhamxai ,18.109902,104.281265,2025-06-17T15:01:19.166221616Z,0.0,89.0,0.0,40.0,100.0,Asia/Vientiane,https://maps.gstatic.com/weather/v1/cloudy,Cloudy,en,CLOUDY,25.1,CELSIUS,27.9,CELSIUS,23.1,CELSIUS,27.9,CELSIUS,25.1,CELSIUS,25.0,RAIN,0.0,MILLIMETERS,0.2642,MILLIMETERS,1009.68,45.0,NORTHEAST,3.0,KILOMETERS_PER_HOUR,14.0,KILOMETERS_PER_HOUR,16.0,KILOMETERS,-0.2,CELSIUS,31.6,CELSIUS,24.2,CELSIUS,0.0,MILLIMETERS,7.4602,MILLIMETERS,,,,2025-06-17 22:00:08.552000+07:00,2200
1141,90490,"Nakhonxay Secondary School - Khamkeuth, - Borikhamxai ມັດທະຍົມ ນະຄອນໄຊ","Nakhonxay Secondary School - Khamkeuth, - Borikhamxai ມັດທະຍົມ ນະຄອນໄຊ",18.185553,104.983958,2025-06-17T15:01:20.455370198Z,0.0,93.0,0.0,1.0,100.0,Asia/Vientiane,https://maps.gstatic.com/weather/v1/cloudy,Cloudy,en,CLOUDY,22.7,CELSIUS,25.1,CELSIUS,21.6,CELSIUS,25.1,CELSIUS,22.7,CELSIUS,10.0,RAIN,0.0,MILLIMETERS,0.0,MILLIMETERS,1010.49,180.0,SOUTH,3.0,KILOMETERS_PER_HOUR,11.0,KILOMETERS_PER_HOUR,13.0,KILOMETERS,0.1,CELSIUS,29.1,CELSIUS,21.6,CELSIUS,0.0,MILLIMETERS,1.4759,MILLIMETERS,,,,2025-06-17 22:00:08.552000+07:00,2200
1142,90491,Viengthong - Bolikhamxai,Viengthong - Bolikhamxai,18.512354,104.442835,2025-06-17T15:01:21.828441056Z,0.0,85.0,0.0,30.0,100.0,Asia/Vientiane,https://maps.gstatic.com/weather/v1/cloudy,Cloudy,en,CLOUDY,24.8,CELSIUS,27.1,CELSIUS,22.0,CELSIUS,27.1,CELSIUS,24.8,CELSIUS,20.0,RAIN,0.0,MILLIMETERS,0.09910000000000001,MILLIMETERS,1010.04,225.0,SOUTHWEST,2.0,KILOMETERS_PER_HOUR,11.0,KILOMETERS_PER_HOUR,16.0,KILOMETERS,0.7000000000000001,CELSIUS,30.9,CELSIUS,22.7,CELSIUS,0.0,MILLIMETERS,3.0688,MILLIMETERS,,,,2025-06-17 22:00:08.552000+07:00,2200
1143,90492,"NamOn Secondary School - Xaychamphone, Borikhamxai ມັດທະຍົມ ນຳ້ອ້ອນ","NamOn Secondary School - Xaychamphone, Borikhamxai ມັດທະຍົມ ນຳ້ອ້ອນ",18.577559,104.981947,2025-06-17T15:01:23.127654743Z,0.0,93.0,0.0,1.0,100.0,Asia/Vientiane,https://maps.gstatic.com/weather/v1/cloudy,Cloudy,en,CLOUDY,22.7,CELSIUS,25.1,CELSIUS,21.6,CELSIUS,25.1,CELSIUS,22.7,CELSIUS,10.0,RAIN,0.0,MILLIMETERS,0.0,MILLIMETERS,1010.49,180.0,SOUTH,3.0,KILOMETERS_PER_HOUR,11.0,KILOMETERS_PER_HOUR,13.0,KILOMETERS,0.1,CELSIUS,29.1,CELSIUS,21.6,CELSIUS,0.0,MILLIMETERS,1.4759,MILLIMETERS,,,,2025-06-17 22:00:08.552000+07:00,2200
1144,90493,Thakhek - Khammouan ,Thakhek - Khammouan ,17.392668,104.807495,2025-06-17T15:01:24.405522880Z,0.0,100.0,0.0,60.0,100.0,Asia/Vientiane,https://maps.gstatic.com/weather/v1/cloudy,Cloudy,en,CLOUDY,26.2,CELSIUS,31.3,CELSIUS,26.2,CELSIUS,31.3,CELSIUS,26.2,CELSIUS,20.0,RAIN,0.0,MILLIMETERS,0.0,MILLIMETERS,1008.76,45.0,NORTHEAST,3.0,KILOMETERS_PER_HOUR,6.0,KILOMETERS_PER_HOUR,5.0,KILOMETERS,0.4,CELSIUS,33.7,CELSIUS,24.7,CELSIUS,0.0,MILLIMETERS,8.6057,MILLIMETERS,,,,2025-06-17 22:00:08.552000+07:00,2200
1145,90494,Mahaxay - Khammouan,Mahaxay - Khammouan,17.457352,105.160169,2025-06-17T15:01:25.630319238Z,0.0,98.0,0.0,1.0,100.0,Asia/Vientiane,https://maps.gstatic.com/weather/v1/cloudy,Cloudy,en,CLOUDY,24.4,CELSIUS,27.4,CELSIUS,24.0,CELSIUS,27.4,CELSIUS,24.4,CELSIUS,10.0,RAIN,0.0,MILLIMETERS,0.0,MILLIMETERS,1009.89,270.0,WEST,0.0,KILOMETERS_PER_HOUR,0.0,KILOMETERS_PER_HOUR,7.0,KILOMETERS,0.7000000000000001,CELSIUS,31.5,CELSIUS,23.0,CELSIUS,0.0,MILLIMETERS,4.3259,MILLIMETERS,,,,2025-06-17 22:00:08.552000+07:00,2200
1146,90495,Nongbok - Khammouan,Nongbok - Khammouan,16.962416,104.81156,2025-06-17T15:01:26.982537770Z,0.0,87.0,0.0,0.0,100.0,Asia/Vientiane,https://maps.gstatic.com/weather/v1/cloudy,Cloudy,en,CLOUDY,28.5,CELSIUS,34.8,CELSIUS,26.0,CELSIUS,34.8,CELSIUS,28.5,CELSIUS,10.0,RAIN,0.0,MILLIMETERS,0.0,MILLIMETERS,1008.0,180.0,SOUTH,5.0,KILOMETERS_PER_HOUR,10.0,KILOMETERS_PER_HOUR,16.0,KILOMETERS,0.6000000000000001,CELSIUS,33.7,CELSIUS,25.9,CELSIUS,0.0,MILLIMETERS,0.9755,MILLIMETERS,,,,2025-06-17 22:00:08.552000+07:00,2200
1147,90497,Nhommalath - Khammouan ,Nhommalath - Khammouan ,17.614203,105.170282,2025-06-17T15:01:28.404662460Z,0.0,98.0,0.0,1.0,100.0,Asia/Vientiane,https://maps.gstatic.com/weather/v1/cloudy,Cloudy,en,CLOUDY,24.4,CELSIUS,27.4,CELSIUS,24.0,CELSIUS,27.4,CELSIUS,24.4,CELSIUS,10.0,RAIN,0.0,MILLIMETERS,0.0,MILLIMETERS,1009.89,270.0,WEST,0.0,KILOMETERS_PER_HOUR,0.0,KILOMETERS_PER_HOUR,7.0,KILOMETERS,0.7000000000000001,CELSIUS,31.5,CELSIUS,23.0,CELSIUS,0.0,MILLIMETERS,4.3259,MILLIMETERS,,,,2025-06-17 22:00:08.552000+07:00,2200
1148,90500,"Xebangfay Secondary School - Xebangfay, Khammouane ມັດທະຍົມສົມບູນ ເຊບັ້ງໄຟ","Xebangfay Secondary School - Xebangfay, Khammouane ມັດທະຍົມສົມບູນ ເຊບັ້ງໄຟ",17.086149,104.981631,2025-06-17T15:01:29.662606682Z,0.0,100.0,0.0,60.0,100.0,Asia/Vientiane,https://maps.gstatic.com/weather/v1/cloudy,Cloudy,en,CLOUDY,26.3,CELSIUS,31.5,CELSIUS,26.3,CELSIUS,31.5,CELSIUS,26.3,CELSIUS,20.0,RAIN,0.0,MILLIMETERS,0.0,MILLIMETERS,1008.89,135.0,SOUTHEAST,3.0,KILOMETERS_PER_HOUR,5.0,KILOMETERS_PER_HOUR,5.0,KILOMETERS,0.0,CELSIUS,32.8,CELSIUS,24.6,CELSIUS,0.0,MILLIMETERS,5.5169,MILLIMETERS,,,,2025-06-17 22:00:08.552000+07:00,2200
1149,90501,"Sivilay Secondary School - Xaybouathong, Khammouane ມັດທະຍົມສົມບູນ ສີວິໄລ","Sivilay Secondary School - Xaybouathong, Khammouane ມັດທະຍົມສົມບູນ ສີວິໄລ",17.171532,105.4273,2025-06-17T15:01:31.137442980Z,0.0,100.0,0.0,0.0,100.0,Asia/Vientiane,https://maps.gstatic.com/weather/v1/cloudy,Cloudy,en,CLOUDY,26.0,CELSIUS,31.0,CELSIUS,26.0,CELSIUS,31.0,CELSIUS,26.0,CELSIUS,10.0,RAIN,0.0,MILLIMETERS,0.0,MILLIMETERS,1009.37,180.0,SOUTH,3.0,KILOMETERS_PER_HOUR,5.0,KILOMETERS_PER_HOUR,5.0,KILOMETERS,-0.9,CELSIUS,31.8,CELSIUS,24.3,CELSIUS,0.0,MILLIMETERS,3.843,MILLIMETERS,,,,2025-06-17 22:00:08.552000+07:00,2200
1150,90502,"Nakang Secondary School - Khounkham, Khammouane ມັດທະຍົມສົມບູນ ນາກາງ","Nakang Secondary School - Khounkham, Khammouane ມັດທະຍົມສົມບູນ ນາກາງ",18.02845,104.65357,,,,,,,,,,,,,,,,,,,,,,,,,,,,,,,,,,,,,,,,,,,,,,,404.0,Information is not supported for this location. Please try a different location.,NOT_FOUND,2025-06-17 22:00:08.552000+07:00,2200
1151,90503,Kaysone Phomvihane - Sav,Kaysone Phomvihane - Sav,16.5702,104.75036,2025-06-17T15:01:33.738088230Z,0.0,80.0,0.0,0.0,100.0,Asia/Vientiane,https://maps.gstatic.com/weather/v1/cloudy,Cloudy,en,CLOUDY,28.9,CELSIUS,34.5,CELSIUS,24.8,CELSIUS,34.5,CELSIUS,28.9,CELSIUS,10.0,RAIN,0.0,MILLIMETERS,0.0,MILLIMETERS,1008.6,203.0,SOUTH_SOUTHWEST,10.0,KILOMETERS_PER_HOUR,19.0,KILOMETERS_PER_HOUR,16.0,KILOMETERS,0.4,CELSIUS,33.4,CELSIUS,26.5,CELSIUS,0.0,MILLIMETERS,0.3936,MILLIMETERS,,,,2025-06-17 22:00:08.552000+07:00,2200
1152,90504,"Lianxay Secondary School - Artsaphangthong, Savannakhet ມັດທະຍົມ ຫລຽນໄຊ","Lianxay Secondary School - Artsaphangthong, Savannakhet ມັດທະຍົມ ຫລຽນໄຊ",16.692124,105.409764,,,,,,,,,,,,,,,,,,,,,,,,,,,,,,,,,,,,,,,,,,,,,,,404.0,Information is not supported for this location. Please try a different location.,NOT_FOUND,2025-06-17 22:00:08.552000+07:00,2200
1153,90505,Sepone - Savannakhet,Sepone - Savannakhet,16.696651,106.209138,2025-06-17T15:01:36.246746868Z,0.0,85.0,0.0,0.0,90.0,Asia/Vientiane,https://maps.gstatic.com/weather/v1/cloudy,Cloudy,en,CLOUDY,24.1,CELSIUS,27.1,CELSIUS,21.2,CELSIUS,27.1,CELSIUS,24.1,CELSIUS,10.0,RAIN,0.0,MILLIMETERS,0.0,MILLIMETERS,1010.0,203.0,SOUTH_SOUTHWEST,6.0,KILOMETERS_PER_HOUR,13.0,KILOMETERS_PER_HOUR,16.0,KILOMETERS,0.4,CELSIUS,28.8,CELSIUS,22.2,CELSIUS,0.0,MILLIMETERS,1.7425,MILLIMETERS,,,,2025-06-17 22:00:08.552000+07:00,2200
1154,90506,Nong - Savannakhet,Nong - Savannakhet,16.373875,106.495685,2025-06-17T15:01:37.543419037Z,0.0,85.0,0.0,0.0,91.0,Asia/Vientiane,https://maps.gstatic.com/weather/v1/cloudy,Cloudy,en,CLOUDY,25.1,CELSIUS,28.5,CELSIUS,22.4,CELSIUS,28.5,CELSIUS,25.1,CELSIUS,10.0,RAIN,0.0,MILLIMETERS,0.0,MILLIMETERS,1010.0,158.0,SOUTH_SOUTHEAST,6.0,KILOMETERS_PER_HOUR,10.0,KILOMETERS_PER_HOUR,16.0,KILOMETERS,0.1,CELSIUS,30.2,CELSIUS,23.5,CELSIUS,0.0,MILLIMETERS,1.6385,MILLIMETERS,,,,2025-06-17 22:00:08.552000+07:00,2200
1155,90508,Champhone - SAVA,Champhone - SAVA,16.489147,105.031659,2025-06-17T15:01:38.989327544Z,0.0,80.0,0.0,0.0,100.0,Asia/Vientiane,https://maps.gstatic.com/weather/v1/cloudy,Cloudy,en,CLOUDY,28.9,CELSIUS,34.5,CELSIUS,24.8,CELSIUS,34.5,CELSIUS,28.9,CELSIUS,10.0,RAIN,0.0,MILLIMETERS,0.0,MILLIMETERS,1008.0,203.0,SOUTH_SOUTHWEST,11.0,KILOMETERS_PER_HOUR,21.0,KILOMETERS_PER_HOUR,16.0,KILOMETERS,0.5,CELSIUS,32.8,CELSIUS,26.2,CELSIUS,0.0,MILLIMETERS,0.7343000000000001,MILLIMETERS,,,,2025-06-17 22:00:08.552000+07:00,2200
1156,90509,Xaybuly - Savannakhet,Xaybuly - Savannakhet,17.075181,104.87732,2025-06-17T15:01:40.340943595Z,0.0,100.0,0.0,60.0,100.0,Asia/Vientiane,https://maps.gstatic.com/weather/v1/cloudy,Cloudy,en,CLOUDY,26.3,CELSIUS,31.5,CELSIUS,26.3,CELSIUS,31.5,CELSIUS,26.3,CELSIUS,20.0,RAIN,0.0,MILLIMETERS,0.0,MILLIMETERS,1008.89,135.0,SOUTHEAST,3.0,KILOMETERS_PER_HOUR,5.0,KILOMETERS_PER_HOUR,5.0,KILOMETERS,0.0,CELSIUS,32.8,CELSIUS,24.6,CELSIUS,0.0,MILLIMETERS,5.5169,MILLIMETERS,,,,2025-06-17 22:00:08.552000+07:00,2200
1157,90512,"Phin Secondary School - Phin, Savannakhet ມັດທະຍົມ ພີນ","Phin Secondary School - Phin, Savannakhet ມັດທະຍົມ ພີນ",16.527879,106.021922,2025-06-17T15:01:41.589662762Z,0.0,85.0,0.0,0.0,91.0,Asia/Vientiane,https://maps.gstatic.com/weather/v1/cloudy,Cloudy,en,CLOUDY,24.5,CELSIUS,27.9,CELSIUS,21.7,CELSIUS,27.9,CELSIUS,24.5,CELSIUS,10.0,RAIN,0.0,MILLIMETERS,0.0,MILLIMETERS,1010.0,158.0,SOUTH_SOUTHEAST,6.0,KILOMETERS_PER_HOUR,10.0,KILOMETERS_PER_HOUR,16.0,KILOMETERS,0.1,CELSIUS,29.5,CELSIUS,22.8,CELSIUS,0.0,MILLIMETERS,1.6385,MILLIMETERS,,,,2025-06-17 22:00:08.552000+07:00,2200
1158,90513,Songkhone - Savannakhet,Songkhone - Savannakhet,16.237196,105.1965,2025-06-17T15:01:42.853277283Z,0.0,80.0,0.0,68.0,100.0,Asia/Vientiane,https://maps.gstatic.com/weather/v1/cloudy,Cloudy,en,CLOUDY,28.9,CELSIUS,34.3,CELSIUS,24.9,CELSIUS,34.3,CELSIUS,28.9,CELSIUS,20.0,RAIN,0.0,MILLIMETERS,0.0762,MILLIMETERS,1008.97,203.0,SOUTH_SOUTHWEST,11.0,KILOMETERS_PER_HOUR,21.0,KILOMETERS_PER_HOUR,16.0,KILOMETERS,0.1,CELSIUS,32.9,CELSIUS,26.4,CELSIUS,0.0,MILLIMETERS,1.402,MILLIMETERS,,,,2025-06-17 22:00:08.552000+07:00,2200
1159,90514,"Beungxang Secondary School - Xonbuly, Savannakhet ມັດທະຍົມ ບຶງຊ້າງ","Beungxang Secondary School - Xonbuly, Savannakhet ມັດທະຍົມ ບຶງຊ້າງ",16.388527,105.375363,2025-06-17T15:01:44.106961082Z,0.0,83.0,0.0,0.0,100.0,Asia/Vientiane,https://maps.gstatic.com/weather/v1/cloudy,Cloudy,en,CLOUDY,28.5,CELSIUS,34.2,CELSIUS,25.2,CELSIUS,34.2,CELSIUS,28.5,CELSIUS,10.0,RAIN,0.0,MILLIMETERS,0.0,MILLIMETERS,1009.0,203.0,SOUTH_SOUTHWEST,10.0,KILOMETERS_PER_HOUR,18.0,KILOMETERS_PER_HOUR,16.0,KILOMETERS,0.1,CELSIUS,32.3,CELSIUS,26.3,CELSIUS,0.0,MILLIMETERS,1.1457,MILLIMETERS,,,,2025-06-17 22:00:08.552000+07:00,2200
1160,90515,Vilabuly - Savannakhet,Vilabuly - Savannakhet,16.971649,105.944661,2025-06-17T15:01:45.383929840Z,0.0,100.0,0.0,0.0,100.0,Asia/Vientiane,https://maps.gstatic.com/weather/v1/cloudy,Cloudy,en,CLOUDY,26.0,CELSIUS,31.0,CELSIUS,26.0,CELSIUS,31.0,CELSIUS,26.0,CELSIUS,10.0,RAIN,0.0,MILLIMETERS,0.0,MILLIMETERS,1009.37,180.0,SOUTH,3.0,KILOMETERS_PER_HOUR,5.0,KILOMETERS_PER_HOUR,5.0,KILOMETERS,-0.9,CELSIUS,31.8,CELSIUS,24.3,CELSIUS,0.0,MILLIMETERS,3.843,MILLIMETERS,,,,2025-06-17 22:00:08.552000+07:00,2200
1161,90516,"Phoummachedy Secondary School - Xayphouthong, Savannakhet ມັດທະຍົມ ພູມມະເຈດີ","Phoummachedy Secondary School - Xayphouthong, Savannakhet ມັດທະຍົມ ພູມມະເຈດີ",16.367044,105.005653,2025-06-17T15:01:46.637271466Z,0.0,80.0,0.0,68.0,100.0,Asia/Vientiane,https://maps.gstatic.com/weather/v1/cloudy,Cloudy,en,CLOUDY,28.9,CELSIUS,34.3,CELSIUS,24.9,CELSIUS,34.3,CELSIUS,28.9,CELSIUS,20.0,RAIN,0.0,MILLIMETERS,0.0762,MILLIMETERS,1008.97,203.0,SOUTH_SOUTHWEST,11.0,KILOMETERS_PER_HOUR,21.0,KILOMETERS_PER_HOUR,16.0,KILOMETERS,0.1,CELSIUS,32.9,CELSIUS,26.4,CELSIUS,0.0,MILLIMETERS,1.402,MILLIMETERS,,,,2025-06-17 22:00:08.552000+07:00,2200
1162,90517,Phalanxay - Savannakhet,Phalanxay - Savannakhet,16.661353,105.58791,2025-06-17T15:01:47.907539931Z,0.0,100.0,0.0,0.0,100.0,Asia/Vientiane,https://maps.gstatic.com/weather/v1/cloudy,Cloudy,en,CLOUDY,26.0,CELSIUS,31.0,CELSIUS,26.0,CELSIUS,31.0,CELSIUS,26.0,CELSIUS,10.0,RAIN,0.0,MILLIMETERS,0.0,MILLIMETERS,1009.37,180.0,SOUTH,3.0,KILOMETERS_PER_HOUR,5.0,KILOMETERS_PER_HOUR,5.0,KILOMETERS,-0.9,CELSIUS,31.8,CELSIUS,24.3,CELSIUS,0.0,MILLIMETERS,3.843,MILLIMETERS,,,,2025-06-17 22:00:08.552000+07:00,2200
1163,90518,"Saravane Secondary School -Saravane, Saravane ມັດທະຍົມສົມບູນ ສາລະວັນ","Saravane Secondary School -Saravane, Saravane ມັດທະຍົມສົມບູນ ສາລະວັນ",15.707906,106.422189,2025-06-17T15:01:49.178665042Z,0.0,88.0,0.0,1.0,100.0,Asia/Vientiane,https://maps.gstatic.com/weather/v1/cloudy,Cloudy,en,CLOUDY,26.7,CELSIUS,30.8,CELSIUS,24.6,CELSIUS,30.8,CELSIUS,26.7,CELSIUS,10.0,RAIN,0.0,MILLIMETERS,0.025400000000000002,MILLIMETERS,1009.75,158.0,SOUTH_SOUTHEAST,5.0,KILOMETERS_PER_HOUR,8.0,KILOMETERS_PER_HOUR,16.0,KILOMETERS,0.6000000000000001,CELSIUS,32.2,CELSIUS,24.3,CELSIUS,0.0,MILLIMETERS,3.0127,MILLIMETERS,,,,2025-06-17 22:00:08.552000+07:00,2200
1164,90520,"Toomlarn Secondary School - Toomlarn, Saravane ມັດທະຍົມສົມບູນ ຕຸ້ມລານ","Toomlarn Secondary School - Toomlarn, Saravane ມັດທະຍົມສົມບູນ ຕຸ້ມລານ",15.994499,106.192399,2025-06-17T15:01:50.418094155Z,0.0,85.0,0.0,0.0,91.0,Asia/Vientiane,https://maps.gstatic.com/weather/v1/cloudy,Cloudy,en,CLOUDY,24.5,CELSIUS,27.9,CELSIUS,21.7,CELSIUS,27.9,CELSIUS,24.5,CELSIUS,10.0,RAIN,0.0,MILLIMETERS,0.0,MILLIMETERS,1010.0,158.0,SOUTH_SOUTHEAST,6.0,KILOMETERS_PER_HOUR,10.0,KILOMETERS_PER_HOUR,16.0,KILOMETERS,0.1,CELSIUS,29.5,CELSIUS,22.8,CELSIUS,0.0,MILLIMETERS,1.6385,MILLIMETERS,,,,2025-06-17 22:00:08.552000+07:00,2200
1165,90521,"Lakhonesy Secondary School - Lakhonepheng, Saravane ມັດທະຍົມສົມບູນ ລະຄອນສີ","Lakhonesy Secondary School - Lakhonepheng, Saravane ມັດທະຍົມສົມບູນ ລະຄອນສີ",15.891245,105.567119,2025-06-17T15:01:51.747557082Z,0.0,90.0,0.0,60.0,100.0,Asia/Vientiane,https://maps.gstatic.com/weather/v1/strong_tstorms,Light thunderstorms and rain,en,LIGHT_THUNDERSTORM_RAIN,27.6,CELSIUS,33.0,CELSIUS,25.6,CELSIUS,33.0,CELSIUS,27.6,CELSIUS,35.0,RAIN,0.0,MILLIMETERS,0.40890000000000004,MILLIMETERS,1010.0,203.0,SOUTH_SOUTHWEST,5.0,KILOMETERS_PER_HOUR,11.0,KILOMETERS_PER_HOUR,16.0,KILOMETERS,0.30000000000000004,CELSIUS,32.8,CELSIUS,25.8,CELSIUS,0.0,MILLIMETERS,2.2835,MILLIMETERS,,,,2025-06-17 22:00:08.552000+07:00,2200
1166,90522,Lao Ngarm - Salavan,Lao Ngarm - Salavan,15.461092,106.16172,2025-06-17T15:01:53.033387909Z,0.0,85.0,0.0,1.0,100.0,Asia/Vientiane,https://maps.gstatic.com/weather/v1/cloudy,Cloudy,en,CLOUDY,28.6,CELSIUS,32.9,CELSIUS,25.7,CELSIUS,32.9,CELSIUS,28.6,CELSIUS,10.0,RAIN,0.0,MILLIMETERS,0.0,MILLIMETERS,1009.68,203.0,SOUTH_SOUTHWEST,6.0,KILOMETERS_PER_HOUR,11.0,KILOMETERS_PER_HOUR,16.0,KILOMETERS,0.6000000000000001,CELSIUS,33.7,CELSIUS,26.0,CELSIUS,0.0,MILLIMETERS,3.1802,MILLIMETERS,,,,2025-06-17 22:00:08.552000+07:00,2200
1167,90524,Khongxedone - Salavan,Khongxedone - Salavan,15.59088,105.804115,2025-06-17T15:01:54.368898803Z,0.0,90.0,0.0,60.0,100.0,Asia/Vientiane,https://maps.gstatic.com/weather/v1/strong_tstorms,Light thunderstorms and rain,en,LIGHT_THUNDERSTORM_RAIN,27.6,CELSIUS,33.0,CELSIUS,25.6,CELSIUS,33.0,CELSIUS,27.6,CELSIUS,35.0,RAIN,0.0,MILLIMETERS,0.40890000000000004,MILLIMETERS,1010.0,203.0,SOUTH_SOUTHWEST,5.0,KILOMETERS_PER_HOUR,11.0,KILOMETERS_PER_HOUR,16.0,KILOMETERS,0.30000000000000004,CELSIUS,32.8,CELSIUS,25.8,CELSIUS,0.0,MILLIMETERS,2.2835,MILLIMETERS,,,,2025-06-17 22:00:08.552000+07:00,2200
1168,90526,Lamarm - Sekong ,Lamarm - Sekong ,15.352494,106.722444,2025-06-17T15:01:55.725578597Z,0.0,93.0,0.0,39.0,100.0,Asia/Vientiane,https://maps.gstatic.com/weather/v1/cloudy,Cloudy,en,CLOUDY,26.0,CELSIUS,29.8,CELSIUS,24.7,CELSIUS,29.8,CELSIUS,26.0,CELSIUS,25.0,RAIN,0.0,MILLIMETERS,0.27940000000000004,MILLIMETERS,1010.0,135.0,SOUTHEAST,3.0,KILOMETERS_PER_HOUR,5.0,KILOMETERS_PER_HOUR,13.0,KILOMETERS,0.1,CELSIUS,31.2,CELSIUS,24.3,CELSIUS,0.0,MILLIMETERS,3.8278,MILLIMETERS,,,,2025-06-17 22:00:08.552000+07:00,2200
1169,90527,"Kaleum Secondary School - Kaleum, Sekong ມັດທະຍົມ ກະລຶມ","Kaleum Secondary School - Kaleum, Sekong ມັດທະຍົມ ກະລຶມ",15.784384,106.906754,2025-06-17T15:01:57.071557019Z,0.0,90.0,0.0,0.0,100.0,Asia/Vientiane,https://maps.gstatic.com/weather/v1/cloudy,Cloudy,en,CLOUDY,22.9,CELSIUS,25.2,CELSIUS,21.1,CELSIUS,25.2,CELSIUS,22.9,CELSIUS,10.0,RAIN,0.0,MILLIMETERS,0.0152,MILLIMETERS,1012.46,68.0,EAST_NORTHEAST,3.0,KILOMETERS_PER_HOUR,6.0,KILOMETERS_PER_HOUR,16.0,KILOMETERS,0.1,CELSIUS,27.6,CELSIUS,21.2,CELSIUS,0.0,MILLIMETERS,3.6445,MILLIMETERS,,,,2025-06-17 22:00:08.552000+07:00,2200
1170,90528,"Dakcheung Secondary School - Dakcheung, Sekongມັດທະຍົມສົມບູນ ດາກຈຶງ","Dakcheung Secondary School - Dakcheung, Sekongມັດທະຍົມສົມບູນ ດາກຈຶງ",15.467532,107.271451,,,,,,,,,,,,,,,,,,,,,,,,,,,,,,,,,,,,,,,,,,,,,,,404.0,Information is not supported for this location. Please try a different location.,NOT_FOUND,2025-06-17 22:00:08.552000+07:00,2200
1171,90529,Thateng -Sekong,Thateng -Sekong,15.434018,106.382399,2025-06-17T15:01:59.589145682Z,0.0,88.0,0.0,1.0,100.0,Asia/Vientiane,https://maps.gstatic.com/weather/v1/cloudy,Cloudy,en,CLOUDY,30.6,CELSIUS,34.7,CELSIUS,28.5,CELSIUS,34.7,CELSIUS,30.6,CELSIUS,10.0,RAIN,0.0,MILLIMETERS,0.025400000000000002,MILLIMETERS,1009.75,158.0,SOUTH_SOUTHEAST,5.0,KILOMETERS_PER_HOUR,8.0,KILOMETERS_PER_HOUR,16.0,KILOMETERS,0.6000000000000001,CELSIUS,36.1,CELSIUS,28.2,CELSIUS,0.0,MILLIMETERS,3.0127,MILLIMETERS,,,,2025-06-17 22:00:08.552000+07:00,2200
1172,90530,Pakse - Champasack,Pakse - Champasack,15.12006,105.80211,2025-06-17T15:02:00.830363204Z,0.0,90.0,0.0,50.0,100.0,Asia/Vientiane,https://maps.gstatic.com/weather/v1/cloudy,Cloudy,en,CLOUDY,28.1,CELSIUS,34.3,CELSIUS,26.5,CELSIUS,34.3,CELSIUS,28.1,CELSIUS,26.0,RAIN,0.0,MILLIMETERS,0.025400000000000002,MILLIMETERS,1009.31,158.0,SOUTH_SOUTHEAST,6.0,KILOMETERS_PER_HOUR,11.0,KILOMETERS_PER_HOUR,13.0,KILOMETERS,0.4,CELSIUS,33.8,CELSIUS,25.6,CELSIUS,0.0,MILLIMETERS,2.1313,MILLIMETERS,,,,2025-06-17 22:00:08.552000+07:00,2200
1178,91254,"Chomphet Secondary School - Sisattanak, Vientiane Capital ມັດທະຍົມສົມບູນ ຈອມເພັດ","Chomphet Secondary School - Sisattanak, Vientiane Capital ມັດທະຍົມສົມບູນ ຈອມເພັດ",17.910254,102.622708,2025-06-17T15:02:02.067419852Z,0.0,74.0,0.0,40.0,100.0,Asia/Vientiane,https://maps.gstatic.com/weather/v1/cloudy,Cloudy,en,CLOUDY,26.2,CELSIUS,28.3,CELSIUS,21.1,CELSIUS,28.3,CELSIUS,26.2,CELSIUS,20.0,RAIN,0.0,MILLIMETERS,0.09910000000000001,MILLIMETERS,1008.5,0.0,NORTH,2.0,KILOMETERS_PER_HOUR,2.0,KILOMETERS_PER_HOUR,16.0,KILOMETERS,-1.7,CELSIUS,34.1,CELSIUS,24.4,CELSIUS,0.0,MILLIMETERS,2.9822,MILLIMETERS,,,,2025-06-17 22:00:08.552000+07:00,2200
1232,152182,"ParkOu Secondary School - ParkOu, Luangprabang ມັດທະຍົມສົມບູນ ປາກອູ","ParkOu Secondary School - ParkOu, Luangprabang ມັດທະຍົມສົມບູນ ປາກອູ",20.087592,102.256569,2025-06-17T15:02:03.352898264Z,0.0,75.0,0.0,0.0,100.0,Asia/Vientiane,https://maps.gstatic.com/weather/v1/cloudy,Cloudy,en,CLOUDY,25.2,CELSIUS,27.0,CELSIUS,20.4,CELSIUS,27.0,CELSIUS,25.2,CELSIUS,10.0,RAIN,0.0,MILLIMETERS,0.0,MILLIMETERS,1008.8,245.0,WEST_SOUTHWEST,3.0,KILOMETERS_PER_HOUR,6.0,KILOMETERS_PER_HOUR,16.0,KILOMETERS,-0.4,CELSIUS,33.2,CELSIUS,24.1,CELSIUS,0.0,MILLIMETERS,4.7425,MILLIMETERS,,,,2025-06-17 22:00:08.552000+07:00,2200
1233,152240,"Phoukhoune Secondary School - Phoukhoune, Luangprabang ມັດທະຍົມ ພູຄູນ","Phoukhoune Secondary School - Phoukhoune, Luangprabang ມັດທະຍົມ ພູຄູນ",19.438824,102.428042,2025-06-17T15:02:04.652954589Z,0.0,90.0,0.0,0.0,100.0,Asia/Vientiane,https://maps.gstatic.com/weather/v1/cloudy,Cloudy,en,CLOUDY,20.9,CELSIUS,25.5,CELSIUS,19.2,CELSIUS,25.5,CELSIUS,20.9,CELSIUS,10.0,RAIN,0.0,MILLIMETERS,0.0,MILLIMETERS,1011.14,180.0,SOUTH,5.0,KILOMETERS_PER_HOUR,13.0,KILOMETERS_PER_HOUR,16.0,KILOMETERS,-1.1,CELSIUS,30.0,CELSIUS,20.6,CELSIUS,0.0,MILLIMETERS,7.8694,MILLIMETERS,,,,2025-06-17 22:00:08.552000+07:00,2200
1238,152548,"Longsane Secondary School - Longsane , Xaysomboun ມັດທະຍົມສົມບຸນ ລ້ອງຊານ","Longsane Secondary School - Longsane , Xaysomboun ມັດທະຍົມສົມບຸນ ລ້ອງຊານ",18.550145,103.003076,2025-06-17T15:02:05.923291449Z,0.0,81.0,0.0,20.0,100.0,Asia/Vientiane,https://maps.gstatic.com/weather/v1/cloudy,Cloudy,en,CLOUDY,19.6,CELSIUS,21.6,CELSIUS,16.0,CELSIUS,21.6,CELSIUS,19.6,CELSIUS,25.0,RAIN,0.0,MILLIMETERS,0.4521,MILLIMETERS,1009.55,315.0,NORTHWEST,3.0,KILOMETERS_PER_HOUR,6.0,KILOMETERS_PER_HOUR,16.0,KILOMETERS,-1.5,CELSIUS,27.3,CELSIUS,18.6,CELSIUS,0.0,MILLIMETERS,2.7688,MILLIMETERS,,,,2025-06-17 22:00:08.552000+07:00,2200
1244,153035,Sanxay - Attapeu,Sanxay - Attapeu,14.925784,107.052837,2025-06-17T15:02:07.230763969Z,0.0,95.0,0.0,40.0,100.0,Asia/Vientiane,https://maps.gstatic.com/weather/v1/drizzle,Light rain,en,LIGHT_RAIN,19.7,CELSIUS,22.5,CELSIUS,18.7,CELSIUS,22.5,CELSIUS,19.7,CELSIUS,45.0,RAIN,0.0,MILLIMETERS,1.3614,MILLIMETERS,1011.94,270.0,WEST,2.0,KILOMETERS_PER_HOUR,3.0,KILOMETERS_PER_HOUR,11.0,KILOMETERS,0.0,CELSIUS,25.8,CELSIUS,18.2,CELSIUS,0.0,MILLIMETERS,11.2295,MILLIMETERS,,,,2025-06-17 22:00:08.552000+07:00,2200
1256,153774,Bachiangchaleunsook - Champasack,Bachiangchaleunsook - Champasack,15.060355,105.897898,2025-06-17T15:02:08.688716644Z,0.0,90.0,0.0,50.0,100.0,Asia/Vientiane,https://maps.gstatic.com/weather/v1/cloudy,Cloudy,en,CLOUDY,28.1,CELSIUS,34.3,CELSIUS,26.5,CELSIUS,34.3,CELSIUS,28.1,CELSIUS,26.0,RAIN,0.0,MILLIMETERS,0.025400000000000002,MILLIMETERS,1009.31,158.0,SOUTH_SOUTHEAST,6.0,KILOMETERS_PER_HOUR,11.0,KILOMETERS_PER_HOUR,13.0,KILOMETERS,0.4,CELSIUS,33.8,CELSIUS,25.6,CELSIUS,0.0,MILLIMETERS,2.1313,MILLIMETERS,,,,2025-06-17 22:00:08.552000+07:00,2200
1257,153777,"Dorntalath Secondary School - Champasack, Champasack ມັດທະຍົມ ດອນຕະລາດ","Dorntalath Secondary School - Champasack, Champasack ມັດທະຍົມ ດອນຕະລາດ",14.784126,105.819789,2025-06-17T15:02:09.965763190Z,0.0,95.0,0.0,50.0,100.0,Asia/Vientiane,https://maps.gstatic.com/weather/v1/cloudy,Cloudy,en,CLOUDY,27.5,CELSIUS,33.8,CELSIUS,26.4,CELSIUS,33.8,CELSIUS,27.5,CELSIUS,20.0,RAIN,0.0,MILLIMETERS,0.0,MILLIMETERS,1010.0,135.0,SOUTHEAST,3.0,KILOMETERS_PER_HOUR,5.0,KILOMETERS_PER_HOUR,13.0,KILOMETERS,0.6000000000000001,CELSIUS,33.1,CELSIUS,25.2,CELSIUS,0.0,MILLIMETERS,4.0514,MILLIMETERS,,,,2025-06-17 22:00:08.552000+07:00,2200
1258,153789,"Sukhuma Secondary School - Sukhuma, Champasack ມັດທະຍົມ ສຸຂຸມາ","Sukhuma Secondary School - Sukhuma, Champasack ມັດທະຍົມ ສຸຂຸມາ",14.649459,105.804529,2025-06-17T15:02:11.372396963Z,0.0,95.0,0.0,50.0,100.0,Asia/Vientiane,https://maps.gstatic.com/weather/v1/cloudy,Cloudy,en,CLOUDY,27.5,CELSIUS,33.8,CELSIUS,26.4,CELSIUS,33.8,CELSIUS,27.5,CELSIUS,20.0,RAIN,0.0,MILLIMETERS,0.0,MILLIMETERS,1010.0,135.0,SOUTHEAST,3.0,KILOMETERS_PER_HOUR,5.0,KILOMETERS_PER_HOUR,13.0,KILOMETERS,0.6000000000000001,CELSIUS,33.1,CELSIUS,25.2,CELSIUS,0.0,MILLIMETERS,4.0514,MILLIMETERS,,,,2025-06-17 22:00:08.552000+07:00,2200
1259,153790,Khong - Champasack,Khong - Champasack,14.048226,105.896012,2025-06-17T15:02:12.736193935Z,0.0,90.0,0.0,60.0,100.0,Asia/Vientiane,https://maps.gstatic.com/weather/v1/cloudy,Cloudy,en,CLOUDY,27.9,CELSIUS,33.9,CELSIUS,26.5,CELSIUS,33.9,CELSIUS,27.9,CELSIUS,20.0,RAIN,0.0,MILLIMETERS,0.0,MILLIMETERS,1010.0,180.0,SOUTH,3.0,KILOMETERS_PER_HOUR,5.0,KILOMETERS_PER_HOUR,14.0,KILOMETERS,0.5,CELSIUS,33.1,CELSIUS,25.6,CELSIUS,0.0,MILLIMETERS,9.7718,MILLIMETERS,,,,2025-06-17 22:00:08.552000+07:00,2200
1260,153866,Samakkhixay - Attapeu,Samakkhixay - Attapeu,14.812678,106.829211,2025-06-17T15:02:14.007249562Z,0.0,94.0,0.0,30.0,100.0,Asia/Vientiane,https://maps.gstatic.com/weather/v1/drizzle,Light rain,en,LIGHT_RAIN,26.1,CELSIUS,30.2,CELSIUS,24.8,CELSIUS,30.2,CELSIUS,26.1,CELSIUS,39.0,RAIN,0.0,MILLIMETERS,0.7061000000000001,MILLIMETERS,1010.87,225.0,SOUTHWEST,2.0,KILOMETERS_PER_HOUR,5.0,KILOMETERS_PER_HOUR,13.0,KILOMETERS,-0.5,CELSIUS,32.9,CELSIUS,24.4,CELSIUS,0.0,MILLIMETERS,9.3622,MILLIMETERS,,,,2025-06-17 22:00:08.552000+07:00,2200
1264,153913,Xaysetha - Attapeu,Xaysetha - Attapeu,14.816824,106.930954,2025-06-17T15:02:15.272189171Z,0.0,94.0,0.0,30.0,100.0,Asia/Vientiane,https://maps.gstatic.com/weather/v1/drizzle,Light rain,en,LIGHT_RAIN,26.1,CELSIUS,30.2,CELSIUS,24.8,CELSIUS,30.2,CELSIUS,26.1,CELSIUS,39.0,RAIN,0.0,MILLIMETERS,0.7061000000000001,MILLIMETERS,1010.87,225.0,SOUTHWEST,2.0,KILOMETERS_PER_HOUR,5.0,KILOMETERS_PER_HOUR,13.0,KILOMETERS,-0.5,CELSIUS,32.9,CELSIUS,24.4,CELSIUS,0.0,MILLIMETERS,9.3622,MILLIMETERS,,,,2025-06-17 22:00:08.552000+07:00,2200
1307,156307,UNICEF Lao PDR CO,UNICEF Lao PDR CO,17.9376508179,102.617231896,2025-06-17T15:02:16.567679281Z,0.0,74.0,0.0,40.0,100.0,Asia/Vientiane,https://maps.gstatic.com/weather/v1/cloudy,Cloudy,en,CLOUDY,26.2,CELSIUS,28.3,CELSIUS,21.1,CELSIUS,28.3,CELSIUS,26.2,CELSIUS,20.0,RAIN,0.0,MILLIMETERS,0.09910000000000001,MILLIMETERS,1008.51,0.0,NORTH,2.0,KILOMETERS_PER_HOUR,2.0,KILOMETERS_PER_HOUR,16.0,KILOMETERS,-1.7,CELSIUS,34.1,CELSIUS,24.4,CELSIUS,0.0,MILLIMETERS,2.9822,MILLIMETERS,,,,2025-06-17 22:00:08.552000+07:00,2200
1092,90402,"Sathit Secondary School - Xaythani, Vientiane Capital ມັດທະຍົມ ສາທິດ","Sathit Secondary School - Xaythani, Vientiane Capital ມັດທະຍົມ ສາທິດ",18.035248,102.63994,2025-06-17T16:00:11.969263879Z,0.0,77.0,0.0,40.0,100.0,Asia/Vientiane,https://maps.gstatic.com/weather/v1/cloudy,Cloudy,en,CLOUDY,26.2,CELSIUS,28.6,CELSIUS,21.8,CELSIUS,28.6,CELSIUS,26.2,CELSIUS,20.0,RAIN,0.0,MILLIMETERS,0.0,MILLIMETERS,1008.64,0.0,NORTH,2.0,KILOMETERS_PER_HOUR,3.0,KILOMETERS_PER_HOUR,16.0,KILOMETERS,-1.7,CELSIUS,34.1,CELSIUS,24.4,CELSIUS,0.0,MILLIMETERS,2.9822,MILLIMETERS,,,,2025-06-17 23:00:07.774000+07:00,2300
1093,90410,"Naxaithong Secondary School - Naxaithong, Vientiane Capital ມັດທະຍົມ ນາຊາຍທອງ","Naxaithong Secondary School - Naxaithong, Vientiane Capital ມັດທະຍົມ ນາຊາຍທອງ",18.068595,102.535866,2025-06-17T16:00:13.234407475Z,0.0,76.0,0.0,40.0,100.0,Asia/Vientiane,https://maps.gstatic.com/weather/v1/cloudy,Cloudy,en,CLOUDY,26.3,CELSIUS,28.7,CELSIUS,21.8,CELSIUS,28.7,CELSIUS,26.3,CELSIUS,20.0,RAIN,0.0,MILLIMETERS,0.0,MILLIMETERS,1008.68,315.0,NORTHWEST,2.0,KILOMETERS_PER_HOUR,3.0,KILOMETERS_PER_HOUR,16.0,KILOMETERS,-1.6,CELSIUS,33.9,CELSIUS,24.1,CELSIUS,0.0,MILLIMETERS,3.2819,MILLIMETERS,,,,2025-06-17 23:00:07.774000+07:00,2300
1094,90411,d83bda1bc98c Phongsaly - Phongsaly,d83bda1bc98c Phongsaly - Phongsaly,21.695,102.085,2025-06-17T16:00:14.497320334Z,0.0,92.0,0.0,10.0,100.0,Asia/Vientiane,https://maps.gstatic.com/weather/v1/cloudy,Cloudy,en,CLOUDY,21.9,CELSIUS,24.5,CELSIUS,20.7,CELSIUS,24.5,CELSIUS,21.9,CELSIUS,20.0,RAIN,0.0,MILLIMETERS,0.0483,MILLIMETERS,1009.44,270.0,WEST,0.0,KILOMETERS_PER_HOUR,0.0,KILOMETERS_PER_HOUR,14.0,KILOMETERS,0.2,CELSIUS,26.6,CELSIUS,20.3,CELSIUS,0.0,MILLIMETERS,16.4897,MILLIMETERS,,,,2025-06-17 23:00:07.774000+07:00,2300
1095,90412,May - Phongsaly,May - Phongsaly,21.172583,102.722705,2025-06-17T16:00:15.962404643Z,0.0,81.0,0.0,0.0,100.0,Asia/Vientiane,https://maps.gstatic.com/weather/v1/cloudy,Cloudy,en,CLOUDY,21.5,CELSIUS,23.7,CELSIUS,18.0,CELSIUS,23.7,CELSIUS,21.5,CELSIUS,10.0,RAIN,0.0,MILLIMETERS,0.0,MILLIMETERS,1010.15,225.0,SOUTHWEST,6.0,KILOMETERS_PER_HOUR,13.0,KILOMETERS_PER_HOUR,16.0,KILOMETERS,0.5,CELSIUS,27.2,CELSIUS,19.9,CELSIUS,0.0,MILLIMETERS,11.7194,MILLIMETERS,,,,2025-06-17 23:00:07.774000+07:00,2300
1096,90413,"Natoon Secondary School - Khua, Phongsaly ມັດທະຍົມສົມບູນ ນາຕູ່ນ","Natoon Secondary School - Khua, Phongsaly ມັດທະຍົມສົມບູນ ນາຕູ່ນ",21.078865,102.505833,2025-06-17T16:00:17.445394071Z,0.0,87.0,0.0,10.0,100.0,Asia/Vientiane,https://maps.gstatic.com/weather/v1/cloudy,Cloudy,en,CLOUDY,20.3,CELSIUS,22.7,CELSIUS,18.0,CELSIUS,22.7,CELSIUS,20.3,CELSIUS,20.0,RAIN,0.0,MILLIMETERS,0.09910000000000001,MILLIMETERS,1009.8,200.0,SOUTH_SOUTHWEST,5.0,KILOMETERS_PER_HOUR,6.0,KILOMETERS_PER_HOUR,16.0,KILOMETERS,-0.5,CELSIUS,27.0,CELSIUS,19.8,CELSIUS,0.0,MILLIMETERS,4.7882,MILLIMETERS,,,,2025-06-17 23:00:07.774000+07:00,2300
1097,90414,"Naxay Secondary School - Samphanh, Phongsaly ມັດທະຍົມສົມບູນ ນາໄຊ","Naxay Secondary School - Samphanh, Phongsaly ມັດທະຍົມສົມບູນ ນາໄຊ",21.346014,102.349329,2025-06-17T16:00:18.752202552Z,0.0,99.0,0.0,10.0,100.0,Asia/Vientiane,https://maps.gstatic.com/weather/v1/cloudy,Cloudy,en,CLOUDY,11.9,CELSIUS,16.3,CELSIUS,11.8,CELSIUS,16.3,CELSIUS,11.9,CELSIUS,20.0,RAIN,0.0,MILLIMETERS,0.09910000000000001,MILLIMETERS,1010.3,215.0,SOUTHWEST,8.0,KILOMETERS_PER_HOUR,16.0,KILOMETERS_PER_HOUR,5.0,KILOMETERS,-0.1,CELSIUS,16.0,CELSIUS,10.8,CELSIUS,0.0,MILLIMETERS,12.4006,MILLIMETERS,,,,2025-06-17 23:00:07.774000+07:00,2300
1098,90419,"Long Secondary School - Long, LuangNamtha ມັດທະຍົມສົມບູນ ເມືອງລອງ","Long Secondary School - Long, LuangNamtha ມັດທະຍົມສົມບູນ ເມືອງລອງ",20.962029,100.82109,2025-06-17T16:00:20.046079091Z,0.0,95.0,0.0,10.0,100.0,Asia/Vientiane,https://maps.gstatic.com/weather/v1/cloudy,Cloudy,en,CLOUDY,22.4,CELSIUS,24.9,CELSIUS,21.3,CELSIUS,24.9,CELSIUS,22.4,CELSIUS,25.0,RAIN,0.0,MILLIMETERS,0.1981,MILLIMETERS,1009.39,203.0,SOUTH_SOUTHWEST,6.0,KILOMETERS_PER_HOUR,11.0,KILOMETERS_PER_HOUR,13.0,KILOMETERS,-0.30000000000000004,CELSIUS,27.2,CELSIUS,21.9,CELSIUS,0.0,MILLIMETERS,6.6703,MILLIMETERS,,,,2025-06-17 23:00:07.774000+07:00,2300
1099,90421,"Sing Secondary School - Sing, LuangNamtha ມັດທະຍົມສົມບູນ ເມືອງສິງ","Sing Secondary School - Sing, LuangNamtha ມັດທະຍົມສົມບູນ ເມືອງສິງ",21.190223,101.144937,2025-06-17T16:00:21.378044911Z,0.0,95.0,0.0,10.0,100.0,Asia/Vientiane,https://maps.gstatic.com/weather/v1/cloudy,Cloudy,en,CLOUDY,22.4,CELSIUS,24.9,CELSIUS,21.3,CELSIUS,24.9,CELSIUS,22.4,CELSIUS,25.0,RAIN,0.0,MILLIMETERS,0.1981,MILLIMETERS,1009.39,203.0,SOUTH_SOUTHWEST,6.0,KILOMETERS_PER_HOUR,11.0,KILOMETERS_PER_HOUR,13.0,KILOMETERS,-0.30000000000000004,CELSIUS,27.2,CELSIUS,21.9,CELSIUS,0.0,MILLIMETERS,6.6703,MILLIMETERS,,,,2025-06-17 23:00:07.774000+07:00,2300
1100,90424,"La Secondary School - La, Oudomxai ມັດທະຍົມສົມບູນ ເມືອງຫລາ","La Secondary School - La, Oudomxai ມັດທະຍົມສົມບູນ ເມືອງຫລາ",20.870865,102.110246,2025-06-17T16:00:22.695060881Z,0.0,87.0,0.0,10.0,100.0,Asia/Vientiane,https://maps.gstatic.com/weather/v1/cloudy,Cloudy,en,CLOUDY,21.0,CELSIUS,23.4,CELSIUS,18.6,CELSIUS,23.4,CELSIUS,21.0,CELSIUS,20.0,RAIN,0.0,MILLIMETERS,0.09910000000000001,MILLIMETERS,1009.8,200.0,SOUTH_SOUTHWEST,5.0,KILOMETERS_PER_HOUR,6.0,KILOMETERS_PER_HOUR,16.0,KILOMETERS,-0.4,CELSIUS,27.6,CELSIUS,20.5,CELSIUS,0.0,MILLIMETERS,4.7882,MILLIMETERS,,,,2025-06-17 23:00:07.774000+07:00,2300
1101,90425,"Namor Secondary School - Namor, Oudomxay ມັດທະຍົມ ເມືອງນາໝໍ້","Namor Secondary School - Namor, Oudomxay ມັດທະຍົມ ເມືອງນາໝໍ້",20.914061,101.764456,2025-06-17T16:00:24.026130254Z,0.0,95.0,0.0,20.0,100.0,Asia/Vientiane,https://maps.gstatic.com/weather/v1/drizzle,Light rain,en,LIGHT_RAIN,21.0,CELSIUS,23.5,CELSIUS,20.2,CELSIUS,23.5,CELSIUS,21.0,CELSIUS,45.0,RAIN,0.0,MILLIMETERS,0.635,MILLIMETERS,1009.63,203.0,SOUTH_SOUTHWEST,6.0,KILOMETERS_PER_HOUR,13.0,KILOMETERS_PER_HOUR,10.0,KILOMETERS,-0.2,CELSIUS,27.9,CELSIUS,20.8,CELSIUS,0.0,MILLIMETERS,10.602,MILLIMETERS,,,,2025-06-17 23:00:07.774000+07:00,2300
1102,90426,Nga - Oudomxai,Nga - Oudomxai,20.282849,101.973769,2025-06-17T16:00:25.452761118Z,0.0,78.0,0.0,10.0,100.0,Asia/Vientiane,https://maps.gstatic.com/weather/v1/cloudy,Cloudy,en,CLOUDY,25.0,CELSIUS,26.9,CELSIUS,20.8,CELSIUS,26.9,CELSIUS,25.0,CELSIUS,20.0,RAIN,0.0,MILLIMETERS,0.0,MILLIMETERS,1009.31,225.0,SOUTHWEST,5.0,KILOMETERS_PER_HOUR,13.0,KILOMETERS_PER_HOUR,16.0,KILOMETERS,-0.6000000000000001,CELSIUS,31.3,CELSIUS,24.4,CELSIUS,0.0,MILLIMETERS,7.0131,MILLIMETERS,,,,2025-06-17 23:00:07.774000+07:00,2300
1103,90427,Beng - Oudomxai,Beng - Oudomxai,20.296295,101.639666,2025-06-17T16:00:26.755018707Z,0.0,90.0,0.0,10.0,100.0,Asia/Vientiane,https://maps.gstatic.com/weather/v1/cloudy,Cloudy,en,CLOUDY,23.7,CELSIUS,25.9,CELSIUS,21.7,CELSIUS,25.9,CELSIUS,23.7,CELSIUS,20.0,RAIN,0.0,MILLIMETERS,0.09910000000000001,MILLIMETERS,1009.54,203.0,SOUTH_SOUTHWEST,5.0,KILOMETERS_PER_HOUR,10.0,KILOMETERS_PER_HOUR,16.0,KILOMETERS,-0.1,CELSIUS,29.2,CELSIUS,22.9,CELSIUS,0.0,MILLIMETERS,3.5914,MILLIMETERS,,,,2025-06-17 23:00:07.774000+07:00,2300
1104,90428,"Hoon Secondary School - Hoon, Oudomxay ມັດທະຍົມ ເມືອງຮຸນ","Hoon Secondary School - Hoon, Oudomxay ມັດທະຍົມ ເມືອງຮຸນ",20.146431,101.467765,2025-06-17T16:00:28.090778503Z,0.0,90.0,0.0,10.0,100.0,Asia/Vientiane,https://maps.gstatic.com/weather/v1/cloudy,Cloudy,en,CLOUDY,23.7,CELSIUS,25.9,CELSIUS,21.7,CELSIUS,25.9,CELSIUS,23.7,CELSIUS,20.0,RAIN,0.0,MILLIMETERS,0.09910000000000001,MILLIMETERS,1009.54,203.0,SOUTH_SOUTHWEST,5.0,KILOMETERS_PER_HOUR,10.0,KILOMETERS_PER_HOUR,16.0,KILOMETERS,-0.1,CELSIUS,29.2,CELSIUS,22.9,CELSIUS,0.0,MILLIMETERS,3.5914,MILLIMETERS,,,,2025-06-17 23:00:07.774000+07:00,2300
1105,90430,"Nampook Secondary School - Huoixai, Bokeo ມັດທະຍົມສົມບູນ ນ້ຳປຸກ","Nampook Secondary School - Huoixai, Bokeo ມັດທະຍົມສົມບູນ ນ້ຳປຸກ",20.217811,100.565439,2025-06-17T16:00:29.401849020Z,0.0,90.0,0.0,20.0,100.0,Asia/Vientiane,https://maps.gstatic.com/weather/v1/drizzle,Light rain,en,LIGHT_RAIN,25.4,CELSIUS,28.5,CELSIUS,23.9,CELSIUS,28.5,CELSIUS,25.4,CELSIUS,25.0,RAIN,0.0,MILLIMETERS,0.24380000000000002,MILLIMETERS,1008.0,225.0,SOUTHWEST,3.0,KILOMETERS_PER_HOUR,5.0,KILOMETERS_PER_HOUR,14.0,KILOMETERS,0.5,CELSIUS,30.5,CELSIUS,24.2,CELSIUS,0.0,MILLIMETERS,20.3478,MILLIMETERS,,,,2025-06-17 23:00:07.774000+07:00,2300
1106,90432,Meung - Bokeo,Meung - Bokeo,20.565749,100.592003,2025-06-17T16:00:30.693915049Z,0.0,91.0,0.0,20.0,100.0,Asia/Vientiane,https://maps.gstatic.com/weather/v1/drizzle,Light rain,en,LIGHT_RAIN,21.3,CELSIUS,23.6,CELSIUS,19.9,CELSIUS,23.6,CELSIUS,21.3,CELSIUS,35.0,RAIN,0.0,MILLIMETERS,0.22610000000000002,MILLIMETERS,1009.0,203.0,SOUTH_SOUTHWEST,5.0,KILOMETERS_PER_HOUR,10.0,KILOMETERS_PER_HOUR,13.0,KILOMETERS,0.1,CELSIUS,27.0,CELSIUS,20.4,CELSIUS,0.0,MILLIMETERS,13.302,MILLIMETERS,,,,2025-06-17 23:00:07.774000+07:00,2300
1107,90433,Pha Oudom - Bokeo,Pha Oudom - Bokeo,20.086216,100.831707,2025-06-17T16:00:32.084363957Z,0.0,94.0,0.0,20.0,100.0,Asia/Vientiane,https://maps.gstatic.com/weather/v1/drizzle,Light rain,en,LIGHT_RAIN,19.7,CELSIUS,22.2,CELSIUS,18.5,CELSIUS,22.2,CELSIUS,19.7,CELSIUS,35.0,RAIN,0.0,MILLIMETERS,0.2388,MILLIMETERS,1009.21,180.0,SOUTH,3.0,KILOMETERS_PER_HOUR,6.0,KILOMETERS_PER_HOUR,13.0,KILOMETERS,0.2,CELSIUS,24.0,CELSIUS,18.8,CELSIUS,0.0,MILLIMETERS,10.3608,MILLIMETERS,,,,2025-06-17 23:00:07.774000+07:00,2300
1108,90434,Paktha - Bokeo,Paktha - Bokeo,20.105423,100.597269,2025-06-17T16:00:33.410396806Z,0.0,90.0,0.0,20.0,100.0,Asia/Vientiane,https://maps.gstatic.com/weather/v1/drizzle,Light rain,en,LIGHT_RAIN,25.4,CELSIUS,28.5,CELSIUS,23.9,CELSIUS,28.5,CELSIUS,25.4,CELSIUS,25.0,RAIN,0.0,MILLIMETERS,0.24380000000000002,MILLIMETERS,1008.0,225.0,SOUTHWEST,3.0,KILOMETERS_PER_HOUR,5.0,KILOMETERS_PER_HOUR,14.0,KILOMETERS,0.5,CELSIUS,30.5,CELSIUS,24.2,CELSIUS,0.0,MILLIMETERS,20.3478,MILLIMETERS,,,,2025-06-17 23:00:07.774000+07:00,2300
1109,90435,"Santiphab Secondary School - Luangprabang, Luangprabang ມັດທະຍົມ ສັນຕິພາບ","Santiphab Secondary School - Luangprabang, Luangprabang ມັດທະຍົມ ສັນຕິພາບ",19.880332,102.139832,2025-06-17T16:00:34.799570106Z,0.0,75.0,0.0,0.0,100.0,Asia/Vientiane,https://maps.gstatic.com/weather/v1/cloudy,Cloudy,en,CLOUDY,25.3,CELSIUS,27.2,CELSIUS,20.4,CELSIUS,27.2,CELSIUS,25.3,CELSIUS,10.0,RAIN,0.0,MILLIMETERS,0.0,MILLIMETERS,1008.92,225.0,SOUTHWEST,3.0,KILOMETERS_PER_HOUR,8.0,KILOMETERS_PER_HOUR,16.0,KILOMETERS,-0.5,CELSIUS,33.3,CELSIUS,24.2,CELSIUS,0.0,MILLIMETERS,4.5596,MILLIMETERS,,,,2025-06-17 23:00:07.774000+07:00,2300
1110,90437,"PakXeng Secondary School - PakXeng, Luangprabang ມັດທະຍົມສົມບູນ ປາກແຊງ","PakXeng Secondary School - PakXeng, Luangprabang ມັດທະຍົມສົມບູນ ປາກແຊງ",20.174492,102.675657,2025-06-17T16:00:36.053133754Z,0.0,83.0,0.0,0.0,100.0,Asia/Vientiane,https://maps.gstatic.com/weather/v1/cloudy,Cloudy,en,CLOUDY,19.3,CELSIUS,21.6,CELSIUS,16.3,CELSIUS,21.6,CELSIUS,19.3,CELSIUS,10.0,RAIN,0.0,MILLIMETERS,0.0,MILLIMETERS,1009.69,180.0,SOUTH,3.0,KILOMETERS_PER_HOUR,8.0,KILOMETERS_PER_HOUR,16.0,KILOMETERS,0.2,CELSIUS,26.8,CELSIUS,18.0,CELSIUS,0.0,MILLIMETERS,6.561,MILLIMETERS,,,,2025-06-17 23:00:07.774000+07:00,2300
1111,90438,"Phonxay Secpondary School - Phonxay, Luangprabang ມັດທະຍົມສົມບູນ ເມືອງໂພນໄຊ","Phonxay Secpondary School - Phonxay, Luangprabang ມັດທະຍົມສົມບູນ ເມືອງໂພນໄຊ",19.958916,102.572347,,,,,,,,,,,,,,,,,,,,,,,,,,,,,,,,,,,,,,,,,,,,,,,404.0,Information is not supported for this location. Please try a different location.,NOT_FOUND,2025-06-17 23:00:07.774000+07:00,2300
1112,90440,"Vangxieng Secondary School - Phonthong, Luangprabang ມັດທະຍົມ ວັງຊຽງ","Vangxieng Secondary School - Phonthong, Luangprabang ມັດທະຍົມ ວັງຊຽງ",20.737745,103.073231,2025-06-17T16:00:38.613526624Z,0.0,81.0,0.0,0.0,100.0,Asia/Vientiane,https://maps.gstatic.com/weather/v1/cloudy,Cloudy,en,CLOUDY,22.2,CELSIUS,24.3,CELSIUS,18.7,CELSIUS,24.3,CELSIUS,22.2,CELSIUS,10.0,RAIN,0.0,MILLIMETERS,0.0,MILLIMETERS,1010.15,225.0,SOUTHWEST,6.0,KILOMETERS_PER_HOUR,13.0,KILOMETERS_PER_HOUR,16.0,KILOMETERS,0.5,CELSIUS,27.9,CELSIUS,20.5,CELSIUS,0.0,MILLIMETERS,11.7194,MILLIMETERS,,,,2025-06-17 23:00:07.774000+07:00,2300
1113,90441,"Kiwkachum Secondary School - XiengNgeun, Luangprabang ມັດທະຍົມ ກິ່ວກະຈຳ","Kiwkachum Secondary School - XiengNgeun, Luangprabang ມັດທະຍົມ ກິ່ວກະຈຳ",19.555,102.234,2025-06-17T16:00:39.944431855Z,0.0,92.0,0.0,0.0,100.0,Asia/Vientiane,https://maps.gstatic.com/weather/v1/cloudy,Cloudy,en,CLOUDY,20.8,CELSIUS,25.5,CELSIUS,19.5,CELSIUS,25.5,CELSIUS,20.8,CELSIUS,10.0,RAIN,0.0,MILLIMETERS,0.0,MILLIMETERS,1011.23,180.0,SOUTH,5.0,KILOMETERS_PER_HOUR,14.0,KILOMETERS_PER_HOUR,14.0,KILOMETERS,-1.4,CELSIUS,30.0,CELSIUS,20.6,CELSIUS,0.0,MILLIMETERS,7.6687,MILLIMETERS,,,,2025-06-17 23:00:07.774000+07:00,2300
1114,90442,"Nan Secondary School - Nan, Luangprabang ມັດທະຍົມ ເມືອງນານ","Nan Secondary School - Nan, Luangprabang ມັດທະຍົມ ເມືອງນານ",19.498539,101.883867,2025-06-17T16:00:41.226855649Z,0.0,92.0,0.0,0.0,100.0,Asia/Vientiane,https://maps.gstatic.com/weather/v1/cloudy,Cloudy,en,CLOUDY,20.0,CELSIUS,22.4,CELSIUS,18.7,CELSIUS,22.4,CELSIUS,20.0,CELSIUS,10.0,RAIN,0.0,MILLIMETERS,0.0635,MILLIMETERS,1009.41,225.0,SOUTHWEST,5.0,KILOMETERS_PER_HOUR,6.0,KILOMETERS_PER_HOUR,14.0,KILOMETERS,-0.2,CELSIUS,26.3,CELSIUS,19.1,CELSIUS,0.0,MILLIMETERS,9.8377,MILLIMETERS,,,,2025-06-17 23:00:07.774000+07:00,2300
1115,90447,Xamneua - Houaphan,Xamneua - Houaphan,20.413807,104.050733,2025-06-17T16:00:42.727543485Z,0.0,78.0,0.0,0.0,100.0,Asia/Vientiane,https://maps.gstatic.com/weather/v1/cloudy,Cloudy,en,CLOUDY,21.9,CELSIUS,24.5,CELSIUS,18.0,CELSIUS,24.5,CELSIUS,21.9,CELSIUS,10.0,RAIN,0.0,MILLIMETERS,0.0,MILLIMETERS,1009.23,255.0,WEST_SOUTHWEST,6.0,KILOMETERS_PER_HOUR,19.0,KILOMETERS_PER_HOUR,16.0,KILOMETERS,1.0,CELSIUS,30.4,CELSIUS,20.3,CELSIUS,0.0,MILLIMETERS,3.541,MILLIMETERS,,,,2025-06-17 23:00:07.774000+07:00,2300
1116,90449,"BouamNgam Secondary School - Huameuang, Houaphan  ມັດທະຍົມ ບວມງາມ","BouamNgam Secondary School - Huameuang, Houaphan  ມັດທະຍົມ ບວມງາມ",20.199501,103.875166,2025-06-17T16:00:44.077562826Z,0.0,88.0,0.0,0.0,100.0,Asia/Vientiane,https://maps.gstatic.com/weather/v1/cloudy,Cloudy,en,CLOUDY,19.7,CELSIUS,23.5,CELSIUS,17.6,CELSIUS,23.5,CELSIUS,19.7,CELSIUS,10.0,RAIN,0.0,MILLIMETERS,0.0,MILLIMETERS,1010.54,225.0,SOUTHWEST,3.0,KILOMETERS_PER_HOUR,6.0,KILOMETERS_PER_HOUR,16.0,KILOMETERS,0.0,CELSIUS,26.9,CELSIUS,19.2,CELSIUS,0.0,MILLIMETERS,5.6747,MILLIMETERS,,,,2025-06-17 23:00:07.774000+07:00,2300
1117,90450,Xamtay - Houaphan,Xamtay - Houaphan,19.999194,104.64011,2025-06-17T16:00:45.420102543Z,0.0,77.0,0.0,0.0,100.0,Asia/Vientiane,https://maps.gstatic.com/weather/v1/cloudy,Cloudy,en,CLOUDY,21.0,CELSIUS,23.4,CELSIUS,16.6,CELSIUS,23.4,CELSIUS,21.0,CELSIUS,10.0,RAIN,0.0,MILLIMETERS,0.0,MILLIMETERS,1009.56,245.0,WEST_SOUTHWEST,3.0,KILOMETERS_PER_HOUR,6.0,KILOMETERS_PER_HOUR,16.0,KILOMETERS,0.7000000000000001,CELSIUS,29.0,CELSIUS,19.1,CELSIUS,0.0,MILLIMETERS,3.1446,MILLIMETERS,,,,2025-06-17 23:00:07.774000+07:00,2300
1118,90451,"Add Secondary School - Add, Houaphan ມັດທະຍົມ ແອດ","Add Secondary School - Add, Houaphan ມັດທະຍົມ ແອດ",20.820542,104.004618,,,,,,,,,,,,,,,,,,,,,,,,,,,,,,,,,,,,,,,,,,,,,,,404.0,Information is not supported for this location. Please try a different location.,NOT_FOUND,2025-06-17 23:00:07.774000+07:00,2300
1119,90452,Xon - Houaphan,Xon - Houaphan,20.466813,103.34797,2025-06-17T16:00:47.935328431Z,0.0,88.0,0.0,0.0,100.0,Asia/Vientiane,https://maps.gstatic.com/weather/v1/cloudy,Cloudy,en,CLOUDY,17.1,CELSIUS,20.9,CELSIUS,15.0,CELSIUS,20.9,CELSIUS,17.1,CELSIUS,10.0,RAIN,0.0,MILLIMETERS,0.0,MILLIMETERS,1010.54,225.0,SOUTHWEST,3.0,KILOMETERS_PER_HOUR,6.0,KILOMETERS_PER_HOUR,16.0,KILOMETERS,0.0,CELSIUS,24.3,CELSIUS,16.6,CELSIUS,0.0,MILLIMETERS,5.6747,MILLIMETERS,,,,2025-06-17 23:00:07.774000+07:00,2300
1120,90453,Xiengkhor - Houaphan,Xiengkhor - Houaphan,20.813892,104.146676,,,,,,,,,,,,,,,,,,,,,,,,,,,,,,,,,,,,,,,,,,,,,,,404.0,Information is not supported for this location. Please try a different location.,NOT_FOUND,2025-06-17 23:00:07.774000+07:00,2300
1121,90454," Viengthong Secondary School - Hiem, Houaphan ມັດທະຍົມ ວຽງທອງ"," Viengthong Secondary School - Hiem, Houaphan ມັດທະຍົມ ວຽງທອງ",20.099855,103.380396,2025-06-17T16:00:50.458598174Z,0.0,88.0,0.0,0.0,100.0,Asia/Vientiane,https://maps.gstatic.com/weather/v1/cloudy,Cloudy,en,CLOUDY,17.1,CELSIUS,20.9,CELSIUS,15.0,CELSIUS,20.9,CELSIUS,17.1,CELSIUS,10.0,RAIN,0.0,MILLIMETERS,0.0,MILLIMETERS,1010.54,225.0,SOUTHWEST,3.0,KILOMETERS_PER_HOUR,6.0,KILOMETERS_PER_HOUR,16.0,KILOMETERS,0.0,CELSIUS,24.3,CELSIUS,16.6,CELSIUS,0.0,MILLIMETERS,5.6747,MILLIMETERS,,,,2025-06-17 23:00:07.774000+07:00,2300
1122,90455,"Sopbao Secondary School - Sopbao, Houaphan ມັດທະຍົມ ສົບເບົາ","Sopbao Secondary School - Sopbao, Houaphan ມັດທະຍົມ ສົບເບົາ",20.710206,104.384946,2025-06-17T16:00:51.712618060Z,0.0,78.0,0.0,0.0,100.0,Asia/Vientiane,https://maps.gstatic.com/weather/v1/cloudy,Cloudy,en,CLOUDY,18.0,CELSIUS,20.6,CELSIUS,14.1,CELSIUS,20.6,CELSIUS,18.0,CELSIUS,10.0,RAIN,0.0,MILLIMETERS,0.0,MILLIMETERS,1009.23,255.0,WEST_SOUTHWEST,6.0,KILOMETERS_PER_HOUR,19.0,KILOMETERS_PER_HOUR,16.0,KILOMETERS,1.0,CELSIUS,26.5,CELSIUS,16.4,CELSIUS,0.0,MILLIMETERS,3.541,MILLIMETERS,,,,2025-06-17 23:00:07.774000+07:00,2300
1123,90456,"Kuan Secondary School - Kuan, Houaphan ມັດທະຍົມສົມບູນ ກັວນ","Kuan Secondary School - Kuan, Houaphan ມັດທະຍົມສົມບູນ ກັວນ",19.835863,104.561303,2025-06-17T16:00:53.025575542Z,0.0,77.0,0.0,0.0,100.0,Asia/Vientiane,https://maps.gstatic.com/weather/v1/cloudy,Cloudy,en,CLOUDY,22.3,CELSIUS,24.7,CELSIUS,18.0,CELSIUS,24.7,CELSIUS,22.3,CELSIUS,10.0,RAIN,0.0,MILLIMETERS,0.0,MILLIMETERS,1009.56,245.0,WEST_SOUTHWEST,3.0,KILOMETERS_PER_HOUR,6.0,KILOMETERS_PER_HOUR,16.0,KILOMETERS,0.7000000000000001,CELSIUS,30.3,CELSIUS,20.4,CELSIUS,0.0,MILLIMETERS,3.1446,MILLIMETERS,,,,2025-06-17 23:00:07.774000+07:00,2300
1124,90457,"Khob Secondary School - Khob, Xayabouli ມັດທະຍົມ ເມືອງຄອບ","Khob Secondary School - Khob, Xayabouli ມັດທະຍົມ ເມືອງຄອບ",19.699713,100.5572,2025-06-17T16:00:54.308889529Z,0.0,89.0,0.0,10.0,100.0,Asia/Vientiane,https://maps.gstatic.com/weather/v1/cloudy,Cloudy,en,CLOUDY,25.1,CELSIUS,27.9,CELSIUS,23.3,CELSIUS,27.9,CELSIUS,25.1,CELSIUS,20.0,RAIN,0.0,MILLIMETERS,0.0889,MILLIMETERS,1008.88,180.0,SOUTH,11.0,KILOMETERS_PER_HOUR,21.0,KILOMETERS_PER_HOUR,16.0,KILOMETERS,-0.5,CELSIUS,30.1,CELSIUS,23.7,CELSIUS,0.0,MILLIMETERS,15.88,MILLIMETERS,,,,2025-06-17 23:00:07.774000+07:00,2300
1125,90458,"Hongsa Secondary School - Hongsa, Xaignabouly ມັດທະຍົມສົມບູນ ຫົງສາ","Hongsa Secondary School - Hongsa, Xaignabouly ມັດທະຍົມສົມບູນ ຫົງສາ",19.70693,101.342893,2025-06-17T16:00:55.629749028Z,0.0,92.0,0.0,0.0,100.0,Asia/Vientiane,https://maps.gstatic.com/weather/v1/cloudy,Cloudy,en,CLOUDY,21.3,CELSIUS,23.7,CELSIUS,20.0,CELSIUS,23.7,CELSIUS,21.3,CELSIUS,10.0,RAIN,0.0,MILLIMETERS,0.0635,MILLIMETERS,1009.41,225.0,SOUTHWEST,5.0,KILOMETERS_PER_HOUR,6.0,KILOMETERS_PER_HOUR,14.0,KILOMETERS,-0.2,CELSIUS,27.6,CELSIUS,20.4,CELSIUS,0.0,MILLIMETERS,9.8377,MILLIMETERS,,,,2025-06-17 23:00:07.774000+07:00,2300
1126,90459,Phiang - Xaignabouly,Phiang - Xaignabouly,19.094645,101.529558,2025-06-17T16:00:56.952861770Z,0.0,85.0,0.0,0.0,100.0,Asia/Vientiane,https://maps.gstatic.com/weather/v1/cloudy,Cloudy,en,CLOUDY,25.6,CELSIUS,28.4,CELSIUS,23.1,CELSIUS,28.4,CELSIUS,25.6,CELSIUS,10.0,RAIN,0.0,MILLIMETERS,0.0178,MILLIMETERS,1009.07,203.0,SOUTH_SOUTHWEST,5.0,KILOMETERS_PER_HOUR,6.0,KILOMETERS_PER_HOUR,16.0,KILOMETERS,0.0,CELSIUS,32.2,CELSIUS,23.7,CELSIUS,0.0,MILLIMETERS,5.2631,MILLIMETERS,,,,2025-06-17 23:00:07.774000+07:00,2300
1127,90463,"Ekaphab Secondary School - Xayabury, Xayabury ມັດທະຍົມ ເອກະພາບ","Ekaphab Secondary School - Xayabury, Xayabury ມັດທະຍົມ ເອກະພາບ",19.237566,101.714751,2025-06-17T16:00:58.329917727Z,0.0,86.0,0.0,0.0,100.0,Asia/Vientiane,https://maps.gstatic.com/weather/v1/cloudy,Cloudy,en,CLOUDY,25.9,CELSIUS,28.9,CELSIUS,22.9,CELSIUS,28.9,CELSIUS,25.9,CELSIUS,10.0,RAIN,0.0,MILLIMETERS,0.0,MILLIMETERS,1008.16,180.0,SOUTH,5.0,KILOMETERS_PER_HOUR,8.0,KILOMETERS_PER_HOUR,16.0,KILOMETERS,0.30000000000000004,CELSIUS,32.1,CELSIUS,24.8,CELSIUS,0.0,MILLIMETERS,1.9329,MILLIMETERS,,,,2025-06-17 23:00:07.774000+07:00,2300
1128,90465,Xienghone - Xaignabouly ,Xienghone - Xaignabouly ,19.631763,100.814901,2025-06-17T16:00:59.563020350Z,0.0,94.0,0.0,0.0,100.0,Asia/Vientiane,https://maps.gstatic.com/weather/v1/cloudy,Cloudy,en,CLOUDY,21.3,CELSIUS,23.8,CELSIUS,20.1,CELSIUS,23.8,CELSIUS,21.3,CELSIUS,10.0,RAIN,0.0,MILLIMETERS,0.0,MILLIMETERS,1009.99,203.0,SOUTH_SOUTHWEST,5.0,KILOMETERS_PER_HOUR,10.0,KILOMETERS_PER_HOUR,13.0,KILOMETERS,0.0,CELSIUS,26.8,CELSIUS,20.2,CELSIUS,0.0,MILLIMETERS,7.8332,MILLIMETERS,,,,2025-06-17 23:00:07.774000+07:00,2300
1129,90466,"Kenethao Secondary School - Kenethao, Xayabury ມັດທະຍົມສົມບຸນ ແກ່ນທ້າວ","Kenethao Secondary School - Kenethao, Xayabury ມັດທະຍົມສົມບຸນ ແກ່ນທ້າວ",17.740569,101.403471,2025-06-17T16:00:59.885589823Z,0.0,77.0,0.0,0.0,100.0,Asia/Vientiane,https://maps.gstatic.com/weather/v1/cloudy,Cloudy,en,CLOUDY,26.9,CELSIUS,29.8,CELSIUS,22.7,CELSIUS,29.8,CELSIUS,26.9,CELSIUS,10.0,RAIN,0.0,MILLIMETERS,0.0,MILLIMETERS,1008.0,248.0,WEST_SOUTHWEST,5.0,KILOMETERS_PER_HOUR,10.0,KILOMETERS_PER_HOUR,16.0,KILOMETERS,-0.30000000000000004,CELSIUS,32.3,CELSIUS,25.2,CELSIUS,0.0,MILLIMETERS,8.9738,MILLIMETERS,,,,2025-06-17 23:00:07.774000+07:00,2300
1130,90468,Pek - Xiengkhouang,Pek - Xiengkhouang,19.444636,103.205788,2025-06-17T16:01:01.160720765Z,0.0,78.0,0.0,0.0,100.0,Asia/Vientiane,https://maps.gstatic.com/weather/v1/cloudy,Cloudy,en,CLOUDY,20.9,CELSIUS,24.3,CELSIUS,17.0,CELSIUS,24.3,CELSIUS,20.9,CELSIUS,10.0,RAIN,0.0,MILLIMETERS,0.0,MILLIMETERS,1011.65,200.0,SOUTH_SOUTHWEST,3.0,KILOMETERS_PER_HOUR,8.0,KILOMETERS_PER_HOUR,16.0,KILOMETERS,-0.8,CELSIUS,28.8,CELSIUS,20.1,CELSIUS,0.0,MILLIMETERS,6.5559,MILLIMETERS,,,,2025-06-17 23:00:07.774000+07:00,2300
1131,90469,Nonghed - Xiengkhouang,Nonghed - Xiengkhouang,19.49661,103.986121,,,,,,,,,,,,,,,,,,,,,,,,,,,,,,,,,,,,,,,,,,,,,,,404.0,Information is not supported for this location. Please try a different location.,NOT_FOUND,2025-06-17 23:00:07.774000+07:00,2300
1132,90471,"Napa Secondary School - Kham, Xiengkhouang ມັດທະຍົມ ນາປາ","Napa Secondary School - Kham, Xiengkhouang ມັດທະຍົມ ນາປາ",19.590573,103.662369,2025-06-17T16:01:03.707024664Z,0.0,84.0,0.0,0.0,100.0,Asia/Vientiane,https://maps.gstatic.com/weather/v1/cloudy,Cloudy,en,CLOUDY,22.2,CELSIUS,24.6,CELSIUS,19.4,CELSIUS,24.6,CELSIUS,22.2,CELSIUS,10.0,RAIN,0.0,MILLIMETERS,0.0,MILLIMETERS,1010.36,270.0,WEST,2.0,KILOMETERS_PER_HOUR,2.0,KILOMETERS_PER_HOUR,16.0,KILOMETERS,-0.9,CELSIUS,31.8,CELSIUS,20.9,CELSIUS,0.0,MILLIMETERS,3.0939,MILLIMETERS,,,,2025-06-17 23:00:07.774000+07:00,2300
1133,90472,"Chomphet Seconbdary School - Khoune, Xiengkhuang ມັດທະຍົມ ຈອມເພັດ","Chomphet Seconbdary School - Khoune, Xiengkhuang ມັດທະຍົມ ຈອມເພັດ",19.340999,103.371433,2025-06-17T16:01:05.008455095Z,0.0,78.0,0.0,0.0,100.0,Asia/Vientiane,https://maps.gstatic.com/weather/v1/cloudy,Cloudy,en,CLOUDY,20.9,CELSIUS,24.3,CELSIUS,17.0,CELSIUS,24.3,CELSIUS,20.9,CELSIUS,10.0,RAIN,0.0,MILLIMETERS,0.0,MILLIMETERS,1011.65,200.0,SOUTH_SOUTHWEST,3.0,KILOMETERS_PER_HOUR,8.0,KILOMETERS_PER_HOUR,16.0,KILOMETERS,-0.8,CELSIUS,28.8,CELSIUS,20.1,CELSIUS,0.0,MILLIMETERS,6.5559,MILLIMETERS,,,,2025-06-17 23:00:07.774000+07:00,2300
1134,90474,"Lardkhai Secondary School - Phaxay, Xiengkhouang ມັດທະຍົມ ລາດຄ້າຍ","Lardkhai Secondary School - Phaxay, Xiengkhouang ມັດທະຍົມ ລາດຄ້າຍ",19.29915,103.133374,2025-06-17T16:01:06.459769721Z,0.0,78.0,0.0,0.0,100.0,Asia/Vientiane,https://maps.gstatic.com/weather/v1/cloudy,Cloudy,en,CLOUDY,20.9,CELSIUS,24.3,CELSIUS,17.0,CELSIUS,24.3,CELSIUS,20.9,CELSIUS,10.0,RAIN,0.0,MILLIMETERS,0.0,MILLIMETERS,1011.65,200.0,SOUTH_SOUTHWEST,3.0,KILOMETERS_PER_HOUR,8.0,KILOMETERS_PER_HOUR,16.0,KILOMETERS,-0.8,CELSIUS,28.8,CELSIUS,20.1,CELSIUS,0.0,MILLIMETERS,6.5559,MILLIMETERS,,,,2025-06-17 23:00:07.774000+07:00,2300
1135,90475,Phonhong - Vientiane,Phonhong - Vientiane,18.350024,102.42424,2025-06-17T16:01:07.775666968Z,0.0,80.0,0.0,0.0,100.0,Asia/Vientiane,https://maps.gstatic.com/weather/v1/cloudy,Cloudy,en,CLOUDY,25.1,CELSIUS,27.2,CELSIUS,21.4,CELSIUS,27.2,CELSIUS,25.1,CELSIUS,10.0,RAIN,0.0,MILLIMETERS,0.0,MILLIMETERS,1008.89,315.0,NORTHWEST,2.0,KILOMETERS_PER_HOUR,6.0,KILOMETERS_PER_HOUR,16.0,KILOMETERS,-1.5,CELSIUS,34.3,CELSIUS,23.0,CELSIUS,0.0,MILLIMETERS,8.1741,MILLIMETERS,,,,2025-06-17 23:00:07.774000+07:00,2300
1136,90476,"Kasy Secondary School - Kasy, Vientiane Province ມັດທະຍົມສົມບູນ ກາສີ","Kasy Secondary School - Kasy, Vientiane Province ມັດທະຍົມສົມບູນ ກາສີ",19.225034,102.25219,2025-06-17T16:01:09.159671952Z,0.0,83.0,0.0,20.0,100.0,Asia/Vientiane,https://maps.gstatic.com/weather/v1/cloudy,Cloudy,en,CLOUDY,22.5,CELSIUS,24.8,CELSIUS,19.5,CELSIUS,24.8,CELSIUS,22.5,CELSIUS,20.0,RAIN,0.0,MILLIMETERS,0.0,MILLIMETERS,1010.39,0.0,NORTH,2.0,KILOMETERS_PER_HOUR,3.0,KILOMETERS_PER_HOUR,16.0,KILOMETERS,-2.3,CELSIUS,30.2,CELSIUS,21.3,CELSIUS,0.0,MILLIMETERS,17.6024,MILLIMETERS,,,,2025-06-17 23:00:07.774000+07:00,2300
1137,90477,"Xanakharm Secondary School - Xanakharm, Vieniane Province ມັດທະຍົມສົບຸນ ຊະນະຄາມ","Xanakharm Secondary School - Xanakharm, Vieniane Province ມັດທະຍົມສົບຸນ ຊະນະຄາມ",17.910218,101.670662,2025-06-17T16:01:10.578601779Z,0.0,80.0,0.0,0.0,100.0,Asia/Vientiane,https://maps.gstatic.com/weather/v1/cloudy,Cloudy,en,CLOUDY,26.8,CELSIUS,29.9,CELSIUS,23.5,CELSIUS,29.9,CELSIUS,26.8,CELSIUS,10.0,RAIN,0.0,MILLIMETERS,0.0051,MILLIMETERS,1008.37,225.0,SOUTHWEST,3.0,KILOMETERS_PER_HOUR,5.0,KILOMETERS_PER_HOUR,16.0,KILOMETERS,0.1,CELSIUS,32.1,CELSIUS,25.1,CELSIUS,0.0,MILLIMETERS,7.6556,MILLIMETERS,,,,2025-06-17 23:00:07.774000+07:00,2300
1138,90478,Mad - Vientiane,Mad - Vientiane,18.448868,101.76322,2025-06-17T16:01:11.920625481Z,0.0,77.0,0.0,0.0,100.0,Asia/Vientiane,https://maps.gstatic.com/weather/v1/cloudy,Cloudy,en,CLOUDY,26.9,CELSIUS,29.8,CELSIUS,22.3,CELSIUS,29.8,CELSIUS,26.9,CELSIUS,10.0,RAIN,0.0,MILLIMETERS,0.0,MILLIMETERS,1008.98,248.0,WEST_SOUTHWEST,5.0,KILOMETERS_PER_HOUR,11.0,KILOMETERS_PER_HOUR,16.0,KILOMETERS,0.1,CELSIUS,32.7,CELSIUS,25.0,CELSIUS,0.0,MILLIMETERS,3.5508,MILLIMETERS,,,,2025-06-17 23:00:07.774000+07:00,2300
1139,90479,"Phonmi Secondary School - Viengkham, Vientiane Province ມັດທະຍົມສົມບຸນ ໂພນໝີ","Phonmi Secondary School - Viengkham, Vientiane Province ມັດທະຍົມສົມບຸນ ໂພນໝີ",18.48451,102.485942,2025-06-17T16:01:13.245747812Z,0.0,80.0,0.0,0.0,100.0,Asia/Vientiane,https://maps.gstatic.com/weather/v1/cloudy,Cloudy,en,CLOUDY,25.1,CELSIUS,27.2,CELSIUS,21.4,CELSIUS,27.2,CELSIUS,25.1,CELSIUS,10.0,RAIN,0.0,MILLIMETERS,0.0,MILLIMETERS,1008.89,315.0,NORTHWEST,2.0,KILOMETERS_PER_HOUR,6.0,KILOMETERS_PER_HOUR,16.0,KILOMETERS,-1.5,CELSIUS,34.3,CELSIUS,23.0,CELSIUS,0.0,MILLIMETERS,8.1741,MILLIMETERS,,,,2025-06-17 23:00:07.774000+07:00,2300
1140,90482,"KeoKou Secondary School - KeoOudom, Vientiane Province ມັດທະຍົມສົມບູນ ແກ້ວກູ່","KeoKou Secondary School - KeoOudom, Vientiane Province ມັດທະຍົມສົມບູນ ແກ້ວກູ່",18.554884,102.502844,2025-06-17T16:01:14.543053827Z,0.0,80.0,0.0,0.0,100.0,Asia/Vientiane,https://maps.gstatic.com/weather/v1/cloudy,Cloudy,en,CLOUDY,25.1,CELSIUS,27.2,CELSIUS,21.4,CELSIUS,27.2,CELSIUS,25.1,CELSIUS,10.0,RAIN,0.0,MILLIMETERS,0.0,MILLIMETERS,1008.89,315.0,NORTHWEST,2.0,KILOMETERS_PER_HOUR,6.0,KILOMETERS_PER_HOUR,16.0,KILOMETERS,-1.5,CELSIUS,34.3,CELSIUS,23.0,CELSIUS,0.0,MILLIMETERS,8.1741,MILLIMETERS,,,,2025-06-17 23:00:07.774000+07:00,2300
1141,90485,Meun - Vientiane,Meun - Vientiane,18.28379,101.941138,2025-06-17T16:01:15.866144670Z,0.0,77.0,0.0,0.0,100.0,Asia/Vientiane,https://maps.gstatic.com/weather/v1/cloudy,Cloudy,en,CLOUDY,25.4,CELSIUS,27.4,CELSIUS,21.1,CELSIUS,27.4,CELSIUS,25.4,CELSIUS,10.0,RAIN,0.0,MILLIMETERS,0.0,MILLIMETERS,1009.27,270.0,WEST,2.0,KILOMETERS_PER_HOUR,3.0,KILOMETERS_PER_HOUR,16.0,KILOMETERS,-2.3,CELSIUS,33.6,CELSIUS,23.1,CELSIUS,0.0,MILLIMETERS,5.4736,MILLIMETERS,,,,2025-06-17 23:00:07.774000+07:00,2300
1142,90487,"Thaphabath Secondary School - Thaphabath, Bolikhamxai","Thaphabath Secondary School - Thaphabath, Bolikhamxai",18.356826,103.198076,2025-06-17T16:01:17.198805961Z,0.0,74.0,0.0,20.0,100.0,Asia/Vientiane,https://maps.gstatic.com/weather/v1/cloudy,Cloudy,en,CLOUDY,26.6,CELSIUS,29.0,CELSIUS,21.7,CELSIUS,29.0,CELSIUS,26.6,CELSIUS,20.0,RAIN,0.0,MILLIMETERS,0.09910000000000001,MILLIMETERS,1008.99,0.0,NORTH,2.0,KILOMETERS_PER_HOUR,5.0,KILOMETERS_PER_HOUR,16.0,KILOMETERS,-1.2,CELSIUS,33.4,CELSIUS,25.5,CELSIUS,0.0,MILLIMETERS,5.7608,MILLIMETERS,,,,2025-06-17 23:00:07.774000+07:00,2300
1143,90488,Pakkading - Bolikhamxai ,Pakkading - Bolikhamxai ,18.109902,104.281265,2025-06-17T16:01:18.493370971Z,0.0,87.0,0.0,30.0,100.0,Asia/Vientiane,https://maps.gstatic.com/weather/v1/cloudy,Cloudy,en,CLOUDY,24.8,CELSIUS,27.2,CELSIUS,22.5,CELSIUS,27.2,CELSIUS,24.8,CELSIUS,25.0,RAIN,0.0,MILLIMETERS,0.1067,MILLIMETERS,1009.66,65.0,EAST_NORTHEAST,2.0,KILOMETERS_PER_HOUR,8.0,KILOMETERS_PER_HOUR,16.0,KILOMETERS,-0.7000000000000001,CELSIUS,31.6,CELSIUS,24.2,CELSIUS,0.0,MILLIMETERS,7.5415,MILLIMETERS,,,,2025-06-17 23:00:07.774000+07:00,2300
1144,90490,"Nakhonxay Secondary School - Khamkeuth, - Borikhamxai ມັດທະຍົມ ນະຄອນໄຊ","Nakhonxay Secondary School - Khamkeuth, - Borikhamxai ມັດທະຍົມ ນະຄອນໄຊ",18.185553,104.983958,2025-06-17T16:01:19.764981156Z,0.0,91.0,0.0,30.0,100.0,Asia/Vientiane,https://maps.gstatic.com/weather/v1/cloudy,Cloudy,en,CLOUDY,22.3,CELSIUS,24.6,CELSIUS,20.7,CELSIUS,24.6,CELSIUS,22.3,CELSIUS,20.0,RAIN,0.0,MILLIMETERS,0.0,MILLIMETERS,1010.83,180.0,SOUTH,3.0,KILOMETERS_PER_HOUR,8.0,KILOMETERS_PER_HOUR,16.0,KILOMETERS,-0.6000000000000001,CELSIUS,29.1,CELSIUS,21.6,CELSIUS,0.0,MILLIMETERS,1.4759,MILLIMETERS,,,,2025-06-17 23:00:07.774000+07:00,2300
1145,90491,Viengthong - Bolikhamxai,Viengthong - Bolikhamxai,18.512354,104.442835,2025-06-17T16:01:21.118464292Z,0.0,85.0,0.0,30.0,100.0,Asia/Vientiane,https://maps.gstatic.com/weather/v1/cloudy,Cloudy,en,CLOUDY,24.1,CELSIUS,26.2,CELSIUS,21.4,CELSIUS,26.2,CELSIUS,24.1,CELSIUS,20.0,RAIN,0.0,MILLIMETERS,0.09910000000000001,MILLIMETERS,1010.23,135.0,SOUTHEAST,2.0,KILOMETERS_PER_HOUR,5.0,KILOMETERS_PER_HOUR,16.0,KILOMETERS,0.1,CELSIUS,30.9,CELSIUS,22.7,CELSIUS,0.0,MILLIMETERS,3.1679,MILLIMETERS,,,,2025-06-17 23:00:07.774000+07:00,2300
1146,90492,"NamOn Secondary School - Xaychamphone, Borikhamxai ມັດທະຍົມ ນຳ້ອ້ອນ","NamOn Secondary School - Xaychamphone, Borikhamxai ມັດທະຍົມ ນຳ້ອ້ອນ",18.577559,104.981947,2025-06-17T16:01:22.433802931Z,0.0,91.0,0.0,30.0,100.0,Asia/Vientiane,https://maps.gstatic.com/weather/v1/cloudy,Cloudy,en,CLOUDY,22.3,CELSIUS,24.6,CELSIUS,20.7,CELSIUS,24.6,CELSIUS,22.3,CELSIUS,20.0,RAIN,0.0,MILLIMETERS,0.0,MILLIMETERS,1010.83,180.0,SOUTH,3.0,KILOMETERS_PER_HOUR,8.0,KILOMETERS_PER_HOUR,16.0,KILOMETERS,-0.6000000000000001,CELSIUS,29.1,CELSIUS,21.6,CELSIUS,0.0,MILLIMETERS,1.4759,MILLIMETERS,,,,2025-06-17 23:00:07.774000+07:00,2300
1147,90493,Thakhek - Khammouan ,Thakhek - Khammouan ,17.392668,104.807495,2025-06-17T16:01:23.794602671Z,0.0,96.0,0.0,60.0,100.0,Asia/Vientiane,https://maps.gstatic.com/weather/v1/cloudy,Cloudy,en,CLOUDY,25.8,CELSIUS,29.9,CELSIUS,25.2,CELSIUS,29.9,CELSIUS,25.8,CELSIUS,20.0,RAIN,0.0,MILLIMETERS,0.0,MILLIMETERS,1008.97,90.0,EAST,3.0,KILOMETERS_PER_HOUR,5.0,KILOMETERS_PER_HOUR,10.0,KILOMETERS,0.2,CELSIUS,33.7,CELSIUS,24.7,CELSIUS,0.0,MILLIMETERS,8.306,MILLIMETERS,,,,2025-06-17 23:00:07.774000+07:00,2300
1148,90494,Mahaxay - Khammouan,Mahaxay - Khammouan,17.457352,105.160169,2025-06-17T16:01:25.039257655Z,0.0,93.0,0.0,50.0,100.0,Asia/Vientiane,https://maps.gstatic.com/weather/v1/cloudy,Cloudy,en,CLOUDY,24.1,CELSIUS,26.6,CELSIUS,22.8,CELSIUS,26.6,CELSIUS,24.1,CELSIUS,20.0,RAIN,0.0,MILLIMETERS,0.0,MILLIMETERS,1010.07,270.0,WEST,0.0,KILOMETERS_PER_HOUR,0.0,KILOMETERS_PER_HOUR,13.0,KILOMETERS,0.4,CELSIUS,31.5,CELSIUS,23.0,CELSIUS,0.0,MILLIMETERS,4.2268,MILLIMETERS,,,,2025-06-17 23:00:07.774000+07:00,2300
1149,90495,Nongbok - Khammouan,Nongbok - Khammouan,16.962416,104.81156,2025-06-17T16:01:26.480751338Z,0.0,87.0,0.0,0.0,100.0,Asia/Vientiane,https://maps.gstatic.com/weather/v1/cloudy,Cloudy,en,CLOUDY,27.6,CELSIUS,32.6,CELSIUS,25.4,CELSIUS,32.6,CELSIUS,27.6,CELSIUS,10.0,RAIN,0.0,MILLIMETERS,0.0,MILLIMETERS,1008.0,203.0,SOUTH_SOUTHWEST,6.0,KILOMETERS_PER_HOUR,11.0,KILOMETERS_PER_HOUR,16.0,KILOMETERS,0.7000000000000001,CELSIUS,33.7,CELSIUS,25.9,CELSIUS,0.0,MILLIMETERS,0.9755,MILLIMETERS,,,,2025-06-17 23:00:07.774000+07:00,2300
1150,90497,Nhommalath - Khammouan ,Nhommalath - Khammouan ,17.614203,105.170282,2025-06-17T16:01:27.817510635Z,0.0,93.0,0.0,50.0,100.0,Asia/Vientiane,https://maps.gstatic.com/weather/v1/cloudy,Cloudy,en,CLOUDY,24.1,CELSIUS,26.6,CELSIUS,22.8,CELSIUS,26.6,CELSIUS,24.1,CELSIUS,20.0,RAIN,0.0,MILLIMETERS,0.0,MILLIMETERS,1010.07,270.0,WEST,0.0,KILOMETERS_PER_HOUR,0.0,KILOMETERS_PER_HOUR,13.0,KILOMETERS,0.4,CELSIUS,31.5,CELSIUS,23.0,CELSIUS,0.0,MILLIMETERS,4.2268,MILLIMETERS,,,,2025-06-17 23:00:07.774000+07:00,2300
1151,90500,"Xebangfay Secondary School - Xebangfay, Khammouane ມັດທະຍົມສົມບູນ ເຊບັ້ງໄຟ","Xebangfay Secondary School - Xebangfay, Khammouane ມັດທະຍົມສົມບູນ ເຊບັ້ງໄຟ",17.086149,104.981631,2025-06-17T16:01:29.154534960Z,0.0,100.0,0.0,70.0,100.0,Asia/Vientiane,https://maps.gstatic.com/weather/v1/cloudy,Cloudy,en,CLOUDY,25.8,CELSIUS,30.5,CELSIUS,25.8,CELSIUS,30.5,CELSIUS,25.8,CELSIUS,20.0,RAIN,0.0,MILLIMETERS,0.0,MILLIMETERS,1009.09,115.0,EAST_SOUTHEAST,3.0,KILOMETERS_PER_HOUR,5.0,KILOMETERS_PER_HOUR,5.0,KILOMETERS,-0.30000000000000004,CELSIUS,32.8,CELSIUS,24.6,CELSIUS,0.0,MILLIMETERS,5.3924,MILLIMETERS,,,,2025-06-17 23:00:07.774000+07:00,2300
1152,90501,"Sivilay Secondary School - Xaybouathong, Khammouane ມັດທະຍົມສົມບູນ ສີວິໄລ","Sivilay Secondary School - Xaybouathong, Khammouane ມັດທະຍົມສົມບູນ ສີວິໄລ",17.171532,105.4273,2025-06-17T16:01:30.539645959Z,0.0,96.0,0.0,1.0,100.0,Asia/Vientiane,https://maps.gstatic.com/weather/v1/cloudy,Cloudy,en,CLOUDY,25.9,CELSIUS,30.0,CELSIUS,25.3,CELSIUS,30.0,CELSIUS,25.9,CELSIUS,10.0,RAIN,0.0,MILLIMETERS,0.0,MILLIMETERS,1009.49,200.0,SOUTH_SOUTHWEST,5.0,KILOMETERS_PER_HOUR,8.0,KILOMETERS_PER_HOUR,10.0,KILOMETERS,-0.5,CELSIUS,31.8,CELSIUS,24.3,CELSIUS,0.0,MILLIMETERS,3.843,MILLIMETERS,,,,2025-06-17 23:00:07.774000+07:00,2300
1153,90502,"Nakang Secondary School - Khounkham, Khammouane ມັດທະຍົມສົມບູນ ນາກາງ","Nakang Secondary School - Khounkham, Khammouane ມັດທະຍົມສົມບູນ ນາກາງ",18.02845,104.65357,,,,,,,,,,,,,,,,,,,,,,,,,,,,,,,,,,,,,,,,,,,,,,,404.0,Information is not supported for this location. Please try a different location.,NOT_FOUND,2025-06-17 23:00:07.774000+07:00,2300
1154,90503,Kaysone Phomvihane - Sav,Kaysone Phomvihane - Sav,16.5702,104.75036,2025-06-17T16:01:33.035746412Z,0.0,80.0,0.0,0.0,100.0,Asia/Vientiane,https://maps.gstatic.com/weather/v1/cloudy,Cloudy,en,CLOUDY,28.0,CELSIUS,32.4,CELSIUS,24.5,CELSIUS,32.4,CELSIUS,28.0,CELSIUS,10.0,RAIN,0.0,MILLIMETERS,0.0,MILLIMETERS,1008.0,203.0,SOUTH_SOUTHWEST,10.0,KILOMETERS_PER_HOUR,18.0,KILOMETERS_PER_HOUR,16.0,KILOMETERS,0.4,CELSIUS,33.4,CELSIUS,26.5,CELSIUS,0.0,MILLIMETERS,0.3936,MILLIMETERS,,,,2025-06-17 23:00:07.774000+07:00,2300
1155,90504,"Lianxay Secondary School - Artsaphangthong, Savannakhet ມັດທະຍົມ ຫລຽນໄຊ","Lianxay Secondary School - Artsaphangthong, Savannakhet ມັດທະຍົມ ຫລຽນໄຊ",16.692124,105.409764,,,,,,,,,,,,,,,,,,,,,,,,,,,,,,,,,,,,,,,,,,,,,,,404.0,Information is not supported for this location. Please try a different location.,NOT_FOUND,2025-06-17 23:00:07.774000+07:00,2300
1156,90505,Sepone - Savannakhet,Sepone - Savannakhet,16.696651,106.209138,2025-06-17T16:01:35.535892993Z,0.0,85.0,0.0,0.0,90.0,Asia/Vientiane,https://maps.gstatic.com/weather/v1/cloudy,Cloudy,en,CLOUDY,23.6,CELSIUS,26.3,CELSIUS,21.0,CELSIUS,26.3,CELSIUS,23.6,CELSIUS,10.0,RAIN,0.0,MILLIMETERS,0.0,MILLIMETERS,1009.99,203.0,SOUTH_SOUTHWEST,6.0,KILOMETERS_PER_HOUR,13.0,KILOMETERS_PER_HOUR,16.0,KILOMETERS,0.30000000000000004,CELSIUS,28.8,CELSIUS,22.2,CELSIUS,0.0,MILLIMETERS,1.7425,MILLIMETERS,,,,2025-06-17 23:00:07.774000+07:00,2300
1157,90506,Nong - Savannakhet,Nong - Savannakhet,16.373875,106.495685,2025-06-17T16:01:36.893586338Z,0.0,85.0,0.0,0.0,91.0,Asia/Vientiane,https://maps.gstatic.com/weather/v1/cloudy,Cloudy,en,CLOUDY,24.7,CELSIUS,27.8,CELSIUS,22.3,CELSIUS,27.8,CELSIUS,24.7,CELSIUS,10.0,RAIN,0.0,MILLIMETERS,0.0,MILLIMETERS,1009.84,158.0,SOUTH_SOUTHEAST,6.0,KILOMETERS_PER_HOUR,10.0,KILOMETERS_PER_HOUR,16.0,KILOMETERS,0.2,CELSIUS,30.2,CELSIUS,23.5,CELSIUS,0.0,MILLIMETERS,1.6385,MILLIMETERS,,,,2025-06-17 23:00:07.774000+07:00,2300
1158,90508,Champhone - SAVA,Champhone - SAVA,16.489147,105.031659,2025-06-17T16:01:38.180866882Z,0.0,80.0,0.0,0.0,100.0,Asia/Vientiane,https://maps.gstatic.com/weather/v1/cloudy,Cloudy,en,CLOUDY,28.0,CELSIUS,32.4,CELSIUS,24.4,CELSIUS,32.4,CELSIUS,28.0,CELSIUS,10.0,RAIN,0.0,MILLIMETERS,0.0,MILLIMETERS,1008.0,203.0,SOUTH_SOUTHWEST,10.0,KILOMETERS_PER_HOUR,18.0,KILOMETERS_PER_HOUR,16.0,KILOMETERS,0.7000000000000001,CELSIUS,32.8,CELSIUS,26.2,CELSIUS,0.0,MILLIMETERS,0.7343000000000001,MILLIMETERS,,,,2025-06-17 23:00:07.774000+07:00,2300
1159,90509,Xaybuly - Savannakhet,Xaybuly - Savannakhet,17.075181,104.87732,2025-06-17T16:01:39.437595567Z,0.0,100.0,0.0,70.0,100.0,Asia/Vientiane,https://maps.gstatic.com/weather/v1/cloudy,Cloudy,en,CLOUDY,25.8,CELSIUS,30.5,CELSIUS,25.8,CELSIUS,30.5,CELSIUS,25.8,CELSIUS,20.0,RAIN,0.0,MILLIMETERS,0.0,MILLIMETERS,1009.09,115.0,EAST_SOUTHEAST,3.0,KILOMETERS_PER_HOUR,5.0,KILOMETERS_PER_HOUR,5.0,KILOMETERS,-0.30000000000000004,CELSIUS,32.8,CELSIUS,24.6,CELSIUS,0.0,MILLIMETERS,5.3924,MILLIMETERS,,,,2025-06-17 23:00:07.774000+07:00,2300
1160,90512,"Phin Secondary School - Phin, Savannakhet ມັດທະຍົມ ພີນ","Phin Secondary School - Phin, Savannakhet ມັດທະຍົມ ພີນ",16.527879,106.021922,2025-06-17T16:01:40.862174483Z,0.0,85.0,0.0,0.0,91.0,Asia/Vientiane,https://maps.gstatic.com/weather/v1/cloudy,Cloudy,en,CLOUDY,24.1,CELSIUS,27.2,CELSIUS,21.6,CELSIUS,27.2,CELSIUS,24.1,CELSIUS,10.0,RAIN,0.0,MILLIMETERS,0.0,MILLIMETERS,1009.84,158.0,SOUTH_SOUTHEAST,6.0,KILOMETERS_PER_HOUR,10.0,KILOMETERS_PER_HOUR,16.0,KILOMETERS,0.2,CELSIUS,29.5,CELSIUS,22.8,CELSIUS,0.0,MILLIMETERS,1.6385,MILLIMETERS,,,,2025-06-17 23:00:07.774000+07:00,2300
1161,90513,Songkhone - Savannakhet,Songkhone - Savannakhet,16.237196,105.1965,2025-06-17T16:01:42.154474785Z,0.0,84.0,0.0,0.0,100.0,Asia/Vientiane,https://maps.gstatic.com/weather/v1/cloudy,Cloudy,en,CLOUDY,28.2,CELSIUS,33.3,CELSIUS,25.0,CELSIUS,33.3,CELSIUS,28.2,CELSIUS,10.0,RAIN,0.0,MILLIMETERS,0.0762,MILLIMETERS,1008.0,203.0,SOUTH_SOUTHWEST,11.0,KILOMETERS_PER_HOUR,21.0,KILOMETERS_PER_HOUR,16.0,KILOMETERS,0.1,CELSIUS,32.9,CELSIUS,26.4,CELSIUS,0.0,MILLIMETERS,1.4782,MILLIMETERS,,,,2025-06-17 23:00:07.774000+07:00,2300
1162,90514,"Beungxang Secondary School - Xonbuly, Savannakhet ມັດທະຍົມ ບຶງຊ້າງ","Beungxang Secondary School - Xonbuly, Savannakhet ມັດທະຍົມ ບຶງຊ້າງ",16.388527,105.375363,2025-06-17T16:01:43.512879639Z,0.0,85.0,0.0,0.0,100.0,Asia/Vientiane,https://maps.gstatic.com/weather/v1/cloudy,Cloudy,en,CLOUDY,27.9,CELSIUS,32.9,CELSIUS,24.9,CELSIUS,32.9,CELSIUS,27.9,CELSIUS,10.0,RAIN,0.0,MILLIMETERS,0.0,MILLIMETERS,1008.97,180.0,SOUTH,10.0,KILOMETERS_PER_HOUR,18.0,KILOMETERS_PER_HOUR,16.0,KILOMETERS,0.2,CELSIUS,32.3,CELSIUS,26.3,CELSIUS,0.0,MILLIMETERS,1.1457,MILLIMETERS,,,,2025-06-17 23:00:07.774000+07:00,2300
1163,90515,Vilabuly - Savannakhet,Vilabuly - Savannakhet,16.971649,105.944661,2025-06-17T16:01:44.814303140Z,0.0,96.0,0.0,1.0,100.0,Asia/Vientiane,https://maps.gstatic.com/weather/v1/cloudy,Cloudy,en,CLOUDY,25.9,CELSIUS,30.0,CELSIUS,25.3,CELSIUS,30.0,CELSIUS,25.9,CELSIUS,10.0,RAIN,0.0,MILLIMETERS,0.0,MILLIMETERS,1009.48,200.0,SOUTH_SOUTHWEST,5.0,KILOMETERS_PER_HOUR,8.0,KILOMETERS_PER_HOUR,10.0,KILOMETERS,-0.5,CELSIUS,31.8,CELSIUS,24.3,CELSIUS,0.0,MILLIMETERS,3.843,MILLIMETERS,,,,2025-06-17 23:00:07.774000+07:00,2300
1164,90516,"Phoummachedy Secondary School - Xayphouthong, Savannakhet ມັດທະຍົມ ພູມມະເຈດີ","Phoummachedy Secondary School - Xayphouthong, Savannakhet ມັດທະຍົມ ພູມມະເຈດີ",16.367044,105.005653,2025-06-17T16:01:46.147908300Z,0.0,84.0,0.0,0.0,100.0,Asia/Vientiane,https://maps.gstatic.com/weather/v1/cloudy,Cloudy,en,CLOUDY,28.2,CELSIUS,33.3,CELSIUS,25.0,CELSIUS,33.3,CELSIUS,28.2,CELSIUS,10.0,RAIN,0.0,MILLIMETERS,0.0762,MILLIMETERS,1008.0,203.0,SOUTH_SOUTHWEST,11.0,KILOMETERS_PER_HOUR,21.0,KILOMETERS_PER_HOUR,16.0,KILOMETERS,0.1,CELSIUS,32.9,CELSIUS,26.4,CELSIUS,0.0,MILLIMETERS,1.4782,MILLIMETERS,,,,2025-06-17 23:00:07.774000+07:00,2300
1165,90517,Phalanxay - Savannakhet,Phalanxay - Savannakhet,16.661353,105.58791,2025-06-17T16:01:47.421290466Z,0.0,96.0,0.0,1.0,100.0,Asia/Vientiane,https://maps.gstatic.com/weather/v1/cloudy,Cloudy,en,CLOUDY,25.9,CELSIUS,30.0,CELSIUS,25.3,CELSIUS,30.0,CELSIUS,25.9,CELSIUS,10.0,RAIN,0.0,MILLIMETERS,0.0,MILLIMETERS,1009.48,200.0,SOUTH_SOUTHWEST,5.0,KILOMETERS_PER_HOUR,8.0,KILOMETERS_PER_HOUR,10.0,KILOMETERS,-0.5,CELSIUS,31.8,CELSIUS,24.3,CELSIUS,0.0,MILLIMETERS,3.843,MILLIMETERS,,,,2025-06-17 23:00:07.774000+07:00,2300
1166,90518,"Saravane Secondary School -Saravane, Saravane ມັດທະຍົມສົມບູນ ສາລະວັນ","Saravane Secondary School -Saravane, Saravane ມັດທະຍົມສົມບູນ ສາລະວັນ",15.707906,106.422189,2025-06-17T16:01:48.787992988Z,0.0,91.0,0.0,40.0,100.0,Asia/Vientiane,https://maps.gstatic.com/weather/v1/cloudy,Cloudy,en,CLOUDY,26.1,CELSIUS,29.9,CELSIUS,24.5,CELSIUS,29.9,CELSIUS,26.1,CELSIUS,25.0,RAIN,0.0,MILLIMETERS,0.025400000000000002,MILLIMETERS,1009.75,158.0,SOUTH_SOUTHEAST,5.0,KILOMETERS_PER_HOUR,8.0,KILOMETERS_PER_HOUR,14.0,KILOMETERS,0.5,CELSIUS,32.2,CELSIUS,24.3,CELSIUS,0.0,MILLIMETERS,3.0381,MILLIMETERS,,,,2025-06-17 23:00:07.774000+07:00,2300
1167,90520,"Toomlarn Secondary School - Toomlarn, Saravane ມັດທະຍົມສົມບູນ ຕຸ້ມລານ","Toomlarn Secondary School - Toomlarn, Saravane ມັດທະຍົມສົມບູນ ຕຸ້ມລານ",15.994499,106.192399,2025-06-17T16:01:50.046614674Z,0.0,85.0,0.0,0.0,91.0,Asia/Vientiane,https://maps.gstatic.com/weather/v1/cloudy,Cloudy,en,CLOUDY,24.1,CELSIUS,27.2,CELSIUS,21.6,CELSIUS,27.2,CELSIUS,24.1,CELSIUS,10.0,RAIN,0.0,MILLIMETERS,0.0,MILLIMETERS,1009.84,158.0,SOUTH_SOUTHEAST,6.0,KILOMETERS_PER_HOUR,10.0,KILOMETERS_PER_HOUR,16.0,KILOMETERS,0.2,CELSIUS,29.5,CELSIUS,22.8,CELSIUS,0.0,MILLIMETERS,1.6385,MILLIMETERS,,,,2025-06-17 23:00:07.774000+07:00,2300
1168,90521,"Lakhonesy Secondary School - Lakhonepheng, Saravane ມັດທະຍົມສົມບູນ ລະຄອນສີ","Lakhonesy Secondary School - Lakhonepheng, Saravane ມັດທະຍົມສົມບູນ ລະຄອນສີ",15.891245,105.567119,2025-06-17T16:01:51.333224856Z,0.0,91.0,0.0,60.0,100.0,Asia/Vientiane,https://maps.gstatic.com/weather/v1/strong_tstorms,Light thunderstorms and rain,en,LIGHT_THUNDERSTORM_RAIN,26.8,CELSIUS,31.4,CELSIUS,25.5,CELSIUS,31.4,CELSIUS,26.8,CELSIUS,45.0,RAIN,0.0,MILLIMETERS,0.4928,MILLIMETERS,1009.92,180.0,SOUTH,5.0,KILOMETERS_PER_HOUR,11.0,KILOMETERS_PER_HOUR,11.0,KILOMETERS,0.0,CELSIUS,32.8,CELSIUS,25.8,CELSIUS,0.0,MILLIMETERS,2.7763,MILLIMETERS,,,,2025-06-17 23:00:07.774000+07:00,2300
1169,90522,Lao Ngarm - Salavan,Lao Ngarm - Salavan,15.461092,106.16172,2025-06-17T16:01:52.677306896Z,0.0,88.0,0.0,40.0,100.0,Asia/Vientiane,https://maps.gstatic.com/weather/v1/drizzle,Light rain,en,LIGHT_RAIN,27.9,CELSIUS,31.8,CELSIUS,25.7,CELSIUS,31.8,CELSIUS,27.9,CELSIUS,20.0,RAIN,0.0,MILLIMETERS,0.045700000000000005,MILLIMETERS,1009.34,203.0,SOUTH_SOUTHWEST,5.0,KILOMETERS_PER_HOUR,11.0,KILOMETERS_PER_HOUR,16.0,KILOMETERS,0.4,CELSIUS,33.7,CELSIUS,26.0,CELSIUS,0.0,MILLIMETERS,3.2259,MILLIMETERS,,,,2025-06-17 23:00:07.774000+07:00,2300
1170,90524,Khongxedone - Salavan,Khongxedone - Salavan,15.59088,105.804115,2025-06-17T16:01:54.031310284Z,0.0,91.0,0.0,60.0,100.0,Asia/Vientiane,https://maps.gstatic.com/weather/v1/strong_tstorms,Light thunderstorms and rain,en,LIGHT_THUNDERSTORM_RAIN,26.8,CELSIUS,31.4,CELSIUS,25.5,CELSIUS,31.4,CELSIUS,26.8,CELSIUS,45.0,RAIN,0.0,MILLIMETERS,0.4928,MILLIMETERS,1009.92,180.0,SOUTH,5.0,KILOMETERS_PER_HOUR,11.0,KILOMETERS_PER_HOUR,11.0,KILOMETERS,0.0,CELSIUS,32.8,CELSIUS,25.8,CELSIUS,0.0,MILLIMETERS,2.7763,MILLIMETERS,,,,2025-06-17 23:00:07.774000+07:00,2300
1171,90526,Lamarm - Sekong ,Lamarm - Sekong ,15.352494,106.722444,2025-06-17T16:01:55.331584397Z,0.0,95.0,0.0,0.0,100.0,Asia/Vientiane,https://maps.gstatic.com/weather/v1/cloudy,Cloudy,en,CLOUDY,25.3,CELSIUS,28.8,CELSIUS,24.4,CELSIUS,28.8,CELSIUS,25.3,CELSIUS,10.0,RAIN,0.0,MILLIMETERS,0.22610000000000002,MILLIMETERS,1010.0,135.0,SOUTHEAST,3.0,KILOMETERS_PER_HOUR,5.0,KILOMETERS_PER_HOUR,11.0,KILOMETERS,-0.2,CELSIUS,31.2,CELSIUS,24.3,CELSIUS,0.0,MILLIMETERS,3.9472,MILLIMETERS,,,,2025-06-17 23:00:07.774000+07:00,2300
1172,90527,"Kaleum Secondary School - Kaleum, Sekong ມັດທະຍົມ ກະລຶມ","Kaleum Secondary School - Kaleum, Sekong ມັດທະຍົມ ກະລຶມ",15.784384,106.906754,2025-06-17T16:01:56.702744049Z,0.0,92.0,0.0,0.0,100.0,Asia/Vientiane,https://maps.gstatic.com/weather/v1/cloudy,Cloudy,en,CLOUDY,22.4,CELSIUS,24.8,CELSIUS,20.9,CELSIUS,24.8,CELSIUS,22.4,CELSIUS,10.0,RAIN,0.0,MILLIMETERS,0.0152,MILLIMETERS,1012.07,68.0,EAST_NORTHEAST,3.0,KILOMETERS_PER_HOUR,6.0,KILOMETERS_PER_HOUR,14.0,KILOMETERS,0.0,CELSIUS,27.6,CELSIUS,21.2,CELSIUS,0.0,MILLIMETERS,3.6597,MILLIMETERS,,,,2025-06-17 23:00:07.774000+07:00,2300
1173,90528,"Dakcheung Secondary School - Dakcheung, Sekongມັດທະຍົມສົມບູນ ດາກຈຶງ","Dakcheung Secondary School - Dakcheung, Sekongມັດທະຍົມສົມບູນ ດາກຈຶງ",15.467532,107.271451,,,,,,,,,,,,,,,,,,,,,,,,,,,,,,,,,,,,,,,,,,,,,,,404.0,Information is not supported for this location. Please try a different location.,NOT_FOUND,2025-06-17 23:00:07.774000+07:00,2300
1174,90529,Thateng -Sekong,Thateng -Sekong,15.434018,106.382399,2025-06-17T16:01:59.258301973Z,0.0,91.0,0.0,40.0,100.0,Asia/Vientiane,https://maps.gstatic.com/weather/v1/cloudy,Cloudy,en,CLOUDY,30.0,CELSIUS,33.8,CELSIUS,28.4,CELSIUS,33.8,CELSIUS,30.0,CELSIUS,25.0,RAIN,0.0,MILLIMETERS,0.025400000000000002,MILLIMETERS,1009.75,158.0,SOUTH_SOUTHEAST,5.0,KILOMETERS_PER_HOUR,8.0,KILOMETERS_PER_HOUR,14.0,KILOMETERS,0.5,CELSIUS,36.1,CELSIUS,28.2,CELSIUS,0.0,MILLIMETERS,3.0381,MILLIMETERS,,,,2025-06-17 23:00:07.774000+07:00,2300
1175,90530,Pakse - Champasack,Pakse - Champasack,15.12006,105.80211,2025-06-17T16:02:00.561720959Z,0.0,95.0,0.0,50.0,100.0,Asia/Vientiane,https://maps.gstatic.com/weather/v1/strong_tstorms,Light thunderstorms and rain,en,LIGHT_THUNDERSTORM_RAIN,27.3,CELSIUS,33.2,CELSIUS,26.2,CELSIUS,33.2,CELSIUS,27.3,CELSIUS,45.0,RAIN,0.0,MILLIMETERS,0.2464,MILLIMETERS,1009.3,158.0,SOUTH_SOUTHEAST,6.0,KILOMETERS_PER_HOUR,11.0,KILOMETERS_PER_HOUR,11.0,KILOMETERS,-0.1,CELSIUS,33.8,CELSIUS,25.6,CELSIUS,0.0,MILLIMETERS,2.3777,MILLIMETERS,,,,2025-06-17 23:00:07.774000+07:00,2300
1181,91254,"Chomphet Secondary School - Sisattanak, Vientiane Capital ມັດທະຍົມສົມບູນ ຈອມເພັດ","Chomphet Secondary School - Sisattanak, Vientiane Capital ມັດທະຍົມສົມບູນ ຈອມເພັດ",17.910254,102.622708,2025-06-17T16:02:01.841325544Z,0.0,77.0,0.0,40.0,100.0,Asia/Vientiane,https://maps.gstatic.com/weather/v1/cloudy,Cloudy,en,CLOUDY,26.2,CELSIUS,28.6,CELSIUS,21.8,CELSIUS,28.6,CELSIUS,26.2,CELSIUS,20.0,RAIN,0.0,MILLIMETERS,0.0,MILLIMETERS,1008.63,0.0,NORTH,2.0,KILOMETERS_PER_HOUR,3.0,KILOMETERS_PER_HOUR,16.0,KILOMETERS,-1.7,CELSIUS,34.1,CELSIUS,24.4,CELSIUS,0.0,MILLIMETERS,2.9822,MILLIMETERS,,,,2025-06-17 23:00:07.774000+07:00,2300
1235,152182,"ParkOu Secondary School - ParkOu, Luangprabang ມັດທະຍົມສົມບູນ ປາກອູ","ParkOu Secondary School - ParkOu, Luangprabang ມັດທະຍົມສົມບູນ ປາກອູ",20.087592,102.256569,2025-06-17T16:02:03.117780048Z,0.0,75.0,0.0,0.0,100.0,Asia/Vientiane,https://maps.gstatic.com/weather/v1/cloudy,Cloudy,en,CLOUDY,25.2,CELSIUS,27.0,CELSIUS,20.4,CELSIUS,27.0,CELSIUS,25.2,CELSIUS,10.0,RAIN,0.0,MILLIMETERS,0.0,MILLIMETERS,1008.97,225.0,SOUTHWEST,3.0,KILOMETERS_PER_HOUR,8.0,KILOMETERS_PER_HOUR,16.0,KILOMETERS,-0.5,CELSIUS,33.2,CELSIUS,24.1,CELSIUS,0.0,MILLIMETERS,4.6434,MILLIMETERS,,,,2025-06-17 23:00:07.774000+07:00,2300
1236,152240,"Phoukhoune Secondary School - Phoukhoune, Luangprabang ມັດທະຍົມ ພູຄູນ","Phoukhoune Secondary School - Phoukhoune, Luangprabang ມັດທະຍົມ ພູຄູນ",19.438824,102.428042,2025-06-17T16:02:04.512568658Z,0.0,92.0,0.0,0.0,100.0,Asia/Vientiane,https://maps.gstatic.com/weather/v1/cloudy,Cloudy,en,CLOUDY,20.8,CELSIUS,25.5,CELSIUS,19.5,CELSIUS,25.5,CELSIUS,20.8,CELSIUS,10.0,RAIN,0.0,MILLIMETERS,0.0,MILLIMETERS,1011.22,180.0,SOUTH,5.0,KILOMETERS_PER_HOUR,14.0,KILOMETERS_PER_HOUR,14.0,KILOMETERS,-1.4,CELSIUS,30.0,CELSIUS,20.6,CELSIUS,0.0,MILLIMETERS,7.6687,MILLIMETERS,,,,2025-06-17 23:00:07.774000+07:00,2300
1241,152548,"Longsane Secondary School - Longsane , Xaysomboun ມັດທະຍົມສົມບຸນ ລ້ອງຊານ","Longsane Secondary School - Longsane , Xaysomboun ມັດທະຍົມສົມບຸນ ລ້ອງຊານ",18.550145,103.003076,2025-06-17T16:02:05.842358702Z,0.0,78.0,0.0,20.0,100.0,Asia/Vientiane,https://maps.gstatic.com/weather/v1/cloudy,Cloudy,en,CLOUDY,19.9,CELSIUS,21.8,CELSIUS,15.8,CELSIUS,21.8,CELSIUS,19.9,CELSIUS,20.0,RAIN,0.0,MILLIMETERS,0.1626,MILLIMETERS,1009.55,315.0,NORTHWEST,3.0,KILOMETERS_PER_HOUR,6.0,KILOMETERS_PER_HOUR,16.0,KILOMETERS,-1.5,CELSIUS,27.3,CELSIUS,18.6,CELSIUS,0.0,MILLIMETERS,2.9314,MILLIMETERS,,,,2025-06-17 23:00:07.774000+07:00,2300
1247,153035,Sanxay - Attapeu,Sanxay - Attapeu,14.925784,107.052837,2025-06-17T16:02:07.242754830Z,0.0,95.0,0.0,29.0,100.0,Asia/Vientiane,https://maps.gstatic.com/weather/v1/drizzle,Light rain,en,LIGHT_RAIN,19.3,CELSIUS,21.9,CELSIUS,18.6,CELSIUS,21.9,CELSIUS,19.3,CELSIUS,34.0,RAIN,0.0,MILLIMETERS,1.0668,MILLIMETERS,1011.94,90.0,EAST,3.0,KILOMETERS_PER_HOUR,3.0,KILOMETERS_PER_HOUR,10.0,KILOMETERS,-0.1,CELSIUS,25.8,CELSIUS,18.2,CELSIUS,0.0,MILLIMETERS,12.1083,MILLIMETERS,,,,2025-06-17 23:00:07.774000+07:00,2300
1259,153774,Bachiangchaleunsook - Champasack,Bachiangchaleunsook - Champasack,15.060355,105.897898,2025-06-17T16:02:08.709874617Z,0.0,95.0,0.0,50.0,100.0,Asia/Vientiane,https://maps.gstatic.com/weather/v1/strong_tstorms,Light thunderstorms and rain,en,LIGHT_THUNDERSTORM_RAIN,27.3,CELSIUS,33.2,CELSIUS,26.2,CELSIUS,33.2,CELSIUS,27.3,CELSIUS,45.0,RAIN,0.0,MILLIMETERS,0.2464,MILLIMETERS,1009.3,158.0,SOUTH_SOUTHEAST,6.0,KILOMETERS_PER_HOUR,11.0,KILOMETERS_PER_HOUR,11.0,KILOMETERS,-0.1,CELSIUS,33.8,CELSIUS,25.6,CELSIUS,0.0,MILLIMETERS,2.3777,MILLIMETERS,,,,2025-06-17 23:00:07.774000+07:00,2300
1260,153777,"Dorntalath Secondary School - Champasack, Champasack ມັດທະຍົມ ດອນຕະລາດ","Dorntalath Secondary School - Champasack, Champasack ມັດທະຍົມ ດອນຕະລາດ",14.784126,105.819789,2025-06-17T16:02:10.006670327Z,0.0,95.0,0.0,40.0,100.0,Asia/Vientiane,https://maps.gstatic.com/weather/v1/cloudy,Cloudy,en,CLOUDY,26.9,CELSIUS,32.2,CELSIUS,26.2,CELSIUS,32.2,CELSIUS,26.9,CELSIUS,25.0,RAIN,0.0,MILLIMETERS,0.1067,MILLIMETERS,1010.0,113.0,EAST_SOUTHEAST,5.0,KILOMETERS_PER_HOUR,7.0,KILOMETERS_PER_HOUR,10.0,KILOMETERS,0.5,CELSIUS,33.1,CELSIUS,25.2,CELSIUS,0.0,MILLIMETERS,4.0717,MILLIMETERS,,,,2025-06-17 23:00:07.774000+07:00,2300
1261,153789,"Sukhuma Secondary School - Sukhuma, Champasack ມັດທະຍົມ ສຸຂຸມາ","Sukhuma Secondary School - Sukhuma, Champasack ມັດທະຍົມ ສຸຂຸມາ",14.649459,105.804529,2025-06-17T16:02:11.303574588Z,0.0,95.0,0.0,40.0,100.0,Asia/Vientiane,https://maps.gstatic.com/weather/v1/cloudy,Cloudy,en,CLOUDY,26.9,CELSIUS,32.2,CELSIUS,26.2,CELSIUS,32.2,CELSIUS,26.9,CELSIUS,25.0,RAIN,0.0,MILLIMETERS,0.1067,MILLIMETERS,1010.0,113.0,EAST_SOUTHEAST,5.0,KILOMETERS_PER_HOUR,7.0,KILOMETERS_PER_HOUR,10.0,KILOMETERS,0.5,CELSIUS,33.1,CELSIUS,25.2,CELSIUS,0.0,MILLIMETERS,4.0717,MILLIMETERS,,,,2025-06-17 23:00:07.774000+07:00,2300
1262,153790,Khong - Champasack,Khong - Champasack,14.048226,105.896012,2025-06-17T16:02:12.553139041Z,0.0,95.0,0.0,50.0,100.0,Asia/Vientiane,https://maps.gstatic.com/weather/v1/drizzle,Light rain,en,LIGHT_RAIN,27.2,CELSIUS,32.9,CELSIUS,26.2,CELSIUS,32.9,CELSIUS,27.2,CELSIUS,20.0,RAIN,0.0,MILLIMETERS,0.127,MILLIMETERS,1010.0,180.0,SOUTH,5.0,KILOMETERS_PER_HOUR,8.0,KILOMETERS_PER_HOUR,11.0,KILOMETERS,0.4,CELSIUS,33.1,CELSIUS,25.6,CELSIUS,0.0,MILLIMETERS,9.6981,MILLIMETERS,,,,2025-06-17 23:00:07.774000+07:00,2300
1263,153866,Samakkhixay - Attapeu,Samakkhixay - Attapeu,14.812678,106.829211,2025-06-17T16:02:13.843540903Z,0.0,95.0,0.0,29.0,100.0,Asia/Vientiane,https://maps.gstatic.com/weather/v1/cloudy,Cloudy,en,CLOUDY,25.5,CELSIUS,29.1,CELSIUS,24.8,CELSIUS,29.1,CELSIUS,25.5,CELSIUS,20.0,RAIN,0.0,MILLIMETERS,0.5690000000000001,MILLIMETERS,1010.28,270.0,WEST,2.0,KILOMETERS_PER_HOUR,5.0,KILOMETERS_PER_HOUR,10.0,KILOMETERS,-0.7000000000000001,CELSIUS,32.9,CELSIUS,24.4,CELSIUS,0.0,MILLIMETERS,9.9058,MILLIMETERS,,,,2025-06-17 23:00:07.774000+07:00,2300
1267,153913,Xaysetha - Attapeu,Xaysetha - Attapeu,14.816824,106.930954,2025-06-17T16:02:15.100499587Z,0.0,95.0,0.0,29.0,100.0,Asia/Vientiane,https://maps.gstatic.com/weather/v1/cloudy,Cloudy,en,CLOUDY,25.5,CELSIUS,29.1,CELSIUS,24.8,CELSIUS,29.1,CELSIUS,25.5,CELSIUS,20.0,RAIN,0.0,MILLIMETERS,0.5690000000000001,MILLIMETERS,1010.28,270.0,WEST,2.0,KILOMETERS_PER_HOUR,5.0,KILOMETERS_PER_HOUR,10.0,KILOMETERS,-0.7000000000000001,CELSIUS,32.9,CELSIUS,24.4,CELSIUS,0.0,MILLIMETERS,9.9058,MILLIMETERS,,,,2025-06-17 23:00:07.774000+07:00,2300
1310,156307,UNICEF Lao PDR CO,UNICEF Lao PDR CO,17.9376508179,102.617231896,2025-06-17T16:02:16.373053443Z,0.0,77.0,0.0,40.0,100.0,Asia/Vientiane,https://maps.gstatic.com/weather/v1/cloudy,Cloudy,en,CLOUDY,26.2,CELSIUS,28.6,CELSIUS,21.8,CELSIUS,28.6,CELSIUS,26.2,CELSIUS,20.0,RAIN,0.0,MILLIMETERS,0.0,MILLIMETERS,1008.63,0.0,NORTH,2.0,KILOMETERS_PER_HOUR,3.0,KILOMETERS_PER_HOUR,16.0,KILOMETERS,-1.7,CELSIUS,34.1,CELSIUS,24.4,CELSIUS,0.0,MILLIMETERS,2.9822,MILLIMETERS,,,,2025-06-17 23:00:07.774000+07:00,2300
